source_db,query_language,title,abstract,doi_clean,year,authors,journal,doc_type,language,uid
OpenAlex,english,The Environmental History of South Asia,NA,https://doi.org/10.1002/9781119988229.ch15,2025,NA,NA,other,en,https://openalex.org/W4407390324
OpenAlex,english,Wetlands of Mountain Regions of Bolivia,NA,https://doi.org/10.1002/9781394235230.ch10,2025,NA,NA,other,en,https://openalex.org/W4406509569
OpenAlex,english,Life Without Water,NA,https://doi.org/10.1002/ajb2.1615,2021,NA,NA,article,en,https://openalex.org/W3132909917
OpenAlex,english,Worsening Drought and the Bleak Future for Biodiversity and Ecosystem Services in the Amazon Basin,NA,https://doi.org/10.1002/aqc.70101,2025,NA,NA,article,en,https://openalex.org/W4408377198
OpenAlex,english,"Exploration and practice of botanical gardens in the collection, conservation, and development of plant resources: A case study of Nanjing Botanical Garden Mem. Sun Yat‐sen",NA,https://doi.org/10.1002/bod2.70002,2025,NA,NA,article,en,https://openalex.org/W4409397912
OpenAlex,english,Extreme rainfall and its impacts in the Brazilian Minas Gerais state in January 2020: Can we blame climate change?,NA,https://doi.org/10.1002/cli2.15,2021,NA,NA,article,en,https://openalex.org/W3194888536
OpenAlex,english,Modern and ancient tidal sedimentary systems in the era of energy transition: Introduction to the special volume of <i>The Depositional Record</i>,NA,https://doi.org/10.1002/dep2.70001,2025,NA,NA,article,en,https://openalex.org/W4408387083
OpenAlex,english,"Ecological Insights From Camera Trapping Span Biological Taxa, and the Globe",NA,https://doi.org/10.1002/ece3.70947,2025,NA,NA,editorial,en,https://openalex.org/W4407113041
OpenAlex,english,Food Chemistry International,NA,https://doi.org/10.1002/fci2.1,2025,NA,NA,article,en,https://openalex.org/W4409617601
OpenAlex,english,Editorial and News,NA,https://doi.org/10.1002/fsat.3503_2.x,2021,NA,NA,article,en,https://openalex.org/W4200160973
OpenAlex,english,Assessing Streamflow Responses to Future Climate and Land Use and Land Cover Change in a Transitional Brazilian Basin Between Semiarid Dry Forest and Humid Tropical Forest Biomes,NA,https://doi.org/10.1002/hyp.70316,2025,NA,NA,article,en,https://openalex.org/W4416186770
OpenAlex,english,New insights on the effects of human‐induced environmental change on avian reproduction,NA,https://doi.org/10.1002/jav.03558,2025,NA,NA,article,en,https://openalex.org/W4413367482
OpenAlex,english,"Thermoregulatory strategies of three reclusive lizards (genus <i>Xantusia</i>) from the Baja California peninsula, Mexico, under current and future microenvironmental temperatures",NA,https://doi.org/10.1002/jez.2470,2021,NA,NA,article,en,https://openalex.org/W3161273461
OpenAlex,english,Editorial: New conversations in development studies,NA,https://doi.org/10.1002/jid.3569,2021,NA,NA,editorial,en,https://openalex.org/W3193785425
OpenAlex,english,Projected impacts of 1.5 and 2°C global warming on temperature and precipitation patterns in South America,NA,https://doi.org/10.1002/joc.7322,2021,NA,NA,article,en,https://openalex.org/W3192593584
OpenAlex,english,Beyond the Yield: Enhancing Agricultural Sustainability Through Operations Management,NA,https://doi.org/10.1002/joom.1375,2025,NA,NA,article,en,https://openalex.org/W4410406161
OpenAlex,english,Exploring Global Research Trends in Mangrove Ecosystems: A Bibliometric Analysis of Key Issues and Future Directions (1996–2022),NA,https://doi.org/10.1002/ldr.5558,2025,NA,NA,article,en,https://openalex.org/W4408306996
OpenAlex,english,A New Year With World Water Policy,NA,https://doi.org/10.1002/wwp2.12264,2025,NA,NA,article,en,https://openalex.org/W4407061084
OpenAlex,english,Water and Climate: Building Resilient Communities,NA,https://doi.org/10.1002/wwp2.70005,2025,NA,NA,article,en,https://openalex.org/W4410075460
OpenAlex,english,"Climate Change, Cultural Manifestation and the Principle of Hope, Based on Ernst Bloch’s Theoretical Proposal",NA,https://doi.org/10.1007/978-3-030-22759-3_226-1,2021,NA,NA,book-chapter,en,https://openalex.org/W4253863216
OpenAlex,english,Integrating Climate Change into Land Use and Urban Planning,NA,https://doi.org/10.1007/978-3-030-32811-5_121-1,2021,NA,NA,book-chapter,en,https://openalex.org/W3199755643
OpenAlex,english,Integrating Climate Change into Land Use and Urban Planning,NA,https://doi.org/10.1007/978-3-030-42462-6_121,2021,NA,NA,book-chapter,en,https://openalex.org/W4285526130
OpenAlex,english,"What Do We Want to Be When We Grow Up? The Political Dimensions of Climate Change in Brazil, China and Mozambique",NA,https://doi.org/10.1007/978-3-030-55416-3_6,2021,NA,NA,book-chapter,en,https://openalex.org/W3121040334
OpenAlex,english,Climate Adaptation by International Multidisciplinary Knowledge Exchange: Sharing Challenges and Solutions in ClimateCafés in the Philippines and Peru,NA,https://doi.org/10.1007/978-3-030-57281-5_133,2021,NA,NA,book-chapter,en,https://openalex.org/W4233391052
OpenAlex,english,"Climate Change, Cultural Manifestation and the Principle of Hope, Based on Ernst Bloch’s Theoretical Proposal",NA,https://doi.org/10.1007/978-3-030-57281-5_226,2021,NA,NA,book-chapter,en,https://openalex.org/W3212152847
OpenAlex,english,"Assessing Future Resilience, Equity, and Sustainability in Scenario Planning",NA,https://doi.org/10.1007/978-3-030-63131-4_8,2021,NA,NA,book-chapter,en,https://openalex.org/W3141427749
OpenAlex,english,SOLARQUIM: Dual Electric Power Generation System for a Housing,NA,https://doi.org/10.1007/978-3-030-63567-1_12,2021,NA,NA,book-chapter,en,https://openalex.org/W3195703016
OpenAlex,english,Quinoa—Evolution and Future Perspectives,NA,https://doi.org/10.1007/978-3-030-65237-1_11,2021,NA,NA,book-chapter,en,https://openalex.org/W3128754092
OpenAlex,english,A Methodology for Assessing the Impact of Climate Change on Building Energy Consumption,NA,https://doi.org/10.1007/978-3-030-65421-4_17,2021,NA,NA,book-chapter,en,https://openalex.org/W3156943789
OpenAlex,english,Disaster Resilience Index in the Agricultural Sector in the State of Mexico,NA,https://doi.org/10.1007/978-3-030-67295-9_14,2021,NA,NA,book-chapter,en,https://openalex.org/W3155007825
OpenAlex,english,Biodiversity for Food and Nutrition: Promoting Brazilian Underutilized Edible Plants into Food and Nutrition Security National Policies,NA,https://doi.org/10.1007/978-3-030-69139-4_4,2021,NA,NA,book-chapter,en,https://openalex.org/W3168238948
OpenAlex,english,"Towards Adaptive Water Governance in South America: Lessons from Water Crises in Argentina, Brazil, and Uruguay",NA,https://doi.org/10.1007/978-3-030-76624-5_3,2021,NA,NA,article,en,https://openalex.org/W3195789407
OpenAlex,english,"Water Gives, Water Takes Away. Memory, Agency and Resilience in ENSO—Vulnerable Historic Landscapes in Peru",NA,https://doi.org/10.1007/978-3-030-77356-4_7,2021,NA,NA,book-chapter,en,https://openalex.org/W3200803136
OpenAlex,english,Climate-Smart Forestry in Brazil,NA,https://doi.org/10.1007/978-3-030-80767-2_17,2021,NA,NA,book-chapter,en,https://openalex.org/W3215147639
OpenAlex,english,"Resilience of Informal Areas in Megacities – Magnitude, Challenges, and Policies",NA,https://doi.org/10.1007/978-3-030-87794-1,2021,NA,NA,book,en,https://openalex.org/W4205106467
OpenAlex,english,Building Bridges: Leveraging Science and Livelihood Development for Community-Driven Mangrove Restoration,NA,https://doi.org/10.1007/978-3-030-98067-2_178-1,2025,NA,NA,book-chapter,en,https://openalex.org/W4413934652
OpenAlex,english,Mangroves as a Cornerstone of Nature-Based Solutions for Global Climate Resilience,NA,https://doi.org/10.1007/978-3-030-98067-2_18-1,2025,NA,NA,book-chapter,en,https://openalex.org/W4413169365
OpenAlex,english,Nature-Based Solutions to Mitigate Hydrological Risks and Disasters in Urban Areas,NA,https://doi.org/10.1007/978-3-031-34967-6_129,2025,NA,NA,book-chapter,en,https://openalex.org/W4415882427
OpenAlex,english,Building Bridges: Leveraging Science and Livelihood Development for Community-Driven Mangrove Restoration,NA,https://doi.org/10.1007/978-3-031-34967-6_178,2025,NA,NA,book-chapter,en,https://openalex.org/W4415882387
OpenAlex,english,Mangroves as a Cornerstone of Nature-Based Solutions for Global Climate Resilience,NA,https://doi.org/10.1007/978-3-031-34967-6_18,2025,NA,NA,book-chapter,en,https://openalex.org/W4415882339
OpenAlex,english,"Integral Study of a Light Green Roof with Draining Organic Material in Gustavo A. Madero, Mexico City",NA,https://doi.org/10.1007/978-3-031-34967-6_68,2025,NA,NA,book-chapter,en,https://openalex.org/W4415882439
OpenAlex,english,Perpetuating Protection of Brazil’s Legal Reserve Area and the Future of Tropical Cities in the Brazilian Amazon,NA,https://doi.org/10.1007/978-3-031-48012-6_19,2025,NA,NA,book-chapter,en,https://openalex.org/W4409481578
OpenAlex,english,Sustainable Intensification of Gourd Vegetables in Chile: Challenges and Opportunities,NA,https://doi.org/10.1007/978-3-031-70745-2_16,2025,NA,NA,book-chapter,en,https://openalex.org/W4407141094
OpenAlex,english,Climate Change and Sustainability Initiatives Worldwide,NA,https://doi.org/10.1007/978-3-031-76436-3_6,2025,NA,NA,book-chapter,en,https://openalex.org/W4408241405
OpenAlex,english,Phenology and Potential Primary Productivity Response to Climate Change in the Andean Mediterranean Forests: A Remote Sensing Analysis,NA,https://doi.org/10.1007/978-3-031-80805-0_9,2025,NA,NA,book-chapter,en,https://openalex.org/W4409735683
OpenAlex,english,The Bioeconomy in Colombia from the Perspective of the Colombian Research Center: “AGROSAVIA”,NA,https://doi.org/10.1007/978-3-031-84359-4_15,2025,NA,NA,book-chapter,en,https://openalex.org/W4410699557
OpenAlex,english,"Urban Planning as an Ally for the Regeneration of the Central Canton of Barva De Heredia, Costa Rica in an Intelligent City Adaptable to Climate Change",NA,https://doi.org/10.1007/978-3-031-84628-1_29,2025,NA,NA,book-chapter,en,https://openalex.org/W4411476147
OpenAlex,english,Decolonizing Collaboration: Africa’s South-South Collaborations,NA,https://doi.org/10.1007/978-3-031-89218-9_8,2025,NA,NA,book-chapter,en,https://openalex.org/W4410125633
OpenAlex,english,Fire in Mediterranean Ecosystems of South America,NA,https://doi.org/10.1007/978-3-031-89372-8_11,2025,NA,NA,book-chapter,en,https://openalex.org/W4411858813
OpenAlex,english,"Innovations in Green Management: The Influence of the Vuca World on the Sustainable Practices of San Gerardo De Dota, Costa Rica",NA,https://doi.org/10.1007/978-3-031-91424-9_15,2025,NA,NA,book-chapter,en,https://openalex.org/W4414815514
OpenAlex,english,Multivariate Analysis of Ecological Resilience and Vulnerability in “La Segua” Wetland: Implications for Conservation and Sustainable Natural Resource Management,NA,https://doi.org/10.1007/978-3-031-91982-4_13,2025,NA,NA,book-chapter,en,https://openalex.org/W4411859386
OpenAlex,english,Diagnosis of Greenhouse Gas Emissions and Mitigation Strategies at the State University of Campinas to Achieve Net-Zero Emissions,NA,https://doi.org/10.1007/978-3-031-96251-6_18,2025,NA,NA,book-chapter,en,https://openalex.org/W4415622809
OpenAlex,english,Community-Based Adaptation to Climate Change in Ventanas Subtropical Zone: Validating Climate Projections with In-Situ Data,NA,https://doi.org/10.1007/978-3-031-98290-3_23,2025,NA,NA,book-chapter,en,https://openalex.org/W4413909037
OpenAlex,english,Herpetofauna of the Andes: A Critical Synthesis,NA,https://doi.org/10.1007/978-3-032-00074-3_18,2025,NA,NA,book-chapter,en,https://openalex.org/W7106222546
OpenAlex,english,"Unveiling Patagonian Lizards: A Three-Decade Journey through Ecology, Evolution, and Adaptation in a Changing World",NA,https://doi.org/10.1007/978-3-032-00074-3_9,2025,NA,NA,book-chapter,en,https://openalex.org/W4416529184
OpenAlex,english,"Venezuelan Agriculture under Climate Change, Territorial Transformation and Economic Contraction: An Introduction",NA,https://doi.org/10.1007/978-3-032-06368-7_1,2025,NA,NA,book-chapter,en,https://openalex.org/W7118018169
OpenAlex,english,Methodological Framework for a Climate-Agriculture Review in Venezuela,NA,https://doi.org/10.1007/978-3-032-06368-7_2,2025,NA,NA,book-chapter,en,https://openalex.org/W7118010759
OpenAlex,english,Impact of Climate Change in Venezuelan Agricultural Landscapes,NA,https://doi.org/10.1007/978-3-032-06368-7_4,2025,NA,NA,book-chapter,en,https://openalex.org/W7117995587
OpenAlex,english,From Evidence to Action: Conclusions and Future Outlook,NA,https://doi.org/10.1007/978-3-032-06368-7_8,2025,NA,NA,book-chapter,en,https://openalex.org/W7117970658
OpenAlex,english,"Quinoa’s Spreading at Global Level: State of the Art, Trends, and Challenges",NA,https://doi.org/10.1007/978-981-16-3832-9_1,2021,NA,NA,book-chapter,en,https://openalex.org/W4206070961
OpenAlex,english,"Floating Urbanism, the Bold Vision of Streetless Cities",NA,https://doi.org/10.1007/978-981-96-4569-5_97,2025,NA,NA,book-chapter,en,https://openalex.org/W4411606955
OpenAlex,english,"Building Climate-Resilient Communities Through Water-Sensitive Public Space Design and Activation: Public Parks Program in Bucaramanga, Colombia",NA,https://doi.org/10.1007/978-981-97-7521-7_26,2025,NA,NA,book-chapter,en,https://openalex.org/W4406026951
OpenAlex,english,Costa Rican Coffee Gene Bank,NA,https://doi.org/10.1007/978-981-99-4236-7_97-1,2025,NA,NA,book-chapter,en,https://openalex.org/W4412697199
OpenAlex,english,"Local Society Perception on Ecosystem Services as an Adaptation Strategy in Urban Stream Recovery Programs in the City of São Paulo, Brazil",NA,https://doi.org/10.1007/s00267-021-01471-0,2021,NA,NA,article,en,https://openalex.org/W3156904632
OpenAlex,english,Anticipating Pest Expansion Under Climate Change: Ecological Risks of Scyphophorus acupunctatus to Agave Species in Mexico,NA,https://doi.org/10.1007/s00267-026-02480-7,2025,NA,NA,preprint,en,https://openalex.org/W4412718475
OpenAlex,english,"New tools to uncover old tricks: an update on the knowledge on the most successful invasive freshwater helminth, Schyzocotyle acheilognathi",NA,https://doi.org/10.1007/s00436-025-08585-y,2025,NA,NA,article,en,https://openalex.org/W4417115691
OpenAlex,english,Restoration implications of the germination ecology of six dry-forest woody Fabaceae species in Mexico,NA,https://doi.org/10.1007/s00468-025-02606-0,2025,NA,NA,article,en,https://openalex.org/W4407893100
OpenAlex,english,Simulating flood situations in urban hydrology using a diffusion model in complex networks,NA,https://doi.org/10.1007/s00477-025-03050-9,2025,NA,NA,article,en,https://openalex.org/W4412842557
OpenAlex,english,"Climate change conflicts and challenges in Tapajós National Forest, Brazil",NA,https://doi.org/10.1007/s10113-025-02381-1,2025,NA,NA,article,en,https://openalex.org/W4409678221
OpenAlex,english,"Linking climate variability, topography, and health: SACZ–ENSO influences on leptospirosis in Minas Gerais, Brazil",NA,https://doi.org/10.1007/s10113-026-02592-0,2025,NA,NA,preprint,en,https://openalex.org/W4416971133
OpenAlex,english,Prioritisation of native trees for enhancing carbon sequestration in shade-grown coffee plantations in the State of Veracruz (México): linking conservation and ecological traits to community needs,NA,https://doi.org/10.1007/s10457-025-01155-2,2025,NA,NA,article,en,https://openalex.org/W4408032090
OpenAlex,english,Projected impact of climate change on the future distribution of Larrea species in southern South America,NA,https://doi.org/10.1007/s10531-025-03023-y,2025,NA,NA,article,en,https://openalex.org/W4407144749
OpenAlex,english,The potential effects of climate change on medicinal plants from the Brazilian Cerrado in South America,NA,https://doi.org/10.1007/s10531-025-03188-6,2025,NA,NA,article,en,https://openalex.org/W4415600912
OpenAlex,english,Urban adaptation index: assessing cities readiness to deal with climate change,NA,https://doi.org/10.1007/s10584-021-03113-0,2021,NA,NA,article,en,https://openalex.org/W3163895546
OpenAlex,english,"Amazon’s climate crossroads: analyzing air pollution and health impacts under machine learning-based temperature increase scenarios in Northern Mato Grosso, Brazil",NA,https://doi.org/10.1007/s10653-025-02524-7,2025,NA,NA,article,en,https://openalex.org/W4410381775
OpenAlex,english,Climate change and rural–urban migration in the Brazilian Northeast region,NA,https://doi.org/10.1007/s10708-020-10349-3,2021,NA,NA,article,en,https://openalex.org/W3120161655
OpenAlex,english,"Insights on Health Burden, Needs, and Prevention Strategies After the Flood Catastrophe in Southern Brazil",NA,https://doi.org/10.1007/s10935-025-00839-w,2025,NA,NA,article,en,https://openalex.org/W4410493453
OpenAlex,english,Heat vulnerability index mapping through principal component analysis and equal weight methods: comparing Spatial patterns at a low urban scale and local climate zones in an arid mid-size South American coastal city,NA,https://doi.org/10.1007/s11069-025-07326-9,2025,NA,NA,article,en,https://openalex.org/W4410134100
OpenAlex,english,Projected climate-driven shifts in urban forest suitability across Brazilian biomes,NA,https://doi.org/10.1007/s11252-025-01810-7,2025,NA,NA,article,en,https://openalex.org/W4414351125
OpenAlex,english,Mapping bioclimatic units of Oaxaca in Mexico: A systematic assessment,NA,https://doi.org/10.1007/s11629-024-9365-6,2025,NA,NA,article,en,https://openalex.org/W4411298045
OpenAlex,english,Ecophysiological traits and root fungal associations of six halophytes under two field saline soil conditions,NA,https://doi.org/10.1007/s11756-025-02050-y,2025,NA,NA,article,en,https://openalex.org/W4416147483
OpenAlex,english,Fire and Wetlands: How Echinodorus Longiscapus Bounces Back Like It Never Left?,NA,https://doi.org/10.1007/s13157-025-01995-9,2025,NA,NA,article,en,https://openalex.org/W4415762312
OpenAlex,english,"River bank filtration in tropical metropoles: integrated evaluation of physical, geochemical and biochemical interactions in Recife, NE Brazil",NA,https://doi.org/10.1007/s13762-021-03558-x,2021,NA,NA,article,en,https://openalex.org/W3183924531
OpenAlex,english,Projected Changes in Climate Extremes Using CMIP6 Simulations Over SREX Regions,NA,https://doi.org/10.1007/s41748-021-00250-5,2021,NA,NA,article,en,https://openalex.org/W3195663516
OpenAlex,english,Projections of Tidal Heights in Climate Change Scenarios for an Amazon Metropolis,NA,https://doi.org/10.1007/s41748-025-00819-4,2025,NA,NA,article,en,https://openalex.org/W4414650305
OpenAlex,english,Analyzing Maximum Temperature Trends and Extremes in Brazil: A Study of Climate Variability and Anthropogenic Influences from 1960 to 2020,NA,https://doi.org/10.1007/s41810-025-00288-2,2025,NA,NA,article,en,https://openalex.org/W4406863787
OpenAlex,english,Evaluating coastal agroecological dynamics using Landsat-derived vegetation and environmental indices embedded in Decision Support System and Monitoring Tools: insights from Guyana towards achieving SDGs,NA,https://doi.org/10.1007/s43621-025-01203-y,2025,NA,NA,article,en,https://openalex.org/W4410187658
OpenAlex,english,How is peri-urban research evolved towards sustainable urban planning in last five decades: a quantitative analysis and systematic review,NA,https://doi.org/10.1007/s44243-025-00070-5,2025,NA,NA,article,en,https://openalex.org/W4416832770
OpenAlex,english,A gentle wave before the tsunami: addressing the wicked problem of cities and climate change through a pedagogical evaluation,NA,https://doi.org/10.1007/s44243-025-00072-3,2025,NA,NA,article,en,https://openalex.org/W7116761018
OpenAlex,english,"Integrated assessment of physical vulnerability in estuarine coastal plains: the Itajaí-Açu river case study, Brazil",NA,https://doi.org/10.1007/s44288-025-00190-x,2025,NA,NA,article,en,https://openalex.org/W4412167676
OpenAlex,english,Climate change threatens the resilience of Bertholletia excelsa extractivism in the Southern Brazilian Amazon,NA,https://doi.org/10.1007/s44415-025-00052-x,2025,NA,NA,article,en,https://openalex.org/W4416319724
OpenAlex,english,Brazilian’s coastal ecosystems: Human impacts and sustainability,NA,https://doi.org/10.1016/b978-0-443-15726-4.00036-0,2025,NA,NA,book-chapter,en,https://openalex.org/W4409060542
OpenAlex,english,"Indigenous peoples’ Food Systems: Biocultural heritage, sustainability, and contemporary challenges",NA,https://doi.org/10.1016/b978-0-443-15976-3.00095-7,2025,NA,NA,book-chapter,en,https://openalex.org/W4412615996
OpenAlex,english,Probabilistic multisector and multihazard climate-related disaster risk assessment as a tool for adaptation decision-making: application in Colombia,NA,https://doi.org/10.1016/b978-0-443-29993-3.00035-7,2025,NA,NA,book-chapter,en,https://openalex.org/W4412591028
OpenAlex,english,"In Brazil, the Jurema-Preta (Mimosa tenuiflora) forest is an adaptation to soil degradation, climate change, and desertification",NA,https://doi.org/10.1016/b978-0-443-40292-0.00027-3,2025,NA,NA,book-chapter,en,https://openalex.org/W4415280819
OpenAlex,english,Agriculture and agroecology,NA,https://doi.org/10.1016/b978-0-443-40490-0.00019-2,2025,NA,NA,book-chapter,en,https://openalex.org/W4409373712
OpenAlex,english,"Against the flow: flooding and its impact on phlebotomine bionomics in the Chaco region, Argentina",NA,https://doi.org/10.1016/j.actatropica.2025.107797,2025,NA,NA,article,en,https://openalex.org/W4413365930
OpenAlex,english,Grassland soil carbon dynamics in southern Brazil under different management and edaphoclimatic conditions,NA,https://doi.org/10.1016/j.agee.2025.109871,2025,NA,NA,article,en,https://openalex.org/W4413099448
OpenAlex,english,Measuring the effect of improved irrigation technologies on irrigated agriculture. A study case in Central Chile,NA,https://doi.org/10.1016/j.agwat.2021.107160,2021,NA,NA,article,en,https://openalex.org/W3199075759
OpenAlex,english,Community engagement in groundwater management to enhance climate resilience: A comparative study of California and Baja California,NA,https://doi.org/10.1016/j.agwat.2025.109925,2025,NA,NA,article,en,https://openalex.org/W4415657258
OpenAlex,english,Long-term lake water levels in central Chile using satellite altimetry and conceptual hydrological modelling approaches,NA,https://doi.org/10.1016/j.asr.2025.05.091,2025,NA,NA,article,en,https://openalex.org/W4411088695
OpenAlex,english,Reframing affordable housing in Latin America through public health and climate resilience,NA,https://doi.org/10.1016/j.cities.2025.106541,2025,NA,NA,article,en,https://openalex.org/W4414778501
OpenAlex,english,Adaptive capacity management in municipalities in the Semiarid region of Brazil: Application of a composite index,NA,https://doi.org/10.1016/j.crm.2025.100696,2025,NA,NA,article,en,https://openalex.org/W4407849177
OpenAlex,english,Effects of increased temperature on atmospheric pollutant levels and human health in small and medium-sized cities in southern Brazil,NA,https://doi.org/10.1016/j.cscee.2025.101170,2025,NA,NA,article,en,https://openalex.org/W4407928726
OpenAlex,english,Global sorghum production dataset for temperate to subtropical regions at subnational scale over 2000–2020,NA,https://doi.org/10.1016/j.dib.2025.111935,2025,NA,NA,article,en,https://openalex.org/W4413099328
OpenAlex,english,Sustainable energy performance in Brazilian social housing: A proposal for a Sustainability Index in the energy life cycle considering climate change,NA,https://doi.org/10.1016/j.enbuild.2021.110845,2021,NA,NA,article,en,https://openalex.org/W3135540239
OpenAlex,english,"Impact of rural credit on sustainable transformation of Brazilian agriculture: The case of the Low Carbon Agriculture (LCA) Program in Minas Gerais, Brazil",NA,https://doi.org/10.1016/j.envdev.2025.101317,2025,NA,NA,article,en,https://openalex.org/W4413043827
OpenAlex,english,Projections of excess cardiovascular mortality related to temperature under different climate change scenarios and regionalized climate model simulations in Brazilian cities,NA,https://doi.org/10.1016/j.envres.2021.110995,2021,NA,NA,article,en,https://openalex.org/W3135560616
OpenAlex,english,Trends and gaps in climate change and health research in North America,NA,https://doi.org/10.1016/j.envres.2021.111205,2021,NA,NA,review,en,https://openalex.org/W3158795018
OpenAlex,english,Out of flood front areas: Wetland restoration may reduce internal displacement,NA,https://doi.org/10.1016/j.envsci.2025.104146,2025,NA,NA,article,en,https://openalex.org/W4411475287
OpenAlex,english,Modeling the impact of urban climate transformations in low income housing located in critical climate: A case study,NA,https://doi.org/10.1016/j.esd.2025.101653,2025,NA,NA,article,en,https://openalex.org/W4406855992
OpenAlex,english,Tree species dominance in neotropical savanna aboveground biomass and productivity,NA,https://doi.org/10.1016/j.foreco.2021.119430,2021,NA,NA,article,en,https://openalex.org/W3168385039
OpenAlex,english,"Agricultural subsidies augmented tropical deforestation in the state of Campeche, Mexico",NA,https://doi.org/10.1016/j.forpol.2025.103525,2025,NA,NA,article,en,https://openalex.org/W4410611456
OpenAlex,english,Aboveground biomass in secondary montane forests in Peru: Slow carbon recovery in agroforestry legacies,NA,https://doi.org/10.1016/j.gecco.2021.e01696,2021,NA,NA,article,en,https://openalex.org/W3174465410
OpenAlex,english,Optimisation of the geobiodiversity index for protected natural areas in northern Portugal,NA,https://doi.org/10.1016/j.geomorph.2025.109970,2025,NA,NA,article,en,https://openalex.org/W4413176822
OpenAlex,english,"Hurricane Otis: Category 5 storm effects and cascading hazards in Acapulco Bay, Mexico",NA,https://doi.org/10.1016/j.gespch.2025.100004,2025,NA,NA,article,en,https://openalex.org/W4408252400
OpenAlex,english,Social capital as a policy catalyst: Enhancing municipal investment in climate risk reduction and adaptation,NA,https://doi.org/10.1016/j.gloenvcha.2025.103041,2025,NA,NA,article,en,https://openalex.org/W4412533867
OpenAlex,english,Social and environmental dimensions of drought in Mexico: An integrative review,NA,https://doi.org/10.1016/j.ijdrr.2021.102067,2021,NA,NA,article,en,https://openalex.org/W3127293382
OpenAlex,english,Assessing climate change risk: An index proposal for Mexico City,NA,https://doi.org/10.1016/j.ijdrr.2021.102549,2021,NA,NA,article,en,https://openalex.org/W3197910948
OpenAlex,english,"Island communities and sea level rise: Resettlement and maladaptation, the Kuna people of Isberyala, Panama",NA,https://doi.org/10.1016/j.ijdrr.2025.105313,2025,NA,NA,article,en,https://openalex.org/W4407576498
OpenAlex,english,"Attributing the 2021 Juruá River Floods to climate change: Evidence, impacts, and adaptation in the Brazilian Amazon",NA,https://doi.org/10.1016/j.ijdrr.2025.105530,2025,NA,NA,article,en,https://openalex.org/W4409994264
OpenAlex,english,"Unintended consequences of public policies in increasing risk: the safe development paradox in the Revólver basin, Brazil",NA,https://doi.org/10.1016/j.ijdrr.2025.105697,2025,NA,NA,article,en,https://openalex.org/W4412467944
OpenAlex,english,IMM: An Integrated Maturity Model for enhancing disaster resilience: A comparative analysis and framework proposal,NA,https://doi.org/10.1016/j.ijdrr.2025.105781,2025,NA,NA,article,en,https://openalex.org/W4414061767
OpenAlex,english,Urban flood resilience indexes to assess the pre-disaster stage of the disaster risk management cycle,NA,https://doi.org/10.1016/j.ijdrr.2025.105859,2025,NA,NA,article,en,https://openalex.org/W4415054975
OpenAlex,english,Bioclimatic stress index: A tool to evaluate climate change impact on Mediterranean arid ecosystems,NA,https://doi.org/10.1016/j.jaridenv.2025.105376,2025,NA,NA,article,en,https://openalex.org/W4408748818
OpenAlex,english,From structure to strategy: A remote sensing-based approach for sustainable use planning in Neltuma flexuosa DC. forests of Argentina's Monte,NA,https://doi.org/10.1016/j.jaridenv.2025.105497,2025,NA,NA,article,en,https://openalex.org/W4414994955
OpenAlex,english,Assessing tradeoffs in the design of climate change adaptation strategies for water utilities in Chile,NA,https://doi.org/10.1016/j.jenvman.2021.114035,2021,NA,NA,article,en,https://openalex.org/W3212701503
OpenAlex,english,A multimethod approach for building climate literacy and a climate portal in the context of spatial regional planning in northern Patagonia,NA,https://doi.org/10.1016/j.jenvman.2025.125397,2025,NA,NA,article,en,https://openalex.org/W4409867029
OpenAlex,english,Simulating climate change impacts on soil carbon storage in agroecosystems from Brazilian drylands,NA,https://doi.org/10.1016/j.jenvman.2025.128462,2025,NA,NA,article,en,https://openalex.org/W7117713644
OpenAlex,english,Expanding self-determination theory: Examining the role of nature relatedness in agroforestry adoption among Indigenous landholders in Mexico,NA,https://doi.org/10.1016/j.jenvp.2025.102732,2025,NA,NA,article,en,https://openalex.org/W4413388502
OpenAlex,english,Disentangling the effect of future land use strategies and climate change on streamflow in a Mediterranean catchment dominated by tree plantations,NA,https://doi.org/10.1016/j.jhydrol.2021.126047,2021,NA,NA,article,en,https://openalex.org/W3128997113
OpenAlex,english,Risk-based stormwater fragility curves for urbanized coastal flooding,NA,https://doi.org/10.1016/j.jhydrol.2025.133436,2025,NA,NA,article,en,https://openalex.org/W4410200789
OpenAlex,english,The role of estuarine macrofaunal patterns for the management of marine protected areas in a changing world,NA,https://doi.org/10.1016/j.jnc.2021.126042,2021,NA,NA,article,en,https://openalex.org/W3184478897
OpenAlex,english,Impact of climate change on indoor conditions of social residence in Brazil: assessing occupants' vulnerability,NA,https://doi.org/10.1016/j.jobe.2025.113810,2025,NA,NA,article,en,https://openalex.org/W4413452819
OpenAlex,english,Proteomic and transcriptomic analyses reveal new insights into allergens in Ligustrum lucidum pollen,NA,https://doi.org/10.1016/j.jprot.2025.105520,2025,NA,NA,article,en,https://openalex.org/W4413117275
OpenAlex,english,The role of family in shaping adaptation and adaptive capacity in small-scale fishing communities: The yellow clam fishers in Uruguay,NA,https://doi.org/10.1016/j.jrurstud.2025.103601,2025,NA,NA,article,en,https://openalex.org/W4407864848
OpenAlex,english,Dynamic coastal vulnerability index: A machine learning approach to predict future impacts of climate change and human activity on coastal environments,NA,https://doi.org/10.1016/j.jsames.2025.105692,2025,NA,NA,article,en,https://openalex.org/W4412429250
OpenAlex,english,"Water, heat, and soil in a changing climate",NA,https://doi.org/10.1016/j.jsames.2025.105767,2025,NA,NA,article,en,https://openalex.org/W4414011614
OpenAlex,english,"Fostering leadership and gender equality in climate action among underserved, rural and Indigenous women: a qualitative exploration of opportunities and limitations in Peru",NA,https://doi.org/10.1016/j.lana.2025.101109,2025,NA,NA,article,en,https://openalex.org/W4410195747
OpenAlex,english,Agricultural land use dynamics in the Brazilian part of La Plata Basin: From driving forces to societal responses,NA,https://doi.org/10.1016/j.landusepol.2021.105519,2021,NA,NA,article,en,https://openalex.org/W3160349582
OpenAlex,english,"Land use transitions and the decline of family farming in Southeastern Brazil: Patterns, pressures, and environmental trade-offs",NA,https://doi.org/10.1016/j.landusepol.2025.107802,2025,NA,NA,article,en,https://openalex.org/W4414860488
OpenAlex,english,Global evolution of ecosystem services research in watersheds: Insights from large language models,NA,https://doi.org/10.1016/j.landusepol.2025.107849,2025,NA,NA,article,en,https://openalex.org/W4416017287
OpenAlex,english,"Facing oceanographic, fisheries, and governance hotspots: Scientific evidence and policy implications from the southwest South Atlantic Ocean",NA,https://doi.org/10.1016/j.marpol.2024.106584,2025,NA,NA,article,en,https://openalex.org/W4406241234
OpenAlex,english,"Nature-based solutions for climate change adaptation and resilience in urban informal settlements: Insights from kibera, kenya and Villa 20, Argentina",NA,https://doi.org/10.1016/j.nbsj.2025.100216,2025,NA,NA,article,en,https://openalex.org/W4406756795
OpenAlex,english,Assessing hydrological responses to large-scale native forest restoration as a nature-based solution in South-Central Chile under climate change,NA,https://doi.org/10.1016/j.nbsj.2025.100298,2025,NA,NA,article,en,https://openalex.org/W7116875841
OpenAlex,english,2024 Brazil floods: Mapping the extent and impacts in Eastern Rio Grande do Sul using geospatial techniques,NA,https://doi.org/10.1016/j.nhres.2025.03.011,2025,NA,NA,article,en,https://openalex.org/W4408733936
OpenAlex,english,"Challenges to climate change adaptation in coastal small towns: Examples from Ghana, Uruguay, Finland, Denmark, and Alaska",NA,https://doi.org/10.1016/j.ocecoaman.2021.105787,2021,NA,NA,article,en,https://openalex.org/W3192615116
OpenAlex,english,A 40-year assessment of a harvested sandy beach clam population: Environmental and economic drivers of a regime shift,NA,https://doi.org/10.1016/j.ocecoaman.2025.107613,2025,NA,NA,article,en,https://openalex.org/W4408141812
OpenAlex,english,Indigenous peoples proven to sustain biodiversity and address climate change: Now it’s time to recognize and support this leadership,NA,https://doi.org/10.1016/j.oneear.2021.06.015,2021,NA,NA,article,en,https://openalex.org/W3183584636
OpenAlex,english,Expanding ocean observation and climate services to build resilience in West African fisheries,NA,https://doi.org/10.1016/j.oneear.2021.07.010,2021,NA,NA,article,en,https://openalex.org/W3195993244
OpenAlex,english,Mining-induced land use change and ecological restoration: Lessons from three developing economies,NA,https://doi.org/10.1016/j.pce.2025.104267,2025,NA,NA,article,en,https://openalex.org/W4417483031
OpenAlex,english,Climate change threatens the woody plant taxonomic and functional diversities of the Restinga vegetation in Brazil,NA,https://doi.org/10.1016/j.pecon.2020.12.006,2021,NA,NA,article,en,https://openalex.org/W3122337484
OpenAlex,english,Challenges and perspectives for the Brazilian semi-arid coast under global environmental changes,NA,https://doi.org/10.1016/j.pecon.2021.06.001,2021,NA,NA,article,en,https://openalex.org/W3175190702
OpenAlex,english,A sustainable approach for urban farming based on city logistics concepts for local production and consumption of vegetables,NA,https://doi.org/10.1016/j.retrec.2021.101038,2021,NA,NA,article,en,https://openalex.org/W3130758278
OpenAlex,english,Vegetation structure drives forest phenological recovery after hurricane,NA,https://doi.org/10.1016/j.scitotenv.2021.145651,2021,NA,NA,article,en,https://openalex.org/W3127522741
OpenAlex,english,Climate exposure shows high risk and few climate refugia for Chilean native vegetation,NA,https://doi.org/10.1016/j.scitotenv.2021.147399,2021,NA,NA,article,en,https://openalex.org/W3158642634
OpenAlex,english,Climate change and freshwater biodiversity refuges in the Chilean Mediterranean Ecoregion,NA,https://doi.org/10.1016/j.scitotenv.2025.180815,2025,NA,NA,letter,en,https://openalex.org/W4415604866
OpenAlex,english,A novel spatiotemporal multi-attribute method for assessing flood risks in urban spaces under climate change and demographic scenarios,NA,https://doi.org/10.1016/j.scs.2021.103501,2021,NA,NA,article,en,https://openalex.org/W3210490985
OpenAlex,english,Advancing adaptation of highly heterogeneous urban contexts for improved distributive climate justice: an analysis of specific and generic adaptive capacities of Brazilian cities,NA,https://doi.org/10.1016/j.scs.2025.106665,2025,NA,NA,article,en,https://openalex.org/W4412796222
OpenAlex,english,"Adaptation strategies in vulnerable communities to heat waves: Social influential factors, challenges, and opportunities from citizens and stakeholders’ perspectives",NA,https://doi.org/10.1016/j.scs.2025.107047,2025,NA,NA,article,en,https://openalex.org/W4417178216
OpenAlex,english,Heat-resilient neighborhoods: Design tool for arid cities,NA,https://doi.org/10.1016/j.scs.2025.107093,2025,NA,NA,article,en,https://openalex.org/W7117325923
OpenAlex,english,Examining environmental stress changes in response to climate change and land use dynamics in the Colorado River Basin over the past two decades,NA,https://doi.org/10.1016/j.sftr.2025.101427,2025,NA,NA,article,en,https://openalex.org/W4415218736
OpenAlex,english,Network-based assessment of multi-scale resilience in the water-energy-land-food nexus: a case study in the Colombian Caribbean,NA,https://doi.org/10.1016/j.teadva.2025.200131,2025,NA,NA,article,en,https://openalex.org/W4411682762
OpenAlex,english,Europe’s Farm to Fork Strategy and Its Commitment to Biotechnology and Organic Farming: Conflicting or Complementary Goals?,NA,https://doi.org/10.1016/j.tplants.2021.03.012,2021,NA,NA,review,en,https://openalex.org/W3152997226
OpenAlex,english,Navigating institutional complexity for the adaptation of urban transport infrastructure,NA,https://doi.org/10.1016/j.trd.2021.103073,2021,NA,NA,article,en,https://openalex.org/W3209526103
OpenAlex,english,Sustainability assessment of urban lighting systems: The case of Mexico City,NA,https://doi.org/10.1016/j.ubtr.2025.100017,2025,NA,NA,article,en,https://openalex.org/W4416822400
OpenAlex,english,"Data and knowledge matters: Urban adaptation planning in São Paulo, Brazil",NA,https://doi.org/10.1016/j.uclim.2021.100808,2021,NA,NA,article,en,https://openalex.org/W3131321172
OpenAlex,english,Framework for incorporating climate projections in the integrated planning and management of urban infrastructure,NA,https://doi.org/10.1016/j.uclim.2021.101060,2021,NA,NA,article,en,https://openalex.org/W4200582419
OpenAlex,english,Urban forests mitigate extreme heat exposure in a vulnerable tropical city,NA,https://doi.org/10.1016/j.uclim.2025.102311,2025,NA,NA,article,en,https://openalex.org/W4407027535
OpenAlex,english,Synoptic patterns and heatwaves: Intensifying urban heat islands in the Mexico Basin,NA,https://doi.org/10.1016/j.uclim.2025.102318,2025,NA,NA,article,en,https://openalex.org/W4406887579
OpenAlex,english,"Impact of April and May, 2024 extreme precipitation on flooding in Rio Grande do Sul, Brazil",NA,https://doi.org/10.1016/j.uclim.2025.102487,2025,NA,NA,article,en,https://openalex.org/W4411010342
OpenAlex,english,Heat risk in the city of São Paulo: Interactions between SUHI and social inequality,NA,https://doi.org/10.1016/j.uclim.2025.102568,2025,NA,NA,article,en,https://openalex.org/W4413181962
OpenAlex,english,Impacts of climate change on extreme weather indices in Ecuadorian cities: A socioeconomic analysis,NA,https://doi.org/10.1016/j.wace.2025.100810,2025,NA,NA,article,en,https://openalex.org/W4414871804
OpenAlex,english,"Advancing wetland mapping in Argentina: A probabilistic approach integrating remote sensing, machine learning, and cloud computing towards sustainable ecosystem monitoring",NA,https://doi.org/10.1016/j.wsee.2025.04.001,2025,NA,NA,article,en,https://openalex.org/W4409202354
OpenAlex,english,SARS-CoV-2's origin should be investigated worldwide for pandemic prevention,NA,https://doi.org/10.1016/s0140-6736(21)02020-1,2021,NA,NA,letter,en,https://openalex.org/W3199065075
OpenAlex,english,Health in the bioeconomy,NA,https://doi.org/10.1016/s2542-5196(20)30299-0,2021,NA,NA,article,en,https://openalex.org/W3119342585
OpenAlex,english,From pandemic to Paris: the inclusion of COVID-19 response in national climate commitments,NA,https://doi.org/10.1016/s2542-5196(21)00111-x,2021,NA,NA,article,en,https://openalex.org/W3153625112
OpenAlex,english,The law of the four poles: legal pluralism and resistance in climate adaptation,NA,https://doi.org/10.1017/lsr.2024.55,2025,NA,NA,article,en,https://openalex.org/W4407623919
OpenAlex,english,Voluntary sustainability standards and soil health: insights from a case study in soybean production in Brazilian Savannah,NA,https://doi.org/10.1017/s0014479725000110,2025,NA,NA,article,en,https://openalex.org/W4410996920
OpenAlex,english,Indigenous peoples' displacement and jaguar survival in a warming planet,NA,https://doi.org/10.1017/sus.2021.6,2021,NA,NA,article,en,https://openalex.org/W3128560523
OpenAlex,english,Water in a Heated World,NA,https://doi.org/10.1021/acsestwater.5c00088,2025,NA,NA,article,en,https://openalex.org/W4407591210
OpenAlex,english,COP30 final agreement omits fossil fuels,NA,https://doi.org/10.1021/cen-10323-polcon1,2025,NA,NA,article,en,https://openalex.org/W7115193028
OpenAlex,english,An Integrated Framework to Streamline Resilience in the Context of Urban Climate Risk Assessment,NA,https://doi.org/10.1029/2020ef001508,2021,NA,NA,article,en,https://openalex.org/W3176614132
OpenAlex,english,How climate change and deforestation interact in the transformation of the Amazon rainforest,NA,https://doi.org/10.1038/s41467-025-63156-0,2025,NA,NA,article,en,https://openalex.org/W4413914833
OpenAlex,english,“Vulnerabilities and compound risks of escalating climate disasters in the Brazilian Amazon”,NA,https://doi.org/10.1038/s41467-025-66603-0,2025,NA,NA,article,en,https://openalex.org/W4416625076
OpenAlex,english,Vulnerability to climate change of a microendemic lizard species from the central Andes,NA,https://doi.org/10.1038/s41598-021-91058-w,2021,NA,NA,article,en,https://openalex.org/W3164493349
OpenAlex,english,Nature-based solutions to climate change,NA,https://doi.org/10.1038/s41598-025-05678-7,2025,NA,NA,editorial,en,https://openalex.org/W4411861867
OpenAlex,english,Deforestation and climate change are projected to increase heat stress risk in the Brazilian Amazon,NA,https://doi.org/10.1038/s43247-021-00275-8,2021,NA,NA,article,en,https://openalex.org/W3203439288
OpenAlex,english,Afro-descendant lands in South America contribute to biodiversity conservation and climate change mitigation,NA,https://doi.org/10.1038/s43247-025-02339-5,2025,NA,NA,article,en,https://openalex.org/W4412552486
OpenAlex,english,Contested mangroves: land struggles and the gendered and racialized geographies of climate change,NA,https://doi.org/10.1080/03066150.2025.2476003,2025,NA,NA,article,en,https://openalex.org/W4409309279
OpenAlex,english,Geospatial neocolonialism and social vulnerability to hydrometeorological events in coastal Michoacán,NA,https://doi.org/10.1080/13563475.2025.2451832,2025,NA,NA,article,en,https://openalex.org/W4406406406
OpenAlex,english,Classifying climate change perceptions of bean breeders in Santander-Colombia,NA,https://doi.org/10.1080/17565529.2020.1848782,2021,NA,NA,article,en,https://openalex.org/W3119435626
OpenAlex,english,Environmental Value for Heritage Conservation and Urban Sustainability: Adaptation in Widely Divergent Climatic Conditions,NA,https://doi.org/10.1080/17567505.2021.1991104,2021,NA,NA,article,en,https://openalex.org/W3208704713
OpenAlex,english,"Beliefs, perceived risk, obstacles and intention to act. An explanatory model for mitigation and coping behaviours regarding climate change ( <i>Creencias, percepción de riesgo, obstáculos e intención de actuar. Un modelo explicativo de conductas de mitigación y afrontamiento ante el cambio climático</i> )",NA,https://doi.org/10.1080/21711976.2020.1827660,2021,NA,NA,article,en,https://openalex.org/W3120504374
OpenAlex,english,Anthropogenic climate change contribution to wildfire-prone weather conditions in the Cerrado and Arc of deforestation,NA,https://doi.org/10.1088/1748-9326/ac1e3a,2021,NA,NA,article,en,https://openalex.org/W3194902282
OpenAlex,english,The ineffectiveness of current environmental and fire policies in the world’s largest wetland,NA,https://doi.org/10.1088/1748-9326/adb7f5,2025,NA,NA,article,en,https://openalex.org/W4407732320
OpenAlex,english,Integrating approaches and methodologies into phenological research in Neotropical dry forests: a systematic review,NA,https://doi.org/10.1088/1748-9326/ade9e2,2025,NA,NA,review,en,https://openalex.org/W4411795942
OpenAlex,english,Urban Planning and Resilience: Local Strategies for Risk Management and Anticipatory Measures,NA,https://doi.org/10.1088/1755-1315/1536/1/012019,2025,NA,NA,article,en,https://openalex.org/W4414410209
OpenAlex,english,PREFACE,NA,https://doi.org/10.1088/1755-1315/939/1/011001,2021,NA,NA,article,en,https://openalex.org/W4200178844
OpenAlex,english,"How legitimate are urban climate planning processes? A comparative assessment of Accra, Ahmedabad, Bonn and São Paulo",NA,https://doi.org/10.1088/2515-7620/ada7cc,2025,NA,NA,article,en,https://openalex.org/W4406160353
OpenAlex,english,Global Environmental Engineering for and with Historically Marginalized Communities,NA,https://doi.org/10.1089/ees.2021.0103,2021,NA,NA,article,en,https://openalex.org/W3147770478
OpenAlex,english,Urbanism in Mesoamerica,NA,https://doi.org/10.1093/acrefore/9780190854584.013.435,2021,NA,NA,reference-entry,en,https://openalex.org/W3190469271
OpenAlex,english,Identifying policy approaches to build social–ecological resilience in marine fisheries with differing capacities and contexts,NA,https://doi.org/10.1093/icesjms/fsab080,2021,NA,NA,article,en,https://openalex.org/W3174325672
OpenAlex,english,Divergent responses of endemic and non-endemic plant species to climate change in South American Lomas ecosystems,NA,https://doi.org/10.1093/jpe/rtaf226,2025,NA,NA,article,en,https://openalex.org/W7117691502
OpenAlex,english,Environmental Histories of Offshore Oil and Gas Exploration and Development,NA,https://doi.org/10.1093/obo/9780197768709-0007,2025,NA,NA,reference-entry,en,https://openalex.org/W4411398733
OpenAlex,english,Emerging Trends in Regimes and Instruments for Sustainable Development,NA,https://doi.org/10.1093/oso/9780198883203.003.0010,2025,NA,NA,book-chapter,en,https://openalex.org/W4412646059
OpenAlex,english,The fire regimes of the Cerrado and their changes through time,NA,https://doi.org/10.1098/rstb.2023.0460,2025,NA,NA,article,en,https://openalex.org/W4409520940
OpenAlex,english,Native species of the Atlantic Forest for urban environments based on functional groups: an approach to make cities in southern Brazil more resilient,NA,https://doi.org/10.1101/2025.04.14.648749,2025,NA,NA,preprint,en,https://openalex.org/W4409727344
OpenAlex,english,Bridging Gaps in Soil Ecology: Metagenomic Insights into Microbial Diversity and Functionality Across Brazil’s Biomes,NA,https://doi.org/10.1101/2025.05.16.654316,2025,NA,NA,preprint,en,https://openalex.org/W4410457148
OpenAlex,english,Short report: First whole-genome evidence of dengue virus in field-caught mosquitoes from southern Brazil,NA,https://doi.org/10.1101/2025.10.22.684033,2025,NA,NA,preprint,en,https://openalex.org/W4415488940
OpenAlex,english,Index,NA,https://doi.org/10.1108/978-1-80043-636-720211038,2021,NA,NA,paratext,en,https://openalex.org/W4200081269
OpenAlex,english,About the Contributors,NA,https://doi.org/10.1108/978-1-80043-664-020211023,2021,NA,NA,book-chapter,en,https://openalex.org/W4232819270
OpenAlex,english,Index,NA,https://doi.org/10.1108/978-1-80071-070-220211017,2021,NA,NA,paratext,en,https://openalex.org/W4233804671
OpenAlex,english,Index,NA,https://doi.org/10.1108/978-1-83867-837-120211014,2021,NA,NA,paratext,en,https://openalex.org/W4231392274
OpenAlex,english,Guest editorial: Introduction to the special issue: the impacts of China’s international economic cooperation on sustainable agricultural development,NA,https://doi.org/10.1108/caer-08-2025-461,2025,NA,NA,article,en,https://openalex.org/W7104938521
OpenAlex,english,"“Six Faces of Globalization: Who Wins, Who Loses, and Why It Matters”, Anthea Roberts and Nicholas Lamp, Harvard University Press, 2021: overview",NA,https://doi.org/10.1108/qrfm-11-2025-372,2025,NA,NA,article,en,https://openalex.org/W4416941964
OpenAlex,english,"Application of Machine Learning Techniques for Environmental Conservation: Predictive Modeling of Climate Change in the Merenberg Nature Reserve, Huila",NA,https://doi.org/10.1109/amitic68284.2025.11214622,2025,NA,NA,article,NA,https://openalex.org/W4415970396
OpenAlex,english,Monitoring Mangrove Biomass and Carbon Stocks in the Brazilian Amazon: Insights from GEDI and Sentinel-2 for Conservation,NA,https://doi.org/10.1109/igarss55030.2025.11243213,2025,NA,NA,article,NA,https://openalex.org/W4416728938
OpenAlex,english,Modeling Temperature in the Ecuadorian Paramo Through Deep Learning,NA,https://doi.org/10.1109/jstars.2025.3536878,2025,NA,NA,article,en,https://openalex.org/W4406983198
OpenAlex,english,Nature‐based Solutions to tackle climate change and restore biodiversity,NA,https://doi.org/10.1111/1365-2664.14059,2021,NA,NA,article,en,https://openalex.org/W3213093187
OpenAlex,english,Terms of engagement,NA,https://doi.org/10.1111/1469-8676.13026,2021,NA,NA,article,en,https://openalex.org/W3168745623
OpenAlex,english,United Nations sustainability development goals approached from the side of the biological production of fuels,NA,https://doi.org/10.1111/1751-7915.13912,2021,NA,NA,editorial,en,https://openalex.org/W3195222588
OpenAlex,english,Gamifying Science—Novel Strategies for Bringing Microbiology to the Classroom,NA,https://doi.org/10.1111/1751-7915.70141,2025,NA,NA,letter,en,https://openalex.org/W4409191144
OpenAlex,english,Harnessing Giants: Ethical Trade of Goliath Beetles in Community Forests for Biodiversity Conservation and Livelihood Enhancement,NA,https://doi.org/10.1111/acv.70000,2025,NA,NA,article,en,https://openalex.org/W4408333166
OpenAlex,english,Pollination ecology in the tropical Andes: moving towards a cross‐scale approach,NA,https://doi.org/10.1111/brv.70049,2025,NA,NA,article,en,https://openalex.org/W4412487171
OpenAlex,english,Trends and future directions in the conservation social sciences,NA,https://doi.org/10.1111/cobi.70011,2025,NA,NA,article,en,https://openalex.org/W4409076275
OpenAlex,english,Changing the paradigm for the development of the Caatinga dry forest region to rescue threatened biodiversity and improve sustainability,NA,https://doi.org/10.1111/cobi.70030,2025,NA,NA,article,en,https://openalex.org/W4410895303
OpenAlex,english,Brazil's restoration blueprint for biodiversity credits,NA,https://doi.org/10.1111/cobi.70063,2025,NA,NA,article,en,https://openalex.org/W4410939144
OpenAlex,english,How scientists can make the case for international cooperation in an age of diplomatic retrenchment,NA,https://doi.org/10.1111/cobi.70161,2025,NA,NA,article,en,https://openalex.org/W4415377348
OpenAlex,english,"Agricultural Expertise, Market Connections, and Rural Futures: Regional Perspectives on Resilience",NA,https://doi.org/10.1111/cuag.12273,2021,NA,NA,article,en,https://openalex.org/W3186214306
OpenAlex,english,Special Issue Introduction: Thinking Through “Being in the COVID‐19 World” and Bright Spots for our Food Futures,NA,https://doi.org/10.1111/cuag.12282,2021,NA,NA,article,en,https://openalex.org/W4205438972
OpenAlex,english,Aquatic biota responses to temperature in a high Andean geothermal stream,NA,https://doi.org/10.1111/fwb.13798,2021,NA,NA,article,en,https://openalex.org/W3186400392
OpenAlex,english,Fitting the Bill in an Urban World: Hummingbird Beak Shape Responds to Anthropogenic Factors,NA,https://doi.org/10.1111/gcb.70199,2025,NA,NA,article,en,https://openalex.org/W4410674777
OpenAlex,english,Ecosystem Restoration Should Rely on Self‐Repairing Mechanisms,NA,https://doi.org/10.1111/gcb.70357,2025,NA,NA,article,en,https://openalex.org/W4412361665
OpenAlex,english,Wildfires and Drought Reshape Terrestrial Mammal Communities While Aquatic Prey Sustain Jaguars in Brazil's Northern Pantanal,NA,https://doi.org/10.1111/gcb.70589,2025,NA,NA,article,en,https://openalex.org/W4415569545
OpenAlex,english,"Wet‐to‐Dry Cascades May Increasingly Drive Wildfire Activity in Non‐Forested Ecosystems, and Further Amplify the Risk of Urban Interface Fire Disasters, in a Warming Climate",NA,https://doi.org/10.1111/gcb.70681,2025,NA,NA,article,en,https://openalex.org/W7117299141
OpenAlex,english,Water Resources Extension: Empowering Action Through Knowledge,NA,https://doi.org/10.1111/j.1936-704x.2021.3357.x,2021,NA,NA,article,en,https://openalex.org/W4200597123
OpenAlex,english,Upholding Planetary Health Through Nursing Leadership in a Fragmented Global Landscape,NA,https://doi.org/10.1111/jan.70247,2025,NA,NA,article,en,https://openalex.org/W4414487974
OpenAlex,english,Editorial: Special Issue From the Ninth International Conference on Flood Management,NA,https://doi.org/10.1111/jfr3.70060,2025,NA,NA,editorial,en,https://openalex.org/W4409894107
OpenAlex,english,"Data‐Driven Modeling for Urban Flood Warning Systems: A Case Study in the Guarará Basin, Brazil",NA,https://doi.org/10.1111/jfr3.70110,2025,NA,NA,article,en,https://openalex.org/W4412771708
OpenAlex,english,On Generations of Revolutionary Theory: A Response,NA,https://doi.org/10.1111/johs.12316,2021,NA,NA,article,en,https://openalex.org/W3151127858
OpenAlex,english,Diversity Patterns of Tree Communities Across Multiple Flood Gradients With Separate Fire Histories: Unveiling Patterns in a Wetland Ecosystem,NA,https://doi.org/10.1111/jvs.70044,2025,NA,NA,article,en,https://openalex.org/W4411457553
OpenAlex,english,Editorial 2026,NA,https://doi.org/10.1111/mec.70210,2025,NA,NA,article,en,https://openalex.org/W7117300270
OpenAlex,english,Potential geographic displacement of Chagas disease vectors under climate change,NA,https://doi.org/10.1111/mve.12810,2025,NA,NA,article,en,https://openalex.org/W4410550282
OpenAlex,english,Discovering the forest in plain sight: a pop‐up Symposium focusing on seasonally dry tropical forests,NA,https://doi.org/10.1111/nph.17644,2021,NA,NA,article,en,https://openalex.org/W3217792559
OpenAlex,english,Plant science for sustainability: by and for future generations,NA,https://doi.org/10.1111/nph.70007,2025,NA,NA,article,en,https://openalex.org/W4411078066
OpenAlex,english,Childhood obesity prevention across borders: The promise of U.S.–Latin American research collaboration,NA,https://doi.org/10.1111/obr.13238,2021,NA,NA,article,en,https://openalex.org/W3159145772
OpenAlex,spanish,Prevención transfronteriza de la obesidad infantil: la promesa de colaboración entre <scp>EE</scp>. <scp>UU</scp>. y Latinoamérica en investigación,NA,https://doi.org/10.1111/obr.13343,2021,NA,NA,article,es,https://openalex.org/W3209759706
OpenAlex,english,Editorial: The legal protection of the Amazon rainforest,NA,https://doi.org/10.1111/reel.12411,2021,NA,NA,editorial,en,https://openalex.org/W3185533235
OpenAlex,english,Voting and the rise of populism: Spatial perspectives and applications across Europe,NA,https://doi.org/10.1111/rsp3.12411,2021,NA,NA,article,en,https://openalex.org/W3150886221
OpenAlex,english,P25 Building a community advisory board to research climate change impacts on consumption of food biodiversity of indigenous communities in the peruvian amazon,NA,https://doi.org/10.1136/jech-2021-ssmabstracts.114,2021,NA,NA,article,en,https://openalex.org/W3197567390
OpenAlex,english,OP84 <b>Adapting the online dietary assessment tool (</b> <i>myfood24</i> <b>) for Indigenous communities in the peruvian amazon to research food biodiversity and climate change resilience</b>,NA,https://doi.org/10.1136/jech-2021-ssmabstracts.84,2021,NA,NA,article,en,https://openalex.org/W3197950466
OpenAlex,english,Exposure to ambient high temperature and increased risk of hospitalisation for non-infectious bowel diseases during 2000–2019: a case-crossover study in 1816 Brazilian cities,NA,https://doi.org/10.1136/oemed-2024-109710,2025,NA,NA,article,en,https://openalex.org/W4407131923
OpenAlex,portuguese,"Justiça climática e políticas públicas em contexto de vulnerabilidade socioambiental: estudo de caso da cidade de Recife, Pernambuco",NA,https://doi.org/10.11606/t.106.2025.tde-06062025-224737,2025,NA,NA,dissertation,pt,https://openalex.org/W4411585593
OpenAlex,english,"Inventário, avaliação e gestão do Patrimônio Geomorfológico do Litoral Norte de São Paulo",NA,https://doi.org/10.11606/t.44.2025.tde-09022026-111808,2025,NA,NA,dissertation,pt,https://openalex.org/W7128544594
OpenAlex,portuguese,"Emergência climática, transição energética e transformação sociotécnica em sistemas urbanos de energia: mobilização popular e iniciativas de governança local para bem-estar energético sustentável",NA,https://doi.org/10.11606/t.6.2025.tde-27012026-160657,2025,NA,NA,dissertation,pt,https://openalex.org/W7125802236
OpenAlex,english,Bruno Lima Awardee Designs Public Health Approach to COVID-19,NA,https://doi.org/10.1176/appi.pn.2021.8.35,2021,NA,NA,article,en,https://openalex.org/W3195121543
OpenAlex,english,The Company of Biologists: a century in review,NA,https://doi.org/10.1242/bio.062413,2025,NA,NA,article,en,https://openalex.org/W4417506002
OpenAlex,english,Making a difference: the role of comparative biology in tackling climate change,NA,https://doi.org/10.1242/jeb.242381,2021,NA,NA,article,en,https://openalex.org/W3132707492
OpenAlex,english,"Environmental Affects of Plant-Based Beef Analog Production in 12 Countries and Consumer Response to Plant-Based Meat in China, A Case Study",NA,https://doi.org/10.12691/jfnr-13-8-6,2025,NA,NA,article,en,https://openalex.org/W4413671909
OpenAlex,english,"Water Status of Polylepis Forests Related to Altitudinal Gradient, Microclimate Variables and Slope",NA,https://doi.org/10.12911/22998993/132425,2021,NA,NA,article,en,https://openalex.org/W3128931066
OpenAlex,english,Mitigation and adaptation of cities to climate change: socio-environmental vulnerabilities and legal conflicts in the protection of urban Permanent Preservation Areas in Brazil,NA,https://doi.org/10.12957/rdc.2021.61081,2021,NA,NA,article,en,https://openalex.org/W3213089751
OpenAlex,english,Soybean Production and Agricultural Resource Demand under The Changing Climate,NA,https://doi.org/10.13016/uhkp-hegh,2025,NA,NA,other,en,https://openalex.org/W7125961281
OpenAlex,english,The Zanjeras of Ilocos: Cooperative Irrigation Societies of the Philippines ed. by José A. Rivera,NA,https://doi.org/10.1353/phs.2021.0031,2021,NA,NA,article,en,https://openalex.org/W4206293835
OpenAlex,english,Unseen scars: Understanding the mental health burdens of climate change on indigenous and rural Peruvian women,NA,https://doi.org/10.1371/journal.pclm.0000527,2025,NA,NA,article,en,https://openalex.org/W4411599245
OpenAlex,english,Sample characteristics.,NA,https://doi.org/10.1371/journal.pclm.0000527.t001,2025,NA,NA,dataset,NA,https://openalex.org/W7111090147
OpenAlex,english,Epidemiological dynamics of dengue in Peru: Temporal and spatial drivers between 2000 and 2022,NA,https://doi.org/10.1371/journal.pone.0319708,2025,NA,NA,article,en,https://openalex.org/W4408591863
OpenAlex,english,Functional safeguards for conservation: Identifying climate change refugia for frugivorous and nectarivorous birds in a degraded area of Colombia,NA,https://doi.org/10.1371/journal.pone.0321817,2025,NA,NA,article,en,https://openalex.org/W4410769899
OpenAlex,english,Drivers of vulnerability to climate change in the southernmost region of Bahia (Brazil),NA,https://doi.org/10.14393/sn-v34-2022-62222,2021,NA,NA,article,en,https://openalex.org/W4200194868
OpenAlex,english,Perfil ambiental da produção de leite orgânico no sudeste do Brasil,NA,https://doi.org/10.14393/ufu.di.2025.5007,2025,NA,NA,dissertation,pt,https://openalex.org/W4407887822
OpenAlex,english,LOCAL COMMUNITY PRACTICES AND ANCIENT KNOWLEDGE AS KEY FACTOR PROMOTING CLIMATE ACTION IN URBAN GOVERNANCE,NA,https://doi.org/10.14455/isec.2025.12(1).pnd-04,2025,NA,NA,article,en,https://openalex.org/W4416969565
OpenAlex,english,"8. Scientific research centres, research cooperation programmes and NGO activities in the Amazon region",NA,https://doi.org/10.1515/9783839475355-017,2025,NA,NA,book-chapter,en,https://openalex.org/W4408192975
OpenAlex,english,Project Review: <i>SwampScapes</i>,NA,https://doi.org/10.1525/aft.2021.48.4.43,2021,NA,NA,article,en,https://openalex.org/W4200579691
OpenAlex,english,From Washoku to We-Shoku,NA,https://doi.org/10.1525/gfc.2025.25.4.107,2025,NA,NA,article,en,https://openalex.org/W4415621985
OpenAlex,english,Editorial Introduction,NA,https://doi.org/10.1525/lavc.2021.3.2.1,2021,NA,NA,article,en,https://openalex.org/W4244515351
OpenAlex,spanish,"Análisis multicriterio para el desarrollo urbano en zonas costeras en un contexto de cambio climático: Caso en Acapulco, México",NA,https://doi.org/10.15359/rca.55-2.5,2021,NA,NA,article,es,https://openalex.org/W3179615560
OpenAlex,english,"Las competencias ambientales en la gestión de riesgos climáticos de los estudiantes de II ciclo de la Escuela Excelencia Cahuita, Limón. ¿Les hacen resilientes?",NA,https://doi.org/10.15359/ru.39-1.5,2025,NA,NA,article,en,https://openalex.org/W4408319257
OpenAlex,spanish,Resiliencia de la cobertura vegetal en el Suroeste de México ante los efectos del cambio climático,NA,https://doi.org/10.15381/rpb.v28i2.18187,2021,NA,NA,article,es,https://openalex.org/W3172925561
OpenAlex,english,"Assessing the impact of the adoption of agroforestry technology on food production and poverty reduction among farming households in Oyo State, Nigeria",NA,https://doi.org/10.15414/afz.2021.24.01.25-34,2021,NA,NA,article,en,https://openalex.org/W3153063174
OpenAlex,english,Diversity of small terrestrial mammals under different organic farming management in Mediterranean and Continental agriculture ecosystems,NA,https://doi.org/10.15414/afz.2021.24.04.301-308,2021,NA,NA,article,en,https://openalex.org/W4200419591
OpenAlex,spanish,La gentrificación verde y el derecho a la naturaleza en la ciudad. Apropiación de la naturaleza en la producción capitalista del espacio urbano,NA,https://doi.org/10.15446/cep.v8n2.91581,2021,NA,NA,article,es,https://openalex.org/W3211928555
OpenAlex,spanish,Ciudades argentinas en el contexto del cambio climático: exploraciones para el análisis del riesgo y la resiliencia urbana,NA,https://doi.org/10.15446/rcdg.v30n2.87584,2021,NA,NA,article,es,https://openalex.org/W3185021243
OpenAlex,spanish,"Respuestas del mesozooplancton a condiciones oceanográficas en diferentes escalas en Bahía Salinas, Pacífico Norte de Costa Rica, durante 2011-2013.",NA,https://doi.org/10.15517/rbt.v69is2.48741,2021,NA,NA,article,es,https://openalex.org/W3216235378
OpenAlex,spanish,"Respuestas del mesozooplancton a condiciones oceanográficas en diferentes escalas en Bahía Salinas, Pacífico Norte de Costa Rica, durante 2011-2013",NA,https://doi.org/10.15517/rbt.v69isuppl.2.48741,2021,NA,NA,article,es,https://openalex.org/W4229707844
OpenAlex,spanish,Desastres en Argentina: un análisis de preferencias y percepciones (2017-2019),NA,https://doi.org/10.15517/rr.v100i2.43115,2021,NA,NA,article,es,https://openalex.org/W3184721103
OpenAlex,spanish,Descarbonización y justicia social en la Ciudad de México,NA,https://doi.org/10.15658/cesmag25.19060106,2025,NA,NA,book-chapter,NA,https://openalex.org/W7105995185
OpenAlex,english,"Hotter, Longer and More Frequent Heatwaves: An Observational Study for the Brazilian City of Campinas, SP",NA,https://doi.org/10.1590/0102-77863620119,2021,NA,NA,article,en,https://openalex.org/W3160062585
OpenAlex,english,Nursing and the Climate Crisis - The Call of COP30 for Health in Latin America,NA,https://doi.org/10.1590/1518-8345.0000.4680,2025,NA,NA,editorial,pt,https://openalex.org/W4410964321
OpenAlex,english,Synthetic biology and climate change: innovations for a sustainable future,NA,https://doi.org/10.1590/s1678-3921.pab2025.v60.04148,2025,NA,NA,article,en,https://openalex.org/W4415814626
OpenAlex,english,"Impact of carbonation on reinforced concrete structures, considering the increase of CO2 due to climate change in Brazil",NA,https://doi.org/10.1590/s1983-41952025000800014,2025,NA,NA,article,en,https://openalex.org/W4406607868
OpenAlex,english,Embracing a Green Digital Transition Guidance Note: Greening Govtech - Volume 2,NA,https://doi.org/10.1596/43737,2025,NA,NA,book,en,https://openalex.org/W4414366752
OpenAlex,spanish,Identificación de poblaciones de teosinte resistentes al clima para ayudar a la adaptación del maíz en el futuro,NA,https://doi.org/10.17129/botsci.3680,2025,NA,NA,article,es,https://openalex.org/W4412704572
OpenAlex,english,Human disturbance on high Andean forests in Colombia,NA,https://doi.org/10.17169/refubium-31787,2021,NA,NA,dissertation,en,https://openalex.org/W3207951972
OpenAlex,english,"Contribution of trees to carbon stocks in urban–rural ecosystems: Taxonomic, phylogenetic, and functional diversity in response to bioclimatic and geographic factors",NA,https://doi.org/10.17268/sci.agropecu.2026.006,2025,NA,NA,article,es,https://openalex.org/W4415592719
OpenAlex,english,Segregação socioespacial e vulnerabilidade climática nas periferias urbanas,NA,https://doi.org/10.17271/1980082721320256223,2025,NA,NA,article,NA,https://openalex.org/W7124458130
OpenAlex,english,Por que manejar uma floresta?,NA,https://doi.org/10.17271/23178604134020255617,2025,NA,NA,article,en,https://openalex.org/W4412370062
OpenAlex,english,Mudança climática e Agroecologia,NA,https://doi.org/10.17271/23178604134020255620,2025,NA,NA,article,en,https://openalex.org/W4412370080
OpenAlex,english,Desenvolvimento Orientado ao Transporte e transição ecológica urbana,NA,https://doi.org/10.17271/23178604134420255987,2025,NA,NA,article,NA,https://openalex.org/W4417336684
OpenAlex,english,Instrumento para gestão sustentável de UC urbanas frente às mudanças climáticas,NA,https://doi.org/10.17271/23178604134420255992,2025,NA,NA,article,NA,https://openalex.org/W7115190748
OpenAlex,english,"Litigância climática e os desastres hidrológicos e meteorológicos no Vale do Taquari, Rio Grande do Sul",NA,https://doi.org/10.17271/23178604134420255993,2025,NA,NA,article,NA,https://openalex.org/W4417336665
OpenAlex,english,Infraestrutura verde-azul (BGI) para a redução de inundações compostas em cenário de crise climática no Recife-PE,NA,https://doi.org/10.17271/6e4g7v51,2025,NA,NA,article,NA,https://openalex.org/W7117415677
OpenAlex,english,O licenciamento de infraestruturas como instrumento para a resiliência urbana em assentamentos informais,NA,https://doi.org/10.17271/b34x8w14,2025,NA,NA,article,NA,https://openalex.org/W7117436742
OpenAlex,english,Mudanças climáticas e agenda de adaptação nas cidades brasileiras,NA,https://doi.org/10.17345/rcda3047,2021,NA,NA,article,en,https://openalex.org/W3182019554
OpenAlex,english,Assessing tradeoffs in the design of climate change adaptation strategies for water utilities in Chile,NA,https://doi.org/10.17615/74ce-nb85,2025,NA,NA,article,en,https://openalex.org/W4414523773
OpenAlex,english,Lessons From Climate and Pandemic‐Induced Disruptions in Building Public Transport Resilience,NA,https://doi.org/10.17645/up.9943,2025,NA,NA,article,en,https://openalex.org/W4415102991
OpenAlex,english,Identifying the Social Urban Spatial Structure of Vulnerability: Towards Climate Change Equity in Bogotá,NA,https://doi.org/10.17645/up.v6i4.4630,2021,NA,NA,article,en,https://openalex.org/W4200286997
OpenAlex,english,"Cidades Sustentáveis, Instrumentos de Adaptação Climática nas Áreas Costeiras: Desafios e Oportunidades para o Cumprimento dos Objetivos da Agenda 2030 pelo Brasil",NA,https://doi.org/10.17921/2448-2129.2024v25n2p131-139,2025,NA,NA,article,pt,https://openalex.org/W4406950463
OpenAlex,english,Maladaptive Household Responses to Extreme Weather in Colombia,NA,https://doi.org/10.18046/j.estger.2025.176.7308,2025,NA,NA,article,en,https://openalex.org/W7125145788
OpenAlex,english,Role of Green Roofs in Climate Change Mitigation and Adaptation,NA,https://doi.org/10.18172/cig.6411,2025,NA,NA,article,en,https://openalex.org/W4411282658
OpenAlex,english,Improving estimates of the atmospheric oxidative capacity and Amazon fire emissions,NA,https://doi.org/10.18174/536720,2021,NA,NA,dissertation,en,https://openalex.org/W3157546971
OpenAlex,english,The changing face of smallholder farming : Insights from an Amazonian landscape in transition,NA,https://doi.org/10.18174/679652,2025,NA,NA,dissertation,en,https://openalex.org/W4406348326
OpenAlex,english,Essays on adaptation to environmental change,NA,https://doi.org/10.18174/681616,2025,NA,NA,dissertation,en,https://openalex.org/W4416364817
OpenAlex,english,"Water Infrastructure Planning for the Uncertain Future in Latin America a Cost - and Time - Efficient Approach for Making Robust Infrastructure Decisions, with a Case Study on Mendoza, Argentina",NA,https://doi.org/10.18235/0003030,2021,NA,NA,report,en,https://openalex.org/W3127930661
OpenAlex,english,Towards climate-resilient social housing: thermal comfort assessment and renovation guidelines in the Brazilian mixed-dry climate zone,NA,https://doi.org/10.18607/es20251419985,2025,NA,NA,article,en,https://openalex.org/W4413304908
OpenAlex,spanish,Bloques de tierra comprimida como alternativa sostenible para su integración en sistemas constructivos convencionales en la ciudad de Liberia,NA,https://doi.org/10.18845/tm.v38i7.8291,2025,NA,NA,article,es,https://openalex.org/W4415819073
OpenAlex,spanish,Conociendo nuestras raíces: Educación ambiental para la protección de los manglares,NA,https://doi.org/10.18846/renaysoc.2025.11.11.02.0013,2025,NA,NA,article,NA,https://openalex.org/W7160057559
OpenAlex,english,Medidas de adaptação e mitigação das alterações climáticas em uma metrópole sul-americana,NA,https://doi.org/10.19180/2177-4560.v19n12025p44-62,2025,NA,NA,article,en,https://openalex.org/W4409433307
OpenAlex,english,"Forest, bamboo, and agroforestry systems for climate change adaptation in coffee farms of Colombia",NA,https://doi.org/10.19182/bft2025.362.a37432,2025,NA,NA,article,en,https://openalex.org/W4411495737
OpenAlex,english,Assessment of farmers' perceptions of the sustainable agricultural practices in the “Biocorridors for Living Well” program in Ecuador: Pisque Mojanda San Pablo and Cayambe Coca,NA,https://doi.org/10.20868/upm.thesis.69126,2021,NA,NA,dissertation,en,https://openalex.org/W4207081922
OpenAlex,english,Assessment of Financing for Biodiversity Conservation in Mexico. Links between Biodiversity and Climate Change Adaptation Funds,NA,https://doi.org/10.20944/preprints202501.1094.v1,2025,NA,NA,preprint,en,https://openalex.org/W4406409224
OpenAlex,english,Water Security with Social Organization and Water Forest Care in the Megalopolis of Central Mexico,NA,https://doi.org/10.20944/preprints202506.1288.v1,2025,NA,NA,preprint,en,https://openalex.org/W4411392822
OpenAlex,english,An Analysis of Urban Tree Cover Perceptions: A Survey Study in Riobamba Ecuador,NA,https://doi.org/10.20944/preprints202509.0386.v1,2025,NA,NA,preprint,en,https://openalex.org/W4414030164
OpenAlex,english,Modeling Soil Organic Carbon Dynamics Across Land Uses in Tropical Andean Ecosystems,NA,https://doi.org/10.20944/preprints202510.0807.v1,2025,NA,NA,preprint,en,https://openalex.org/W4415053715
OpenAlex,english,"Long-Term Temperature and Precipitation Trends Across South America, Urban Centers, and Brazilian Biomes",NA,https://doi.org/10.20944/preprints202510.1446.v1,2025,NA,NA,preprint,en,https://openalex.org/W4415371153
OpenAlex,english,Sustainability in Unsaturated Mine Tailings Management Amidst Climate Change,NA,https://doi.org/10.21203/rs.3.rs-5917994/v1,2025,NA,NA,preprint,en,https://openalex.org/W4408156073
OpenAlex,english,"Socio-environmental impacts of climate change in the Metropolitan Area of Xalapa, Mexico: challenges and opportunities",NA,https://doi.org/10.21203/rs.3.rs-6497889/v1,2025,NA,NA,preprint,en,https://openalex.org/W4410203322
OpenAlex,english,Hydroclimatic Risk Analysis in the Usumacinta River Basin,NA,https://doi.org/10.21203/rs.3.rs-6579639/v1,2025,NA,NA,preprint,en,https://openalex.org/W4410238575
OpenAlex,english,Narratives for the Future of Brazilian Agriculture A Sectoral Downscaling of the Shared Socioeconomic Pathways (SSPs),NA,https://doi.org/10.21203/rs.3.rs-7011493/v1,2025,NA,NA,preprint,en,https://openalex.org/W4414448130
OpenAlex,english,"Exploring the role of urban vegetation in ecosystem-based adaptation strategies in the coastal cityscape of Campeche, Mexico",NA,https://doi.org/10.21203/rs.3.rs-7686968/v1,2025,NA,NA,preprint,en,https://openalex.org/W4415209661
OpenAlex,english,Integrating Genomic Tools to Predict Climate Adaptation and Vulnerability across a Latitudinal Gradient in a Brazilian Atlantic Forest Treefrog (Dendropsophus elegans),NA,https://doi.org/10.21203/rs.3.rs-7706720/v1,2025,NA,NA,preprint,NA,https://openalex.org/W4415587158
OpenAlex,english,Socioeconomic barriers limit the adaptive role of biodiversity in cacao agroforestry systems in Southern Mexico,NA,https://doi.org/10.21203/rs.3.rs-7982748/v1,2025,NA,NA,preprint,NA,https://openalex.org/W4416169903
OpenAlex,english,Strategic Choices and Resolution of Water Allocation Conflicts With GMCR+,NA,https://doi.org/10.21203/rs.3.rs-8013212/v1,2025,NA,NA,preprint,NA,https://openalex.org/W4416764709
OpenAlex,english,Surface Pressure as a Nontraditional Predictor of Coffee Leaf Rust (H. vastatrix): A Machine Learning Ensemble Analysis from Costa Rican Climatic Data,NA,https://doi.org/10.21203/rs.3.rs-8408713/v1,2025,NA,NA,preprint,NA,https://openalex.org/W7117545938
OpenAlex,english,Empirical Analysis of BRICS Countries Pathway Toward Low-Carbon Environment,NA,https://doi.org/10.21203/rs.3.rs-850439/v1,2021,NA,NA,preprint,en,https://openalex.org/W3199353253
OpenAlex,english,Adaptation and Biocultural Conservation of Traditional Agroforestry Systems in the Tehuacán Valley: Access to Resources and Livelihoods Strategies,NA,https://doi.org/10.2139/ssrn.3959609,2021,NA,NA,article,en,https://openalex.org/W3216727077
OpenAlex,english,중미 국가의 기후변화 적응 주요과제와 협력방안 (Challenges of Climate Change Adaptation in Central America and Policy Implications for Korea-Central America Cooperation),NA,https://doi.org/10.2139/ssrn.4122510,2021,NA,NA,article,ko,https://openalex.org/W4285545351
OpenAlex,english,"Climate Change Attribution to the 2021 Historic Floods in the Juruá River Basin, Brazilian Amazon: Impacts and Adaptation Insights",NA,https://doi.org/10.2139/ssrn.5099427,2025,NA,NA,preprint,en,https://openalex.org/W4406430403
OpenAlex,english,"Impact of Rural Credit on Sustainable Transformation of Brazilian Agriculture: The Case of the Low Carbon Agriculture (Lca) Program in Minas Gerais, Brazil",NA,https://doi.org/10.2139/ssrn.5152418,2025,NA,NA,preprint,en,https://openalex.org/W4407895759
OpenAlex,english,"Adaptation Strategies in Vulnerable Communities to Heat Waves: Social Influential Factors, Challenges, and Opportunities from Citizen and Stakeholders' Perspectives",NA,https://doi.org/10.2139/ssrn.5175966,2025,NA,NA,preprint,en,https://openalex.org/W4410318741
OpenAlex,english,1 Shifts in Water Supply and Demand Shape Land Cover Change,NA,https://doi.org/10.2139/ssrn.5215360,2025,NA,NA,preprint,en,https://openalex.org/W4409384428
OpenAlex,english,"Unintended Consequences of Public Policies in Increasing Risk: The Safe Development Paradox in the Revólver Basin, Brazil",NA,https://doi.org/10.2139/ssrn.5269371,2025,NA,NA,preprint,en,https://openalex.org/W4410843991
OpenAlex,english,A Conceptual Model for the Analysis of Heat Impacts and Resilience in Indoor Thermal Comfort: Application to Medium Sized Cities in Chile,NA,https://doi.org/10.2139/ssrn.5373996,2025,NA,NA,preprint,en,https://openalex.org/W4412807050
OpenAlex,english,"The Early Warning System of the City of Medellín and the Aburrá Valley - SIATA, Colombia: a +20-year prolific journey",NA,https://doi.org/10.2139/ssrn.5560612,2025,NA,NA,preprint,en,https://openalex.org/W4414792590
OpenAlex,english,NA,NA,https://doi.org/10.21625/archive-sr.v9i1,2025,NA,NA,paratext,NA,https://openalex.org/W4407014207
OpenAlex,english,Cultural Sustainability Tourism Lessons from the Amazon to the Mediterranean,NA,https://doi.org/10.21625/archive-sr.v9i1.1094,2025,NA,NA,article,en,https://openalex.org/W4407013207
OpenAlex,english,"Adaptation measures for climate change in urban areas, considering drought and excess precipitation risks. case study: morelia city, Mexico",NA,https://doi.org/10.2166/wcc.2025.182,2025,NA,NA,article,en,https://openalex.org/W7119467651
OpenAlex,english,Beyond the faucet: social-geographic disparities and trends in intermittent water supply in Peru,NA,https://doi.org/10.2166/wh.2025.386,2025,NA,NA,article,en,https://openalex.org/W4406694029
OpenAlex,english,Water in the Arid and Semi-Arid Zones of Mexico,NA,https://doi.org/10.2174/9789815322439125010006,2025,NA,NA,book-chapter,en,https://openalex.org/W4408419614
OpenAlex,english,"Planos de Mitigação e Adaptação às Mudanças Climáticas: Compromissos, Desafios e Oportunidades na Pan-Amazônia",NA,https://doi.org/10.21892/2422085x.700,2025,NA,NA,article,pt,https://openalex.org/W4414246904
OpenAlex,english,Native Potatoes: From Forgotten Crop to Culinary Boom and Market Innovation,NA,https://doi.org/10.22004/ag.econ.308578,2021,NA,NA,article,en,https://openalex.org/W3153078787
OpenAlex,spanish,Objetivos de desarrollo sostenible: acciones por el clima y la resiliencia,NA,https://doi.org/10.22201/igeof.9786075875842e.2025,2025,NA,NA,book,NA,https://openalex.org/W7105523941
OpenAlex,spanish,"Crecimiento urbano y vulnerabilidad al cambio climático de la conurbación de Quevedo, Ecuador",NA,https://doi.org/10.22320/07183607.2025.28.51.08,2025,NA,NA,article,es,https://openalex.org/W4413315615
OpenAlex,spanish,"La importancia de la planificación urbana sostenible en ciudades de clima cálido húmedo: Estrategias y desafíos para un desarrollo resiliente, análisis aplicado a Cúcuta",NA,https://doi.org/10.22463/0122820x.5165,2025,NA,NA,article,es,https://openalex.org/W4415174713
OpenAlex,english,Conservation of the quality of water resources in agroecological structures,NA,https://doi.org/10.22517/23447214.25744,2025,NA,NA,article,en,https://openalex.org/W4409632048
OpenAlex,english,A Paired-Catchment Approach for Characterizing Hydrological Functioning in Data-Limited Headwaters of the Peruvian Andean Puna,NA,https://doi.org/10.22541/au.174970641.10333386/v1,2025,NA,NA,preprint,en,https://openalex.org/W4411223824
OpenAlex,english,Bird Sounds Global - model builder: An end-to-end workflow for building locally fine-tuned bird classifiers    ,NA,https://doi.org/10.22541/au.176599468.88578746/v1,2025,NA,NA,article,NA,https://openalex.org/W4417438255
OpenAlex,english,Climate and biological resilience at the northern limit of British Columbia’s Inland Temperate Rainforest,NA,https://doi.org/10.24124/2025/30583,2025,NA,NA,dissertation,en,https://openalex.org/W4414225148
OpenAlex,spanish,Inventario actual de las soluciones basadas en la naturaleza para la mitigación y la adaptación al cambio climático en ciudades de Argentina,NA,https://doi.org/10.24215/2346898xe176,2025,NA,NA,article,es,https://openalex.org/W4411585274
OpenAlex,english,La crisis hídrica en la Ciudad de México: estamos cerca del Día Cero,NA,https://doi.org/10.24275/uama.6341.13003,2025,NA,NA,book-chapter,es,https://openalex.org/W4417253590
OpenAlex,english,Voluntary sustainability standards and soil health: insights from a case study in soybean production in Brazilian Savannah,NA,https://doi.org/10.24451/arbor.12703,2025,NA,NA,article,en,https://openalex.org/W7127616358
OpenAlex,english,Securing the sea: ecosystem-based adaptation and the biopolitics of insuring nature's rents,NA,https://doi.org/10.2458/jpe.2899,2021,NA,NA,article,en,https://openalex.org/W3178635162
OpenAlex,spanish,Geografías en conflicto: superposición de actividades extractivas en los humedales peruanos,NA,https://doi.org/10.24850/j-tyca-2025-04-01,2025,NA,NA,article,es,https://openalex.org/W4411730918
OpenAlex,english,Thermal Comfort and Afforestation In Belém: City of Mango Trees and Host Of COP 30,NA,https://doi.org/10.24857/rgsa.v19n1-169,2025,NA,NA,article,en,https://openalex.org/W4407120446
OpenAlex,english,Sustainable Strategies for Artisanal Fishing in the Pacific: Responding to Climate Change in Colombia and Peru,NA,https://doi.org/10.24857/rgsa.v19n3-061,2025,NA,NA,article,en,https://openalex.org/W4408558555
OpenAlex,english,Climate Change in The State of Amapá (Brazil): Challenges and Opportunities,NA,https://doi.org/10.24857/rgsa.v19n6-072,2025,NA,NA,article,en,https://openalex.org/W4411593856
OpenAlex,english,Environment and Sustainability: The Importance of Smart Cities in Combating the Effects of Climate Change,NA,https://doi.org/10.24857/rgsa.v19n6-085,2025,NA,NA,article,en,https://openalex.org/W4411636617
OpenAlex,english,Adaptation of Cities to Climate Change: Is it Possible?,NA,https://doi.org/10.24857/rgsa.v19n9-004,2025,NA,NA,article,en,https://openalex.org/W4414146968
OpenAlex,spanish,Entornos incluyentes y resilientes en zonas costeras ante fenómenos hidrometeorológicos.,NA,https://doi.org/10.25009/rua.v14i26.132,2021,NA,NA,article,es,https://openalex.org/W3185305380
OpenAlex,english,ECONOMIC IMPACTS OF THE EXPANSION OF RENEWABLE ENERGY: THE EXPERIENCE AT THE COUNTY AND NATIONAL LEVEL,NA,https://doi.org/10.25394/pgs.15134970.v1,2021,NA,NA,dissertation,en,https://openalex.org/W3201864702
OpenAlex,english,"Excess mortality associated with extreme heat in Rio de Janeiro, Brazil, 2023",NA,https://doi.org/10.26633/rpsp.2025.76,2025,NA,NA,article,en,https://openalex.org/W4412657123
OpenAlex,english,"Urban climate control strategies and buildings’ retrofitting: a simulation study in the UNESCO heritage site of Valparaiso, Chile",NA,https://doi.org/10.26868/25222708.2025.1352,2025,NA,NA,article,NA,https://openalex.org/W4416704929
OpenAlex,english,"Gravitational mass movements in Brazil: causes, consequences, and solutions",NA,https://doi.org/10.28927/sr.2025.001625,2025,NA,NA,article,en,https://openalex.org/W4412532898
OpenAlex,english,WatAI: AI-Based System for Real-Time Flow Monitoring and Demand Prediction in Water Networks,NA,https://doi.org/10.28991/cej-2025-011-07-07,2025,NA,NA,article,en,https://openalex.org/W4413220068
OpenAlex,spanish,La importancia de construir jardines para polinizadores en las zonas urbanas,NA,https://doi.org/10.29057/prepa1.v7i14.12762,2025,NA,NA,article,es,https://openalex.org/W4406075581
OpenAlex,english,"WOMEN, CLIMATE CHANGE, AND PEACEBUILDING: AN INTERSECTIONAL APPROACH",NA,https://doi.org/10.29121/shodhkosh.v5.i4.2024.5666,2025,NA,NA,article,en,https://openalex.org/W4412140056
OpenAlex,portuguese,RESUMO DE DISSERTAÇÃO: ADAPTAÇÃO ÀS MUDANÇAS CLIMÁTICAS EM NÚCLEOS URBANOS: INICIATIVAS EM CIDADES INTELIGENTES E A CONTRIBUIÇÃO PARA A AGENDA 2030,NA,https://doi.org/10.29183/2447-3073.mix2022.v8.n1.174-175,2021,NA,NA,article,pt,https://openalex.org/W4285326320
OpenAlex,english,The Environmental Function of Architects in the Face of the Climate Crisis,NA,https://doi.org/10.29183/2596-237x.ensus2025.v13.n1.p32-43,2025,NA,NA,article,en,https://openalex.org/W4412939319
OpenAlex,spanish,"Composición y almacenamiento de carbono en palmas del Hotspot Andino-Amazónico, bosque piemontano ecuatoriano",NA,https://doi.org/10.29298/rmcf.v16i89.1529,2025,NA,NA,article,es,https://openalex.org/W4410061122
OpenAlex,portuguese,TEORIA DA EVOLUÇÃO NO COTIDIANO: Estudo da adaptação de Poligalya violácea e Gomphrena desertorum nos Sertões de Crateús sob a ótica darwinista,NA,https://doi.org/10.29327/7561254,2025,NA,NA,preprint,pt,https://openalex.org/W4410886008
OpenAlex,spanish,"Rol de la vegetación en el control del microclima urbano y en la adaptación a los efectos del cambio climático en un barrio de San Pedro de la Paz, Chile",NA,https://doi.org/10.29393/ur13-3rvjp20003,2021,NA,NA,article,es,https://openalex.org/W4205553801
OpenAlex,english,Rise and fall of vegetation primary production resilience to climate variability anticipated by a large ensemble of Earth System Models’ simulations,NA,https://doi.org/10.31223/x5zw36,2021,NA,NA,preprint,en,https://openalex.org/W4236610375
OpenAlex,english,"Transforming Socotra: A Global Framework for Climate-resilient, Data-informed Conservation in High-risk Island Ecosystems",NA,https://doi.org/10.31224/5169,2025,NA,NA,article,en,https://openalex.org/W4413499325
OpenAlex,english,Catalyzing Collaboration Over Competition: A Pan-American Science Diplomacy Framework for Developing AI Solutions for Climate Change in the Americas,NA,https://doi.org/10.31234/osf.io/k362q_v1,2025,NA,NA,preprint,en,https://openalex.org/W4412603904
OpenAlex,english,Streamflow response to potential changes in climate in the Upper Rio Grande Basin,NA,https://doi.org/10.3133/sir20215138,2021,NA,NA,article,en,https://openalex.org/W4206473954
OpenAlex,english,Navigating Green Public Policy From the Intersection of Urban Heat Islands and Climate Vulnerability in the City of Viña del Mar,NA,https://doi.org/10.3138/jccpe-2024-0011,2025,NA,NA,article,en,https://openalex.org/W4408649911
OpenAlex,english,Opportunities for Leveraging Nature-Based Solutions for Climate Resilience in Guatemala City: A Policy Perspective,NA,https://doi.org/10.3138/jccpe-2024-0023,2025,NA,NA,article,en,https://openalex.org/W4408650032
OpenAlex,english,Mobilizing Private Finance for Adaptation and Resilience Priorities across Cities: Mexico City Case Study,NA,https://doi.org/10.3138/jccpe-2024-0043,2025,NA,NA,article,en,https://openalex.org/W4417246943
OpenAlex,english,Investigating Local Adaptation to Hypoxia Stress in the Eastern Oyster Through Comparative Transcriptomics,NA,https://doi.org/10.31390/gradschool_theses.5415,2021,NA,NA,dissertation,en,https://openalex.org/W4283022515
OpenAlex,english,Percepción de riesgos a la salud frente al cambio climático en México,NA,https://doi.org/10.3167/reco.2021.110204,2021,NA,NA,article,en,https://openalex.org/W3172236848
OpenAlex,english,Interspecific interactions between olive trees and grapevines in vineyard agroforestry systems in an arid climate region,NA,https://doi.org/10.32469/10355/85835,2021,NA,NA,dissertation,en,https://openalex.org/W3183436744
OpenAlex,english,"WORLD EXPERIENCE IN TOURISM DEVELOPMENT IN THE CONTEXT OF ECONOMIC GLOBALIZATION: TRENDS, STRATEGIC VECTORS",NA,https://doi.org/10.32782/bses.92-35,2025,NA,NA,article,en,https://openalex.org/W4411036308
OpenAlex,english,Identificación de genes de resistencia a tres enfermedades del tomate silvestre (Solanum spp) encontrado en la cuenca del río Lurín.,NA,https://doi.org/10.33017/reveciperu2025.0004/,2025,NA,NA,article,en,https://openalex.org/W4412005096
OpenAlex,spanish,Cambio climático y migración en los pueblos indígenas de la provincia de Chimborazo - Ecuador,NA,https://doi.org/10.33262/concienciadigital.v4i1.2.1623,2021,NA,NA,article,es,https://openalex.org/W3146810544
OpenAlex,spanish,Análisis de la influencia del embalse Hidroeléctrico Mazar en el bioclima de la ciudad de Paute.,NA,https://doi.org/10.33262/concienciadigital.v4i2.1626,2021,NA,NA,article,es,https://openalex.org/W3142094420
OpenAlex,spanish,Revisión sistemática de las estrategias para la reducción del riesgo de desastres en los municipios de la Zona 2 en Ecuador,NA,https://doi.org/10.33262/concienciadigital.v8i4.3567,2025,NA,NA,article,NA,https://openalex.org/W7115176981
OpenAlex,english,Bottlenecks of the world's most important shipping trade routes in the context of international trade,NA,https://doi.org/10.33271/ebdut/90.039,2025,NA,NA,article,en,https://openalex.org/W4412659016
OpenAlex,english,Climate change and cancer care: impacts and implications for patients and healthcare professionals,NA,https://doi.org/10.3332/ecancer.2025.1973,2025,NA,NA,article,en,https://openalex.org/W4413427701
OpenAlex,spanish,"Repensar la ciudad. Cuando el cambio climático pone en evidencia la desprotección del patrimonio. Inundaciones urbanas en la ciudad de La Plata, Argentina",NA,https://doi.org/10.33349/2021.104.4993,2021,NA,NA,article,es,https://openalex.org/W3184231133
OpenAlex,english,"Survey of the Culicide community (Diptera: Culicidae) in the Caatinga Biome, Bom Jesus City, Piauí, Brazil",NA,https://doi.org/10.33448/rsd-v10i1.11814,2021,NA,NA,article,en,https://openalex.org/W3125247830
OpenAlex,spanish,Evaluación de la vulnerabilidad de la biodiversidad y los recursos naturales al cambio climático en Ecuador,NA,https://doi.org/10.33448/rsd-v14i7.49243,2025,NA,NA,article,es,https://openalex.org/W4412636179
OpenAlex,spanish,"Análisis de impacto del cambio climático en la ciudad de Calceta Manabí, Ecuador",NA,https://doi.org/10.33448/rsd-v14i9.49452,2025,NA,NA,article,es,https://openalex.org/W4414072200
OpenAlex,english,Can you see the light? How microbes and polar light environments orchestrate plant adaptations and global biodiversity,NA,https://doi.org/10.33584/rps.18.2025.3800,2025,NA,NA,article,NA,https://openalex.org/W4417001125
OpenAlex,english,Editorial: Global excellence in virology: Latin America,NA,https://doi.org/10.3389/fcimb.2025.1623374,2025,NA,NA,editorial,en,https://openalex.org/W4410836941
OpenAlex,english,Editorial: Inclusion in climate-related disaster studies,NA,https://doi.org/10.3389/fclim.2025.1623663,2025,NA,NA,editorial,en,https://openalex.org/W4410729252
OpenAlex,english,Editorial: Decolonizing human and non-human coexistence,NA,https://doi.org/10.3389/fcosc.2025.1579174,2025,NA,NA,editorial,en,https://openalex.org/W4408580848
OpenAlex,english,Editorial: Conserving plants in a changing climate,NA,https://doi.org/10.3389/fcosc.2025.1743981,2025,NA,NA,article,en,https://openalex.org/W4416896259
OpenAlex,english,"Editorial: Contributions to river plastic monitoring across scales, volume II",NA,https://doi.org/10.3389/feart.2025.1636075,2025,NA,NA,editorial,en,https://openalex.org/W4411842009
OpenAlex,english,"Dryland Watershed Restoration With Rock Detention Structures: A Nature-based Solution to Mitigate Drought, Erosion, Flooding, and Atmospheric Carbon",NA,https://doi.org/10.3389/fenvs.2021.679189,2021,NA,NA,article,en,https://openalex.org/W3212417646
OpenAlex,english,Using a robust decision making (RDM) approach to explore current and future vulnerabilities of a semi-arid coastal basin: a case study of the Quilimarí basin in Chile,NA,https://doi.org/10.3389/fenvs.2025.1553675,2025,NA,NA,article,en,https://openalex.org/W4412765756
OpenAlex,english,Table 1_Using a robust decision making (RDM) approach to explore current and future vulnerabilities of a semi-arid coastal basin: a case study of the Quilimarí basin in Chile.xlsx,NA,https://doi.org/10.3389/fenvs.2025.1553675.s001,2025,NA,NA,dataset,NA,https://openalex.org/W7111310944
OpenAlex,english,Developing a coastal analysis system: the Guyana coastal analysis system (G-CAS) as an example for small island developing states (SIDS),NA,https://doi.org/10.3389/fenvs.2025.1600858,2025,NA,NA,article,en,https://openalex.org/W4414219048
OpenAlex,english,What’s ahead: navigating the future of environmental science in and around cities in post-pandemic times,NA,https://doi.org/10.3389/fenvs.2025.1613491,2025,NA,NA,article,en,https://openalex.org/W4410379743
OpenAlex,english,Editorial: Changes in plant–herbivore interactions across time scales: bridging paleoecology and contemporary ecology,NA,https://doi.org/10.3389/fevo.2024.1539173,2025,NA,NA,editorial,en,https://openalex.org/W4406188832
OpenAlex,english,Tropical Dry Forest Resilience to Fire Depends on Fire Frequency and Climate,NA,https://doi.org/10.3389/ffgc.2021.755104,2021,NA,NA,article,en,https://openalex.org/W3216431717
OpenAlex,english,Table_1_Tropical Dry Forest Resilience to Fire Depends on Fire Frequency and Climate.DOCX,NA,https://doi.org/10.3389/ffgc.2021.755104.s001,2021,NA,NA,paratext,en,https://openalex.org/W4200549868
OpenAlex,english,"Forestry, from theory to practice: Central European ideas in native Patagonian forests in a context of climate change",NA,https://doi.org/10.3389/ffgc.2025.1377026,2025,NA,NA,article,en,https://openalex.org/W4407181784
OpenAlex,english,Conceptual model of social-ecological resilience in Mexican forests communities,NA,https://doi.org/10.3389/ffgc.2025.1490278,2025,NA,NA,article,en,https://openalex.org/W4410013643
OpenAlex,english,Assessing the potential distribution of Myracrodruon urundeuva Allemão (Aroeira) in the Caatinga under climate change scenarios,NA,https://doi.org/10.3389/ffgc.2025.1519432,2025,NA,NA,article,en,https://openalex.org/W4408635913
OpenAlex,english,Editorial: Unravelling insect vector diversity: genetic and phenotypic insights from the Global South,NA,https://doi.org/10.3389/finsc.2025.1734377,2025,NA,NA,editorial,en,https://openalex.org/W4416596710
OpenAlex,english,"Editorial: Vaccine-preventable diseases in times of climate change, economic crisis, and pandemic preparedness — a call for new approaches and global equity",NA,https://doi.org/10.3389/fitd.2024.1540632,2025,NA,NA,editorial,en,https://openalex.org/W4406543049
OpenAlex,english,Editorial: Global movement and the spread of vector-borne diseases: challenges and strategies,NA,https://doi.org/10.3389/fitd.2025.1717661,2025,NA,NA,editorial,en,https://openalex.org/W4416771973
OpenAlex,english,Editorial: Tropical blue carbon: challenges and opportunities,NA,https://doi.org/10.3389/fmars.2025.1552817,2025,NA,NA,editorial,en,https://openalex.org/W4407149366
OpenAlex,english,"Editorial: Integrated marine biosphere research: ocean sustainability, under global change, for the benefit of society",NA,https://doi.org/10.3389/fmars.2025.1684348,2025,NA,NA,editorial,en,https://openalex.org/W4413793980
OpenAlex,english,Beneficial Plant-Associated Microorganisms From Semiarid Regions and Seasonally Dry Environments: A Review,NA,https://doi.org/10.3389/fmicb.2020.553223,2021,NA,NA,review,en,https://openalex.org/W3121663470
OpenAlex,english,Brazilian Semi-Arid Mangroves-Associated Microbiome as Pools of Richness and Complexity in a Changing World,NA,https://doi.org/10.3389/fmicb.2021.715991,2021,NA,NA,article,en,https://openalex.org/W3195844962
OpenAlex,english,Editorial: Sustainable and resilient food systems in times of crises,NA,https://doi.org/10.3389/fnut.2025.1564950,2025,NA,NA,editorial,en,https://openalex.org/W4407323963
OpenAlex,english,Opinionated views on biophysical and social constraints on agroforestry system,NA,https://doi.org/10.3389/fpls.2025.1607207,2025,NA,NA,article,en,https://openalex.org/W4413971161
OpenAlex,english,Coping with the invisible impacts of COVID-19 in a context of polycrises: wellbeing strategies of marginalised urban and Indigenous Brazilian youth,NA,https://doi.org/10.3389/fpsyg.2025.1512893,2025,NA,NA,article,en,https://openalex.org/W4413193367
OpenAlex,english,Editorial: Climate change challenge: adaptation to climate change,NA,https://doi.org/10.3389/fpsyg.2025.1675673,2025,NA,NA,editorial,en,https://openalex.org/W4414341883
OpenAlex,english,The need for dengue and chikungunya awareness among mental health professionals in Europe,NA,https://doi.org/10.3389/fpsyt.2025.1672597,2025,NA,NA,article,en,https://openalex.org/W4414397994
OpenAlex,english,Collective learning for resilience in Global South cities: a community-based systems mapping approach to integrated climate and health action,NA,https://doi.org/10.3389/fpubh.2025.1582550,2025,NA,NA,article,en,https://openalex.org/W4410508441
OpenAlex,english,Data Sheet 1_Collective learning for resilience in Global South cities: a community-based systems mapping approach to integrated climate and health action.docx,NA,https://doi.org/10.3389/fpubh.2025.1582550.s001,2025,NA,NA,dataset,NA,https://openalex.org/W7111317401
OpenAlex,english,Editorial: Promoting mental health and wellbeing among young people,NA,https://doi.org/10.3389/fpubh.2025.1706563,2025,NA,NA,editorial,en,https://openalex.org/W4414619212
OpenAlex,english,Editorial: Planetary health challenges: interventions for effective knowledge mobilization for policy- and decision-makers and science communication,NA,https://doi.org/10.3389/fpubh.2025.1738710,2025,NA,NA,article,en,https://openalex.org/W4416976886
OpenAlex,english,Editorial: Horizons in bee science,NA,https://doi.org/10.3389/frbee.2025.1667590,2025,NA,NA,article,en,https://openalex.org/W4413766950
OpenAlex,english,Socio-Ecological Conflicts in a Global South Metropolis: Opportunities and Threats of a Potential Greenway in the São Paulo Metropolitan Region,NA,https://doi.org/10.3389/frsc.2021.706857,2021,NA,NA,article,en,https://openalex.org/W4200323277
OpenAlex,english,"Editorial: Building equity through smarter, more resilient cities of the future. Celebrating International Women's Day",NA,https://doi.org/10.3389/frsc.2025.1699681,2025,NA,NA,article,en,https://openalex.org/W4415836672
OpenAlex,english,Correction: Advanced phycocyanin detection in a south American lake using landsat imagery and remote sensing,NA,https://doi.org/10.3389/frsen.2025.1714525,2025,NA,NA,article,NA,https://openalex.org/W4417357372
OpenAlex,english,Editorial: Wetlands: vulnerability and challenges of their management under climate change,NA,https://doi.org/10.3389/frwa.2025.1666770,2025,NA,NA,article,en,https://openalex.org/W4413379887
OpenAlex,english,Editorial: Enhancing coastal resilience through nature-based solutions: bridging fluvial and marine ecosystems,NA,https://doi.org/10.3389/frwa.2025.1725770,2025,NA,NA,article,en,https://openalex.org/W4416170492
OpenAlex,english,Geographic Distribution of Colombian Spittlebugs (Hemiptera: Cercopidae) via Ecological Niche Modeling: A Prediction for the Main Tropical Forages' Pest in the Neotropics,NA,https://doi.org/10.3389/fsufs.2021.725774,2021,NA,NA,article,en,https://openalex.org/W3215119180
OpenAlex,english,Table_1_Geographic Distribution of Colombian Spittlebugs (Hemiptera: Cercopidae) via Ecological Niche Modeling: A Prediction for the Main Tropical Forages' Pest in the Neotropics.XLSX,NA,https://doi.org/10.3389/fsufs.2021.725774.s001,2021,NA,NA,paratext,en,https://openalex.org/W4200114235
OpenAlex,english,A global database of olive oil geographical indications and their properties,NA,https://doi.org/10.3389/fsufs.2025.1641032,2025,NA,NA,article,en,https://openalex.org/W4416515828
OpenAlex,english,"Evaluation of agroecological processes implemented in olive production systems: an analysis in Boyacá, Colombia",NA,https://doi.org/10.3389/fsufs.2025.1666553,2025,NA,NA,article,en,https://openalex.org/W4414660365
OpenAlex,english,Editorial: Food system transformation and the realization of the UN Sustainable Development Goals,NA,https://doi.org/10.3389/fsufs.2025.1691198,2025,NA,NA,article,en,https://openalex.org/W4414773637
OpenAlex,english,Flood Risk and Adaptation Strategies for Soybean Production Systems on the Flood-Prone Pampas under Climate Change,NA,https://doi.org/10.3390/agronomy11061187,2021,NA,NA,article,en,https://openalex.org/W3166737121
OpenAlex,english,Rethinking Cities Beyond Climate Neutrality: Justice and Inclusion to Prevent Climate Gentrification,NA,https://doi.org/10.3390/app16010259,2025,NA,NA,article,en,https://openalex.org/W7117449303
OpenAlex,english,Agricultural and Forestry Land and Labor Use under Long-Term Climate Change in Chile,NA,https://doi.org/10.3390/atmos12030305,2021,NA,NA,article,en,https://openalex.org/W3134405271
OpenAlex,english,Spatio-Temporal Analysis of Drought with SPEI in the State of Mexico and Mexico City,NA,https://doi.org/10.3390/atmos16020202,2025,NA,NA,article,en,https://openalex.org/W4407352495
OpenAlex,english,Predicting the Impact of Global Climate Change on the Geographic Distribution of Anemochoric Species in Protected Areas,NA,https://doi.org/10.3390/atmos16040453,2025,NA,NA,article,en,https://openalex.org/W4409461739
OpenAlex,english,Urban Air Pollution in the Global South: A Never-Ending Crisis?,NA,https://doi.org/10.3390/atmos16050487,2025,NA,NA,article,en,https://openalex.org/W4409667923
OpenAlex,english,Perceptions of Climate Change and Health Risks Among Urban Older Adults in Mexico City: A Pilot Study,NA,https://doi.org/10.3390/atmos16070792,2025,NA,NA,article,en,https://openalex.org/W4411874195
OpenAlex,english,Beyond Global Trends: Two Decades of Climate Data in the World’s Highest Equatorial City,NA,https://doi.org/10.3390/atmos16091080,2025,NA,NA,article,en,https://openalex.org/W4414184440
OpenAlex,english,"Long-Term Temperature and Precipitation Trends Across South America, Urban Centers, and Brazilian Biomes",NA,https://doi.org/10.3390/atmos16121332,2025,NA,NA,article,en,https://openalex.org/W4416667094
OpenAlex,english,Climate Changes Can Restore Allopatry Between Two Congeneric Birds in the Atlantic Forest,NA,https://doi.org/10.3390/birds6030042,2025,NA,NA,article,en,https://openalex.org/W4413176301
OpenAlex,english,VI International Congress la ValSe-Food,NA,https://doi.org/10.3390/books978-3-7258-4176-9,2025,NA,NA,book,en,https://openalex.org/W4416278683
OpenAlex,english,"An Approach Concerning Climate Change and Timber Building Resilience: Araucanía Region, South Chile",NA,https://doi.org/10.3390/buildings11100452,2021,NA,NA,article,en,https://openalex.org/W3201933146
OpenAlex,english,"Environmental Analysis for the Implementation of Underwater Paths on Sepultura Beach, Southern Brazil: The Case of Palythoa caribaeorum Bleaching Events at the Global Southern Limit of Species Distribution",NA,https://doi.org/10.3390/coasts5030026,2025,NA,NA,article,en,https://openalex.org/W4412699743
OpenAlex,english,Local Actions to Tackle a Global Problem: A Multidimensional Assessment of the Pollination Crisis in Chile,NA,https://doi.org/10.3390/d13110571,2021,NA,NA,article,en,https://openalex.org/W3211458821
OpenAlex,english,Assessment of Financing for Biodiversity Conservation in Mexico: Links Between Biodiversity and Climate Change Adaptation Funds,NA,https://doi.org/10.3390/d17030185,2025,NA,NA,article,en,https://openalex.org/W4408219167
OpenAlex,english,Forecasting the CO2 Emissions at the Global Level: A Multilayer Artificial Neural Network Modelling,NA,https://doi.org/10.3390/en14196336,2021,NA,NA,article,en,https://openalex.org/W3204802647
OpenAlex,english,Assessment of Potential Climate Change Impacts on Montane Forests in the Peruvian Andes: Implications for Conservation Prioritization,NA,https://doi.org/10.3390/f12030375,2021,NA,NA,article,en,https://openalex.org/W3139078422
OpenAlex,english,Wood Anatomy Properties and Global Climate Change Constraints of Forest Species from the Natural Forest of Mozambique,NA,https://doi.org/10.3390/f16061018,2025,NA,NA,article,en,https://openalex.org/W4411369191
OpenAlex,english,"Climate-Change Impacts on Distribution of Amazonian Woody Plant Species Key to Conservation, Restoration and Sustainable Use in the Colombian Amazon",NA,https://doi.org/10.3390/f16111640,2025,NA,NA,article,en,https://openalex.org/W4415615456
OpenAlex,english,Modeling the Spatial Distribution of Wildfire Risk in Chile Under Current and Future Climate Scenarios,NA,https://doi.org/10.3390/fire8030113,2025,NA,NA,article,en,https://openalex.org/W4408532488
OpenAlex,english,"LCA of Soybean Supply Chain Produced in the State of Par&amp;aacute;, Located in the Brazilian Amazon Biome",NA,https://doi.org/10.3390/iecag2021-10072,2021,NA,NA,article,en,https://openalex.org/W4205780391
OpenAlex,english,Water Availability–Demand Balance under Climate Change Scenarios in an Overpopulated Region of Mexico,NA,https://doi.org/10.3390/ijerph18041846,2021,NA,NA,article,en,https://openalex.org/W3131792072
OpenAlex,english,Exploring Climate and Air Pollution Mitigating Benefits of Urban Parks in Sao Paulo Through a Pollution Sensor Network,NA,https://doi.org/10.3390/ijerph22020306,2025,NA,NA,article,en,https://openalex.org/W4407695006
OpenAlex,english,"One Health in Coastal and Marine Contexts: A Critical Bibliometric Analysis Across Environmental, Animal, and Human Health Dimensions",NA,https://doi.org/10.3390/ijerph22101523,2025,NA,NA,review,en,https://openalex.org/W4414848055
OpenAlex,english,Nature-Based Solutions for Stormwater Management: Co-Creating a Multiscalar Proposal in the Global South,NA,https://doi.org/10.3390/land14040740,2025,NA,NA,article,en,https://openalex.org/W4408996937
OpenAlex,english,Spatiotemporal Land Cover Change and Future Hydrological Impacts Under Climate Scenarios in the Amazonian Andes: A Case Study of the Utcubamba River Basin,NA,https://doi.org/10.3390/land14061234,2025,NA,NA,article,en,https://openalex.org/W4411158624
OpenAlex,english,TAE Predict: An Ensemble Methodology for Multivariate Time Series Forecasting of Climate Variables in the Context of Climate Change,NA,https://doi.org/10.3390/mca30030046,2025,NA,NA,article,en,https://openalex.org/W4409806086
OpenAlex,english,"Bryophytes as Indicators of Disturbance in One of the Last Remnants of the Mountain Forests of El Oro Province, Ecuador",NA,https://doi.org/10.3390/plants14020184,2025,NA,NA,article,en,https://openalex.org/W4406334090
OpenAlex,english,The Vulnerability of Tourism to Climate Change in Portuguese and Brazilian Cities—A Review,NA,https://doi.org/10.3390/proceedings2025113004,2025,NA,NA,article,en,https://openalex.org/W4405996088
OpenAlex,english,Using the Sustainable Development Goals to Evaluate Possible Transport Policies for the City of Curitiba,NA,https://doi.org/10.3390/su132112222,2021,NA,NA,article,en,https://openalex.org/W3213612367
OpenAlex,english,Under Fire: A Brazilian Perspective on Climate Change and Child Health,NA,https://doi.org/10.3390/su17104482,2025,NA,NA,article,en,https://openalex.org/W4410360400
OpenAlex,english,Resilience and Functional Service Life of Modern Heritage Timber Buildings Amid Climate Change in Chile,NA,https://doi.org/10.3390/su17104553,2025,NA,NA,article,en,https://openalex.org/W4410444379
OpenAlex,english,Evaluation of Impacts and Sustainability Indicators of Construction in Prefabricated Concrete Houses in Ecuador,NA,https://doi.org/10.3390/su17177616,2025,NA,NA,article,en,https://openalex.org/W4413480407
OpenAlex,english,Climate-Resilient and Sustainable Soil Remediation: Hydrocycloning for Metal Removal in Flood-Prone Brazilian Region,NA,https://doi.org/10.3390/su17209083,2025,NA,NA,article,en,https://openalex.org/W4415296633
OpenAlex,english,Climate Change and Assessing Thermal Comfort in Social Housing of Southeastern Mexico: A Prospective Study Using Machine Learning and Global Sensitivity Analysis,NA,https://doi.org/10.3390/su17219596,2025,NA,NA,article,en,https://openalex.org/W4415685102
OpenAlex,english,Climate Change and Urban Resilience in Smart Cities: Adaptation and Mitigation Strategies in Brazil and Germany,NA,https://doi.org/10.3390/urbansci9050179,2025,NA,NA,article,en,https://openalex.org/W4410563533
OpenAlex,english,Improving Urban Flood Resilience: Urban Flood Risk Mitigation Assessment Using a Geospatial Model in the Urban Section of a River Corridor,NA,https://doi.org/10.3390/w17071047,2025,NA,NA,article,en,https://openalex.org/W4409088803
OpenAlex,english,Water Security with Social Organization and Forest Care in the Megalopolis of Central Mexico,NA,https://doi.org/10.3390/w17223245,2025,NA,NA,article,en,https://openalex.org/W4416230193
OpenAlex,spanish,Conservation Planning for Climate Change Vulnerability across the Islands of the Californias,NA,https://doi.org/10.3398/064.085.0217,2025,NA,NA,article,en,https://openalex.org/W4413029162
OpenAlex,spanish,Propuesta de modelo de gestión ambiental para la protección sostenible del ecosistema degradado,NA,https://doi.org/10.33996/revistaalfa.v9i26.351,2025,NA,NA,article,es,https://openalex.org/W4410886757
OpenAlex,english,Influence of Leaf Area Index on the Heat Index of a Tropic Urban Park,NA,https://doi.org/10.34257/gjhssbvol21is3pg67,2021,NA,NA,article,en,https://openalex.org/W3206677729
OpenAlex,english,Regional development banks in the broader multilateral development bank reforms,NA,https://doi.org/10.35188/unu-wider/gddi3581,2025,NA,NA,report,en,https://openalex.org/W4408413697
OpenAlex,english,Urban agriculture as a strategy for climate adaptation: Contributions to more sustainable and resilient cities,NA,https://doi.org/10.35376/10324/77019,2025,NA,NA,dissertation,en,https://openalex.org/W4412832057
OpenAlex,english,Temporal Boundaries: Multiscalar Dynamic Modeling Techniques for Climate Change and Design,NA,https://doi.org/10.35483/acsa.teach.2021.19,2021,NA,NA,article,en,https://openalex.org/W4386474051
OpenAlex,english,"The Cross-Disciplinary Classroom: Exploring Climate, Design and Community Resilience at the University of Florida",NA,https://doi.org/10.35483/acsa.teach.2021.33,2021,NA,NA,article,en,https://openalex.org/W4386522908
OpenAlex,english,"COP26 AND HEALTH: SOME PROGRESS, BUT TOO SLOW AND NOT ENOUGH",NA,https://doi.org/10.35845/kmuj.2021.22288,2021,NA,NA,article,en,https://openalex.org/W4293418808
OpenAlex,spanish,Gobernanza climática y planificación del desarrollo: una mirada desde la academia,NA,https://doi.org/10.36260/rbr.v10i11.1558,2021,NA,NA,article,es,https://openalex.org/W4200601608
OpenAlex,english,From policy to practice: the role of integrated systems in mitigating climate change in Brazil,NA,https://doi.org/10.36560/18320252062,2025,NA,NA,article,en,https://openalex.org/W4409677432
OpenAlex,english,The Big Leaf Mahogany Tree In Belize in Connection to Sustainable Development Goals,NA,https://doi.org/10.37099/mtu.dc.yeah-conference/april2021/all-events/21,2021,NA,NA,article,en,https://openalex.org/W3173072082
OpenAlex,spanish,Impacto del Cambio Climático mediante la variabilidad de la precipitación y temperatura en el Cantón Lago Agrio,NA,https://doi.org/10.37811/cl_rcm.v9i1.16014,2025,NA,NA,article,es,https://openalex.org/W4407355506
OpenAlex,portuguese,ENVELHECIMENTO SUSTENTÁVEL INTEGRADO AOS JARDINS TERAPÊUTICOS: ESTRATÉGIAS DE CUIDADO PARA PESSOAS IDOSAS COM DEMÊNCIA,NA,https://doi.org/10.37885/250920126,2025,NA,NA,book-chapter,pt,https://openalex.org/W4414278403
OpenAlex,english,"PLANT PHISIOLOGY: Bromeliad Conservation, Stress Signaling, and Postharvest Innovation",NA,https://doi.org/10.37885/978-65-5360-838-2,2025,NA,NA,book,en,https://openalex.org/W4412434070
OpenAlex,portuguese,IV Congresso Internacional Ambiente e Sustentabilidade (IV CIAS 2025),NA,https://doi.org/10.37885/978-65-5360-987-7,2025,NA,NA,book,pt,https://openalex.org/W4414278397
OpenAlex,portuguese,IV Congresso Internacional Ambiente e Sustentabilidade (IV CIAS 2025) - Volume 2,NA,https://doi.org/10.37885/978-65-6155-006-2,2025,NA,NA,book,NA,https://openalex.org/W7124718495
OpenAlex,english,Analysis of the BRICS countries’ pathways towards a low-carbon environment,NA,https://doi.org/10.38050/2712-7508-2021-4-4,2021,NA,NA,article,en,https://openalex.org/W4200075935
OpenAlex,english,Moderate wildfire severity favors seed removal by granivores in a Mexican pine forest,NA,https://doi.org/10.3832/ifor4741-018,2025,NA,NA,article,en,https://openalex.org/W4410708574
OpenAlex,english,Borderless Lizards: Unveiling Overlooked Records and the Runaway Invasion of Anolis sagrei in Ecuador,NA,https://doi.org/10.3897/arphapreprints.e150220,2025,NA,NA,preprint,en,https://openalex.org/W4407546975
OpenAlex,english,Future-Proofing Chocolate: The Environmental Resilience of Cacao Wild Relatives,NA,https://doi.org/10.3897/biss.9.181958,2025,NA,NA,article,en,https://openalex.org/W7116754699
OpenAlex,english,State of Wildfires 2024–2025,NA,https://doi.org/10.3929/ethz-c-000786294,2025,NA,NA,other,en,https://openalex.org/W7105179800
OpenAlex,english,Climate Change in the Built Environment,NA,https://doi.org/10.4018/978-1-7998-9032-4.ch008,2021,NA,NA,book-chapter,en,https://openalex.org/W4246911483
OpenAlex,english,The Concept of Vulnerability and the Importance of the Sensitivity Index for Public Health Decision-Making,NA,https://doi.org/10.4018/979-8-3693-6432-1.ch011,2025,NA,NA,book-chapter,en,https://openalex.org/W4412717327
OpenAlex,english,"The Global Humanitarian Landscape in 2025: Challenges, Impacts, and Response",NA,https://doi.org/10.4103/jahs_20250603_1,2025,NA,NA,article,en,https://openalex.org/W7117373801
OpenAlex,english,Analysis of fire risk in the Amazon: a systematic review,NA,https://doi.org/10.4136/ambi-agua.2706,2021,NA,NA,review,en,https://openalex.org/W3170511955
OpenAlex,spanish,"Papa, Familia y Clima: Historias y recetas del Ecuador",NA,https://doi.org/10.4160/9789290606062,2021,NA,NA,book,es,https://openalex.org/W4205834854
OpenAlex,spanish,Sostenibilidad y rentabilidad en vivienda social: evaluación de una envolvente bioclimática para climas tropicales cálidos,NA,https://doi.org/10.4206/aus.2025.n38-05,2025,NA,NA,article,NA,https://openalex.org/W7136839582
OpenAlex,english,More than a Roof and Four Walls,NA,https://doi.org/10.4324/9781003471141-20,2025,NA,NA,book-chapter,en,https://openalex.org/W4409160846
OpenAlex,english,Form Follows Fuel,NA,https://doi.org/10.4324/9781032637174,2025,NA,NA,book,en,https://openalex.org/W4412912644
OpenAlex,english,Urban planning and the protection of green spaces for climate change adaptation in São Paulo. Lessons and best practices from a megalopolis in the Global South,NA,https://doi.org/10.4324/9781032645407-5,2025,NA,NA,book-chapter,en,https://openalex.org/W4406956795
OpenAlex,english,"Urban planning and the protection of green spaces for climate change adaptation in Ciudad Juarez, Chihuahua, Mexico",NA,https://doi.org/10.4324/9781032645407-8,2025,NA,NA,book-chapter,en,https://openalex.org/W4406956794
OpenAlex,english,Daylight Dynamics: A Preliminary Analysis of Radiation and Illuminance in Future Climate Scenarios,NA,https://doi.org/10.46421/encacelacac.v18i1.7108,2025,NA,NA,article,en,https://openalex.org/W4413302723
OpenAlex,portuguese,ANÁLISE ESPACIAL DE INDICADORES SOCIOAMBIENTAIS E CLIMÁTICOS EM SÃO CARLOS (SP) A PARTIR DE DADOS ABERTOS E SUA RELAÇÃO COM O PLANEJAMENTO DE ESPAÇOS LIVRES SALUTARES,NA,https://doi.org/10.46421/euroelecs.v6.7737,2025,NA,NA,article,NA,https://openalex.org/W7117123404
OpenAlex,spanish,PLANIFICACIÓN CONSCIENTE AL CLIMA APLICABLE EN EL DESARROLLO URBANO,NA,https://doi.org/10.47230/unesum-ciencias.v4.n3.2020.257,2021,NA,NA,article,es,https://openalex.org/W3134401554
OpenAlex,english,"Diversity patterns, ecological niche models and biogeographic isolation in Neotropical inselbergs",NA,https://doi.org/10.47328/ufvbbt.2021.233,2021,NA,NA,dissertation,en,https://openalex.org/W4283654736
OpenAlex,english,Biodiversity and ecosystem functioning across Brazilian vegetation: from savannas to forests,NA,https://doi.org/10.47328/ufvbbt.2025.137,2025,NA,NA,dissertation,en,https://openalex.org/W4409738169
OpenAlex,english,Assessment of rehabilitation process in post-dam-collapse and post-mining sites: the role of technogenic soils and pedogenetic evidence,NA,https://doi.org/10.47328/ufvbbt.2025.496,2025,NA,NA,dissertation,en,https://openalex.org/W4413684254
OpenAlex,portuguese,Percepção de professores sobre a prática pedagógica nas Hortas Escolares em tempos de crise climática,NA,https://doi.org/10.47401/revisea.v12.21619,2025,NA,NA,article,pt,https://openalex.org/W4414583801
OpenAlex,english,Governance of green infrastructure. An analysis of urban forests in metropolitan areas in Mexico ,NA,https://doi.org/10.47472/4yz5qduz,2021,NA,NA,article,en,https://openalex.org/W4214894521
OpenAlex,english,Adapting to Climate Change: Heat Risks and Coping,NA,https://doi.org/10.47611/jsrhs.v14i1.8902,2025,NA,NA,article,en,https://openalex.org/W4413567568
OpenAlex,english,Impacts of climate change on labor productivity: a narrative review,NA,https://doi.org/10.47626/1679-4435-2025-1524,2025,NA,NA,review,en,https://openalex.org/W4416802760
OpenAlex,english,"Addressing Poverty Through Sustainable Development Goal 1: Progress, Challenges, and Opportunities",NA,https://doi.org/10.47772/ijriss.2025.90400125,2025,NA,NA,article,en,https://openalex.org/W4410041150
OpenAlex,english,Applying the 3-30-300 Guideline to Evaluate Green Equality in a Medium-Sized Brazilian City,NA,https://doi.org/10.48044/jauf.2025.031,2025,NA,NA,article,en,https://openalex.org/W4415009601
OpenAlex,english,Nutritional characterization of Larrea divaricata Cav during winter and its potential as cattle and goats feed,NA,https://doi.org/10.48162/rev.39.160,2025,NA,NA,article,en,https://openalex.org/W4411956175
OpenAlex,spanish,"La resiliencia climática y mitigación para afrontar los efectos del cambio climático en los estudiantes de 10º grado del Instituto Profesional y Técnico Leonila Pinzón de Grimaldo, en Penonomé, Panamá",NA,https://doi.org/10.48204/j.tecno.v27n1.a6640,2025,NA,NA,article,es,https://openalex.org/W4406050450
OpenAlex,spanish,"Diseño Arquitectónico Sostenible para Reducir el Impacto Ambiental en Edificaciones en Panamá, 2025",NA,https://doi.org/10.48204/reicit.v5n1.7683,2025,NA,NA,article,es,https://openalex.org/W4412565742
OpenAlex,english,"Modelling habitat suitability to support the conservation and reintroduction of Fitzroya cupressoides (Mol.) Johnst. in the north-western Patagonian Andes, Argentina",NA,https://doi.org/10.48547/202604-001,2025,NA,NA,article,en,https://openalex.org/W7156123095
OpenAlex,english,A New Paradigm toward Resilient Morphogenetic Open Processes,NA,https://doi.org/10.4995/heritage2025.2025.19343,2025,NA,NA,article,en,https://openalex.org/W4414442181
OpenAlex,english,"El rol de la exploración geofísica en acuíferos profundos en ambientes semiurbanos y rurales en cuencas de ante arco Andino, caso de estudio en acuífero del río Ñuble, Valle Central de Chile",NA,https://doi.org/10.5027/andgeov49n1-3370,2021,NA,NA,article,en,https://openalex.org/W3216652417
OpenAlex,english,Concrete Mirage,NA,https://doi.org/10.5040/9781978749108,2025,NA,NA,book,en,https://openalex.org/W4412576312
OpenAlex,english,Data from: Flow intermittence shapes fish metacommunity variability in a Neotropical ecoregion,NA,https://doi.org/10.5061/dryad.3tx95x6rj,2025,NA,NA,dataset,en,https://openalex.org/W7118894108
OpenAlex,english,Review Article: Analysis of sediment disaster risk assessment surveys in Brazil: A critical review and recommendations,NA,https://doi.org/10.5194/egusphere-2024-2255,2025,NA,NA,review,en,https://openalex.org/W4407103193
OpenAlex,english,Reply on RC1,NA,https://doi.org/10.5194/egusphere-2024-2255-ac1,2025,NA,NA,peer-review,en,https://openalex.org/W4409363275
OpenAlex,english,Reply on RC2,NA,https://doi.org/10.5194/egusphere-2024-2255-ac2,2025,NA,NA,peer-review,en,https://openalex.org/W4409962841
OpenAlex,english,Reply on RC4,NA,https://doi.org/10.5194/egusphere-2024-2255-ac4,2025,NA,NA,peer-review,en,https://openalex.org/W4410020516
OpenAlex,english,Reply on RC5,NA,https://doi.org/10.5194/egusphere-2024-2255-ac5,2025,NA,NA,peer-review,en,https://openalex.org/W4410221551
OpenAlex,english,Comment on egusphere-2024-2255,NA,https://doi.org/10.5194/egusphere-2024-2255-rc1,2025,NA,NA,peer-review,en,https://openalex.org/W4409199078
OpenAlex,english,Reply on AC1,NA,https://doi.org/10.5194/egusphere-2024-2255-rc2,2025,NA,NA,peer-review,en,https://openalex.org/W4409942541
OpenAlex,english,Reply on AC2,NA,https://doi.org/10.5194/egusphere-2024-2255-rc3,2025,NA,NA,peer-review,en,https://openalex.org/W4410016108
OpenAlex,english,Reply on AC2,NA,https://doi.org/10.5194/egusphere-2024-2255-rc4,2025,NA,NA,peer-review,en,https://openalex.org/W4410016107
OpenAlex,english,Comment on egusphere-2024-2255,NA,https://doi.org/10.5194/egusphere-2024-2255-rc5,2025,NA,NA,peer-review,en,https://openalex.org/W4410186334
OpenAlex,english,Reply on RC1,NA,https://doi.org/10.5194/egusphere-2024-2695-ac1,2025,NA,NA,peer-review,en,https://openalex.org/W4409023633
OpenAlex,english,Reply on RC2,NA,https://doi.org/10.5194/egusphere-2024-2695-ac2,2025,NA,NA,peer-review,en,https://openalex.org/W4409023786
OpenAlex,english,Reply on CC1,NA,https://doi.org/10.5194/egusphere-2024-2695-ac3,2025,NA,NA,peer-review,en,https://openalex.org/W4409059071
OpenAlex,english,Comment on egusphere-2024-2695,NA,https://doi.org/10.5194/egusphere-2024-2695-rc1,2025,NA,NA,peer-review,en,https://openalex.org/W4407193923
OpenAlex,english,Comment on egusphere-2024-2695,NA,https://doi.org/10.5194/egusphere-2024-2695-rc2,2025,NA,NA,peer-review,en,https://openalex.org/W4408111829
OpenAlex,english,"A Machine Learning Sustainable Development Goals Model for Water Resources Serious Gaming. Case Study: &amp;#160;Combeima River, Colombia.",NA,https://doi.org/10.5194/egusphere-egu21-13929,2021,NA,NA,article,en,https://openalex.org/W3176865114
OpenAlex,english,Estimating the snow-rain transition zone in a semi-arid Andean catchment,NA,https://doi.org/10.5194/egusphere-egu21-2477,2021,NA,NA,article,en,https://openalex.org/W3161056110
OpenAlex,english,Developing resilience to hydrologic extremes in irrigated agriculture through risk transfer mechanisms in the context of southeastern Brazil,NA,https://doi.org/10.5194/egusphere-egu21-6781,2021,NA,NA,article,en,https://openalex.org/W3177385744
OpenAlex,english,Innovative solutions for fire resilient territories in Europe. Preliminary results from FIRE-RES project,NA,https://doi.org/10.5194/egusphere-egu25-11257,2025,NA,NA,preprint,en,https://openalex.org/W4408434836
OpenAlex,english,Temporal Evolution and Intensification of Extreme Heatwaves in Brazil&amp;#8217;s capitals: Insights from the XHW Index (1950&amp;#8211;2024),NA,https://doi.org/10.5194/egusphere-egu25-12454,2025,NA,NA,preprint,en,https://openalex.org/W4408431454
OpenAlex,english,"Weather Generator Based on Generative AI for Interdisciplinary Probabilistic Downscaling Using Convection-Permitting Model Outputs and Potential Utility in Equitable, Community-focused Climate Scenario-ing",NA,https://doi.org/10.5194/egusphere-egu25-12640,2025,NA,NA,preprint,en,https://openalex.org/W4408427947
OpenAlex,english,Assessing the impacts of South Atlantic Convergence Zone (SACZ) and atmospheric blockings on rainfall variability in Brazilian biomes using Standard Precipitation Index (SPI),NA,https://doi.org/10.5194/egusphere-egu25-12692,2025,NA,NA,preprint,en,https://openalex.org/W4408431268
OpenAlex,english,Unravelling Multi-Hazard Events in a Coastal Catchment: Implications of Climate Change for Central Chile,NA,https://doi.org/10.5194/egusphere-egu25-13855,2025,NA,NA,preprint,en,https://openalex.org/W4408430828
OpenAlex,english,Advancing Students' Climate Literacy: A Case from the International Summer School of Remote Sensing in Ukraine,NA,https://doi.org/10.5194/egusphere-egu25-1586,2025,NA,NA,preprint,en,https://openalex.org/W4408446050
OpenAlex,english,Ancestral Human-Water Feedbacks Help on New Regional Models of Anthropogenic Effects and Interactions with Local Communities,NA,https://doi.org/10.5194/egusphere-egu25-15950,2025,NA,NA,preprint,en,https://openalex.org/W4408486876
OpenAlex,english,International Collaboration in Geohazard Education &amp;amp; Research: Experience from GEOMME and NATRISK Partnership Projects,NA,https://doi.org/10.5194/egusphere-egu25-17022,2025,NA,NA,preprint,en,https://openalex.org/W4408490190
OpenAlex,english,Developing a System Dynamics framework to model the complex feedback between climate extremes and health systems&amp;#160;,NA,https://doi.org/10.5194/egusphere-egu25-18064,2025,NA,NA,preprint,en,https://openalex.org/W4408486193
OpenAlex,english,Shifts in water supply and demand shape land cover change across Chile,NA,https://doi.org/10.5194/egusphere-egu25-20588,2025,NA,NA,preprint,en,https://openalex.org/W4408483802
OpenAlex,english,Evaluation of Water Policy Interventions in the Face of Climate Change: Insights from the Colorado River Basin,NA,https://doi.org/10.5194/egusphere-egu25-21077,2025,NA,NA,preprint,en,https://openalex.org/W4408483391
OpenAlex,english,Andean camelids as engineers of novel proglacial ecosystems,NA,https://doi.org/10.5194/egusphere-egu25-21905,2025,NA,NA,preprint,en,https://openalex.org/W4408483038
OpenAlex,english,Application Directions of Nature-based Solutions (NbS) for Improving Urban Water Circulation Issues: A Case Study of Seoul and Bogot&amp;#225;,NA,https://doi.org/10.5194/egusphere-egu25-2687,2025,NA,NA,preprint,en,https://openalex.org/W4408443407
OpenAlex,english,Forecasting CO2 transport in the Amazon: A WRF-GHG simulation under deforestation and climate change scenarios,NA,https://doi.org/10.5194/egusphere-egu25-4199,2025,NA,NA,preprint,en,https://openalex.org/W4408440238
OpenAlex,english,How long does vegetation take to reach peak cooling in S&amp;#227;o Paulo (Brazil)?,NA,https://doi.org/10.5194/egusphere-egu25-5333,2025,NA,NA,preprint,en,https://openalex.org/W4408439067
OpenAlex,english,Reassessing the 1987 Parraguirre Ice-Rock Avalanche in the Semi-Arid Andes of Chile,NA,https://doi.org/10.5194/egusphere-egu25-9159,2025,NA,NA,preprint,en,https://openalex.org/W4408475341
OpenAlex,english,Enhancing Adaptive Capacity of Andean Communities through the Implementation of Climate Services Value Chain.&amp;#160;,NA,https://doi.org/10.5194/ems2021-378,2021,NA,NA,preprint,en,https://openalex.org/W4254561663
OpenAlex,english,State of Wildfires 2024–2025,NA,https://doi.org/10.5194/essd-17-5377-2025,2025,NA,NA,article,en,https://openalex.org/W4415203241
OpenAlex,english,State of Wildfires 2024–25,NA,https://doi.org/10.5194/essd-2025-483,2025,NA,NA,preprint,en,https://openalex.org/W4413467299
OpenAlex,english,Comment on essd-2025-483,NA,https://doi.org/10.5194/essd-2025-483-ac1,2025,NA,NA,peer-review,en,https://openalex.org/W4414838720
OpenAlex,english,Comment on essd-2025-483,NA,https://doi.org/10.5194/essd-2025-483-rc1,2025,NA,NA,peer-review,en,https://openalex.org/W4413655648
OpenAlex,english,Comment on essd-2025-483,NA,https://doi.org/10.5194/essd-2025-483-rc2,2025,NA,NA,peer-review,en,https://openalex.org/W4414364913
OpenAlex,english,Comment on essd-2025-483,NA,https://doi.org/10.5194/essd-2025-483-rc3,2025,NA,NA,peer-review,en,https://openalex.org/W4414488119
OpenAlex,english,"Increasing water stress in Chile revealed by novel datasets of water availability, land use and water use",NA,https://doi.org/10.5194/hess-29-5185-2025,2025,NA,NA,article,en,https://openalex.org/W4415230444
OpenAlex,english,"Summer extreme events in Bahia Blanca, Argentina",NA,https://doi.org/10.5194/icuc12-394,2025,NA,NA,preprint,en,https://openalex.org/W4410558053
OpenAlex,english,Urbanizations pathways and climate impacts in two cities of Argentina: how to address enviromental impacts in city rapidly growing?,NA,https://doi.org/10.5194/icuc12-430,2025,NA,NA,preprint,en,https://openalex.org/W4410557865
OpenAlex,english,"Analysis of historical and projected extreme precipitation in Buenos Aires city, Argentina.",NA,https://doi.org/10.5194/icuc12-490,2025,NA,NA,preprint,en,https://openalex.org/W4410557925
OpenAlex,english,"Green infrastructure measures as a strategy to adaptation of flooding risks in the Iguaçu-Sarapuí river basin, Rio de Janeiro, Brazil",NA,https://doi.org/10.5194/icuc12-530,2025,NA,NA,preprint,en,https://openalex.org/W4410557655
OpenAlex,english,"Greening as strategies to reduce heat stress: Case of Portada de Manchay II, Peru",NA,https://doi.org/10.5194/icuc12-541,2025,NA,NA,preprint,en,https://openalex.org/W4410557653
OpenAlex,english,"Urban Morphology, Climate, and Automated Land Use Classification approach in Latin America and Caribbean",NA,https://doi.org/10.5194/icuc12-800,2025,NA,NA,preprint,en,https://openalex.org/W4410551988
OpenAlex,english,Community-driven natural hazard and physical vulnerability assessment in a disaster-prone urban neighborhood,NA,https://doi.org/10.5194/nhess-2024-221,2025,NA,NA,preprint,en,https://openalex.org/W4406679367
OpenAlex,english,Reply on RC1,NA,https://doi.org/10.5194/nhess-2024-221-ac1,2025,NA,NA,peer-review,en,https://openalex.org/W4413596317
OpenAlex,english,Reply on RC2,NA,https://doi.org/10.5194/nhess-2024-221-ac2,2025,NA,NA,peer-review,en,https://openalex.org/W4413596337
OpenAlex,english,Comment on nhess-2024-221,NA,https://doi.org/10.5194/nhess-2024-221-rc1,2025,NA,NA,peer-review,en,https://openalex.org/W4412061005
OpenAlex,english,The impact of drought on soil moisture trends across Brazilian biomes,NA,https://doi.org/10.5194/nhess-21-879-2021,2021,NA,NA,article,en,https://openalex.org/W3035201407
OpenAlex,english,Review article: Analysis of sediment disaster risk assessment surveys in Brazil: a critical review and recommendations,NA,https://doi.org/10.5194/nhess-25-4153-2025,2025,NA,NA,article,en,https://openalex.org/W4415497711
OpenAlex,english,Community-driven natural hazard and physical vulnerability assessment in a disaster-prone urban neighborhood,NA,https://doi.org/10.5194/nhess-25-4451-2025,2025,NA,NA,article,en,https://openalex.org/W4416131138
OpenAlex,english,Río de la Plata Coastal Observatory Station Supporting long-term satellite ocean colour validation and water quality monitoring,NA,https://doi.org/10.5194/oos2025-1362,2025,NA,NA,preprint,en,https://openalex.org/W4408823361
OpenAlex,english,"Integrating Blue Carbon in Brazil’s Climate Strategy: Policy, Governance, and Financing Challenges within the Ocean-Climate Nexus",NA,https://doi.org/10.5194/oos2025-1419,2025,NA,NA,preprint,en,https://openalex.org/W4408817428
OpenAlex,english,Large-scale biodiversity monitoring on rocky shores in Brazil: Informing coastal management for climate-resilient strategies,NA,https://doi.org/10.5194/oos2025-1420,2025,NA,NA,preprint,en,https://openalex.org/W4408817413
OpenAlex,english,Nature-based Solutions in coastal and island cities of Colombia,NA,https://doi.org/10.5194/oos2025-1529,2025,NA,NA,preprint,en,https://openalex.org/W4408823136
OpenAlex,english,"The alliance between indigenous knowledge, science and law: towards more sustainable environmental management",NA,https://doi.org/10.5194/oos2025-157,2025,NA,NA,preprint,en,https://openalex.org/W4408815553
OpenAlex,english,Fostering Climate-Resilient Biodiversity and Fisheries in Eastern Tropical Pacific Marine Protected Areas,NA,https://doi.org/10.5194/oos2025-545,2025,NA,NA,preprint,en,https://openalex.org/W4408816309
OpenAlex,english,Modeling links between climate-driven three-dimensional habitat compression and fishing effort in the Eastern Tropical Pacific ,NA,https://doi.org/10.5194/oos2025-742,2025,NA,NA,preprint,en,https://openalex.org/W4408816248
OpenAlex,english,Megalodon,NA,https://doi.org/10.5204/mcj.2793,2021,NA,NA,article,en,https://openalex.org/W3202067776
OpenAlex,english,RECENT OCCURRENCES OF THE GREAT ANTSHRIKE TARABA MAJOR (AVES: THAMNOPHILIDAE) IN NATURAL ENVIRONMENTS OF THE LARGEST URBAN AREA IN SOUTH AMERICA,NA,https://doi.org/10.5216/rbn.v22i1.78534,2025,NA,NA,article,en,https://openalex.org/W4411162880
OpenAlex,spanish,"Fiebre amarilla en América del Sur: casos y vectores, 2025",NA,https://doi.org/10.52226/revista.v33i118.396,2025,NA,NA,article,es,https://openalex.org/W4412839075
OpenAlex,english,Servicios ecosistémicos urbanos y cambio climático en Mar del Plata : estrategias para la gestión ambiental,NA,https://doi.org/10.52278/4805,2025,NA,NA,book,NA,https://openalex.org/W7161735046
OpenAlex,english,TAŞKIN RİSKİNE KARŞI DOĞA TABANLI ÇÖZÜMLER,NA,https://doi.org/10.52520/masjaps.94,2021,NA,NA,article,tr,https://openalex.org/W3184411845
OpenAlex,english,"Effects of low salinity on the morphology and survival of the seaweed Kappaphycus alvarezii (Rhodophyta) cultivated in Ubatuba Bay, southeastern Brazil",NA,https://doi.org/10.5281/zenodo.16783758,2025,NA,NA,article,NA,https://openalex.org/W7134135071
OpenAlex,english,"Effects of low salinity on the morphology and survival of the seaweed Kappaphycus alvarezii (Rhodophyta) cultivated in Ubatuba Bay, southeastern Brazil",NA,https://doi.org/10.5281/zenodo.16783759,2025,NA,NA,article,NA,https://openalex.org/W7134135279
OpenAlex,english,Tropical plant genome sequencing is already underway in Brazil,NA,https://doi.org/10.5281/zenodo.17536759,2025,NA,NA,article,en,https://openalex.org/W7104014833
OpenAlex,english,Tropical plant genome sequencing is already underway in Brazil,NA,https://doi.org/10.5281/zenodo.17536760,2025,NA,NA,article,en,https://openalex.org/W7104052540
OpenAlex,english,Knowledge of the Milpa Cultivation System: A Sustainability Strategy Based on Traditional Agriculture,NA,https://doi.org/10.5281/zenodo.17715360,2025,NA,NA,article,en,https://openalex.org/W7106649563
OpenAlex,english,Knowledge of the Milpa Cultivation System: A Sustainability Strategy Based on Traditional Agriculture,NA,https://doi.org/10.5281/zenodo.17715361,2025,NA,NA,article,en,https://openalex.org/W7106705829
OpenAlex,english,Efecto de Micorrizas Arbusculares y Sustratos Orgánicos en el Desarrollo de Especies Forestales Nativas en Vivero.,NA,https://doi.org/10.5281/zenodo.17834237,2025,NA,NA,article,es,https://openalex.org/W7109196783
OpenAlex,english,Efecto de Micorrizas Arbusculares y Sustratos Orgánicos en el Desarrollo de Especies Forestales Nativas en Vivero.,NA,https://doi.org/10.5281/zenodo.17834238,2025,NA,NA,article,es,https://openalex.org/W7109107791
OpenAlex,english,Planned Relocation Simulation,NA,https://doi.org/10.5281/zenodo.17869456,2025,NA,NA,article,en,https://openalex.org/W7111424929
OpenAlex,english,Planned Relocation Simulation,NA,https://doi.org/10.5281/zenodo.17869457,2025,NA,NA,article,en,https://openalex.org/W7111087845
OpenAlex,spanish,Soluciones Basadas en la Naturaleza: infraestructura que incrementa la sustentabilidad urbana,NA,https://doi.org/10.5281/zenodo.18079464,2025,NA,NA,article,es,https://openalex.org/W7117579448
OpenAlex,spanish,Soluciones Basadas en la Naturaleza: infraestructura que incrementa la sustentabilidad urbana,NA,https://doi.org/10.5281/zenodo.18079465,2025,NA,NA,article,es,https://openalex.org/W7117563944
OpenAlex,english,Fenología y cambio climático: respuestas de los ecosistemas locales y el rol de la ciencia ciudadana,NA,https://doi.org/10.5281/zenodo.19041143,2025,NA,NA,article,es,https://openalex.org/W7143384631
OpenAlex,english,Fenología y cambio climático: respuestas de los ecosistemas locales y el rol de la ciencia ciudadana,NA,https://doi.org/10.5281/zenodo.19041144,2025,NA,NA,article,es,https://openalex.org/W7143327659
OpenAlex,english,Psychoda makati Del Rosario 1936,NA,https://doi.org/10.5281/zenodo.20181041,2025,NA,NA,article,NA,https://openalex.org/W7161157564
OpenAlex,english,Psychoda makati Del Rosario 1936,NA,https://doi.org/10.5281/zenodo.20181042,2025,NA,NA,article,NA,https://openalex.org/W7161173145
OpenAlex,english,"Securing borders, securitizing climate change: the emergence of a climate security discourse in U.S. engagement with Central America",NA,https://doi.org/10.5287/ora-8npqdvgeg,2025,NA,NA,dissertation,en,https://openalex.org/W7156710801
OpenAlex,english,"Pasando del qué hacer al con quién hacerlo: el caso de la apropiación social del conocimiento y tecnologías en el Alto Putumayo, Colombia",NA,https://doi.org/10.53010/nys12.02,2025,NA,NA,article,en,https://openalex.org/W4410631853
OpenAlex,english,"Metodologia para construção da Paleta Vegetal do Projeto Paisagístico do Parque Capibaribe, Recife, Pernambuco, Brasil. Primeira etapa.",NA,https://doi.org/10.53010/nys13.04,2025,NA,NA,article,en,https://openalex.org/W4413395772
OpenAlex,english,Disaster waste: Characterization and quantification applied to an intense rain event,NA,https://doi.org/10.5327/z217694781007,2021,NA,NA,article,en,https://openalex.org/W3197879913
OpenAlex,english,Building Resilient Food Systems through Agroecology: Strategies and Impacts,NA,https://doi.org/10.53550/eec.2025.v31i02.061,2025,NA,NA,article,en,https://openalex.org/W4411476961
OpenAlex,spanish,"Prácticas agroecológicas y bioculturales en la producción de camote (Ipomoea batatas) en la agricultura familiar campesina en Carchi, Ecuador",NA,https://doi.org/10.53766/agroalim/2025.31.61.06,2025,NA,NA,article,NA,https://openalex.org/W7162803321
OpenAlex,spanish,Producción de café en Nicaragua: un análisis desde la sanidad vegetal,NA,https://doi.org/10.5377/calera.v25i45.21428,2025,NA,NA,article,es,https://openalex.org/W4416150050
OpenAlex,spanish,"Impacto del Cambio Climático en la Productividad Agropecuaria en Nicaragua, un analisis de tendencias 1990-2023",NA,https://doi.org/10.5377/recientec.v8i3.21873,2025,NA,NA,article,NA,https://openalex.org/W7115591401
OpenAlex,spanish,CAMBIO CLIMÁTICO Y LA GESTIÓN INTEGRAL DEL RIESGO DE DESASTRES: UN ENFOQUE HISTÓRICO-CONTINENTAL Y SU TRASCENDENCIA EN HONDURAS,NA,https://doi.org/10.5377/umh-s.v6i1.21649,2025,NA,NA,article,NA,https://openalex.org/W4417442329
OpenAlex,english,Modeling regional supply responses using farm-level economic data and a biophysical model: a case study on Brazilian land-use change,NA,https://doi.org/10.53846/goediss-8906,2021,NA,NA,dissertation,en,https://openalex.org/W4212782878
OpenAlex,spanish,"Diseños de ganaderías sostenibles con eficiencia productiva, económica y trabajo colaborativo en el suroccidente de Colombia",NA,https://doi.org/10.53897/revaia.25.29.52,2025,NA,NA,article,es,https://openalex.org/W4417440015
OpenAlex,english,The Relationship Between Climate and Local Economic Investment,NA,https://doi.org/10.54097/92cehy72,2025,NA,NA,article,NA,https://openalex.org/W7117832964
OpenAlex,english,Development of community sustainability assessment methods in medium-sized cities in Chile,NA,https://doi.org/10.54517/ec.v2i1.1839,2021,NA,NA,article,en,https://openalex.org/W4399981394
OpenAlex,spanish,El árbol Ramón (Brosimum alicastrum Swartz): Un aliado en la soberanía alimentaria y la adaptación al cambio climático en México,NA,https://doi.org/10.54767/ad.v5i1.444,2025,NA,NA,article,NA,https://openalex.org/W4415401320
OpenAlex,english,Policy Solutions for Poverty Reduction in Climate-Impacted Areas,NA,https://doi.org/10.55041/isjem03928,2025,NA,NA,article,en,https://openalex.org/W4410977004
OpenAlex,english,Assessing the Economic Impact of Traditional Agroforestry Practices on Agricultural Sustainability and Climate Resilience in Rural Mexico,NA,https://doi.org/10.55366/suse.v3i1.9,2025,NA,NA,article,NA,https://openalex.org/W4415742168
OpenAlex,portuguese,AS IMPLICAÇÕES GEOPOLÍTICAS DAS MUDANÇAS CLIMÁTICAS,NA,https://doi.org/10.55388/paic.v26i.643,2025,NA,NA,article,NA,https://openalex.org/W7147344877
OpenAlex,english,"Sandec News, 26",NA,https://doi.org/10.55408/eawag:35587,2025,NA,NA,book,en,https://openalex.org/W4415265670
OpenAlex,portuguese,Eficiência Energética em Smart Cities,NA,https://doi.org/10.55905/cuadv17n8-057,2025,NA,NA,article,NA,https://openalex.org/W7128215059
OpenAlex,english,"Climate change adaptation in Brazil: a scientometric analysis of key themes, gaps, and research trends",NA,https://doi.org/10.55905/revconv.18n.7-018,2025,NA,NA,article,en,https://openalex.org/W4411984332
OpenAlex,english,"Technical assessment of a solar tree installation: productivity, losses, and conversion efficiency",NA,https://doi.org/10.55905/revconv.18n.9-260,2025,NA,NA,article,en,https://openalex.org/W4414431373
OpenAlex,english,A EMERGÊNCIA CLIMÁTICA SOB AS PERSPECTIVAS EPISTEMOLÓGICA E POLÍTICA: ANÁLISE MEDIANTE TRAGÉDIA NO RIO GRANDE DO SUL,NA,https://doi.org/10.56238/arev7n7-074,2025,NA,NA,article,en,https://openalex.org/W4412054671
OpenAlex,portuguese,"O DIREITO INTERNACIONAL EM TEMPOS DE CRISE: RECONFIGURAÇÕES, VULNERABILIDADES E A IMPERATIVIDADE DA DIGNIDADE HUMANA",NA,https://doi.org/10.56238/levv16n54-124,2025,NA,NA,article,NA,https://openalex.org/W7106569395
OpenAlex,english,MASIFICACIÓN DE SISTEMAS SILVOPASTORILES: UN LARGO Y SINUOSO CAMINO,NA,https://doi.org/10.56369/tsaes.3524,2021,NA,NA,article,en,https://openalex.org/W4293428424
OpenAlex,english,Assessment of the Global Climatic Impacts due to El Nino and La Nina Events,NA,https://doi.org/10.56557/jogee/2025/v21i39333,2025,NA,NA,article,en,https://openalex.org/W4410377920
OpenAlex,spanish,Dinámica ecológica de restauración de manglares en ecosistemas eutrofizados del Golfo de Guayaquil: Caso exitoso 15 años de participación comunitaria,NA,https://doi.org/10.56712/latam.v6i1.3492,2025,NA,NA,article,es,https://openalex.org/W4407775682
OpenAlex,spanish,"La Adaptación al cambio climático desde la gobernanza local: experiencias comunitariasen Santa Ana de Yusguare y El Corpus, Choluteca, Honduras",NA,https://doi.org/10.57201/interfaz.2025.4.2.5892,2025,NA,NA,article,NA,https://openalex.org/W7118454038
OpenAlex,spanish,Refugio resiliente : caso aplicado al Campamento Manuel Bustos,NA,https://doi.org/10.58011/mfhg-j523,2025,NA,NA,dissertation,es,https://openalex.org/W7117150953
OpenAlex,english,Integración de la relación salud humana y cambio climático en el marco de la resiliencia urbana: propuesta metodológica de evaluación y operacionalización en un contexto latinoamericano,NA,https://doi.org/10.5821/dissertation-2117-426506,2025,NA,NA,dissertation,en,https://openalex.org/W4408496660
OpenAlex,english,Decision support system for coastal area management in response to flooding and coastal erosion: a case study of Tumaco-Nariño,NA,https://doi.org/10.5821/dissertation-2117-447260,2025,NA,NA,dissertation,es,https://openalex.org/W4416775444
OpenAlex,english,Adaptation strategies for people: mitigating climate-change-related risks in low-income and informal urban communities through co-production,NA,https://doi.org/10.5871/jba/009s9.007,2021,NA,NA,article,en,https://openalex.org/W3209165233
OpenAlex,english,A bioeconomia da Amazônia como proposta de um novo desenvolvimentismo regional,NA,https://doi.org/10.5935/1808-2785/rem.v22n2p.178-205,2025,NA,NA,article,NA,https://openalex.org/W4417231419
OpenAlex,spanish,"Forest structure carbon estimation in forest under restoration with the species Scalesia pedunculata on Santa Cruz Island, Galápagos, Ecuador",NA,https://doi.org/10.59410/preprint-uea-vfor2424-ep01-284,2025,NA,NA,preprint,en,https://openalex.org/W4408047541
OpenAlex,spanish,"Forest structure carbon estimation in forest under restoration with the species Scalesia pedunculata on Santa Cruz Island, Galápagos, Ecuador",NA,https://doi.org/10.59410/preprint-uea-vfor2424ep01-284,2025,NA,NA,preprint,en,https://openalex.org/W4408938911
OpenAlex,english,"DRIFteRS: A dataset of drift invertebrate densities in streams and rivers across western North America, 1997–2024",NA,https://doi.org/10.6073/pasta/e12933dfb8819bbe456090e9ded2ac98,2025,NA,NA,dataset,en,https://openalex.org/W7104278522
OpenAlex,english,CSSI Elements: <i>Science-</i><i>i</i> Cyberinfrastructure for Forest Ecosystem Research 2025,NA,https://doi.org/10.6084/m9.figshare.29619344,2025,NA,NA,other,NA,https://openalex.org/W7161239543
OpenAlex,english,CSSI Elements: <i>Science-</i><i>i</i> Cyberinfrastructure for Forest Ecosystem Research 2025,NA,https://doi.org/10.6084/m9.figshare.29619344.v1,2025,NA,NA,other,NA,https://openalex.org/W7111245567
OpenAlex,english,"<b>Transforming landscapes: Effects of residential tourism on the urban and natural sustainability of the La Sabana river area, Acapulco, Mexico</b>",NA,https://doi.org/10.6084/m9.figshare.30734933,2025,NA,NA,article,NA,https://openalex.org/W7107880196
OpenAlex,english,"<b>Transforming landscapes: Effects of residential tourism on the urban and natural sustainability of the La Sabana river area, Acapulco, Mexico</b>",NA,https://doi.org/10.6084/m9.figshare.30734933.v1,2025,NA,NA,article,NA,https://openalex.org/W7107867833
OpenAlex,english,<b>Resiliencia en Acapulco: Lecciones y transformación tras el huracán Otis en la sociedad y gobierno mexicano</b>,NA,https://doi.org/10.6084/m9.figshare.30735026,2025,NA,NA,article,NA,https://openalex.org/W7107867709
OpenAlex,english,<b>Resiliencia en Acapulco: Lecciones y transformación tras el huracán Otis en la sociedad y gobierno mexicano</b>,NA,https://doi.org/10.6084/m9.figshare.30735026.v1,2025,NA,NA,article,NA,https://openalex.org/W7107876961
OpenAlex,english,"Integrated assessment of physical vulnerability in estuarine coastal plains: the Itajaí-Açu river case study, Brazil",NA,https://doi.org/10.6084/m9.figshare.c.8184263,2025,NA,NA,other,NA,https://openalex.org/W7108665151
OpenAlex,english,"Integrated assessment of physical vulnerability in estuarine coastal plains: the Itajaí-Açu river case study, Brazil",NA,https://doi.org/10.6084/m9.figshare.c.8184263.v1,2025,NA,NA,other,NA,https://openalex.org/W7108744205
OpenAlex,english,CHALLENGES AND PERSPECTIVES RELATED TO CLIMATE CHANGE AND FOOD SECURITY IN BRAZIL,NA,https://doi.org/10.61164/rmnm.v1i1.3433,2025,NA,NA,article,en,https://openalex.org/W4406444840
OpenAlex,spanish,Tendencias emergentes en la investigación agroecológica: Integración de saberes locales y tecnologías para la resiliencia y soberanía alimentaria frente al cambio climático en comunidades rurales,NA,https://doi.org/10.61368/r.s.d.h.v6i2.678,2025,NA,NA,article,es,https://openalex.org/W4412439640
OpenAlex,spanish,Estrategias Integradas para la Prevención y Control del Dengue en América Latina,NA,https://doi.org/10.61616/rvdc.v6i2.854,2025,NA,NA,article,es,https://openalex.org/W4414225409
OpenAlex,english,VULNERABILIDADE A SECAS E DETERMINANTES DA DIVERSIFICAÇÃO DE CULTURAS TEMPORÁRIAS NO NORDESTE DO BRASIL: UMA ANÁLISE DE REGRESSÃO QUANTÍLICA,NA,https://doi.org/10.61673/ren.2025.1695,2025,NA,NA,article,en,https://openalex.org/W4412807602
OpenAlex,english,Potential of Local Functional Foods for Food Security in Indonesia: A Narrative Review,NA,https://doi.org/10.61978/foodsecure.v1i1.625,2025,NA,NA,article,NA,https://openalex.org/W7113897795
OpenAlex,english,Rational Voisin Grazing: A Sustainable Alternative for Agribusiness in Food Production,NA,https://doi.org/10.62321/issn.1000-1298.2025.4.2,2025,NA,NA,article,en,https://openalex.org/W4410177068
OpenAlex,spanish,Editorial,NA,https://doi.org/10.62451/rep.v3i1.69,2025,NA,NA,editorial,es,https://openalex.org/W4408419865
OpenAlex,spanish,"Resiliencia urbana y adaptación al cambio climático: aprendizajes del proyecto nodos de resiliencia en Mérida, México",NA,https://doi.org/10.62602/rigirr3.1.3.1125,2025,NA,NA,article,NA,https://openalex.org/W4416705258
OpenAlex,english,Social Transformation and Managerial Strategies in Fire Management: A Comparative Study in Disaster Prone Areas,NA,https://doi.org/10.62872/gkatx768,2025,NA,NA,article,en,https://openalex.org/W4410529076
OpenAlex,english,A Synergistic Imperative: An Integrated Policy and Education Framework for Navigating the Climate Nexus,NA,https://doi.org/10.63544/ijss.v4i2.135,2025,NA,NA,article,en,https://openalex.org/W4412057676
OpenAlex,portuguese,"Vidas, escola e comunidade",NA,https://doi.org/10.63595/remea.v42i2.19419,2025,NA,NA,article,pt,https://openalex.org/W4413324259
OpenAlex,english,Flames Of Destruction- Understanding The Amazon’s Ecological Emergency And Global Crisis,NA,https://doi.org/10.64706/g3c3tk77,2025,NA,NA,article,en,https://openalex.org/W4413813911
OpenAlex,spanish,Riesgos para la salud por cambio climático en la costa de Ecuador: Exposición al calor y deterioro ambiental,NA,https://doi.org/10.65835/aph.2025.1.4,2025,NA,NA,article,NA,https://openalex.org/W7135417941
OpenAlex,english,Proposal for indicators and resilience index for Brazilian municipalities using MUNIC/IBGE data,NA,https://doi.org/10.69469/derb.v46.890,2025,NA,NA,article,pt,https://openalex.org/W7113901143
OpenAlex,spanish,Análisis del impacto de infraestructura verde: modelos hidrológicos y soluciones arquitectónicas sostenibles.,NA,https://doi.org/10.70577/reg.v4i2.124,2025,NA,NA,article,es,https://openalex.org/W4410585871
OpenAlex,spanish,&lt;b&gt;Optimización resiliente de la logística urbana de última milla bajo riesgos climáticos y seguridad ocupacional mediante programación por metas y simulación Monte Carlo: Evidencia en la ciudad de Panamá&lt;/b&gt;,NA,https://doi.org/10.70625/rmis/634,2025,NA,NA,article,NA,https://openalex.org/W7154892746
OpenAlex,english,BEYOND EARTHQUAKE RISK: NATIONAL ATLAS AND MULTIHAZARD RISK ASSESSMENT UNDER A CHANGING CLIMATE,NA,https://doi.org/10.71846/18-wcee-0374,2025,NA,NA,article,en,https://openalex.org/W7115705095
OpenAlex,english,DEEP-LEARNED GENERATIVE REPRESENTATIONS OF 3D SHAPE FAMILIES,NA,https://doi.org/10.7275/10677221.0,2021,NA,NA,article,en,https://openalex.org/W2766667334
OpenAlex,english,Decision letter: Combination of inflammatory and vascular markers in the febrile phase of dengue is associated with more severe outcomes,NA,https://doi.org/10.7554/elife.67460.sa1,2021,NA,NA,peer-review,en,https://openalex.org/W4210606508
OpenAlex,english,Author response: Combination of inflammatory and vascular markers in the febrile phase of dengue is associated with more severe outcomes,NA,https://doi.org/10.7554/elife.67460.sa2,2021,NA,NA,peer-review,en,https://openalex.org/W3191033133
OpenAlex,english,"Divergent morphological responses to millennia of climate change in two species of bats from Hall’s Cave, Texas, USA",NA,https://doi.org/10.7717/peerj.10856,2021,NA,NA,article,en,https://openalex.org/W3136039589
OpenAlex,english,Large-scale differences in diversity and functional adaptations of prokaryotic communities from conserved and anthropogenically impacted mangrove sediments in a tropical estuary,NA,https://doi.org/10.7717/peerj.12229,2021,NA,NA,article,en,https://openalex.org/W3201307993
OpenAlex,spanish,Adaptación y fluidez: espacios intermedios como articuladores en clima mediterráneo,NA,https://doi.org/10.7764/tesisuc/arq/105060,2025,NA,NA,dissertation,es,https://openalex.org/W4413892117
OpenAlex,spanish,Tasas y factores impulsores socioecológicos de la pérdida de cobertura forestal de manglares en Honduras: una revisión sistemática,NA,https://doi.org/10.7773/cm.y2025.3534,2025,NA,NA,article,es,https://openalex.org/W4414403160
OpenAlex,english,"Essays in Health, Development and the Environment",NA,https://doi.org/10.7916/d8-r796-0j61,2021,NA,NA,article,en,https://openalex.org/W3177988159
OpenAlex,english,"Climate change adaptation of urban dwellers: A case study in Lima, Peru",NA,https://doi.org/10.82308/34073,2021,NA,NA,dissertation,en,https://openalex.org/W7162000130
OpenAlex,english,"Climate Change and Trends in Autlán de Navarro, Jalisco México (1961-2023)",NA,https://doi.org/10.9734/ijecc/2025/v15i125189,2025,NA,NA,article,en,https://openalex.org/W7117105520
OpenAlex,english,Beyond Timber: The Socio-Economic and Environmental Roles of Non-Wood Forest Products in Brazil and Japan,NA,https://doi.org/10.9734/jaeri/2025/v26i3675,2025,NA,NA,article,en,https://openalex.org/W4410413483
OpenAlex,english,Climate Change and Urban Climate: Relations between thermal zones and the socioeconomic conditions of the population of Santiago de Chile,NA,NA,2021,NA,NA,article,en,https://openalex.org/W3186620346
OpenAlex,english,Integration of urban areas in Peruvian national level climate change adaptation policy case study of Lima,NA,NA,2021,NA,NA,dissertation,en,https://openalex.org/W7113971347
OpenAlex,english,Co-producing knowledge and politics for climate change adaptation. The case of Colombia’s Capital Region,NA,NA,2021,NA,NA,dissertation,en,https://openalex.org/W3157608974
OpenAlex,english,Designing in Times of Crisis,NA,NA,2025,NA,NA,other,en,https://openalex.org/W7137734134
OpenAlex,english,"Analyse en modellering van stedelijke ontwikkelingen en sociaaleconomische segregatie: een gevalstudie van Groot-Paramaribo, Suriname",NA,NA,2025,NA,NA,article,en,https://openalex.org/W7112008446
OpenAlex,english,"What Makes a City Vulnerable? : A Qualitative Analysis on Climate Adaptation in Urban Governance in São Paulo, Brazil",NA,NA,2025,NA,NA,article,en,https://openalex.org/W7153412225
OpenAlex,english,Law for nature-based solutions: designing eco-legal systems for ecosystem-based adaptation in the Brazilian coastal zone,NA,NA,2025,NA,NA,dissertation,NA,https://openalex.org/W7112923125
OpenAlex,english,SUSTAINABLE INTEGRATION OF URBAN FOG COLLECTORS IN DRYLAND BUILT ENVIRONMENTS THROUGH A MULTI-SCALE BIOMIMETIC APPROACH,NA,NA,2025,NA,NA,other,en,https://openalex.org/W7116592271
OpenAlex,english,Effects of increased temperature on atmospheric pollutant levels and human health in small and medium-sized cities in southern Brazil,NA,NA,2025,NA,NA,other,en,https://openalex.org/W7111516840
OpenAlex,english,Impact of climate change on endemic vegetable species in campos do Rio da Prata,NA,NA,2021,NA,NA,dissertation,pt,https://openalex.org/W7120414844
OpenAlex,english,"Forecasting biodiversity under pressure: species distribution modeling of pests, ecosystem engineers, and bioindicators in the Anthropocene",NA,NA,2025,NA,NA,other,en,https://openalex.org/W7116214235
OpenAlex,english,City in the River: Regeneration of the Santa Catarina River as an Intermittent Urban River,NA,NA,2025,NA,NA,dissertation,NA,https://openalex.org/W7112432433
OpenAlex,english,"Biodiversity impact assessment of Lappeenranta-Lahti University of Technology, Finland",NA,NA,2025,NA,NA,other,en,https://openalex.org/W7115971762
OpenAlex,english,Biodiversité et écologie fonctionnelle des macro-invertébrés aquatiques des hauts plateaux andins,NA,NA,2025,NA,NA,dissertation,en,https://openalex.org/W7134222529
OpenAlex,english,Climate change communication in Colombia,NA,NA,2025,NA,NA,article,NA,https://openalex.org/W7112384734
OpenAlex,english,Geothermal energy in agrifood systems,NA,NA,2025,NA,NA,report,en,https://openalex.org/W7135884709
OpenAlex,english,Methodology and application of an integrated modelling framework for river flood risk assessment under climate change and socio-economic development,NA,NA,2025,NA,NA,other,en,https://openalex.org/W7112802788
OpenAlex,english,Decision-support instrument for local strategies in social housing programs based on circular economy principles,NA,NA,2025,NA,NA,dissertation,pt,https://openalex.org/W7120769147
OpenAlex,english,From Deforestation to Regeneration: Modeling the Potential of Chakra Agroforestry to Restore Edaphic Invertebrates and Soil Health in the Ecuadorian Amazon,NA,NA,2025,NA,NA,article,NA,https://openalex.org/W7161355889
OpenAlex,english,Indigenous Peoples' Food Systems Adaptation to Climate Change in the Peruvian Amazon,NA,NA,2025,NA,NA,other,NA,https://openalex.org/W7124230333
OpenAlex,english,Water footprint and water-use efficiency: a comparative study of sugarcane cultivation in different municipalities in the northwestern region of São Paulo,NA,NA,2025,NA,NA,dissertation,pt,https://openalex.org/W7120492415
OpenAlex,english,Carbon Footprint and Handprint Assessment for Net Positive Infrastructure Projects in Honduras,NA,NA,2021,NA,NA,article,en,https://openalex.org/W7111473700
OpenAlex,english,Network-based assessment of multi-scale resilience in the water-energy-land-food nexus: a case study in the Colombian Caribbean,NA,NA,2025,NA,NA,other,en,https://openalex.org/W7110651569
OpenAlex,english,"Enhancing Water Supply Resilience & Sustainability: Potential Solutions to Address Water Scarcity in Bogotá, Colombia",NA,NA,2025,NA,NA,article,NA,https://openalex.org/W7111649605
OpenAlex,english,Problemas del cambio climático a las construcciones tradicionales del pueblo Weenhayek en la región del Gran Chaco boliviano,NA,NA,2021,NA,NA,article,es,https://openalex.org/W3210068825
OpenAlex,english,References,NA,NA,2021,NA,NA,other,NA,https://openalex.org/W7112442655
OpenAlex,english,Evaluation of Impacts and Sustainability Indicators of Construction in Prefabricated Concrete Houses in Ecuador,NA,NA,2025,NA,NA,article,en,https://openalex.org/W7153681050
OpenAlex,english,"Modellierung der Habitat-Eignung zur Unterstützung des Schutzes und der Wiederansiedlung von Fitzroya cupressoides (Mol.) Johnst. in den nordwestlichen patagonischen Anden, Argentinien",NA,NA,2025,NA,NA,other,en,https://openalex.org/W7158424362
OpenAlex,english,Discursos Neoliberales que determinan las políticas ambientales y la adaptación al Cambio Climático en Chile: Análisis de discurso aplicado al Plan de Acción Nacional al Cambio Climático 2014,NA,NA,2021,NA,NA,article,es,https://openalex.org/W3212754621
OpenAlex,english,Entomopathogenic fungus - arthropod host interactions along environmental gradients,NA,NA,2025,NA,NA,dissertation,en,https://openalex.org/W7128983574
OpenAlex,english,Reutilização de água: contribuição para um modelo de apoio à decisão,NA,NA,2025,NA,NA,dissertation,pt,https://openalex.org/W7120546377
OpenAlex,english,Governance van klimaatmitigatie: op incentives gebaseerde bosprogramma's gericht op inheemse volkeren in het Peruaanse Amazonegebied,NA,NA,2025,NA,NA,article,en,https://openalex.org/W7112549327
OpenAlex,english,FIELD ENVIRONMENTAL PHILOSOPHY: EDUCATION AND RESEARCH FOR THE ECOLOGICAL AND ETHICAL APPRECIATION OF FRESHWATER INSECTS,NA,NA,2021,NA,NA,article,en,https://openalex.org/W3152659040
OpenAlex,english,A sentinel for monitoring climate change and its impact on biodiversity at the southern summit of the Americas: the new Cape Horn Long-Term Socio-Ecological Research Network,NA,NA,2021,NA,NA,article,en,https://openalex.org/W3194658947
OpenAlex,english,"Northward Expansion of Mangroves: Drivers, Ecological Impacts, and Proposed Research",NA,NA,2025,NA,NA,article,en,https://openalex.org/W7113027035
OpenAlex,english,"Fenología de 100 principales especies vegetales de importancia forestal en relación con las condiciones climáticas a partir de información registrada en el Herbarium Amazonense, Loreto – Perú",NA,NA,2025,NA,NA,dissertation,es,https://openalex.org/W7155277830
OpenAlex,english,"The where, who and what of sustainable cacao for livelihood, life and land",NA,NA,2021,NA,NA,article,en,https://openalex.org/W3159864122
OpenAlex,english,Developing a Framework for Evaluating Sources of Predictability for Extreme Events on Subseasonal Timescales in Southeast Asia & South America,NA,NA,2025,NA,NA,other,en,https://openalex.org/W7137741220
OpenAlex,english,Climate Change and Inequality in the U.S.: Sociological Analyses of Big Data,NA,NA,2021,NA,NA,dissertation,en,https://openalex.org/W3208220106
OpenAlex,english,"Prácticas agroecológicas y bioculturales en la producción de camote (Ipomoea batatas) en la agricultura familiar campesina en Carchi, Ecuador",NA,NA,2025,NA,NA,article,es,https://openalex.org/W7111911264
OpenAlex,english,Discussion,NA,NA,2025,NA,NA,other,NA,https://openalex.org/W7112320299
OpenAlex,english,"Against the flow: flooding and its impact on phlebotomine bionomics in the Chaco region, Argentina",NA,NA,2025,NA,NA,article,en,https://openalex.org/W7128752040
OpenAlex,english,title.alternative,NA,NA,2021,NA,NA,dissertation,pt,https://openalex.org/W7119309162
OpenAlex,english,Satellite and UAV Imagery for Flood Mapping and Damage Assessment in Mozambique using Machine Learning,NA,NA,2025,NA,NA,article,en,https://openalex.org/W7116212062
OpenAlex,english,2021-January-21-Tiny mammal teeth reveal ancient climates,NA,NA,2021,NA,NA,article,NA,https://openalex.org/W7152936599
OpenAlex,spanish,"Índice de vulnerabilidad y adaptación al cambio climático en la ciudad de La Paz, Bolivia. Resumen ejecutivo",NA,NA,2021,NA,NA,book,es,https://openalex.org/W3213864322
OpenAlex,spanish,"Academic Stay at the University of Brasilia – Third School of Environmental Law: Climate, Waters and Oceans from Latin American and European Perspectives",NA,NA,2025,NA,NA,article,es,https://openalex.org/W7115028929
OpenAlex,spanish,Relación en los cambios de cobertura y uso del suelo aplicando teledetección en el Valle de Chumbao - Provincia Andahuaylas Departamento Apurimac durante 2010 -2022,NA,NA,2025,NA,NA,article,es,https://openalex.org/W7113557354
OpenAlex,spanish,Atlas del Cambio Climático de las Américas Fase II,NA,NA,2021,NA,NA,other,es,https://openalex.org/W7133064382
OpenAlex,spanish,"Spatial and temporal analysis of the action and risk of wind on urban areas: The case of Soledad, Colombia",NA,NA,2025,NA,NA,article,es,https://openalex.org/W7141776909
OpenAlex,spanish,Estado del arte sobre riesgos e impactos asociados al cambio climático en ecosistemas de montaña.,NA,NA,2025,NA,NA,article,es,https://openalex.org/W7155260325
OpenAlex,spanish,Quelccaya: Laboratorio natural para la ciencia y la humanidad,NA,NA,2025,NA,NA,article,es,https://openalex.org/W7155278128
OpenAlex,spanish,Efectos del cambio climático en la escorrentía de la cuenca alta del rio Chicamocha,NA,NA,2021,NA,NA,article,es,https://openalex.org/W7133081755
OpenAlex,spanish,Aspectos metodológicos del estudio de la precipitación extrema diaria : Estimación de percentiles y regionalización de índices en Argentina subtropical,NA,NA,2025,NA,NA,other,es,https://openalex.org/W7160469124
OpenAlex,spanish,El borde como condición climática: Proyecto de intervención para la zona monumental de Piura a partir del Banco Continental CGN,NA,NA,2025,NA,NA,dissertation,es,https://openalex.org/W7135277052
OpenAlex,spanish,Revalorización energética de los residuos sólidos municipales generados en la ciudad de Sincelejo,NA,NA,2025,NA,NA,article,es,https://openalex.org/W7113665965
OpenAlex,spanish,"Escenarios de riesgo por sismo en las edificaciones de los barrios Santa Cecilia, Maranatha, Ciudad Satélite, Minnesota, Quintas de la Laguna: Soacha",NA,NA,2021,NA,NA,other,es,https://openalex.org/W7126302843
OpenAlex,spanish,Planificación De Infraestructura Hídrica Para El Futuro Incierto En América Latina,NA,NA,2021,NA,NA,article,es,https://openalex.org/W3128953670
OpenAlex,spanish,"Impacto de los eventos extremos en el personal de salud de un hospital público del área de la Cuenca Matanza Riachuelo, Buenos Aires",NA,NA,2025,NA,NA,other,es,https://openalex.org/W7160365170
OpenAlex,spanish,Participatory Design of Sustainable Collaborative Housing for the Autonomy of Older Adults in Guanajuato,NA,NA,2025,NA,NA,article,es,https://openalex.org/W7135320379
OpenAlex,spanish,Diversidad vegetal en sistemas rocosos oceánicos del Uruguay: mecanismos y procesos subyacentes,NA,NA,2025,NA,NA,article,es,https://openalex.org/W7140961809
OpenAlex,spanish,Regenerando el Poblado Dirigido de Fuencarral : Reflexión y estrategias de regeneración urbana realizadas en la asignatura “Teoría y Práctica de la Regeneración Urbana en el marco europeo”. Curso 2024-2025. Semestre de Primavera,NA,NA,2025,NA,NA,article,es,https://openalex.org/W7116222246
OpenAlex,spanish,Ciudades sustentables en Alto Valle : la mirada ambiental desde indicadores para evaluación del hábitat urbano,NA,NA,2021,NA,NA,article,es,https://openalex.org/W3165337743
OpenAlex,spanish,Expression of the Chemical Defensome and associated mechanisms: The case of Basilichthys microlepidotus under chronic pollutio,NA,NA,2025,NA,NA,other,en,https://openalex.org/W7134144547
OpenAlex,portuguese,"Brasil 2050: a emergência climática, os desastres e os desafios para gestão de riscos e a adaptação",NA,NA,2025,NA,NA,other,pt,https://openalex.org/W7120719185
OpenAlex,portuguese,"Climate justice and public policies in a context of socio-environmental vulnerability: a case study of the city of Recife, Pernambuco",NA,NA,2025,NA,NA,dissertation,pt,https://openalex.org/W7120711744
OpenAlex,portuguese,"Climate emergency, energy transition, and sociotechnical transformation in urban energy systems: popular mobilization and local governance initiatives for sustainable energy well-being",NA,NA,2025,NA,NA,other,pt,https://openalex.org/W7126002193
OpenAlex,portuguese,Estoque de carbono em plantios de eucalipto em Minas Gerais: efeito da mudança de uso do solo.,NA,NA,2025,NA,NA,other,pt,https://openalex.org/W7125086555
OpenAlex,portuguese,Panorama comparativo das zonas úmidas da Comunidade dos Países de Língua Portuguesa - CPLP,NA,NA,2025,NA,NA,article,pt,https://openalex.org/W7162842866
WoS,english,Community phylogenetics of North American conifers through the lens of fire-adapted traits,NA,10.1002/ajb2.70029,2025,"Turck, Daniel F. | Sparks, Aaron M. | Sullivan, Jack | Tank, David C.",AMERICAN JOURNAL OF BOTANY,NA,NA,NA
WoS,english,Modelling the potential distribution of two tropical freshwater fish species under climate change scenarios,NA,10.1002/aqc.3663,2021,"de Jesus Sauz-Sanchez, Jonathan | Rodiles-Hernandez, Rocio | Andrade-Velazquez, Mercedes | Mendoza-Carranza, Manuel",AQUATIC CONSERVATION-MARINE AND FRESHWATER ECOSYSTEMS,NA,NA,NA
WoS,english,Extreme rainfall and its impacts in the Brazilian Minas Gerais state in January 2020: Can we blame climate change?,NA,10.1002/cli2.15,2022,"Dalagnol, Ricardo | Gramcianinov, Carolina B. | Crespo, Natalia Machado | Luiz, Rafael | Chiquetto, Julio Barboza | Marques, Marcia T. A. | Neto, Giovanni Dolif | De Abreu, Rafael C. | Li, Sihan | Lott, Fraser C. | Anderson, Liana O. | Sparrow, Sarah",CLIMATE RESILIENCE AND SUSTAINABILITY,NA,NA,NA
WoS,english,Wild relatives of potato (<i>Solanum</i> L. sec. <i>Petota</i>) poorly sampled and unprotected in Colombia,NA,10.1002/csc2.21143,2024,"Gonzalez-Orozco, Carlos E. | Reyes-Herrera, Paula H. | Sosa, Chrystian C. | Torres, Rosa T. | Manrique-Carpintero, Norma C. | Lasso-Paredes, Zahara | Ceron-Souza, Ivania | Yockteng, Roxana",CROP SCIENCE,NA,NA,NA
WoS,english,"Unraveling the genomic landscape of <i>Campylorhynchus</i> wrens along western Ecuador's precipitation gradient: Insights into hybridization, isolation by distance, and isolation by the environment",NA,10.1002/ece3.11661,2024,"Montalvo, Luis Daniel | Kimball, Rebecca T. | Austin, James D. | Robinson, Scott K.",ECOLOGY AND EVOLUTION,NA,NA,NA
WoS,english,Montane diversification as a mechanism of speciation in neotropical butterflies,NA,10.1002/ece3.11704,2024,"Magaldi, Luiza de Moraes | Gueratto, Patricia Eyng | Ortega-Abboud, Enrique | Sobral-Souza, Thadeu | Joron, Mathieu | de Souza, Anete Pereira | Freitas, Andre Victor Lucci | Silva-Brandao, Karina Lucas",ECOLOGY AND EVOLUTION,NA,NA,NA
WoS,english,Lithobiomes Heterogeneity and Geographic Distance Shape the Landscape Genomics Within Brazilian Mountain Systems,NA,10.1002/ece3.72476,2025,"Cabrini, Mylena | Trovo, Marcelo | Takahashi, Daiki | Suyama, Yoshihisa | Ramos, Renato | Lira, Catarina",ECOLOGY AND EVOLUTION,NA,NA,NA
WoS,english,Mechanisms driving plant functional trait variation in a tropical forest,NA,10.1002/ece3.7256,2021,"Hofhansl, Florian | Chacon-Madrigal, Eduardo | Braennstroem, Ake | Dieckmann, Ulf | Franklin, Oskar",ECOLOGY AND EVOLUTION,NA,NA,NA
WoS,english,Spatiotemporal seed transfer zones as an efficient restoration strategy in response to climate change,NA,10.1002/ecs2.3462,2021,"Marinoni, L. | Parra Quijano, M. | Zabala, J. M. | Pensiero, J. F. | Iriondo, J. M.",ECOSPHERE,NA,NA,NA
WoS,english,"Diversity and niche differentiation of a mixed pine-oak forest in the Sierra Norte, Oaxaca, Mexico",NA,10.1002/ecs2.3475,2021,"Martin, Meredith P. | Peters, Charles M. | Asbjornsen, Heidi | Ashton, Mark S.",ECOSPHERE,NA,NA,NA
WoS,english,Assessing impacts of climate change on selected foundation species and ecosystem services in the South-Central USA,NA,10.1002/ecs2.4412,2023,"Ansley, R. James | Rivera-Monroy, Victor H. | Griffis-Kyle, Kerry | Hoagland, Bruce | Emert, Amanda | Fagin, Todd | Loss, Scott R. | McCarthy, Heather R. | Smith, Nicholas G. | Waring, Elizabeth F.",ECOSPHERE,NA,NA,NA
WoS,english,Global Climate Suitability and Economic Risks of the Fall Armyworm Spodoptera frugiperda to Key Crops in Brazil,NA,10.1002/fes3.70120,2025,"Amaro, George Correa | Aidoo, Owusu Fordjour | Souza, Philipe Guilherme Corcino | Nyarko, Eunice Stella | Adjei-Mantey, Kwame | Agboyi, Lakpo Koku | Anderson, Roger Sigismund | Sossah, Frederick Leo | Picanco, Marcelo Coutinho | da Silva, Ricardo Siqueira",FOOD AND ENERGY SECURITY,NA,NA,NA
WoS,english,Seasonal water storage and release dynamics of <i>bofedal</i> wetlands in the Central Andes,NA,10.1002/hyp.14940,2023,"Ross, Anthony C. | Mendoza, Marc Martinez | Drenkhan, Fabian | Montoya, Nilton | Baiker, Jan R. | Mackay, Jonathan D. | Hannah, David M. | Buytaert, Wouter",HYDROLOGICAL PROCESSES,NA,NA,NA
WoS,english,Assessing Streamflow Responses to Future Climate and Land Use and Land Cover Change in a Transitional Brazilian Basin Between Semiarid Dry Forest and Humid Tropical Forest Biomes,NA,10.1002/hyp.70316,2025,"De Farias, Vanine Elane Menezes | Montenegro, Suzana Maria Gico Lima | Da Silva, Richarde Marques | Xuan, Yunqing | Ursulino, Bruno E. Silva | Santos, Celso Augusto Guimaraes",HYDROLOGICAL PROCESSES,NA,NA,NA
WoS,english,"Fungi and Myxomycetes of the Tehuacán-Cuicatlán Biosphere Reserve, Mexico: A Comprehensive Review and Future Perspectives",NA,10.1002/iub.70034,2025,"Mena-Portales, Julio | Perez-Llano, Yordanis | Vasquez-Davila, Marco Antonio | Cantillo, Taimy | Manzanero-Medina, Gladys Isabel | del Rayo Sanchez-Carbente, Maria | Batista-Garcia, Ramon Alberto",IUBMB LIFE,NA,NA,NA
WoS,english,"Thermoregulatory strategies of three reclusive lizards (genus <i>Xantusia</i>) from the Baja California peninsula, Mexico, under current and future microenvironmental temperatures",NA,10.1002/jez.2470,2021,"Arenas-Moreno, Diego M. | Lara-Resendiz, Rafael A. | Dominguez-Guerrero, Saul F. | Perez-Delgadillo, Ana G. | Munoz-Nolasco, Francisco J. | Galina-Tessaro, Patricia | Mendez-de la Cruz, Fausto R.",JOURNAL OF EXPERIMENTAL ZOOLOGY PART A-ECOLOGICAL AND INTEGRATIVE PHYSIOLOGY,NA,NA,NA
WoS,english,Assessment of rainfall variability and future change in Brazil across multiple timescales,NA,10.1002/joc.6818,2021,"Alves, Lincoln M. | Chadwick, Robin | Moise, Aurel | Brown, Josephine | Marengo, Jose A.",INTERNATIONAL JOURNAL OF CLIMATOLOGY,NA,NA,NA
WoS,english,Projected impacts of 1.5 and 2°C global warming on temperature and precipitation patterns in South America,NA,10.1002/joc.7322,2022,"Torres, Roger Rodrigues | Benassi, Rafael Bitencourt | Martins, Fabrina Bolzan | Lapola, David Montenegro",INTERNATIONAL JOURNAL OF CLIMATOLOGY,NA,NA,NA
WoS,english,"A comprehensive analysis of observed and projected climate extremes of temperature and precipitation in Belo Monte Hydropower Plant - eastern Amazon, Brazil",NA,10.1002/joc.7859,2022,"Luiz-Silva, Wanderson | Regoto, Pedro | de Vasconcellos, Camila Ferreira | Garcia, Katia Cristina | Foldes Guimaraes, Felipe Bevilaqua",INTERNATIONAL JOURNAL OF CLIMATOLOGY,NA,NA,NA
WoS,english,Desertification risk assessment in Northeast Brazil: Current trends and future scenarios,NA,10.1002/ldr.3681,2021,"Vieira, Rita Marcia D. S. P. | Tomasella, Javier | Barbosa, Alexandre A. | Martins, Minella A. | Rodriguez, Daniel A. | Rezende, Fernanda S. D. | Carriello, Felix | Santana, Marcos D. O.",LAND DEGRADATION & DEVELOPMENT,NA,NA,NA
WoS,english,Quantifying Soil Loss in the Brazilian Savanna Ecosystem: Current Rates and Anticipated Impact of Climate Changes,NA,10.1002/ldr.5331,2024,"Schwamback, Dimaghi | Brandao, Abderraman R. Amorim | Bertotto, Luis Eduardo | Berndtsson, Ronny | Zhang, Linus | Wendland, Edson | Persson, Magnus",LAND DEGRADATION & DEVELOPMENT,NA,NA,NA
WoS,english,Exploring Global Research Trends in Mangrove Ecosystems: A Bibliometric Analysis of Key Issues and Future Directions (1996-2022),NA,10.1002/ldr.5558,2025,"Qin, Yingying | Zhu, Gege | Liang, Mingzhong | Feng, Bingbin",LAND DEGRADATION & DEVELOPMENT,NA,NA,NA
WoS,english,Using a futures orientation to enable adaptation of protected areas under climate change,NA,10.1002/pan3.10547,2023,"Munera-Roldan, Claudia | Colloff, Matthew J. | van Kerkhoff, Lorrae | Andrade, German I.",PEOPLE AND NATURE,NA,NA,NA
WoS,english,Coping with environmental constraints: Geographically divergent adaptive evolution and germination plasticity in the transcontinental <i>Populus tremuloides</i>,NA,10.1002/ppp3.10297,2022,"Goessen, Roos | Isabel, Nathalie | Wehenkel, Christian | Pavy, Nathalie | Tischenko, Lisa | Touchette, Lyne | Giguere, Isabelle | Gros-Louis, Marie-Claude | Laroche, Jerome | Boyle, Brian | Soolanayakanahally, Raju | Mock, Karen | Hernandez-Velasco, Javier | Simental-Rodriguez, Sergio Leonel | Bousquet, Jean | Porth, Ilga M.",PLANTS PEOPLE PLANET,NA,NA,NA
WoS,english,How Co-design of Public Space Contributes to Strengthening Resilience: Lessons from Two Chilean Cases,NA,10.1007/978-3-030-73399-5_7,2021,"Cruz, Macarena Gaete | Ersoy, Aksel | Czischke, Darinka | Van Bueren, Ellen",GOVERNANCE OF CLIMATE RESPONSIVE CITIES,NA,NA,NA
WoS,english,Susceptibility of the Vegetation to Forest Fires in the Dry Forest of Ocana-Colombia,NA,10.1007/978-3-031-61440-8_15,2024,"Herrera Galviz, Juan David | Hernandez Criado, Juan Carlos | Ocampo Lopez, Olga Lucia","RECENT DEVELOPMENTS IN GEOSPATIAL INFORMATION SCIENCES, IGISC 2023",NA,NA,NA
WoS,english,Sustainable Urban Planning and Environmental Management,NA,10.1007/978-3-031-85327-2_14,2025,"Kosoe, Enoch Akwasi | Ogwu, Matthew Chidozie",EVALUATING ENVIRONMENTAL PROCESSES AND TECHNOLOGIES,NA,NA,NA
WoS,english,Policy and Regulatory Frameworks for Sustainable Environmental Practices,NA,10.1007/978-3-031-85327-2_16,2025,"Ogwu, Matthew Chidozie | El Malahi, Soumia | Izah, Sylvester Chibueze",EVALUATING ENVIRONMENTAL PROCESSES AND TECHNOLOGIES,NA,NA,NA
WoS,english,Fire in Mediterranean Ecosystems of South America,NA,10.1007/978-3-031-89372-8_11,2025,"Gomez-Gonzalez, Susana | Paula, Susana | Miranda, Alejandro | Ortega, Mabel | Ocampo-Zuleta, Korina",FIRE IN THE SOUTH AMERICAN ECOSYSTEMS,NA,NA,NA
WoS,english,Fire in the Llanos of the Orinoco River,NA,10.1007/978-3-031-89372-8_6,2025,"Silva, Juan F. | Bilbao, Bibiana A.",FIRE IN THE SOUTH AMERICAN ECOSYSTEMS,NA,NA,NA
WoS,english,"Floating Urbanism, the Bold Vision of Streetless Cities",NA,10.1007/978-981-96-4569-5_97,2025,"Feldzer, Tania | Liotta, John-Salvator | Dufrasnes, Emmanuel","PROCEEDINGS OF THE FOURTH WORLD CONFERENCE ON FLOATING SOLUTIONS, WCFS 2024",NA,NA,NA
WoS,english,"Local Society Perception on Ecosystem Services as an Adaptation Strategy in Urban Stream Recovery Programs in the City of Sao Paulo, Brazil",NA,10.1007/s00267-021-01471-0,2022,"de Oliveira Rolo, Daniella Aparecida de Mattos | Gallardo, Amarilis Lucia Casteli Figueiredo | Ribeiro, Andreza Portella | Siqueira-Gay, Juliana",ENVIRONMENTAL MANAGEMENT,NA,NA,NA
WoS,english,Evaluating Public Policies in Fire-affected Conservation Priority Areas of the Brazilian Pantanal,NA,10.1007/s00267-025-02253-8,2025,"Galvanin, Edineia Aparecida dos Santos | Caldas, Marcellus M.",ENVIRONMENTAL MANAGEMENT,NA,NA,NA
WoS,english,Growing a fin: wetland and upland effects on tadpole morphology of <i>Scinax squalirostris</i> (Anura: Hylidae),NA,10.1007/s00435-022-00557-5,2022,"Boelter, Thaise | Bairos Moreira, Leonardo Felipe | Pires, Mateus Marques | Stenert, Cristina | Maltchik, Leonardo",ZOOMORPHOLOGY,NA,NA,NA
WoS,english,"New tools to uncover old tricks: an update on the knowledge on the most successful invasive freshwater helminth, <i>Schyzocotyle acheilognathi</i>",NA,10.1007/s00436-025-08585-y,2025,"Casanova-Hernandez, Didier | Pinacho-Pinacho, Carlos Daniel | Calixto-Rojas, Miguel | Rubio-Godoy, Miguel | Garcia-Saldana, Essicka A. | Velazquez-Velazquez, Ernesto | Zamora-Briseno, Jesus Alejandro",PARASITOLOGY RESEARCH,NA,NA,NA
WoS,english,Keeping it cool to take the heat: tropical lizards have greater thermal tolerance in less disturbed habitats,NA,10.1007/s00442-022-05235-3,2022,"Lopera, Diana | Guo, Kimberly Chen | Putman, Breanna J. | Swierk, Lindsey",OECOLOGIA,NA,NA,NA
WoS,english,Assessing the drought effect on tree rings' width and xylem traits plasticity in<i> Symplocos</i><i> coccinea</i> and<i> S.</i><i> speciosa:</i> two rare and endemic Neotropical montane oak forest trees from eastern Mexico,NA,10.1007/s00468-022-02371-4,2023,"Rodriguez-Ramirez, E. C. | Ruiz-Santiago, D. | Requena-Rojas, E. J. | Longhi-Santos, T. | Suarez-Islas, A. | Luna-Vega, I.",TREES-STRUCTURE AND FUNCTION,NA,NA,NA
WoS,english,Restoration implications of the germination ecology of six dry-forest woody Fabaceae species in Mexico,NA,10.1007/s00468-025-02606-0,2025,"Aguirre-Salcedo, Citlali | Montano-Arias, Susana Adriana | Jansson, Roland",TREES-STRUCTURE AND FUNCTION,NA,NA,NA
WoS,english,Simulating flood situations in urban hydrology using a diffusion model in complex networks,NA,10.1007/s00477-025-03050-9,2025,"Toski, Miguel | Cuevas, Erik | Escobar, Hector | Morales-Castaneda, Bernardo | Perez-Cisneros, Marco",STOCHASTIC ENVIRONMENTAL RESEARCH AND RISK ASSESSMENT,NA,NA,NA
WoS,english,Calibrating UTCI'S comfort assessment scale for three Brazilian cities with different climatic conditions,NA,10.1007/s00484-020-01897-x,2021,"Kruger, Eduardo L. | Silva, Thiago Jose Vieira | Hirashima, Simone Queiroz | da Cunha, Eduardo Grala | Rosa, Luisa Alcantara",INTERNATIONAL JOURNAL OF BIOMETEOROLOGY,NA,NA,NA
WoS,english,Applied nucleation under high biodiversity silvopastoral system as an adaptive strategy against microclimate extremes in pasture areas,NA,10.1007/s00484-023-02488-2,2023,"Schmitt Filho, Abdon L. | Kretzer, Stefano Gomes | Farley, Joshua | Kazama, Daniele C. | Sinisgalli, Paulo A. | Deniz, Matheus",INTERNATIONAL JOURNAL OF BIOMETEOROLOGY,NA,NA,NA
WoS,english,Large-scale dynamics of extreme precipitation in the tropical Andes: combining weather radar observations and reanalysis data,NA,10.1007/s00703-024-01022-2,2024,"Cordova, Mario | Orellana-Alvear, Johanna | Bendix, Joerg | Rollenbeck, Ruetger | Celleri, Rolando",METEOROLOGY AND ATMOSPHERIC PHYSICS,NA,NA,NA
WoS,english,"Natural disasters related to rainfall trends in Espírito Santo, southeastern Brazil",NA,10.1007/s00704-023-04703-x,2024,"de Oliveira Roza, Mariza Pereira | Cecilio, Roberto Avelino | Zanetti, Sidney Sara | Abreu, Marcel Carvalho | Lyra, Gustavo Bastos | Reis, Guilherme Barbosa",THEORETICAL AND APPLIED CLIMATOLOGY,NA,NA,NA
WoS,english,Water management or megadrought: what caused the Chilean Aculeo Lake drying?,NA,10.1007/s10113-021-01750-w,2021,"Barria, Pilar | Chadwick, Cristian | Ocampo-Melgar, Anahi | Galleguillos, Mauricio | Garreaud, Rene | Diaz-Vasconcellos, Raul | Poblete, David | Rubio-Alvarez, Eduardo | Poblete-Caballero, Dagoberto",REGIONAL ENVIRONMENTAL CHANGE,NA,NA,NA
WoS,english,Climate change affects us in the tropics: local perspectives on ecosystem services and well-being sensitivity in Southeast Brazil,NA,10.1007/s10113-022-01938-8,2022,"Pinho, Patricia F. | Canova, Moara T. | Toledo, Peter M. | Gonzalez, Adrian | Lapola, David M. | Ometto, Jean P. | Smith, Mark Stafford",REGIONAL ENVIRONMENTAL CHANGE,NA,NA,NA
WoS,english,Coastal livelihood resilience to abrupt environmental change: the role of social capital in a Peruvian bay,NA,10.1007/s10113-022-01959-3,2022,"Kriegl, Michael | Kluger, Lotta Clara | Gorris, Philipp | Kochalski, Sophia",REGIONAL ENVIRONMENTAL CHANGE,NA,NA,NA
WoS,english,"""Listen to us"": small-scale farmers' understandings of social-ecological changes and their drivers in Important Agricultural Heritage Systems",NA,10.1007/s10113-023-02145-9,2023,"Caviedes, Julian | Ibarra, Jose Tomas | Calvet-Mir, Laura | Junqueira, Andre Braga",REGIONAL ENVIRONMENTAL CHANGE,NA,NA,NA
WoS,english,"Climate change conflicts and challenges in Tapajós National Forest, Brazil",NA,10.1007/s10113-025-02381-1,2025,"Verjel, Martha Cecilia Vergel | Vieira, Thiago Almeida",REGIONAL ENVIRONMENTAL CHANGE,NA,NA,NA
WoS,english,"Agroforestry systems recover tree carbon stock faster than natural succession in Eastern Amazon, Brazil",NA,10.1007/s10457-022-00754-7,2022,"Cardozo, Ernesto Gomez | Celentano, Danielle | Rousseau, Guillaume Xavier | Silva, Hulda Rocha E. | Mavisoy Muchavisoy, Henry | Gehring, Christoph",AGROFORESTRY SYSTEMS,NA,NA,NA
WoS,english,Planting trees in livestock landscapes to protect soil and water also delivers carbon sequestration,NA,10.1007/s10457-023-00857-9,2023,"Inamagua-Uyaguari, Juan Pablo | Fitton, Nuala | Smith, Pete",AGROFORESTRY SYSTEMS,NA,NA,NA
WoS,english,Prioritisation of native trees for enhancing carbon sequestration in shade-grown coffee plantations in the State of Veracruz (México): linking conservation and ecological traits to community needs,NA,10.1007/s10457-025-01155-2,2025,"Flores-Ortiz, Cesar Mateo | Davila, Patricia | Rodriguez-Arevalo, Isela | Manson, Robert Hunter | Toledo-Garibaldi, Maria | Cabrera-Santos, Daniel | Salguero, Maria Alejandra | Vazquez, Flor Gabriela | Cobos-Silva, Jazmin | Gianella, Maraeva | Bell, Elizabeth | Way, Michael | Mattana, Efisio | Ulian, Tiziana",AGROFORESTRY SYSTEMS,NA,NA,NA
WoS,english,Impacts of silvopastoral management intensity and forest age on vegetation and soils of dry tropical forests,NA,10.1007/s10457-025-01334-1,2025,"Sanchez-Romero, Rosa | Balvanera, Patricia | Garcia-Barrios, Luis E. | Mora, Francisco | Larsen, John | Maass, Manuel | Gonzalez-Esquivel, Carlos E.",AGROFORESTRY SYSTEMS,NA,NA,NA
WoS,english,The agri-food system (re)configuration: the case study of an agroecological network in the Ecuadorian Andes,NA,10.1007/s10460-022-10318-1,2022,"Vallejo-Rojas, Virginia | Rivera-Ferre, Marta G. | Ravera, Federica",AGRICULTURE AND HUMAN VALUES,NA,NA,NA
WoS,english,Predicting the distribution of plant species from southern South America: are the hotspots of genetic diversity threatened by climate change?,NA,10.1007/s10531-023-02770-0,2024,"Soliani, Carolina | Ceccarelli, Viviana | Lantschner, Maria Victoria | Thomas, Evert | Marchelli, Paula",BIODIVERSITY AND CONSERVATION,NA,NA,NA
WoS,english,Projected impact of climate change on the future distribution of <i>Larrea</i> species in southern South America,NA,10.1007/s10531-025-03023-y,2025,"Vento, Barbara | Rivera, Juan",BIODIVERSITY AND CONSERVATION,NA,NA,NA
WoS,english,The potential effects of climate change on medicinal plants from the Brazilian Cerrado in South America,NA,10.1007/s10531-025-03188-6,2025,"Guerra dos Santos, Leonardo Almeida | Vilela, Bruno | de Sousa, Fernanda Goncalves | Ferreira Junior, Washington Soares | de Paiva Silva, Daniel",BIODIVERSITY AND CONSERVATION,NA,NA,NA
WoS,english,Assessing the economic impacts of future fluvial flooding in six countries under climate change and socio-economic development,NA,10.1007/s10584-021-03059-3,2021,"Yin, Zhiqiang | Hu, Yixin | Jenkins, Katie | He, Yi | Forstenhausler, Nicole | Warren, Rachel | Yang, Lili | Jenkins, Rhosanna | Guan, Dabo",CLIMATIC CHANGE,NA,NA,NA
WoS,english,Urban adaptation index: assessing cities readiness to deal with climate change,NA,10.1007/s10584-021-03113-0,2021,"Neder, Eduardo Alves | Moreira, Fabiano de Araujo | Dalla Fontana, Michele | Torres, Roger Rodrigues | Lapola, David Montenegro | Costa Vasconcellos, Maria da Penha | Barbieri Bedran-Martins, Ana Maria | Philippi Jr, Arlindo | Lemos, Maria Carmen | Di Giulio, Gabriela Marques",CLIMATIC CHANGE,NA,NA,NA
WoS,english,Risks associated with global warming of 1.5 to 4 °C above pre-industrial levels in human and natural systems in six countries,NA,10.1007/s10584-023-03646-6,2024,"Warren, R. | Price, J. | Forstenhausler, N. | Andrews, O. | Brown, S. | Ebi, K. | Gernaat, D. | Goodwin, P. | Guan, D. | He, Y. | Manful, D. | Yin, Z. | Hu, Y. | Jenkins, K. | Jenkins, R. | Kennedy-Asser, A. | Osborn, T. J. | Vanvuuren, D. | Wallace, C. | Wang, D. | Wright, R.",CLIMATIC CHANGE,NA,NA,NA
WoS,english,Assessing the potential risks of climate change on the natural capital of six countries resulting from global warming of 1.5 to 4 °C above pre-industrial levels,NA,10.1007/s10584-023-03650-w,2024,"Price, Jeff | Warren, Rachel | Forstenhausler, Nicole | Jenkins, Rhosanna | Graham, Erin",CLIMATIC CHANGE,NA,NA,NA
WoS,english,Farmers' perceptions of climate change affect their adoption of sustainable agricultural technologies in the Brazilian Amazon and Atlantic Forest biomes,NA,10.1007/s10584-023-03657-3,2024,"Tanure, Tarik | Campos, Rafael Faria de Abreu | dos Reis, Julio Cesar | Benzeev, Rayna | Newton, Peter | Rodrigues, Renato de Aragao Ribeiro | de Oliveira, Ana Maria Hermeto Camilo",CLIMATIC CHANGE,NA,NA,NA
WoS,english,"Sweating Bullets: Heat, High-Stakes Evaluations, and The Role of Incentives",NA,10.1007/s10640-025-01011-y,2025,"Martinez, Jose Maria | Zuluaga, Victor | Buritica, Alexander",ENVIRONMENTAL & RESOURCE ECONOMICS,NA,NA,NA
WoS,english,Bayesian spatio-temporal model with INLA for dengue fever risk prediction in Costa Rica,NA,10.1007/s10651-023-00580-9,2023,"Chou-Chen, Shu Wei | Barboza, Luis A. | Vasquez, Paola | Garcia, Yury E. | Calvo, Juan G. | Hidalgo, Hugo G. | Sanchez, Fabio",ENVIRONMENTAL AND ECOLOGICAL STATISTICS,NA,NA,NA
WoS,english,"Amazon's climate crossroads: analyzing air pollution and health impacts under machine learning-based temperature increase scenarios in Northern Mato Grosso, Brazil",NA,10.1007/s10653-025-02524-7,2025,"de Moura, Fernando Rafael | Buffarini, Romina | Barlem, Edison Luis Devos | Nadaleti, Willian Cezar | Carvalho, Helotonio | da Silva Junior, Flavio Manoel Rodrigues",ENVIRONMENTAL GEOCHEMISTRY AND HEALTH,NA,NA,NA
WoS,english,Climate change in the Central Amazon and its impacts on frog populations,NA,10.1007/s10661-023-11997-x,2023,"Ferrante, Lucas | Rojas-Ahumada, Diana | Menin, Marcelo | Fearnside, Philip Martin",ENVIRONMENTAL MONITORING AND ASSESSMENT,NA,NA,NA
WoS,english,Spatial and temporal vegetation indices to identify priority areas for biodiversity conservation in the most threatened savanna of the world,NA,10.1007/s10661-025-14528-y,2025,"Ferreira, Ana Isabella Guimaraes | Franca, Luciano Cavalcante de Jesus | Carvalho, Monica Canaan | Rodrigues, Leomar Moreira | de Morais Junior, Vicente Toledo Machado | Acerbi Junior, Fausto Weimar",ENVIRONMENTAL MONITORING AND ASSESSMENT,NA,NA,NA
WoS,english,Perceptions and sustainable actions under land degradation and climate change: the case of a remnant wetland in Mexico City,NA,10.1007/s10668-020-00800-3,2021,"Gomez Alza, Laura | Bedolla Ruiz, Karina | Low-Pfeng, Antonio M. | Vallejos Escalona, Laura M. L. | Massyel Garcia-Meneses, Paola",ENVIRONMENT DEVELOPMENT AND SUSTAINABILITY,NA,NA,NA
WoS,english,Does the simplification of activity systems produce landscape homogenization?,NA,10.1007/s10668-020-00839-2,2021,"Morteo-Montiel, Swany | Simms, Sherie Rae | Porter-Bolland, Luciana | Bonilla-Moheno, Martha",ENVIRONMENT DEVELOPMENT AND SUSTAINABILITY,NA,NA,NA
WoS,english,The role of climate change perceptions and sociodemographics on reported mitigation efforts and performance among households in northeastern Mexico,NA,10.1007/s10668-021-02093-6,2023,"Gonzalez-Hernandez, D. Liliana | Aguirre-Gamboa, Raul A. | Meijles, Erik W.",ENVIRONMENT DEVELOPMENT AND SUSTAINABILITY,NA,NA,NA
WoS,english,Interlinked driving factors for decision-making in sustainable coffee production,NA,10.1007/s10668-022-02821-6,2024,"Brenes-Peralta, Laura | De Menna, Fabio | Vittuari, Matteo",ENVIRONMENT DEVELOPMENT AND SUSTAINABILITY,NA,NA,NA
WoS,english,Global insights on spatial and temporal assessments of biodiversity and ecosystem services in sustainable agriculture: implications for Brazil,NA,10.1007/s10668-025-06797-x,2025,"Prado, Rachel Bardy | Kleemann, Janina",ENVIRONMENT DEVELOPMENT AND SUSTAINABILITY,NA,NA,NA
WoS,english,Enhancing quinoa cultivation in the Andean highlands of Peru: a breeding strategy for improved yield and early maturity adaptation to climate change using traditional cultivars,NA,10.1007/s10681-023-03155-8,2023,"Lozano-Isla, Flavio | Apaza, Jose-David | Sanchez, Angel Mujica | Sevillano, Raul Blas | Haussmann, Bettina I. G. | Schmid, Karl",EUPHYTICA,NA,NA,NA
WoS,english,Climate change and rural-urban migration in the Brazilian Northeast region,NA,10.1007/s10708-020-10349-3,2022,"Mendes Delazeri, Linda Marcia | Da Cunha, Denis Antonio | Oliveira, Lais Rosa",GEOJOURNAL,NA,NA,NA
WoS,english,Broadening the Climate Movement: The Marcha das Margaridas' Agenda for the Climate (and Other) Crises,NA,10.1007/s10767-023-09464-z,2024,"Teixeira, Marco Antonio | Motta, Renata",INTERNATIONAL JOURNAL OF POLITICS CULTURE AND SOCIETY,NA,NA,NA
WoS,english,"Sinkhole Microcosms: Understanding Persistence of Place Through Variable Cultivation Strategies in Northeastern Yucatán, Mexico",NA,10.1007/s10816-025-09746-0,2025,"Dedrick, Maia | McAnany, Patricia A. | Batun Alpuche, Adolfo Ivan | Webb, Elizabeth A. | Hart, Isaac A.",JOURNAL OF ARCHAEOLOGICAL METHOD AND THEORY,NA,NA,NA
WoS,english,"Suitable climate space and genetic diversity of the mountain-affiliated moth <i>Cosmosoma maishei</i> (Erebidae: Arctiinae: Arctiini: Euchromiina) in cloud forests of Chiapas, Mexico",NA,10.1007/s10841-023-00487-7,2023,"Montanez-Reyna, Marytania | Leon-Cortes, Jorge L. | Gomez-Velasco, Anaximandro | Gutierrez-Jimenez, Javier | Schlie-Guzman, Maria Adelina",JOURNAL OF INSECT CONSERVATION,NA,NA,NA
WoS,english,"Insights on Health Burden, Needs, and Prevention Strategies After the Flood Catastrophe in Southern Brazil",NA,10.1007/s10935-025-00839-w,2025,"Scherer, Juliana Nichterwitz | Dipp, Thiago | Schaefer, Rafaela | Mosmann, Clarisse Pereira | Ornell, Felipe",JOURNAL OF PREVENTION,NA,NA,NA
WoS,english,A multi-stakeholder participatory methodology to facilitate socio-ecological climate change vulnerability-adaptation-resilience strategies: application of the Q Method,NA,10.1007/s11027-021-09988-9,2022,"Alfie-Cohen, Miriam | Garcia-Becerra, Flor Yunuen",MITIGATION AND ADAPTATION STRATEGIES FOR GLOBAL CHANGE,NA,NA,NA
WoS,english,Challenges and opportunities for restoration of high-elevation Andean peatlands in Ecuador,NA,10.1007/s11027-022-10006-9,2022,"Suarez, Esteban | Chimbolema, Segundo | Jaramillo, Ricardo | Zurita-Arthos, Leo | Arellano, Paul | Chimner, Rodney A. | Stanovick, John S. | Lilleskov, Erik A.",MITIGATION AND ADAPTATION STRATEGIES FOR GLOBAL CHANGE,NA,NA,NA
WoS,english,Inter-sectoral prioritization of climate technologies: insights from a Technology Needs Assessment for mitigation in Brazil,NA,10.1007/s11027-022-10025-6,2022,"da Silva, Fabio T. F. | Szklo, Alexandre | Vinhoza, Amanda | Nogueira, Ana Celia | Lucena, Andre F. P. | Mendonca, Antonio Marcos | Marcolino, Camilla | Nunes, Felipe | Carvalho, Francielle M. | Tagomori, Isabela | Soares, Laura | da Cruz, Marcio Rojas | Rochedo, Pedro | Rajao, Raoni | Rathmann, Regis | Schaeffer, Roberto | Mudrovitsch de Bittencourt, Sonia Regina",MITIGATION AND ADAPTATION STRATEGIES FOR GLOBAL CHANGE,NA,NA,NA
WoS,english,A review of the future impact of climate change in Chile: economic output and other outcomes,NA,10.1007/s11027-022-10034-5,2022,"Madeira, Carlos",MITIGATION AND ADAPTATION STRATEGIES FOR GLOBAL CHANGE,NA,NA,NA
WoS,english,A binational social vulnerability index (BSVI) for the San Diego-Tijuana region: mapping trans-boundary exposure to climate change for just and equitable adaptation planning,NA,10.1007/s11027-023-10045-w,2023,"Rosa, Melissa | Haines, Kyle | Cruz, Teddy | Forman, Fonna",MITIGATION AND ADAPTATION STRATEGIES FOR GLOBAL CHANGE,NA,NA,NA
WoS,english,Elevation and temperature are strong predictors of long-term carbon accumulation across tropical Andean mountain peatlands,NA,10.1007/s11027-023-10089-y,2024,"Hribljan, John A. | Hough, Moira | Lilleskov, Erik A. | Suarez, Esteban | Heckman, Katherine | Planas-Clarke, Ana Maria | Chimner, Rodney A.",MITIGATION AND ADAPTATION STRATEGIES FOR GLOBAL CHANGE,NA,NA,NA
WoS,english,Aligning adaptation and sustainability agendas: lessons from protected areas,NA,10.1007/s11027-024-10159-9,2024,"Munera-Roldan, Claudia | Colloff, Matthew J. | Pittock, Jamie | van Kerkhoff, Lorrae",MITIGATION AND ADAPTATION STRATEGIES FOR GLOBAL CHANGE,NA,NA,NA
WoS,english,Extreme weather events and crop diversification: climate change adaptation in Brazil,NA,10.1007/s11027-025-10211-2,2025,"Piedra-Bonilla, Elena Beatriz | Da Cunha, Denis Antonio | Braga, Marcelo Jose | Oliveira, Lais Rosa",MITIGATION AND ADAPTATION STRATEGIES FOR GLOBAL CHANGE,NA,NA,NA
WoS,english,Conservation genetics of a freshwater turtle (<i>Trachemys hartwegi</i>) in a threatened riverine ecosystem,NA,10.1007/s11033-025-10858-9,2025,"Becerra, Ernesto | Lopez, Bruno Rodriguez | Borja, Miguel | Rico, Yessica",MOLECULAR BIOLOGY REPORTS,NA,NA,NA
WoS,english,Economic potential and management of tropical mixed-species plantations in Central America,NA,10.1007/s11056-022-09937-7,2023,"Pinnschmidt, Arne | Yousefpour, Rasoul | Nolte, Anja | Murillo, Olman | Hanewinkel, Marc",NEW FORESTS,NA,NA,NA
WoS,english,"Autonomous flood adaptation measures in Amazonian cities (Belem, Brazil)",NA,10.1007/s11069-021-04720-x,2021,"Szlafsztein, Claudio Fabian | Barata de Araujo, Andrea Nazare",NATURAL HAZARDS,NA,NA,NA
WoS,english,Responses to heat waves: what can Twitter data tell us?,NA,10.1007/s11069-023-05824-2,2023,"Zander, Kerstin K. | Rieskamp, Jonas | Mirbabaie, Milad | Alazab, Mamoun | Nguyen, Duy",NATURAL HAZARDS,NA,NA,NA
WoS,english,"Extreme rainfall and landslides as a response to human-induced climate change: a case study at Baixada Santista, Brazil, 2020",NA,10.1007/s11069-024-06621-1,2024,"de Souza, Danilo Couto | Crespo, Natalia Machado | da Silva, Douglas Vieira | Harada, Lila Mina | de Godoy, Renan Muinos Parrode | Domingues, Leonardo Moreno | Luiz, Rafael | Bortolozo, Cassiano Antonio | Metodiev, Daniel | de Andrade, Marcio Roberto Magalhaes | Hartley, Andrew J. | de Abreu, Rafael Cesario | Li, Sihan | Lott, Fraser C. | Sparrow, Sarah",NATURAL HAZARDS,NA,NA,NA
WoS,english,Assessing Tsunami vulnerability indicators to enhance coastal resilience in Southern Chile,NA,10.1007/s11069-024-06981-8,2025,"Shahin, Md. Salimul Alam | Villagra, Paula | Mazzorana, Bruno | Rana, Md. Juwel | Khan, Imran | Altuwaijri, Hamad Ahmed | Kafy, Abdulla Al",NATURAL HAZARDS,NA,NA,NA
WoS,english,Heat vulnerability index mapping through principal component analysis and equal weight methods: comparing Spatial patterns at a low urban scale and local climate zones in an arid mid-size South American coastal city,NA,10.1007/s11069-025-07326-9,2025,"Olivares, Angelo | Smith, Pamela | Sarricolea, Pablo | Meseguer-Ruiz, Oliver",NATURAL HAZARDS,NA,NA,NA
WoS,english,"Effects of urban, peri-urban and rural land covers on plant functional traits around Bogotá, Colombia",NA,10.1007/s11252-023-01429-6,2024,"Salamanca-Fonseca, Mauricio | Aldana, Ana M. | Vargas-Martinez, Valeria | Acero-Gomez, Sam | Fonseca-Tellez, Juliana | Gutierrez, Stivenn | Hoyos, Yessica D. | Leon, Katherin M. | Marquez, Camilo | Molina-R, Laura | Moreno-Abdelnur, Angelica | Pineda, Sara | Pinzon, Juan Jose | Trespalacios, Mariana | Velasco, Liz | Sanchez-Tello, Juan David | Alvarez-Garzon, Carolina | Posada, Juan M. | Sanchez, Adriana",URBAN ECOSYSTEMS,NA,NA,NA
WoS,english,An urban rivers <i>renaissance</i>? Stream restoration and green-blue infrastructure in Latin America - Insights from urban planning in Colombia,NA,10.1007/s11252-024-01571-9,2024,"Pradilla, Gonzalo | Hack, Jochen",URBAN ECOSYSTEMS,NA,NA,NA
WoS,english,The arid Andean plateau waterscapes and the lithium triangle: flamingos as flagships for conservation of high-altitude wetlands under pressure from mining development,NA,10.1007/s11273-022-09872-6,2022,"Marconi, P. | Arengo, F. | Clark, A.",WETLANDS ECOLOGY AND MANAGEMENT,NA,NA,NA
WoS,english,Pleistocene-dated genomic divergence of avocado trees supports cryptic diversity in the Colombian germplasm,NA,10.1007/s11295-023-01616-8,2023,"Berdugo-Cely, Jhon A. | Cortes, Andres J. | Lopez-Hernandez, Felipe | Delgadillo-Duran, Paola | Ceron-Souza, Ivania | Reyes-Herrera, Paula H. | Navas-Arboleda, Alejandro A. | Yockteng, Roxana",TREE GENETICS & GENOMES,NA,NA,NA
WoS,english,2030 Agenda: discussion on Brazilian priorities facing air pollution and climate change challenges,NA,10.1007/s11356-022-24601-5,2023,"de Moura, Fernando Rafael | da Silva Junior, Flavio Manoel Rodrigues",ENVIRONMENTAL SCIENCE AND POLLUTION RESEARCH,NA,NA,NA
WoS,english,"Climate change research in dry environments of South America: evolution, current state, and future directions",NA,10.1007/s11368-024-03855-1,2024,"Oliveira Filho, Jose de Souza",JOURNAL OF SOILS AND SEDIMENTS,NA,NA,NA
WoS,english,Trends in Temperature-associated Mortality in Sao Paulo (Brazil) between 2000 and 2018: an Example of Disparities in Adaptation to Cold and Heat,NA,10.1007/s11524-022-00695-7,2022,"Roca-Barcelo, Aina | Fecht, Daniela | Pirani, Monica | Piel, Frederic B. | Nardocci, Adelaide C. | Vineis, Paolo",JOURNAL OF URBAN HEALTH-BULLETIN OF THE NEW YORK ACADEMY OF MEDICINE,NA,NA,NA
WoS,english,Transforming environmental governance: critical action intellectuals and their praxis in the field,NA,10.1007/s11625-022-01108-z,2022,"Ojha, Hemant | Nightingale, Andrea J. | Gonda, Noemi | Muok, Benard Oula | Eriksen, Siri | Khatri, Dil | Paudel, Dinesh",SUSTAINABILITY SCIENCE,NA,NA,NA
WoS,english,Identifying mindsets for urban sustainability transformation: insights from Urban Labs,NA,10.1007/s11625-023-01437-7,2024,"Guerra, Flavia | Syed, M. Danial",SUSTAINABILITY SCIENCE,NA,NA,NA
WoS,english,"Landscape change and its environmental justice implications for Indigenous and local communities in Tubará, Colombia",NA,10.1007/s11625-025-01675-x,2025,"Gomez de la Rosa, Carrol | Vogt, Kristiina A. | Aldana-Dominguez, Juanita | Scullion, Jason J.",SUSTAINABILITY SCIENCE,NA,NA,NA
WoS,english,Mapping bioclimatic units of Oaxaca in Mexico: A systematic assessment,NA,10.1007/s11629-024-9365-6,2025,"Gonzalez-Perez, Alejandro | Ramirez-Santiago, Gustavo | Quiroz-Ortuno, Yuri | Velazquez, Alejandro | Del Rio, Sara | Mas, Jean F. | Penas, Angel",JOURNAL OF MOUNTAIN SCIENCE,NA,NA,NA
WoS,english,Ecophysiological traits and root fungal associations of six halophytes under two field saline soil conditions,NA,10.1007/s11756-025-02050-y,2025,"Barajas Gonzalez, Jesus Adrian | Carrillo-Gonzalez, Rogelio | Corona Sanchez, Jesus Eulises | Keller De La Rosa, Yersain Ely | Gonzalez-Chavez, Ma. Del Carmen Angeles",BIOLOGIA,NA,NA,NA
WoS,english,The effect of non-optimal ambient temperature on daily mortality in Colombia 2010-2019,NA,10.1007/s11869-025-01782-9,2025,"Borchers-Arriagada, Nicolas | Gasparrini, Antonio | Rodriguez-Villamizar, Laura A.",AIR QUALITY ATMOSPHERE AND HEALTH,NA,NA,NA
WoS,english,Saltwater intrusion simulations in coastal karstic aquifers related to climate change scenarios,NA,10.1007/s12665-024-11899-2,2024,"Canul-Macario, Cesar | Pacheco-Castro, Roger | Hernandez-Espriu, Antonio | Gonzalez-Herrera, Roger | Salles, Paulo",ENVIRONMENTAL EARTH SCIENCES,NA,NA,NA
WoS,english,Climate change scenarios and the increasing severity of thermal extremes in the pampas region,NA,10.1007/s12665-025-12264-7,2025,"Brendel, Andrea Soledad | Ferrelli, Federico | Piccolo, Maria Cintia",ENVIRONMENTAL EARTH SCIENCES,NA,NA,NA
WoS,english,Macroinvertebrate Community Composition in Wetlands of the Desert Southwest is Driven by wastewater-associated Nutrient Loading Despite Differences in Salinity,NA,10.1007/s13157-022-01647-2,2022,"Pina, Anna Elisa | Lougheed, Vanessa L.",WETLANDS,NA,NA,NA
WoS,english,Fire and Wetlands: How <i>Echinodorus Longiscapus</i> Bounces Back Like It Never Left?,NA,10.1007/s13157-025-01995-9,2025,"Bao, Francielli",WETLANDS,NA,NA,NA
WoS,english,"River basin governance enabling pathways for sustainable management: A comparative study between Australia, Brazil, China and France",NA,10.1007/s13280-021-01699-4,2022,"Bouckaert, Frederick Willem | Wei, Yongping | Pittock, James | Vasconcelos, Vitor | Ison, Ray",AMBIO,NA,NA,NA
WoS,english,"Social-ecological system trajectories of peri-urban watersheds based on a spatial analysis of vulnerability components: A case study in Mexico City, 1999-2039",NA,10.1007/s13280-024-02053-0,2024,"Pedraza-Gama, Alejandra | Perevochtchikova, Maria | Galeana-Pizana, J. Mauricio",AMBIO,NA,NA,NA
WoS,english,"In this current wildfire crisis, acknowledge widespread suffering",NA,10.1007/s13280-024-02105-5,2025,"Thacker, Fiona E. Newman | Uyttewaal, Kathleen | Quinones, Tomas | Leemans, Rik | Hannah, Bethany | Stoof, Cathelijne R.",AMBIO,NA,NA,NA
WoS,english,Adaptive restoration planning to enhance water security in a changing climate,NA,10.1007/s13280-025-02184-y,2025,"Conrado-Silva, Luiz | de Niemeyer, Julia | Pires, Aliny P. F.",AMBIO,NA,NA,NA
WoS,english,Climate change vulnerability hotspots in Costa Rica: constructing a sub-national index,NA,10.1007/s13412-023-00831-y,2023,"Nawrotzki, Raphael J. J. | Tebeck, Marina | Harten, Sven | Blankenagel, Venya",JOURNAL OF ENVIRONMENTAL STUDIES AND SCIENCES,NA,NA,NA
WoS,english,Competitive yields in organic and agroforestry cacao cropping systems: results from 15 years of a long-term systems comparison trial in Bolivia,NA,10.1007/s13593-025-01073-8,2025,"Ruegg, Johanna | Saj, Stephane | Schneidewind, Ulf | Milz, Joachim | Schneider, Monika | Armengot, Laura",AGRONOMY FOR SUSTAINABLE DEVELOPMENT,NA,NA,NA
WoS,english,Perceptions About Climate Change in the Brazilian Civil Defense Sector,NA,10.1007/s13753-022-00444-z,2022,"Marchezini, Victor | Londe, Luciana de Resende | Loose, Eloisa Beling | Saito, Silvia Midori | Marengo, Jose A.",INTERNATIONAL JOURNAL OF DISASTER RISK SCIENCE,NA,NA,NA
WoS,english,"Well-to-Wheels emission inventory for the passenger vehicles of Bogota, Colombia",NA,10.1007/s13762-023-04805-z,2023,"Cuellar-Alvarez, Y. | Guevara-Luna, M. A. | Belalcazar-Ceron, L. C. | Clappier, A.",INTERNATIONAL JOURNAL OF ENVIRONMENTAL SCIENCE AND TECHNOLOGY,NA,NA,NA
WoS,english,Impact of rainfed and irrigated agriculture systems on soil carbon stock under different climate scenarios in the semi-arid region of Brazil,NA,10.1007/s40333-022-0092-y,2022,"Carvalho, Andre L. | Araujo-Neto, Renato A. | Lyra, Guilherme B. | Cerri, Carlos E. P. | Maia, Stoecio M. F.",JOURNAL OF ARID LAND,NA,NA,NA
WoS,english,"Air Pollutants in an Intermediate City: Variability and Interactions with Weather and Anthropogenic Elements in Bahia Blanca, Argentina",NA,10.1007/s40710-021-00502-6,2021,"Fernandez, Maria Eugenia | Gentili, Jorge Osvaldo | Campo, Alicia Maria",ENVIRONMENTAL PROCESSES-AN INTERNATIONAL JOURNAL,NA,NA,NA
WoS,english,Prospective scenarios for water sustainability in the Sao Francisco River Basin,NA,10.1007/s40899-023-00845-y,2023,"Bettencourt, Pedro | Fernandes, Pedro Afonso | Fulgencio, Claudia | Canas, Angela | Wasserman, Julio Cesar",SUSTAINABLE WATER RESOURCES MANAGEMENT,NA,NA,NA
WoS,english,Projected Changes in Climate Extremes Using CMIP6 Simulations Over SREX Regions,NA,10.1007/s41748-021-00250-5,2021,"Almazroui, Mansour | Saeed, Fahad | Saeed, Sajjad | Ismail, Muhammad | Ehsan, Muhammad Azhar | Islam, M. Nazrul | Abid, Muhammad Adnan | O'Brien, Enda | Kamil, Shahzad | Rashid, Irfan Ur | Nadeem, Imran",EARTH SYSTEMS AND ENVIRONMENT,NA,NA,NA
WoS,english,Bias Correction in CMIP6 Models Simulations and Projections for Brazil's Climate Assessment,NA,10.1007/s41748-023-00368-8,2024,"Brumatti, Livia Maria | Commar, Luiz Felipe Sant'Anna | Neumann, Nathan de Oliveira | Pires, Gabrielle Ferreira | Avila-Diaz, Alvaro",EARTH SYSTEMS AND ENVIRONMENT,NA,NA,NA
WoS,english,Evaluating Vegetation Greening and Browning across the Rio Grande Basin,NA,10.1007/s41748-025-00756-2,2025,"Talchabhadel, Rocky | Rhodes, Edward C. | Palmate, Santosh S. | Kumar, Saurav",EARTH SYSTEMS AND ENVIRONMENT,NA,NA,NA
WoS,english,Analyzing Maximum Temperature Trends and Extremes in Brazil: A Study of Climate Variability and Anthropogenic Influences from 1960 to 2020,NA,10.1007/s41810-025-00288-2,2026,"de Souza, Amaury | de Medeiros, Elias Silva | de Oliveira-Junior, Jose Francisco | Kumar, Vikram | Gautam, Sneha | Bezerra, Aline Pessoa",AEROSOL SCIENCE AND ENGINEERING,NA,NA,NA
WoS,english,"Relevance of the production system for the sustainability of conservation and breeding programs for the Creole cattle in Pasorapa, Bolivia",NA,10.1007/s43621-022-00085-8,2022,"Bottani-Claros, Gabriela | Jonas, Elisabeth | Strandberg, Erling",DISCOVER SUSTAINABILITY,NA,NA,NA
WoS,english,Evaluating coastal agroecological dynamics using Landsat-derived vegetation and environmental indices embedded in Decision Support System and Monitoring Tools: insights from Guyana towards achieving SDGs,NA,10.1007/s43621-025-01203-y,2025,"Hamer, Esan Ayeni | Oyedotun, Temitope D. Timothy | Nedd, Gordon A.",DISCOVER SUSTAINABILITY,NA,NA,NA
WoS,english,Glowing wonders: exploring the diversity and ecological significance of bioluminescent organisms in Brazil,NA,10.1007/s43630-024-00590-x,2024,"Amaral, Danilo T. | Kaplan, Rachel A. | Takishita, Thais Kaori Enoki | de Souza, Daniel R. | Oliveira, Anderson G. | Rosa, Simone Policena",PHOTOCHEMICAL & PHOTOBIOLOGICAL SCIENCES,NA,NA,NA
WoS,english,How is peri-urban research evolved towards sustainable urban planning in last five decades: a quantitative analysis and systematic review,NA,10.1007/s44243-025-00070-5,2025,"Paul, Sankar | Rout, Sasmita | Behera, Rabi Narayan | Mallick, Suraj Kumar",FRONTIERS OF URBAN AND RURAL PLANNING,NA,NA,NA
WoS,english,A gentle wave before the tsunami: addressing the wicked problem of cities and climate change through a pedagogical evaluation,NA,10.1007/s44243-025-00072-3,2025,"Marin, Marielos Arlen",FRONTIERS OF URBAN AND RURAL PLANNING,NA,NA,NA
WoS,english,New insights on climate change and adaptation research in Brazil: a bibliometric and bibliographic review,NA,10.1007/s44274-024-00067-9,2024,"Chiquetto, Julio Barboza | Nolasco, Marcelo Antunes",DISCOVER ENVIRONMENT,NA,NA,NA
WoS,english,Knock-down resistance to heat stress of Atta cephalotes in urban environments,NA,10.1016/j.actao.2025.104076,2025,"Rengifo-Ruiz, Mauricio | Montoya-Lerma, James | Munoz-Valencia, Vanessa",ACTA OECOLOGICA-INTERNATIONAL JOURNAL OF ECOLOGY,NA,NA,NA
WoS,english,"Against the flow: flooding and its impact on phlebotomine bionomics in the Chaco region, Argentina",NA,10.1016/j.actatropica.2025.107797,2025,"Florencia, Gomez Gallipoliti Sofia | Alejandro, Szelag Enrique | Janinna, Faraone | Miriam, Ellena | Matias, Parras | Daniel, Salomon Oscar | Gabriela, Quintana Maria | Juan, Rosa",ACTA TROPICA,NA,NA,NA
WoS,english,Effects of land cover and habitat condition on the bird community along a gradient of agricultural development within an arid watershed of Chile,NA,10.1016/j.agee.2023.108635,2023,"Petit, Mariangeles | Celis, Cristian | Weideman, Craig | Gouin, Nicolas | Bertin, Angeline",AGRICULTURE ECOSYSTEMS & ENVIRONMENT,NA,NA,NA
WoS,english,Grassland soil carbon dynamics in southern Brazil under different management and edaphoclimatic conditions,NA,10.1016/j.agee.2025.109871,2025,"Daboit, Kelly Tamires Urbano | Rossi, Leticia Sequinatto | Rodrigues, Leonardo Souza | Ciotta, Marlise Nara | Pereira, Gustavo Eduardo | Alves, Carolina Ines Probst | de Sena, Aline Lima | Vieira, Carlos | Bayer, Cimelio | Medeiros, Beatriz Macedo | Baldissera, Tiago Celso",AGRICULTURE ECOSYSTEMS & ENVIRONMENT,NA,NA,NA
WoS,english,"No more double cropping in Mato Grosso, Brazil? Evaluating the potential impact of climate change on the profitability of farm systems",NA,10.1016/j.agsy.2021.103104,2021,"Carauta, Marcelo | Parussis, Julia | Hampf, Anna | Libera, Affonso | Berger, Thomas",AGRICULTURAL SYSTEMS,NA,NA,NA
WoS,english,Information transfer as a tool to improve the resilience of farmers against the effects of climate change: The case of the Peruvian National Agrarian Innovation System,NA,10.1016/j.agsy.2022.103431,2022,"Blazquez-Soriano, Amparo | Ramos-Sandoval, Rosmery",AGRICULTURAL SYSTEMS,NA,NA,NA
WoS,english,Measuring the effect of improved irrigation technologies on irrigated agriculture. A study case in Central Chile,NA,10.1016/j.agwat.2021.107160,2021,"Jordan, Cristian | Donoso, Guillermo | Speelman, Stijn",AGRICULTURAL WATER MANAGEMENT,NA,NA,NA
WoS,english,Community engagement in groundwater management to enhance climate resilience: A comparative study of California and Baja California,NA,10.1016/j.agwat.2025.109925,2025,"Villada-Canela, Mariana | Quandt, Amy | Munoz-Pizza, Dalia Marcela | Reyna, Andres | Garcia-Searcy, Vanesa",AGRICULTURAL WATER MANAGEMENT,NA,NA,NA
WoS,english,Multiscale modeling to optimize thermal performance design for urban social housing: A case study,NA,10.1016/j.applthermaleng.2023.121379,2024,"Sousa Goncalves, Eduarda Lorrany | Braga, Jhonata Lima | Sampaio, Athos de Oliveira | Batista, Vitor dos Santos | da Rocha Menezes, Leonardo Junior | Eli, Leticia Gabriela | Barata, Marcio Santos | Ventura Neto, Raul da Silva | Zemero, Bruno Ramos",APPLIED THERMAL ENGINEERING,NA,NA,NA
WoS,english,Long-term lake water levels in central Chile using satellite altimetry and conceptual hydrological modelling approaches,NA,10.1016/j.asr.2025.05.091,2025,"Pedreros-Guarda, M. | Abarca-del-Rio, R. | Cretaux, J. F. | Paris, A.",ADVANCES IN SPACE RESEARCH,NA,NA,NA
WoS,english,"Aridity and chronic anthropogenic disturbances cause a taxonomic, functional, and phylogenetic homogenization of ant communities in a Caatinga dry forest",NA,10.1016/j.biocon.2023.110151,2023,"Ribeiro-Neto, Jose Domingos | Oliveira, Fernanda Maria Pereira | Arcoverde, Gabriela Burle | Tabarelli, Marcelo | Leal, Inara Roberta | Arnan, Xavier",BIOLOGICAL CONSERVATION,NA,NA,NA
WoS,english,Increasing Brazilian protected areas network is vital in a changing climate,NA,10.1016/j.biocon.2023.110360,2023,"Malecha, Artur | Vale, Mariana M. | Manes, Stella",BIOLOGICAL CONSERVATION,NA,NA,NA
WoS,english,Restoring historical grasslands in a desert national park: Resilience or unrecoverable states in an emerging climate?,NA,10.1016/j.biocon.2023.110387,2024,"Chiquoine, Lindsay P. | Abella, Scott R. | Schelz, Charles D. | Medrano, Michael F. | Fisichelli, Nicholas A.",BIOLOGICAL CONSERVATION,NA,NA,NA
WoS,english,Recovery of local agrobiodiversity after an extreme flood in Amazon floodplains,NA,10.1016/j.biocon.2024.110536,2024,"Avila, Julia Vieira da Cunha | Ticktin, Tamara | Steward, Angela May | Giehl, Eduardo Luis Hettwer | Cantor, Mauricio | Clement, Charles Roland",BIOLOGICAL CONSERVATION,NA,NA,NA
WoS,english,Geodiversity conservation in the Cerrado: Representation of geophysical scenarios in the biome's protected areas network,NA,10.1016/j.biocon.2025.111464,2025,"Silva, Murilo S. | Jardim, Lucas | Terribile, Levi Carina",BIOLOGICAL CONSERVATION,NA,NA,NA
WoS,english,Thermal discomfort and adaptation strategies in Brazilian social housing,NA,10.1016/j.buildenv.2024.112368,2025,"Simoes, Gianna Monteiro Farias | Labaki, Lucila Chebel | Leder, Solange Maria",BUILDING AND ENVIRONMENT,NA,NA,NA
WoS,english,Night-time urban heat exposure: Overheating and thermal resilience of South American bedrooms,NA,10.1016/j.buildenv.2025.113757,2026,"Flores-Larsen, Silvana | Bre, Facundo",BUILDING AND ENVIRONMENT,NA,NA,NA
WoS,english,Anthropogenic drivers of increasing sediment accumulation in contrasting Mexican mangrove ecosystems,NA,10.1016/j.catena.2023.107037,2023,"Jupin, J. L. J. | Ruiz-Fernandez, A. C. | Sifeddine, A. | Sanchez-Cabeza, J. A. | Perez-Bernal, L. H. | Cardoso-Mohedano, J. G. | Gomez-Ponce, M. A. | Flores-Trujillo, J. G.",CATENA,NA,NA,NA
WoS,english,"Climate change impacts on renewable groundwater resources in the andosol-dominated Andean highlands, Ecuador",NA,10.1016/j.catena.2023.107766,2024,"Senent-Aparicio, Javier | Penafiel, Lilia | Alcala, Francisco Javier | Jimeno-Saez, Patricia | Perez-Sanchez, Julio",CATENA,NA,NA,NA
WoS,english,"A comprehensive assessment of greenhouse gas emissions research in the Cerrado region, Brazil",NA,10.1016/j.catena.2024.108538,2024,"Locatelli, Jorge Luiz | Popin, Gustavo Vicentini | Santos, Rafael Silva | Bieluczyk, Wanderlei | Cipriani, Leticia Thomaz | Cherubin, Mauricio Roberto | Cerri, Carlos Eduardo Pellegrino",CATENA,NA,NA,NA
WoS,english,"Temporal variation of thermal sensitivity to global warming: Acclimatization in the guitarist beetle,<i> Megelenophorus</i><i> americanus</i> (Coleoptera: Tenebrionidae) from the Monte Desert",NA,10.1016/j.cbpa.2023.111505,2023,"Aragon-Traverso, Juan Hector | Pinero, Mauricio | Segundo Olivares, Juan Pablo | Sanabria, Eduardo Alfredo",COMPARATIVE BIOCHEMISTRY AND PHYSIOLOGY A-MOLECULAR & INTEGRATIVE PHYSIOLOGY,NA,NA,NA
WoS,english,Recife: A climate action profile,NA,10.1016/j.cities.2021.103270,2021,"de Souza Leao, Eduardo Baltar | Silveira Andrade, Jose Celio | Nascimento, Luis Felipe",CITIES,NA,NA,NA
WoS,english,Salvador: Profile of a resilient city?,NA,10.1016/j.cities.2022.103727,2022,"Silva, Angela Marcia de Andrade | Lazaro, Lira Luz Benites | Andrade, Jose Celio Silveira | Monteiro, Bianca Alighieri Luz | Prado, Angelica Fabiola Rodrigues",CITIES,NA,NA,NA
WoS,english,Reframing affordable housing in Latin America through public health and climate resilience,NA,10.1016/j.cities.2025.106541,2026,"Reis, Rodrigo Siqueira | Leao, Ana Luiza Favarao | Silva, Milena Franco | Neto, Paulo Nascimento | da Silva, Alexandre de Paula | Wang, Yi | Florindo, Alex Antonio",CITIES,NA,NA,NA
WoS,english,"Urban dwellers' adaptive capacity as a socio-psychological process: Insights from Lima, Peru",NA,10.1016/j.crm.2021.100352,2021,"Bossio, Camila Florez | Labbe, Danielle | Ford, James",CLIMATE RISK MANAGEMENT,NA,NA,NA
WoS,english,"A role for municipal governments in leveraging transformative change for urban disaster risk management: The experience of Santa Fe, Argentina, with urban flood risk",NA,10.1016/j.crm.2022.100397,2022,"Filippi, Maria Evangelina",CLIMATE RISK MANAGEMENT,NA,NA,NA
WoS,english,"A reality check for the applicability of comprehensive climate risk assessment and management: Experiences from Peru, India and Austria",NA,10.1016/j.crm.2023.100534,2023,"Hagen, I. | Allen, S. | Bahinipati, C. S. | Frey, H. | Huggel, C. | Karabaczek, V. | Kienberger, S. | Mechler, R. | Petutschnig, L. | Schinko, T.",CLIMATE RISK MANAGEMENT,NA,NA,NA
WoS,english,Climate hazards in Latin American cities: Understanding the role of the social and built environments and barriers to adaptation action,NA,10.1016/j.crm.2024.100625,2024,"Slovic, Anne Dorothee | Indvik, Katherine | Martins, Lucas Soriano | Kephart, Josiah L. | Swanson, Sandra | Quistberg, D. Alex | Moran, Mika | Bakhtsiyarava, Maryia | Zavaleta-Cortijo, Carol | Gouveia, Nelson | Roux, Ana V. Diez",CLIMATE RISK MANAGEMENT,NA,NA,NA
WoS,english,Adaptive capacity management in municipalities in the Semiarid region of Brazil: Application of a composite index,NA,10.1016/j.crm.2025.100696,2025,"dos Santos, Yonara Claudia | Pessoa, Zoraide Souza",CLIMATE RISK MANAGEMENT,NA,NA,NA
WoS,english,"Vulnerability and climate risk assessment in the Ecuadorian Amazon Region, based on ecological and socioeconomic infrastructures",NA,10.1016/j.crm.2025.100736,2025,"Quishpe, Miguel | Acosta-Vargas, Irene | Buenano, Adrian | Rosero, Bryan | Reyes, Maria | Duran, Gustavo | Zalakeviciute, Rasa",CLIMATE RISK MANAGEMENT,NA,NA,NA
WoS,english,Identifying the impact of climate extremes on radial growth in young tropical trees: A comparison of inventory and tree-ring based estimates,NA,10.1016/j.dendro.2024.126237,2024,"Dietrich, Viktoria | Skiadaresis, Georgios | Schnabel, Florian | Leban, Jean-Michel | Potvin, Catherine | Bauhus, Juergen | Schwarz, Julia Annick",DENDROCHRONOLOGIA,NA,NA,NA
WoS,english,Global sorghum production dataset for temperate to subtropical regions at subnational scale over 20 0 0-2020,NA,10.1016/j.dib.2025.111935,2025,"Davoudkhani, Mohsen | Guilpart, Nicolas | Makowski, David | Viovy, Nicolas | Ciais, Philippe | Lauerwald, Ronny",DATA IN BRIEF,NA,NA,NA
WoS,english,"Advanced technological options for sustainable development of energy, water and environment systems upgrade towards climate neutrality",NA,10.1016/j.ecmx.2024.100528,2024,"Garcia, Davide Astiaso | Dionysis, Giannakopoulos | Raskovic, Predrag | Duic, Neven | Al-Nimr, Moh 'd Ahmad",ENERGY CONVERSION AND MANAGEMENT-X,NA,NA,NA
WoS,english,The determinants of common bean variety selection and diversification in Colombia,NA,10.1016/j.ecolecon.2021.107181,2021,"Botero, Hernan | Barnes, Andrew P. | Perez, Lisset | Rios, David | Ramirez-Villegas, Julian",ECOLOGICAL ECONOMICS,NA,NA,NA
WoS,english,Towards the reference ecosystems for quartzitic<i> campo</i><i> rupestre:</i> Floristic composition and soil relationships,NA,10.1016/j.ecoleng.2024.107463,2025,"Cunha-Blum, Jessica | Ramos, Leticia | Negreiros, Daniel | Paiva, Dario C. | Gomes, Vanessa M. | Borges, Leonardo M. | Teles, Aristonio M. | Fernandes, G. Wilson",ECOLOGICAL ENGINEERING,NA,NA,NA
WoS,english,Family farming systems: An index-based approach to the drivers of agroecological principles in the southern Andes,NA,10.1016/j.ecolind.2023.110640,2023,"Cortes, Josefina | Vieli, Lorena | Ibarra, Jose Tomas",ECOLOGICAL INDICATORS,NA,NA,NA
WoS,english,Indicators of thermal alteration in US waters reveal patterns of climate risk at the energy-water nexus,NA,10.1016/j.ecolind.2024.111755,2024,"Jager, Henriette I. | Manning, Karessa | Welch, Jessica Nicole | Corsi, Fabio | Miara, Ariel | Yoon, Hyun Seok | McManamay, Ryan A. | Kao, Shih-Chieh | Kusnierz, Paul C. | Gangrade, Sudershan",ECOLOGICAL INDICATORS,NA,NA,NA
WoS,english,"Socio-ecological systems modelling of coastal urban area under a changing climate - Case study for Ubatuba, Brazil",NA,10.1016/j.ecolmodel.2022.109953,2022,"Oliveira, Bruno M. | Boumans, Roelof | Fath, Brian D. | Harari, Joseph",ECOLOGICAL MODELLING,NA,NA,NA
WoS,english,Extreme temperatures and school performance of the poor: Evidence from Mexico,NA,10.1016/j.econlet.2024.111700,2024,"Arceo-Gomez, Eva O. | Lopez-Feldman, Alejandro",ECONOMICS LETTERS,NA,NA,NA
WoS,english,Vertical accretion rates of mangroves in northeast Brazil: Implications for future responses and management,NA,10.1016/j.ecss.2023.108382,2023,"Ward, Raymond D. | de Lacerda, Luiz Drude | Cerqueira, Aline da Silva | Silva, Vitor Hugo Miro C. | Hernandez, Omar Celis",ESTUARINE COASTAL AND SHELF SCIENCE,NA,NA,NA
WoS,english,The future of water in a desert river basin facing climate change and competing demands: A holistic approach to water sustainability in arid and semi-arid regions,NA,10.1016/j.ejrh.2023.101336,2023,"Hargrove, W. L. | Heyman, J. M. | Mayer, A. | Mirchi, A. | Granados-Olivas, A. | Ganjegunte, G. | Gutzler, D. | Pennington, D. D. | Ward, F. A. | Chavira, L. Garnica | Sheng, Z. | Kumar, S. | Villanueva-Rosales, N. | Walker, W. S.",JOURNAL OF HYDROLOGY-REGIONAL STUDIES,NA,NA,NA
WoS,english,A review of applications of remote sensing for drought studies in the Andes region,NA,10.1016/j.ejrh.2023.101483,2023,"Cullen, Kate Altemus",JOURNAL OF HYDROLOGY-REGIONAL STUDIES,NA,NA,NA
WoS,english,Impacts of a warmer world on space cooling demand in Brazilian households,NA,10.1016/j.enbuild.2020.110696,2021,"Bezerra, Paula | da Silva, Fabio | Cruz, Talita | Mistry, Malcolm | Vasquez-Arroyo, Eveline | Magalar, Leticia | De Cian, Enrica | Lucena, Andre F. P. | Schaeffer, Roberto",ENERGY AND BUILDINGS,NA,NA,NA
WoS,english,Climate change impact on energy savings in mixed-mode ventilation office buildings in Brazil,NA,10.1016/j.enbuild.2024.114418,2024,"Veloso, A. C. O. | Souza, R. V. G.",ENERGY AND BUILDINGS,NA,NA,NA
WoS,english,Dashboard for interpreting future climate files used in the simulation of buildings - An outdoor thermal comfort approach,NA,10.1016/j.enbuild.2024.115059,2025,"Vaz, Igor Cata Martins | Ghisi, Enedir | Thives, Liseane Padilha | Vieira, Abel Silva | Rupp, Ricardo Forgiarini | Schaefer, Aline | Flores, Rafael Almeida | Bastos, Matheus Bruhns | Marinoski, Deivis Luis | Silva, Arthur Santos | Weeber, Max | Invidiata, Andrea",ENERGY AND BUILDINGS,NA,NA,NA
WoS,english,Analyzing water policy impacts on vulnerability: Cases across the rural-urban continuum in the arid Americas,NA,10.1016/j.envdev.2020.100552,2021,"Zuniga-Teran, Adriana A. | Mussetta, Paula C. | Ley, America N. Lutz | Diaz-Caravantes, Rolando E. | Gerlak, Andrea K.",ENVIRONMENTAL DEVELOPMENT,NA,NA,NA
WoS,english,"Participatory scenario planning for sustainable development in San Pedro de Atacama, Chile: Addressing water scarcity and cultural preservation",NA,10.1016/j.envdev.2025.101316,2026,"Salas-Bravo, Sonia | Bodini-Salas, Andres | Araya-Pinones, Angelo",ENVIRONMENTAL DEVELOPMENT,NA,NA,NA
WoS,english,"Impact of rural credit on sustainable transformation of Brazilian agriculture: The case of the Low Carbon Agriculture (LCA) Program in Minas Gerais, Brazil",NA,10.1016/j.envdev.2025.101317,2026,"de Campos, Marcelo Odorizzi | de Camargo, Regina Aparecida Leite | Bassetto, Camila Fernanda | Pissarra, Teresa Cristina Tarle | Cerri, Carlos Eduardo Pellegrino | La Scala Jr, Newton | da Silva, Rouverson Pereira",ENVIRONMENTAL DEVELOPMENT,NA,NA,NA
WoS,english,Projections of excess cardiovascular mortality related to temperature under different climate change scenarios and regionalized climate model simulations in Brazilian cities,NA,10.1016/j.envres.2021.110995,2021,"Silveira, Ismael Henrique | Cortes, Taisa Rodrigues | Alves de Oliveira, Beatriz Fatima | Junger, Washington Leite",ENVIRONMENTAL RESEARCH,NA,NA,NA
WoS,english,Trends and gaps in climate change and health research in North America,NA,10.1016/j.envres.2021.111205,2021,"Harper, S. L. | Cunsolo, A. | Babujee, A. | Coggins, S. | De Jongh, E. | Rusnak, T. | Wright, C. J. | Dominguez Aguilar, M.",ENVIRONMENTAL RESEARCH,NA,NA,NA
WoS,english,"What motivates urban dwellers to adapt to climate-driven water insecurity? An empirical study from Lima, Peru",NA,10.1016/j.envsci.2022.05.009,2022,"Bossio, Camila Florez | Coomes, Oliver T. | Ford, James",ENVIRONMENTAL SCIENCE & POLICY,NA,NA,NA
WoS,english,Sustainability of Costa Rica's water supply under climate change scenarios,NA,10.1016/j.envsci.2022.05.021,2022,"Stan, Kayla D. | Sanchez-Azofeifa, Arturo | Ludwig, Ralf",ENVIRONMENTAL SCIENCE & POLICY,NA,NA,NA
WoS,english,Transformative effectiveness: How EIA can transform stakeholders' frames of reference,NA,10.1016/j.envsci.2022.06.007,2022,"Loomis, John J. | Bond, Alan | Dziedzic, Mauricio",ENVIRONMENTAL SCIENCE & POLICY,NA,NA,NA
WoS,english,Evaluating the impacts of agricultural development and climate change on the water-energy nexus in Santa Elena (Ecuador),NA,10.1016/j.envsci.2023.103656,2024,"Chengot, Rishma | Zylberman, Raphael | Momblanch, Andrea | Salazar, Oswaldo Viteri | Hess, Tim | Knox, Jerry W. | Rey, Dolores",ENVIRONMENTAL SCIENCE & POLICY,NA,NA,NA
WoS,english,Understanding the science-policy interface in urban climate governance from a co-production perspective: Insights from the cases of Hamburg and Sao Paulo,NA,10.1016/j.envsci.2024.103750,2024,"Schmidt, Laura | Feital, Marcela | Cortekar, Jorg | di Giulio, Gabriela | Engels, Anita",ENVIRONMENTAL SCIENCE & POLICY,NA,NA,NA
WoS,english,Climate adaptation in Brazil: Advancements and challenges,NA,10.1016/j.envsci.2024.103888,2024,"Chiquetto, Julio Barboza | Nolasco, Marcelo Antunes",ENVIRONMENTAL SCIENCE & POLICY,NA,NA,NA
WoS,english,Out of flood front areas: Wetland restoration may reduce internal displacement,NA,10.1016/j.envsci.2025.104146,2025,"Moreira, Leonardo Felipe Bairos | Machado, Ibere Farina | Smaniotto, Natalia Paludo | Maltchik, Leonardo",ENVIRONMENTAL SCIENCE & POLICY,NA,NA,NA
WoS,english,Modeling the impact of urban climate transformations in low income housing located in critical climate: A case study,NA,10.1016/j.esd.2025.101653,2025,"da Cunha, Luis Filipe Brasil | Machado, Rayner Mauricio e Silva | da Silva Junior, Jose Ary | Farias, Alessandra de Souza | Barata, Marcio Santos | Zemero, Bruno Ramos",ENERGY FOR SUSTAINABLE DEVELOPMENT,NA,NA,NA
WoS,english,Climate defaults and financial adaptation,NA,10.1016/j.euroecorev.2024.104866,2024,"Phan, Toan | Schwartzman, Felipe",EUROPEAN ECONOMIC REVIEW,NA,NA,NA
WoS,english,Tree species dominance in neotropical savanna aboveground biomass and productivity,NA,10.1016/j.foreco.2021.119430,2021,"Nunes Santos Terra, Marcela de Castro | do Prado-Junior, Jamir Afonso | de Souza, Cleber Rodrigo | Rodrigues Pinto, Luiz Otavio | de Oliveira Silveira, Eduarda Martiniano | Cordeiro, Natielle Gomes | Cirne-Silva, Taina Mamede | Mantovani, Vanessa Alves | Soares Scolforo, Jose Roberto | de Mello, Jose Marcio",FOREST ECOLOGY AND MANAGEMENT,NA,NA,NA
WoS,english,Managing the forest-water nexus for climate change adaptation,NA,10.1016/j.foreco.2022.120545,2022,"Zhang, Mingfang | Liu, Shirong | Jones, Julia | Sun, Ge | Wei, Xiaohua | Ellison, David | Archer, Emma | McNulty, Steve | Asbjornsen, Heidi | Zhang, Zhiqiang | Serengil, Yusuf | Zhang, Meinan | Yu, Zhen | Li, Qiang | Luan, Junwei | Yurtseven, Ibrahim | Hou, Yiping | Deng, Shiyu | Liu, Zipei",FOREST ECOLOGY AND MANAGEMENT,NA,NA,NA
WoS,english,The Time of Emergence (ToE) of the Andean Mediterranean sclerophyllous forest of Quillaja saponaria (Mol.) and Lithraea caustica (mol.) Hox. & Arn,NA,10.1016/j.foreco.2023.121169,2023,"Martinez, David | Chadwick, Cristian | Plaza-Aguilar, Andres",FOREST ECOLOGY AND MANAGEMENT,NA,NA,NA
WoS,english,Relationship between degradation and the structural-functional complexity of subtropical xerophytic forests in the Argentine Wet Chaco,NA,10.1016/j.foreco.2024.121957,2024,"Arnesi, Eugenio Alvarez | Lopez, Dardo R. | Barberis, Ignacio M.",FOREST ECOLOGY AND MANAGEMENT,NA,NA,NA
WoS,english,"Agricultural subsidies augmented tropical deforestation in the state of Campeche, Mexico",NA,10.1016/j.forpol.2025.103525,2025,"Ellis, Edward A. | Castillo, David Chacon | Gomez, Irving Uriel Hernandez | Zubiran, Sergio Madrid | Vega, Sara Maria Cuervo",FOREST POLICY AND ECONOMICS,NA,NA,NA
WoS,english,Aboveground biomass in secondary montane forests in Peru: Slow carbon recovery in agroforestry legacies,NA,10.1016/j.gecco.2021.e01696,2021,"Aragon, Susan | Salinas, Norma | Nina-Quispe, Alex | Huaman Qquellon, Vicky | Rayme Paucar, Gloria | Huaman, Wilfredo | Chambi Porroa, Percy | Olarte, Juliana C. | Cruz, Rudi | Muniz, Julia G. | Salas Yupayccana, Carlos | Boza Espinoza, Tatiana E. | Tito, Richard | Cosio, Eric G. | Roman-Cuesta, Rosa Maria",GLOBAL ECOLOGY AND CONSERVATION,NA,NA,NA
WoS,english,Longitudinal resilience building in self-help settlements: Achieving transformations to unlock adaptations,NA,10.1016/j.geoforum.2021.04.005,2021,"Rivero-Villar, Alejandro",GEOFORUM,NA,NA,NA
WoS,english,"Disaster risk management, or adaptation to climate change? The elaboration of climate policies related to agriculture in Colombia",NA,10.1016/j.geoforum.2022.02.012,2022,"Howland, Fanny | Le Coq, Jean Francois",GEOFORUM,NA,NA,NA
WoS,english,Education for disaster resilience: Lessons from El Nino,NA,10.1016/j.geoforum.2023.103919,2024,"Bell, Iona | Laurie, Nina | Calle, Oliver | Carmen, Maria | Valdez, Amanda",GEOFORUM,NA,NA,NA
WoS,english,Extreme rain event highlights the lack of governance to face climate change in the Southeastern coast of Brazil,NA,10.1016/j.geosus.2023.11.001,2024,"Ferreira, M. L.",GEOGRAPHY AND SUSTAINABILITY,NA,NA,NA
WoS,english,"Agriculture, irrigation and drought induced international migration: Evidence from Mexico",NA,10.1016/j.gloenvcha.2022.102548,2022,"Fishman, Ram | Li, Shan",GLOBAL ENVIRONMENTAL CHANGE-HUMAN AND POLICY DIMENSIONS,NA,NA,NA
WoS,english,Social capital as a policy catalyst: Enhancing municipal investment in climate risk reduction and adaptation,NA,10.1016/j.gloenvcha.2025.103041,2025,"Neudorfer, Pablo | Valdivieso, Patricio",GLOBAL ENVIRONMENTAL CHANGE-HUMAN AND POLICY DIMENSIONS,NA,NA,NA
WoS,english,Community genetics of the key plant species Carex gayana in high Andean wetlands and conservation implications,NA,10.1016/j.gloplacha.2023.104286,2023,"Bertin, Angeline | Petit, Mariangeles | Notte, Ana Maria | Espinosa, Mara I. | Gouin, Nicolas",GLOBAL AND PLANETARY CHANGE,NA,NA,NA
WoS,english,"Aquifers and climate: Incentives, information and institutions",NA,10.1016/j.gsd.2022.100900,2023,"Asprilla-Echeverria, John M.",GROUNDWATER FOR SUSTAINABLE DEVELOPMENT,NA,NA,NA
WoS,english,Are leading urban centers predisposed to global risks- An analysis of the global south from COVID-19 perspective,NA,10.1016/j.habitatint.2022.102517,2022,"Shekhar, Himanshu | Rautela, Malvika | Maqsood, Mehmooda | Paris, Ricardo | de Leon, Rafael Maximiliano Flores | Romero-Aguirre, Maria Fernanda | Balinos, Marygrace | Velazquez, Mariana Estrada | Amri, Gita Salehi | Rahman, Tamanna | Asuah, Augustine Yaw | Hosni, Jilan | Rahman, Shahinoor",HABITAT INTERNATIONAL,NA,NA,NA
WoS,english,"The role of colonial pasts in shaping climate futures: Adaptive capacity in Georgetown, Guyana",NA,10.1016/j.habitatint.2023.102902,2023,"Robinson, Stacy-ann | Douma, Allison | Poore, Tiffany | Singh, Kabir",HABITAT INTERNATIONAL,NA,NA,NA
WoS,english,"A MODIS-based scalable remote sensing method to estimate sowing and harvest dates of soybean crops in Mato Grosso, Brazil",NA,10.1016/j.heliyon.2021.e07436,2021,"Zhang, Minghui | Abrahao, Gabriel | Cohn, Avery | Campolo, Jake | Thompson, Sally",HELIYON,NA,NA,NA
WoS,english,Effect of street trees shade on perceived thermal comfort in a south temperate climate: The sidewalks of Montevideo (Uruguay),NA,10.1016/j.heliyon.2024.e32762,2024,"Terrani, Emilio | Piccion, Alicia | Bentancur, Oscar | Cruz, Gabriela",HELIYON,NA,NA,NA
WoS,english,How does social capital shape the response to environmental disturbances at the local level? Evidence from case studies in Mexico,NA,10.1016/j.ijdrr.2020.101951,2021,"Cohen-Salgado, Daniel | Garcia-Frapolli, Eduardo | Mora, Francisco | Crick, Florence",INTERNATIONAL JOURNAL OF DISASTER RISK REDUCTION,NA,NA,NA
WoS,english,Terminology of natural hazards and disasters: A review and the case of Brazil,NA,10.1016/j.ijdrr.2020.101970,2021,"Omena Monte, Benicio Emanoel | Goldenfum, Joel Avruch | Michel, Gean Paulo | de Albuquerque Cavalcanti, Jose Rafael",INTERNATIONAL JOURNAL OF DISASTER RISK REDUCTION,NA,NA,NA
WoS,english,Social and environmental dimensions of drought in Mexico: An integrative review,NA,10.1016/j.ijdrr.2021.102067,2021,"Dobler-Morales, Carlos | Bocco, Gerardo",INTERNATIONAL JOURNAL OF DISASTER RISK REDUCTION,NA,NA,NA
WoS,english,"Does climate change cause disasters? How citizens, academics, and leaders explain climate-related risk and disasters in Latin America and the Caribbean",NA,10.1016/j.ijdrr.2021.102173,2021,"Lizarralde, Gonzalo | Bornstein, Lisa | Robertson, Melanie | Gould, Kevin | Herazo, Benjamin | Petter, Anne-Marie | Paez, Holmes | Diaz, Julia Helena | Olivera, Andres | Gonzalez, Gonzalo | Lopez, Oswaldo | Lopez, Adriana | Ascui, Hernan | Burdiles, Roberto | Bouchereau, Karine",INTERNATIONAL JOURNAL OF DISASTER RISK REDUCTION,NA,NA,NA
WoS,english,Flood affectedness and household adaptation measures in rural northern Chile: A cross-sectional study in the Upper Huasco Valley,NA,10.1016/j.ijdrr.2021.102499,2021,"Meltzer, Laura | Dame, Juliane | Gabrysch, Sabine",INTERNATIONAL JOURNAL OF DISASTER RISK REDUCTION,NA,NA,NA
WoS,english,Assessing climate change risk: An index proposal for Mexico City,NA,10.1016/j.ijdrr.2021.102549,2021,"Fernanda Mac Gregor-Gaona, Maria | Angles-Hernandez, Marisol | Guibrunet, Louise | Zambrano-Gonzalez, Luis",INTERNATIONAL JOURNAL OF DISASTER RISK REDUCTION,NA,NA,NA
WoS,english,A comparison of social vulnerability indices specific to flooding in Ecuador: principal component analysis (PCA) and expert knowledge,NA,10.1016/j.ijdrr.2022.102897,2022,"Bucherie, Agathe | Hultquist, Carolynne | Adamo, Susana | Neely, Colleen | Ayala, Fernanda | Bazo, Juan | Kruczkiewicz, Andrew",INTERNATIONAL JOURNAL OF DISASTER RISK REDUCTION,NA,NA,NA
WoS,english,Incorporating social innovations in the elaboration of disaster risk mitigation policies,NA,10.1016/j.ijdrr.2022.103450,2023,"Trejo-Rangel, Miguel Angel | Marchezini, Victor | Rodriguez, Daniel Andres | dos Santos, Daniel Messias | Gabos, Marina | de Paula, Aloisio Lelis | Santos, Eduardo | do Amaral, Fernando Sampaio",INTERNATIONAL JOURNAL OF DISASTER RISK REDUCTION,NA,NA,NA
WoS,english,Denaturalizing climate change: Environmental injustice and social vulnerability in contexts of socio-spatial segregation in Mexico,NA,10.1016/j.ijdrr.2023.103802,2023,"Castro, Juan Alberto Gran",INTERNATIONAL JOURNAL OF DISASTER RISK REDUCTION,NA,NA,NA
WoS,english,Holistic evaluation of climate risk to prioritise adaptation measures for ecosystems,NA,10.1016/j.ijdrr.2024.104593,2024,"Norena, Sthefania Grajales | Bernal, Gabriel | Cardona, Omar Dario | Rincon, David Felipe | Carreno, Martha Liliana",INTERNATIONAL JOURNAL OF DISASTER RISK REDUCTION,NA,NA,NA
WoS,english,"Community resilience to socio-environmental disasters in Itajai Valley, Brazil",NA,10.1016/j.ijdrr.2024.104828,2024,"Mello, Bruno Jandir | Souza, Cristiane Mansur de Moraes | Kantamaneni, Komali | Wilhelm, Ivonei Jose | Silva, Jose Irivaldo Alves Oliveira | Martendal, Anandra Gorges | Bhattacharya-Mis, Namrata",INTERNATIONAL JOURNAL OF DISASTER RISK REDUCTION,NA,NA,NA
WoS,english,Coastal resilience and adaptation strategies: Natural habitats for coastal protection and Atlantic forest restoration on the coast of the Rio de Janeiro state,NA,10.1016/j.ijdrr.2024.104861,2024,"Henud, Igor Rodrigues | Povoa, Alain Alves | Tavares, Mariana Gonsalves | Soares-Gomes, Abilio",INTERNATIONAL JOURNAL OF DISASTER RISK REDUCTION,NA,NA,NA
WoS,english,"Between catastrophes and politics: Unraveling the web of disasters, climate change, and public strategies for a sustainable future",NA,10.1016/j.ijdrr.2025.105210,2025,"Silva, Bianca Lima | da Silva, Wesley Vieira | da Silva, Luciana Santos Costa Vieira | Aguiar, Joao Carlos Belarmino | Silva, Robson de Farias | da Cruz, Nicholas Joseph Tavares | da Veiga, Claudimar Pereira",INTERNATIONAL JOURNAL OF DISASTER RISK REDUCTION,NA,NA,NA
WoS,english,Are hurricane-driven forest management decisions coupled with rising urbanization affecting the forest carbon dynamics in the Gulf of Mexico? A case study from Perdido watershed in the Panhandle Florida,NA,10.1016/j.ijdrr.2025.105273,2025,"Alam, Asiful | Dwivedi, Puneet",INTERNATIONAL JOURNAL OF DISASTER RISK REDUCTION,NA,NA,NA
WoS,english,"Island communities and sea level rise: Resettlement and maladaptation, the Kuna people of Isberyala, Panama",NA,10.1016/j.ijdrr.2025.105313,2025,"Delgado, Lourdes Galindo | Sanchez, Francisco Garcia",INTERNATIONAL JOURNAL OF DISASTER RISK REDUCTION,NA,NA,NA
WoS,english,"Rainfall shocks push people away from the poverty line, making them poorer: Evidence from urban Ecuador",NA,10.1016/j.ijdrr.2025.105539,2025,"Pinto, Maria Cristhina Llerena | Mirzabaev, Alisher",INTERNATIONAL JOURNAL OF DISASTER RISK REDUCTION,NA,NA,NA
WoS,english,"Unintended consequences of public policies in increasing risk: the safe development paradox in the Revo<acute accent>lver basin, Brazil",NA,10.1016/j.ijdrr.2025.105697,2025,"Fusinato, Emanuel | Han, Sungju | Kobiyama, Masato | de Brito, Mariana Madruga",INTERNATIONAL JOURNAL OF DISASTER RISK REDUCTION,NA,NA,NA
WoS,english,IMM: An Integrated Maturity Model for enhancing disaster resilience: A comparative analysis and framework proposal,NA,10.1016/j.ijdrr.2025.105781,2025,"Gacitua, Ricardo",INTERNATIONAL JOURNAL OF DISASTER RISK REDUCTION,NA,NA,NA
WoS,english,Tourism enterprises capacities to face coastal exposure in Yucatan coast of Mexico,NA,10.1016/j.ijdrr.2025.105964,2026,"de Yta-Castillo, D. | Cuevas-Jimenez, A. | Vidal-Hernandez, L. | Avila-Foucat, V. S.",INTERNATIONAL JOURNAL OF DISASTER RISK REDUCTION,NA,NA,NA
WoS,english,"Spatiotemporal patterns of secondary vegetation dynamics and potential regional drivers in Para state, Brazilian Amazon",NA,10.1016/j.indic.2025.100993,2025,"Pedrollo, Camilo Tomazini | Bezerra, Francisco Gilney | de Aguiar, Ana Paula Dutra | Stupak, Inge",ENVIRONMENTAL AND SUSTAINABILITY INDICATORS,NA,NA,NA
WoS,english,Shared insights for heat health risk adaptation in metropolitan areas of developing countries,NA,10.1016/j.isci.2024.109728,2024,"Yu, Wenbo | Yang, Jun | Sun, Dongqi | Xue, Bing | Sun, Wei | Ren, Jiayi | Yu, Huisheng | Xiao, Xiangming | Xia, Jianhong (Cecilia) | Li, Xueming",ISCIENCE,NA,NA,NA
WoS,english,Modeling Archaic land use and mobility in north-central Belize,NA,10.1016/j.jaa.2024.101583,2024,"Burg, Marieka Brouwer | Harrison-Buck, Eleanor",JOURNAL OF ANTHROPOLOGICAL ARCHAEOLOGY,NA,NA,NA
WoS,english,Bioclimatic stress index: A tool to evaluate climate change impact on Mediterranean arid ecosystems,NA,10.1016/j.jaridenv.2025.105376,2025,"Santibanez, P. | Zamora, R. | Franchi, J. | Montaner-Fernandez, D. | Santibanez, F.",JOURNAL OF ARID ENVIRONMENTS,NA,NA,NA
WoS,english,Mitigating climate shocks requires understanding local perceptions: Long-term benefits of regional hurricanes outweigh short-term damages for traditional ranchers in Baja California Sur,NA,10.1016/j.jaridenv.2025.105408,2025,"Macfarlan, Shane J. | Davis, Connor A. | Yerman, Anahi | Higuera, Francisco Javier Landeros | Leon, Sandra Guadalupe Amador | de la Toba, Pablo Romero | Vanderplank, Sula",JOURNAL OF ARID ENVIRONMENTS,NA,NA,NA
WoS,english,From structure to strategy: A remote sensing-based approach for sustainable use planning in Neltuma flexuosa DC. forests of Argentina's Monte,NA,10.1016/j.jaridenv.2025.105497,2026,"Laudecina, Anabela | Alvarez, Juan A. | Guida-Johnson, Barbara | Torres, Laura M.",JOURNAL OF ARID ENVIRONMENTS,NA,NA,NA
WoS,english,Wind and greenery effects in attenuating heat stress: A case study,NA,10.1016/j.jclepro.2021.125919,2021,"Feitosa, Renato Castiglia | Wilkinson, Sara J. | Oliveira, Beatriz | Hacon, Sandra",JOURNAL OF CLEANER PRODUCTION,NA,NA,NA
WoS,english,"Optimization of water allocation networks in highly engineered basins: The case of Guandu River basin, Rio de Janeiro State, Brazil",NA,10.1016/j.jclepro.2022.131787,2022,"Saucedo-Ramirez, O. A. | Mahlknecht, Juergen | Gonzalez-Bravo, Ramon",JOURNAL OF CLEANER PRODUCTION,NA,NA,NA
WoS,english,On the sustainability of paddy rice cultivation in the Paraiba do Sul river basin (Brazil) under a changing climate,NA,10.1016/j.jclepro.2022.135760,2023,"Martins, Minella A. | Tomasella, Javier | Bassanelli, Helio R. | Paiva, Ana Carolina E. | Vieira, Rita Marcia S. P. | Canamary, Erica A. | Alvarenga, Livia A.",JOURNAL OF CLEANER PRODUCTION,NA,NA,NA
WoS,english,Thermal stress and financial distress: Extreme temperatures and firms' loan defaults in Mexico,NA,10.1016/j.jdeveco.2023.103246,2024,"Aguilar-Gomez, Sandra | Gutierrez, Emilio | Heres, David | Jaume, David | Tobal, Martin",JOURNAL OF DEVELOPMENT ECONOMICS,NA,NA,NA
WoS,english,"Confined to stay: Migration restrictions, natural disasters, and poverty",NA,10.1016/j.jdeveco.2025.103605,2026,"Cinque, Andrea | Gehrke, Esther | Reiners, Lennart",JOURNAL OF DEVELOPMENT ECONOMICS,NA,NA,NA
WoS,english,Capturing and analysing heterogeneity in residential greywater reuse preferences using a latent class model,NA,10.1016/j.jenvman.2020.111673,2021,"Amaris, Gloria | Gironas, Jorge | Hess, Stephane | Ortuzar, Juan de Dios",JOURNAL OF ENVIRONMENTAL MANAGEMENT,NA,NA,NA
WoS,english,Exploring the multidimensional effects of human activity and land cover on fire occurrence for territorial planning,NA,10.1016/j.jenvman.2021.113428,2021,"Carrasco, Jaime | Acuna, Mauricio | Miranda, Alejandro | Alfaro, Gabriela | Pais, Cristobal | Weintraub, Andres",JOURNAL OF ENVIRONMENTAL MANAGEMENT,NA,NA,NA
WoS,english,Assessing tradeoffs in the design of climate change adaptation strategies for water utilities in Chile,NA,10.1016/j.jenvman.2021.114035,2022,"Ricalde, Inigo | Vicuna, Sebastian | Melo, Oscar | Tomlinson, James E. | Harou, Julien J. | Characklis, Greg",JOURNAL OF ENVIRONMENTAL MANAGEMENT,NA,NA,NA
WoS,english,Climate change and land cover effects on water yield in a subtropical watershed spanning the yungas-chaco transition of Argentina,NA,10.1016/j.jenvman.2024.120808,2024,"Nunez, Joaquin A. | Aguiar, Sebastian | Jobbagy, Esteban G. | Jimenez, Yohana G. | Baldassini, Pablo",JOURNAL OF ENVIRONMENTAL MANAGEMENT,NA,NA,NA
WoS,english,A multimethod approach for building climate literacy and a climate portal in the context of spatial regional planning in northern Patagonia,NA,10.1016/j.jenvman.2025.125397,2025,"Pineda, Claudio Pareja | Salazar, Alvaro | Acuna, Maria Paz | Melgar, Diego Ocampo | Sepulveda, Maria Ester | Bravo, Francisco",JOURNAL OF ENVIRONMENTAL MANAGEMENT,NA,NA,NA
WoS,english,Simulating climate change impacts on soil carbon storage in agroecosystems from Brazilian drylands,NA,10.1016/j.jenvman.2025.128462,2026,"Greschuk, Lucas T. | Ogle, Stephen | Locatelli, Jorge L. | Gurung, Ram B. | Schiebelbein, Bruna E. | Signor, Diana | Tonucci, Rafael G. | Frazao, Leidivan A. | Cherubin, Mauricio R.",JOURNAL OF ENVIRONMENTAL MANAGEMENT,NA,NA,NA
WoS,english,Expanding self-determination theory: Examining the role of nature relatedness in agroforestry adoption among Indigenous landholders in Mexico,NA,10.1016/j.jenvp.2025.102732,2025,"Winkler-Schor, Sophia | van Riper, Carena J. | Ezzine-de-Blas, Driss | Naughton-Treves, Lisa",JOURNAL OF ENVIRONMENTAL PSYCHOLOGY,NA,NA,NA
WoS,english,Disentangling the effect of future land use strategies and climate change on streamflow in a Mediterranean catchment dominated by tree plantations,NA,10.1016/j.jhydrol.2021.126047,2021,"Galleguillos, Mauricio | Gimeno, Fernando | Puelma, Cristobal | Zambrano-Bigiarini, Mauricio | Lara, Antonio | Rojas, Maisa",JOURNAL OF HYDROLOGY,NA,NA,NA
WoS,english,Developing an open-source flood forecasting system adapted to data-scarce regions: A digital twin coupled with hydrologic-hydrodynamic simulations,NA,10.1016/j.jhydrol.2024.131929,2024,"Rapalo, Luis M. C. | Gomes Jr, Marcus N. | Mendiondo, Eduardo M.",JOURNAL OF HYDROLOGY,NA,NA,NA
WoS,english,Risk-based stormwater fragility curves for urbanized coastal flooding,NA,10.1016/j.jhydrol.2025.133436,2025,"Shrestha, Ashish | Chini, Christopher M.",JOURNAL OF HYDROLOGY,NA,NA,NA
WoS,english,The role of estuarine macrofaunal patterns for the management of marine protected areas in a changing world,NA,10.1016/j.jnc.2021.126042,2021,"Laurino, Ivan R. A. | Serafini, Thiago Z. | Costa, Tania M. | Christofoletti, Ronaldo A.",JOURNAL FOR NATURE CONSERVATION,NA,NA,NA
WoS,english,Impact of climate change on indoor conditions of social residence in Brazil: assessing occupants' vulnerability,NA,10.1016/j.jobe.2025.113810,2025,"da Guarda, Emeli Lalesca Aparecida | Mizgier, Martin Ordenes | Neto, Alberto Hernadez",JOURNAL OF BUILDING ENGINEERING,NA,NA,NA
WoS,english,Actor-network theory and organizational resilience to climate change in community-based tourism,NA,10.1016/j.jort.2021.100483,2022,"Deason, Ginger | Seekamp, Erin | Barbieri, Carla",JOURNAL OF OUTDOOR RECREATION AND TOURISM-RESEARCH PLANNING AND MANAGEMENT,NA,NA,NA
WoS,english,Proteomic and transcriptomic analyses reveal new insights into allergens in Ligustrum lucidum pollen,NA,10.1016/j.jprot.2025.105520,2025,"Vizuet-de-Rueda, Juan Carlos | Montero-Vargas, Josaphat M. | Lopez-Calleja, Alberto C. | Manriquez-Ventura, Maria Z. T. | Teran, Luis M.",JOURNAL OF PROTEOMICS,NA,NA,NA
WoS,english,"Agroforestry transitions: The good, the bad and the ugly",NA,10.1016/j.jrurstud.2021.01.016,2021,"Ollinaho, Ossi I. | Kroger, Markus",JOURNAL OF RURAL STUDIES,NA,NA,NA
WoS,english,Rural outmigration in Northeast Brazil: Evidence from shared socioeconomic pathways and climate change scenarios,NA,10.1016/j.jrurstud.2022.03.004,2022,"Delazeri, Linda Marcia Mendes | Da Cunha, Denis Antonio | Vicerra, Paolo Miguel Manalang | Oliveira, Lais Rosa",JOURNAL OF RURAL STUDIES,NA,NA,NA
WoS,english,Becoming a 'good producer' in the agri-environmental project economy,NA,10.1016/j.jrurstud.2022.10.025,2022,"Delucchi, Adriana Suarez | Sachet, Erwan | Chavarro, Monica Juliana | Escobar, Maria Paula",JOURNAL OF RURAL STUDIES,NA,NA,NA
WoS,english,Drivers of farmers' adaptive behavior to climate change: The 3F-SEC framework,NA,10.1016/j.jrurstud.2024.103343,2024,"Cano, Alexander | Campos, Bente Castro",JOURNAL OF RURAL STUDIES,NA,NA,NA
WoS,english,The role of family in shaping adaptation and adaptive capacity in small-scale fishing communities: The yellow clam fishers in Uruguay,NA,10.1016/j.jrurstud.2025.103601,2025,"El-Shayeb, Farah | Pittman, Jeremy | Jorge-Romero, Gabriela | Gianelli, Ignacio | Defeo, Omar",JOURNAL OF RURAL STUDIES,NA,NA,NA
WoS,english,Dynamic coastal vulnerability index: A machine learning approach to predict future impacts of climate change and human activity on coastal environments,NA,10.1016/j.jsames.2025.105692,2025,"Vadivel, M. | Sundar, Ar S. | Venkataradhakrishnamurty | Soundararajan, M. | Rajan, Dineshkumar | Priya, V.",JOURNAL OF SOUTH AMERICAN EARTH SCIENCES,NA,NA,NA
WoS,english,How will climate change impact fossorial lizard species? Two examples in the Baja California Peninsula,NA,10.1016/j.jtherbio.2020.102811,2021,"Lara-Resendiz, Rafael A. | Galina-Tessaro, Patricia | Sinervo, Barry | Miles, Donald B. | Valdez-Villavicencio, Jorge H. | Valle-Jimenez, Fernando, I | Mendez-de La Cruz, Fausto R.",JOURNAL OF THERMAL BIOLOGY,NA,NA,NA
WoS,english,Can upwelling regions be potential thermal refugia for marine fishes during climate warming?,NA,10.1016/j.jtherbio.2024.103893,2024,"Angeles-Gonzalez, Luis Enrique | Torrejon-Magallanes, Josymar | Escamilla-Ake, Angel | Osorio-Olverano, Luis | Avendano, Otilio | Diaz, Fernando | Rosas, Carlos",JOURNAL OF THERMAL BIOLOGY,NA,NA,NA
WoS,english,The 2023 Latin America report of the Lancet Countdown on health and climate change: the imperative for health-centred climate-resilient development,NA,10.1016/j.lana.2024.100746,2024,"Hartinger, Stella M. | Palmeiro-Silva, Yasna K. | Llerena-Cayo, Camila | Blanco-Villafuerte, Luciana | Escobar, Luis E. | Diaz, Avriel | Sarmiento, Juliana Helo | Lescano, Andres G. | Melo, Oscar | Rojas-Rueda, David | Takahashi, Bruno | Callaghan, Max | Chesini, Francisco | Dasgupta, Shouro | Posse, Carolina Gil | Gouveia, Nelson | de Carvalho, Aline Martins | Miranda-Chacon, Zaray | Mohajeri, Nahid | Pantoja, Chrissie | Robinson, Elizabeth J. Z. | Salas, Maria Fernanda | Santiago, Raquel | Sauma, Enzo | Santos-Vega, Mauricio | Scamman, Daniel | Sergeeva, Milena | de Camargo, Tatiana Souza | Sorensen, Cecilia | Umana, Juan D. | Yglesias-Gonzalez, Marisol | Walawender, Maria | Buss, Daniel | Romanello, Marina",LANCET REGIONAL HEALTH-AMERICAS,NA,NA,NA
WoS,english,"Fostering leadership and gender equality in climate action among underserved, rural and Indigenous women: a qualitative exploration of opportunities and limitations in Peru",NA,10.1016/j.lana.2025.101109,2025,"Flores, Elaine C. | Flores, Annie F. | Abarca-Diaz, Blenda | Camizan-Castro, Roberto | Mendoza-Lozada, Edinson | Ortiz-Contreras, Floro | Kakuma, Ritsuko",LANCET REGIONAL HEALTH-AMERICAS,NA,NA,NA
WoS,english,Endangered Lomas plant communities and their potential on green roofs in Peru,NA,10.1016/j.landurbplan.2024.105061,2024,"Flores, Sofia | Van Meerbeek, Koenraad",LANDSCAPE AND URBAN PLANNING,NA,NA,NA
WoS,english,Linking migration to community resilience in the receiving basin of a large-scale water transfer project,NA,10.1016/j.landusepol.2021.105900,2022,"Erwin, Anna | Ma, Zhao | Popovici, Ruxandra | O'Brien, Emma Patricia Salas | Zanotti, Laura A. | Silva, Chelsea | Zeballos, Eliseo Zeballos | Bauchet, Jonathan | Calderon, Nelly Ramirez | Larrea, Glenn Roberto Arce",LAND USE POLICY,NA,NA,NA
WoS,english,Obstacles and opportunities for implementing a policy-mix for ecosystem-based adaptation to climate change in Brazil's Caatinga,NA,10.1016/j.landusepol.2022.106385,2022,"Niemeyer, Julia | Vale, Mariana M.",LAND USE POLICY,NA,NA,NA
WoS,english,Beyond the agro-export boom: The challenges of land concentration and fragmentation in Chile,NA,10.1016/j.landusepol.2025.107624,2025,"Villavicencio-Pinto, Eduardo",LAND USE POLICY,NA,NA,NA
WoS,english,"Land use transitions and the decline of family farming in Southeastern Brazil: Patterns, pressures, and environmental trade-offs",NA,10.1016/j.landusepol.2025.107802,2025,"de Oliveira, Renata Evangelista | de Magalhaes, Leonardo Pinto | Gallo, Anderson de Souza | de Oliveira, Julia Alves | Sais, Adriana Cavalieri",LAND USE POLICY,NA,NA,NA
WoS,english,Global evolution of ecosystem services research in watersheds: Insights from large language models,NA,10.1016/j.landusepol.2025.107849,2026,"Zhang, Zhonghao | He, Zegui | Su, Kexin | Wu, Shuyao | Liu, Lumeng",LAND USE POLICY,NA,NA,NA
WoS,english,Governance as a determinant of land use decisions in strategic basins of the Colombian Andes,NA,10.1016/j.landusepol.2025.107889,2026,"Diez-Echavarria, Luisa | Villegas-Palacio, Clara | Arango-Aramburo, Santiago",LAND USE POLICY,NA,NA,NA
WoS,english,Ecosystem-based management for kelp forest ecosystems,NA,10.1016/j.marpol.2021.104919,2022,"Hamilton, Sara L. | Gleason, Mary G. | Godoy, Natalio | Eddy, Norah | Grorud-Colvert, Kirsten",MARINE POLICY,NA,NA,NA
WoS,english,Exploring the contribution of climate change policies to integrated coastal zone management in Brazil,NA,10.1016/j.marpol.2022.105180,2022,"de Lima, Andre de Souza | Scherer, Marinez Eymael Garcia | Gandra, Tiago Borges Ribeiro | Bonetti, Jarbas",MARINE POLICY,NA,NA,NA
WoS,english,"Public policy instruments coherence analysis to address coastal risk in Yucatan, Mexico",NA,10.1016/j.marpol.2024.106280,2024,"Vidal-Hernandez, L. | Cuevas-Jimenez, A. | de Yta-Castillo, D. | Avila-Foucat, V. S. | Espejel, Ileana",MARINE POLICY,NA,NA,NA
WoS,english,"Facing oceanographic, fisheries, and governance hotspots: Scientific evidence and policy implications from the southwest South Atlantic Ocean",NA,10.1016/j.marpol.2024.106584,2025,"Defeo, Omar | Franco, Barbara C. | Piola, Alberto R. | Buratti, Claudio C. | Cardoso, Luis Gustavo | Cortes, Federico | Gianelli, Ignacio | Giorgini, Micaela | Jorge-Romero, Gabriela | Lercari, Diego | Meerhoff, Erika | Ortega, Leonardo | Perez, Jose Angel Alvarez | Prandoni, Nicolas | Sant'Ana, Rodrigo",MARINE POLICY,NA,NA,NA
WoS,english,"Deriving targeted intervention packages of nature-based solutions for climate change adaptation and disaster risk reduction: A geospatial multi-criteria approach for building resilience in the Puna region, Peru",NA,10.1016/j.nbsj.2023.100090,2023,"Roa, Oscar Higuera | Cotti, Davide | Aste, Natalia | Bustillos-Ardaya, Alicia | Schneiderbauer, Stefan | Soto, Ignacio Tourino | Roman-Danobeytia, Francisco | Walz, Yvonne",NATURE-BASED SOLUTIONS,NA,NA,NA
WoS,english,"Nature-based solutions for climate change adaptation and resilience in urban informal settlements: Insights from kibera, kenya and Villa 20, Argentina",NA,10.1016/j.nbsj.2025.100216,2025,"Kibii, Caroline | Guerra, Flavia | Bananayo, Philip Bonera | Sandholz, Simone",NATURE-BASED SOLUTIONS,NA,NA,NA
WoS,english,Climate change-induced shifts in landslide susceptibility in Sao Sebastiao (southeastern Brazil),NA,10.1016/j.nhres.2024.11.005,2025,"Alcantara, Enner | Baiao, Cheila Flavia | Guimaraes, Yasmim Carvalho | Marengo, Jose Antonio | Mantovani, Jose Roberto",NATURAL HAZARDS RESEARCH,NA,NA,NA
WoS,english,2024 Brazil floods: Mapping the extent and impacts in Eastern Rio Grande do Sul using geospatial techniques,NA,10.1016/j.nhres.2025.03.011,2025,"Rathore, Jitender | Kumari, Sheetal | Tripathy, Pratyush | Mahto, Shanti Shwarup | Lal, Preet",NATURAL HAZARDS RESEARCH,NA,NA,NA
WoS,english,"Challenges to climate change adaptation in coastal small towns: Examples from Ghana, Uruguay, Finland, Denmark, and Alaska",NA,10.1016/j.ocecoaman.2021.105787,2021,"Fitton, James M. | Addo, Kwasi Appeaning | Jayson-Quashigah, Philip-Neri | Nagy, Gustavo J. | Gutierrez, Ofelia | Panario, Daniel | Carro, Inti | Seijo, Leo | Segura, Carolina | Verocai, Jose E. | Luoma, Samrit | Klein, Johannes | Zhang, Ting-Ting | Birchall, Jeff | Stempel, Peter",OCEAN & COASTAL MANAGEMENT,NA,NA,NA
WoS,english,Sources and discharge of nitrogen pollution from agriculture and wastewater in the Mesoamerican Reef region,NA,10.1016/j.ocecoaman.2022.106269,2022,"Berger, Madeline | Canty, Steven W. J. | Tuholske, Cascade | Halpern, Benjamin S.",OCEAN & COASTAL MANAGEMENT,NA,NA,NA
WoS,english,Nature as a solution for shoreline protection against coastal risks associated with ongoing sea-level rise,NA,10.1016/j.ocecoaman.2023.106487,2023,"Manes, Stella | Gama-Maia, Danielle | Vaz, Stephanie | Pires, Aliny P. F. | Tardin, Rodrigo H. | Maricato, Guilherme | Bezerra, Denilson da S. | Vale, Mariana M.",OCEAN & COASTAL MANAGEMENT,NA,NA,NA
WoS,english,Identifying local priorities for adaptation to sea level rise via stated preferences: A choice experiment from two coastal cities in Guatemala,NA,10.1016/j.ocecoaman.2024.107389,2024,"Vasquez, William F. | Nazarian, Robert H. | Trudeau, Jennifer M.",OCEAN & COASTAL MANAGEMENT,NA,NA,NA
WoS,english,A 40-year assessment of a harvested sandy beach clam population: Environmental and economic drivers of a regime shift,NA,10.1016/j.ocecoaman.2025.107613,2025,"Bozzeda, Fabio | Celentano, Eleonora | Ortega, Leonardo | Defeo, Omar",OCEAN & COASTAL MANAGEMENT,NA,NA,NA
WoS,english,Integrating broad and deep multiple-stressor research: A framework for translating across scales and disciplines,NA,10.1016/j.oneear.2024.09.006,2024,"Santos, Alexandre Pereira | Lopez, Juan Miguel Rodriguez | Peng, Yechennan | Scheffran, Jueurorgen",ONE EARTH,NA,NA,NA
WoS,english,Late Miocene climate change and orogenies jointly shaped the diversity patterns and evolution of a Neotropical cycad,NA,10.1016/j.palaeo.2025.113459,2026,"Liu, Jian | Long, Shuai | Lindstrom, Anders J. | Gong, Yi-Qing | Dong, Shan-Shan | Pan, Yue-Zhi | Zhang, Shouzhou",PALAEOGEOGRAPHY PALAEOCLIMATOLOGY PALAEOECOLOGY,NA,NA,NA
WoS,english,Mining-induced land use change and ecological restoration: Lessons from three developing economies,NA,10.1016/j.pce.2025.104267,2026,"Li, Shuai | Dan, Zhenyu | Yin, Tubing",PHYSICS AND CHEMISTRY OF THE EARTH,NA,NA,NA
WoS,english,Climate change threatens the woody plant taxonomic and functional diversities of the <i>Restinga</i> vegetation in Brazil,NA,10.1016/j.pecon.2020.12.006,2021,"Inague, Gabriel M. | Zwiener, Victor P. | Marques, Marcia C. M.",PERSPECTIVES IN ECOLOGY AND CONSERVATION,NA,NA,NA
WoS,english,Enhancing climate change resilience of ecological restoration-A framework for action,NA,10.1016/j.pecon.2021.05.002,2021,"Simonson, William D. | Miller, Ellen | Jones, Alastair | Garcia-Rangel, Shaenandhoa | Thornton, Hazel | McOwen, Chris",PERSPECTIVES IN ECOLOGY AND CONSERVATION,NA,NA,NA
WoS,english,Challenges and perspectives for the Brazilian semi-arid coast under global environmental changes,NA,10.1016/j.pecon.2021.06.001,2021,"Soares, M. O. | Campos, C. C. | Carneiro, P. B. M. | Barroso, H. S. | Marins, R., V | Teixeira, C. E. P. | Menezes, M. O. B. | Pinheiro, L. S. | Viana, M. B. | Feitosa, C., V | Sanchez-Botero, J., I | Bezerra, L. E. A. | Rocha-Barreira, C. A. | Matthews-Cascon, H. | Matos, F. O. | Gorayeb, A. | Cavalcante, M. S. | Moro, M. F. | Rossi, S. | Belmonte, G. | Melo, V. M. M. | Rosado, A. S. | Ramires, G. | Tavares, T. C. L. | Garcia, T. M.",PERSPECTIVES IN ECOLOGY AND CONSERVATION,NA,NA,NA
WoS,english,Amazon climate extremes: Increasing droughts and floods in Brazil's state of Acre,NA,10.1016/j.pecon.2023.10.006,2023,"da Silva, Sonaira Souza | Brown, Foster | Sampaio, Amanda de Oliveira | Silva, Ana Luiza Costa | dos Santos, Nairiane Cherlins Rodrigues Souza | Lima, Aroldo Carvalho | Silva, Paulo Henrique da Costa | Aquino, Antonio Marcos de Souza | Moreira, Jose Genivaldo do Vale | Oliveira, Igor | Costa, Alexandre Araujo | Fearnside, Philip Martin",PERSPECTIVES IN ECOLOGY AND CONSERVATION,NA,NA,NA
WoS,english,A sustainable approach for urban farming based on city logistics concepts for local production and consumption of vegetables,NA,10.1016/j.retrec.2021.101038,2021,"Magalhaes de Oliveira, Renata Lucia | Santos, Igor Vieira | Graciano, Guilherme Fonseca | Cunha Libanio, Andre Augusto | de Oliveira, Leise Kelli | Fontes Pereira Bracarense, Lilian dos Santos",RESEARCH IN TRANSPORTATION ECONOMICS,NA,NA,NA
WoS,english,"Spatio-temporal tendencies of urban land surface temperature on the Andean piedmont under climate change: A case study of Metropolitan Lima, Peru (1986-2024)",NA,10.1016/j.rsase.2024.101378,2024,"Cano, Deyvis | Cacciuttolo, Carlos | Haller, Andreas | Rosario, Ciza | Guerra, Juan Carlos | de Oliveira, Guilherme Garcia",REMOTE SENSING APPLICATIONS-SOCIETY AND ENVIRONMENT,NA,NA,NA
WoS,english,Multivariate statistical analysis of rainfall variability in Brazil: Assessing climatic and environmental drivers of precipitation,NA,10.1016/j.rsase.2025.101849,2026,"Amaral e Silva, Arthur | de Assis, Leonardo Campos | de Andrade, Laura Coelho | Lorentz, Juliana Ferreira | de Oliveira, Julio Cesar | Calijuri, Maria Lucia | Ferreira, Italo Oliveira",REMOTE SENSING APPLICATIONS-SOCIETY AND ENVIRONMENT,NA,NA,NA
WoS,english,Croplands intensify regional and global warming according to satellite observations,NA,10.1016/j.rse.2021.112585,2021,"Zhou, Decheng | Xiao, Jingfeng | Frolking, Steve | Liu, Shuguang | Zhang, Liangxia | Cui, Yaoping | Zhou, Guoyi",REMOTE SENSING OF ENVIRONMENT,NA,NA,NA
WoS,english,Effects of climate change in the thermal and energy performance of low-income housing in Brazil-assessing design variable sensitivity over the 21st century,NA,10.1016/j.rser.2022.112885,2022,"Nunes, Gustavo | Giglio, Thalita",RENEWABLE & SUSTAINABLE ENERGY REVIEWS,NA,NA,NA
WoS,english,"Climate change, seaports, and coastal management in Brazil: An overview of the policy framework",NA,10.1016/j.rsma.2022.102365,2022,"Lima, Francisco Arenhart da Veiga | de Souza, Danilo Couto",REGIONAL STUDIES IN MARINE SCIENCE,NA,NA,NA
WoS,english,Climate projections of oceanographic variables in the Exclusive Economic Zone of Ecuador: A 21st century perspective to inform impact and adaptation assessment,NA,10.1016/j.rsma.2024.103612,2024,"Winckler, Patricio | Farias, Laura | Vicuna, Sebastian | Esparza, Cesar | Mora, Javiera | Chubretovic, Rosario | Cabrera, Francisco | Zambrano-Sanchez, Nicolas | Caza, Pablo | Gonzalez, Rosa Ana",REGIONAL STUDIES IN MARINE SCIENCE,NA,NA,NA
WoS,english,A multi-taxonomic framework for assessing relative petrochemical vulnerability of marine biodiversity in the Gulf of Mexico,NA,10.1016/j.scitotenv.2020.142986,2021,"Polidoro, Beth | Matson, Cole W. | Ottinger, Mary Ann | Renegar, D. Abigail | Romero, Isabel C. | Schlenk, Daniel | Wise, John Pierce, Sr. | Beltran Gonzalez, Jesus | Bruns, Peter | Carpenter, Kent | Cobian Rojas, Dorka | Collier, Tracy K. | Duda, Thomas F., Jr. | Gonzalez-Diaz, Patricia | Di Giulio, Richard | Grubbs, R. Dean | Haney, J. Christopher | Incardona, John P. | Horta-Puga, Guillermo | Linardich, Christi | Moore, Jon A. | Pech, Daniel | Perera Valderrama, Susana | Ralph, Gina M. | Strongin, Kyle | Ringwood, Amy H. | Wursig, Bernd",SCIENCE OF THE TOTAL ENVIRONMENT,NA,NA,NA
WoS,english,Vegetation structure drives forest phenological recovery after hurricane,NA,10.1016/j.scitotenv.2021.145651,2021,"Gong, Yuan | Staudhammer, Christina L. | Kenney, Gavin | Wiesner, Susanne | Zhang, Yinlong | Starr, Gregory",SCIENCE OF THE TOTAL ENVIRONMENT,NA,NA,NA
WoS,english,Climate exposure shows high risk and few climate refugia for Chilean native vegetation,NA,10.1016/j.scitotenv.2021.147399,2021,"Munoz-Saez, Andres | Choe, Hyeyeong | Boynton, Ryan M. | Elsen, Paul R. | Thorne, James H.",SCIENCE OF THE TOTAL ENVIRONMENT,NA,NA,NA
WoS,english,Dispersal abilities favor commensalism in animal-plant interactions under climate change,NA,10.1016/j.scitotenv.2022.155157,2022,"Lemes, Priscila | Barbosa, Fabiana G. | Naimi, Babak | Araujo, Miguel B.",SCIENCE OF THE TOTAL ENVIRONMENT,NA,NA,NA
WoS,english,High ambient temperature and risk of hospitalization for gastrointestinal infection in Brazil: A nationwide case-crossover study during 2000-2015,NA,10.1016/j.scitotenv.2022.157836,2022,"Zhao, Qi | Li, Shanshan | Coelho, Micheline S. Z. S. | Saldiva, Paulo H. N. | Huxley, Rachel R. | Guo, Yuming",SCIENCE OF THE TOTAL ENVIRONMENT,NA,NA,NA
WoS,english,"Transitioning to sustainable mobility in Lima, Peru. Are e-scooter sharing initiatives part of the problem or the solution?",NA,10.1016/j.scitotenv.2022.161130,2023,"Echeverria-Su, Mario | Huamanraime-Maquin, Esteffany | Israel Cabrera, Felix | Vazquez-Rowe, Ian",SCIENCE OF THE TOTAL ENVIRONMENT,NA,NA,NA
WoS,english,Transformation of tall-tussock grasslands and soil water dynamics in the Flooding Pampa,NA,10.1016/j.scitotenv.2023.165362,2023,"Sirimarco, Ximena | Villarino, Sebastian | Barral, Maria Paula | Puricelli, Marino | Laterra, Pedro",SCIENCE OF THE TOTAL ENVIRONMENT,NA,NA,NA
WoS,english,The expected impacts of sea level on the Mexican Atlantic coast,NA,10.1016/j.scitotenv.2023.166317,2023,"Sanchez-Garcia, Edgar Abel | Yanez-Arenas, Carlos | Lindig-Cisneros, Roberto | Lira-Noriega, Andres | Ibarra, Roberto Monroy | Moreno-Casasola, Patricia",SCIENCE OF THE TOTAL ENVIRONMENT,NA,NA,NA
WoS,english,"Coastal evolution and future projections in Conde County, Brazil: A multi-decadal assessment via remote sensing and sea-level rise scenarios",NA,10.1016/j.scitotenv.2023.169829,2024,"Santos, Celso Augusto Guimaraes | do Nascimento, Gleycielle Rodrigues | Freitas, Luccas Matheus Torres | Batista, Leonardo Vidal | Zerouali, Bilel | Mishra, Manoranjan | da Silva, Richarde Marques",SCIENCE OF THE TOTAL ENVIRONMENT,NA,NA,NA
WoS,english,From mathematical models to policy design: Predicting greywater reuse scheme effectiveness and water reclamation benefits based on individuals' preferences,NA,10.1016/j.scs.2021.103132,2021,"Amaris, Gloria | Dawson, Richard | Gironas, Jorge | Hess, Stephane | Ortuzar, Juan de Dios",SUSTAINABLE CITIES AND SOCIETY,NA,NA,NA
WoS,english,THE BIOCLIMATE PRESENT AND FUTURE IN THE STATE OF SAO PAULO/BRAZIL: SPACE-TIME ANALYSIS OF HUMAN THERMAL COMFORT,NA,10.1016/j.scs.2021.103611,2022,"Assis Gobo, Joao Paulo | Wollmann, Cassio Arthur | Celuppi, Maria Cristina | Galvani, Emerson | Faria, Marlon Resende | Mendes, David | de Oliveira-Junior, Jose Francisco | Malheiros, Tatiana dos Santos | Riffel, Eduardo Samuel | Teixeira Goncalves, Fabio Luiz",SUSTAINABLE CITIES AND SOCIETY,NA,NA,NA
WoS,english,The challenge of urban food production and sustainable water use: Current situation and future perspectives of the urban agriculture in Brazil and Italy,NA,10.1016/j.scs.2022.103961,2022,"Alberti, Marcio Alexandre | Blanco, Ileana | Vox, Giuliano | Scarascia-Mugnozza, Giacomo | Schettini, Evelia | da Silva, Luciene Pimentel",SUSTAINABLE CITIES AND SOCIETY,NA,NA,NA
WoS,english,"Driving sustainable urban development: Exploring the role of small-scale organic urban agriculture in Bogota, Colombia: A case study",NA,10.1016/j.scs.2023.104919,2023,"Riano-Herrera, Diego Alejandro | Varela-Martinez, Diana Angelica | Chenet, Julien Gwendal | Garcia-Garcia, Diego Armando | Diaz-Verus, Sergio David | Rodriguez-Urrego, Leonardo",SUSTAINABLE CITIES AND SOCIETY,NA,NA,NA
WoS,english,"Adaptation strategies in vulnerable communities to heat waves: Social influential factors, challenges, and opportunities from citizens and stakeholders' perspectives",NA,10.1016/j.scs.2025.107047,2026,"Munoz-Pizza, Dalia M. | Sanchez-Rodriguez, Roberto A. | de Luca-Zuria, Ana | Ramos, Alejandra G. | Gonzalez, David J. X.",SUSTAINABLE CITIES AND SOCIETY,NA,NA,NA
WoS,english,Fertility and carbon stocks in Oxisols under Urochloa pastures and Eucalyptus-based agrosilvopastoral systems established in the Brazilian Cerrado,NA,10.1016/j.still.2025.106663,2025,"de Oliveira, Jaqueline de Cassia | de Freitas, Igor Costa | Duarte, Ana Clara Santos | Moreira, Joao Gabriel Figueiredo | Couto, Alex Jose Silva | Lessa, Marcos Fernando Goncalves | Gontijo Neto, Miguel Marques | Santos, Marcia Vitoria | Cherubin, Mauricio Roberto | Cerri, Carlos Eduardo Pellegrino | Frazao, Leidivan Almeida",SOIL & TILLAGE RESEARCH,NA,NA,NA
WoS,english,A global outlook on increasing wildfire risk: Current policy situation and future pathways,NA,10.1016/j.tfp.2023.100431,2023,"Pandey, Pooja | Huidobro, Gabriela | Lopes, Luis Filipe | Ganteaume, Anne | Ascoli, Davide | Colaco, Conceica | Xanthopoulos, Gavriil | Giannaros, Theodore M. | Gazzard, Rob | Boustras, Georgios | Steelman, Toddi | Charlton, Valerie | Ferguson, Euan | Kirschner, Judith | Little, Kerryn | Stoof, Cathelijne | Nikolakis, William | Fernandez-Blanco, Carmen Rodriguez | Ribotta, Claudio | Lambrechts, Hugo | Fernandez, Marina | Dossi, Simona",TREES FORESTS AND PEOPLE,NA,NA,NA
WoS,english,"Integrating remote sensing and in-situ data to determine climate diversity and variability in cocoa systems in the provinces of Jae<acute accent>n and San Ignacio, Cajamarca (NW Perú)",NA,10.1016/j.tfp.2024.100749,2025,"Atalaya-Marin, Nilton | Gonas, Malluri | Tineo, Daniel | Chuquibala-Checan, Beimer | Arce-Inga, Marielita | Tarrillo, Ever | Alvarez-Robledo, Yeltsin A. | Tafur-Culqui, Josue | Cabrera-Hoyos, Hector | Gomez-Fernandez, Darwin",TREES FORESTS AND PEOPLE,NA,NA,NA
WoS,english,Navigating institutional complexity for the adaptation of urban transport infrastructure,NA,10.1016/j.trd.2021.103073,2021,"Herrera, Juan Sebastian Canavera | MacAskill, Kristen",TRANSPORTATION RESEARCH PART D-TRANSPORT AND ENVIRONMENT,NA,NA,NA
WoS,english,Evaluating climate impacts on geographical accessibility to basic services in rural Colombia,NA,10.1016/j.trd.2025.105079,2025,"Cardona-Urrea, Santiago | Gomez, Juan Manuel | Ivarsson, Ellin | Alegre, Xavier Espinet",TRANSPORTATION RESEARCH PART D-TRANSPORT AND ENVIRONMENT,NA,NA,NA
WoS,english,"Data and knowledge matters: Urban adaptation planning in Sao Paulo, Brazil",NA,10.1016/j.uclim.2021.100808,2021,"Torres, Pedro Henrique Campello | Jacobi, Pedro Roberto | Momm, Sandra | Leonel, Ana Lia",URBAN CLIMATE,NA,NA,NA
WoS,english,Framework for incorporating climate projections in the integrated planning and management of urban infrastructure,NA,10.1016/j.uclim.2021.101060,2022,"Caprario, Jakcemara | Tasca, Fabiane Andressa | Santana, Paula Lidia | Azevedo, Larissa Thaina Schmitt | Finotti, Alexandra Rodrigues",URBAN CLIMATE,NA,NA,NA
WoS,english,The risk management tools?role for urban infrastructure resilience building,NA,10.1016/j.uclim.2022.101296,2022,"de Magalhaes, Ruane Fernandes | Danilevicz, Angela de Moura Ferreira | de Souza, Joana Siqueira | Echeveste, Marcia Elisa",URBAN CLIMATE,NA,NA,NA
WoS,english,Influence of street configuration on human thermal comfort and benefits for climate-sensitive urban planning in Santiago de Chile,NA,10.1016/j.uclim.2022.101361,2023,"Cardenas-Jiron, Luz Alicia | Graw, Kathrin | Gangwisch, Marcel | Matzarakis, Andreas",URBAN CLIMATE,NA,NA,NA
WoS,english,Heat exposure and hospitalisation for epileptic seizures: A nationwide case-crossover study in Brazil,NA,10.1016/j.uclim.2023.101497,2023,"Zhang, Yiwen | Xu, Rongbin | Ye, Tingting | Yu, Wenhua | Yu, Pei | Chen, Zhuying | Mahendran, Rahini | Saldiva, Paulo Hilario Nascimento | Zanotti Stagliorio Coel, Micheline de Sousa | Guo, Yuming | Li, Shanshan",URBAN CLIMATE,NA,NA,NA
WoS,english,CO<sub>2</sub> flux dynamics of exotic and native species in an extensive green roof simulator with hydric deficit,NA,10.1016/j.uclim.2023.101567,2023,"Liliana Perillo, Vanesa | Soledad Brendel, Andrea | Ferrelli, Federico | Gutierrez, Agustina | Jose Vitale, Alejandro | Marinangeli, Pablo | Cintia Piccolo, Maria",URBAN CLIMATE,NA,NA,NA
WoS,english,Linking climate change to urban planning through vulnerability assessment: The case of two cities at the Mexico-US border,NA,10.1016/j.uclim.2023.101674,2023,"Munoz-Pizza, Dalia M. | Sanchez-Rodriguez, Roberto A. | Gonzalez-Manzano, Eduardo",URBAN CLIMATE,NA,NA,NA
WoS,english,What factors drive municipal climate adaptation policy? The role of risk management capacity and transnational municipal networks,NA,10.1016/j.uclim.2024.101809,2024,"dos Santos, Ana Paula Silva | de Oliveira, Jose A. Puppim",URBAN CLIMATE,NA,NA,NA
WoS,english,Urban forests mitigate extreme heat exposure in a vulnerable tropical city,NA,10.1016/j.uclim.2025.102311,2025,"Giraldo-Charria, Diana Lucia | Escobedo, Francisco J. | Clerici, Nicola | Quesada, Benjamin",URBAN CLIMATE,NA,NA,NA
WoS,english,Synoptic patterns and heatwaves: Intensifying urban heat islands in the Mexico Basin,NA,10.1016/j.uclim.2025.102318,2025,"Aquino-Martinez, Lourdes P. | Ortega-Guerrero, Beatriz | Quintanar, Arturo I. | Diaz-Esteban, Yanet",URBAN CLIMATE,NA,NA,NA
WoS,english,Heat risk in the city of Sao Paulo: Interactions between SUHI and social inequality,NA,10.1016/j.uclim.2025.102568,2025,"Munoz, Luiza Sobhie | Duarte, Denise Helena Silva | Emmanuel, Rohinton",URBAN CLIMATE,NA,NA,NA
WoS,english,Influence of vegetation type on the ecosystem services provided by urban green areas in an arid zone of northern Mexico,NA,10.1016/j.ufug.2021.127135,2021,"Guillen-Cruz, G. | Rodriguez-Sanchez, A. L. | Fernandez-Luqueno, F. | Flores-Renteria, D.",URBAN FORESTRY & URBAN GREENING,NA,NA,NA
WoS,english,"Phenological advance of blossoming over the past century in one of the world's largest urban forests, Gauteng City-Region, South Africa",NA,10.1016/j.ufug.2021.127238,2021,"Fitchett, Jennifer M. | Raik, Kestrel",URBAN FORESTRY & URBAN GREENING,NA,NA,NA
WoS,english,Carbon storage in a peri-urban neotropical forest: Assessing its potential and patterns of change over half a century,NA,10.1016/j.ufug.2023.128009,2023,"Benitez, Griselda | Ruelas-Monjardin, Laura C. | Von Thaden, Juan | Acosta-Rosado, Israel | Alvarado-Castillo, Gerardo | Equihua, Miguel",URBAN FORESTRY & URBAN GREENING,NA,NA,NA
WoS,english,Urban green spaces and variation in cooling in the humid tropics: The case of Paramaribo,NA,10.1016/j.ufug.2023.128111,2023,"Best, L. | Schwarz, N. | Obergh, D. | Teuling, A. J. | Van Kanten, R. | Willemen, L.",URBAN FORESTRY & URBAN GREENING,NA,NA,NA
WoS,english,"Maintenance, operational costs, and plant performance in three extensive green roof designs from Northwest Mexico",NA,10.1016/j.ufug.2024.128521,2024,"Lopez-Silva, Diana Veronica | Sigala-Meza, Eric | Bullock, Stephen H. | Hernandez-Perez, Ivan | Sauceda-Carvajal, Daniel | Zavala-Guillen, Ivett | Mendez-Alonzo, Rodrigo",URBAN FORESTRY & URBAN GREENING,NA,NA,NA
WoS,english,Impacts of climate change on extreme weather indices in Ecuadorian cities: A socioeconomic analysis,NA,10.1016/j.wace.2025.100810,2025,"Portalanza, Diego | Torres-Ulloa, Malena | Alava, Eduardo | Facuy, Jussen | Zuluaga, Cristian | Bucaram, Rina | Durigon, Angelica | Ferraz, Simone",WEATHER AND CLIMATE EXTREMES,NA,NA,NA
WoS,english,Attributing a deadly landslide disaster in Southeastern Brazil to human-induced climate change,NA,10.1016/j.wace.2025.100811,2025,"Barbosa, Maria Lucia Ferreira | Veiga, Rafaela Quintella | Quevedo, Renata Pacheco | Dutra, Debora Joana | Moreira, Ana Carolina | Medeiros, Thais Pereira De | Burton, Chantelle | Liu, Yuexiao | Armond, Nubia Beray | Abreu, Rafael C. De | Li, Sihan | Lott, Fraser C. | Bortolozo, Cassiano Antonio | Sparrow, Sarah | Anderson, Liana Oighenstein",WEATHER AND CLIMATE EXTREMES,NA,NA,NA
WoS,english,Boosting the adoption of sustainable land-use systems for achieving Colombian land-based climate action and peacebuilding goals,NA,10.1016/j.worlddev.2024.106888,2025,"Perez-Marulanda, Lisset | Jepsen, Martin Rudbeck | Castro-Nunez, Augusto",WORLD DEVELOPMENT,NA,NA,NA
WoS,english,Effects of recurrent rainfall shocks on poverty and income distribution in rural Ecuador,NA,10.1016/j.worlddev.2025.107107,2025,"Pinto, Maria Cristhina Llerena | Mirzabaev, Alisher | Qaim, Matin",WORLD DEVELOPMENT,NA,NA,NA
WoS,english,Crop farming adaptation to droughts in small-scale dryland agriculture in Chile,NA,10.1016/j.wre.2021.100176,2021,"Zuniga, Felipe | Jaime, Marcela | Salazar, Cesar",WATER RESOURCES AND ECONOMICS,NA,NA,NA
WoS,english,Willingness to pay for rainwater harvesting systems in Mexico City,NA,10.1016/j.wre.2025.100271,2025,"Lara-Pulido, Jose A. | Zorrilla-Ramos, Maria | Posadas-Vazquez, Ximena | Bailon, Ximena | Luna-Flores, Gustavo",WATER RESOURCES AND ECONOMICS,NA,NA,NA
WoS,english,The law of the four poles: legal pluralism and resistance in climate adaptation,NA,10.1017/lsr.2024.55,2025,"Brink, Ebba | Falla, Ana Maria Vargas | Boyd, Emily",LAW & SOCIETY REVIEW,NA,NA,NA
WoS,english,Surviving in a hostile landscape: <i>Nothofagus alessandrii</i> remnant forests threatened by mega-fires and exotic pine invasion in the coastal range of central Chile,NA,10.1017/s0030605322000102,2023,"Gonzalez, Mauro E. | Galleguillos, Mauricio | Lopatin, Javier | Leal, Claudia | Becerra-Rodas, Constanza | Lara, Antonio | San Martin, Jose",ORYX,NA,NA,NA
WoS,english,Mountain freshwater ecosystems and protected areas in the tropical Andes: insights and gaps for climate change adaptation,NA,10.1017/s0376892921000382,2022,"Quenta-Herrera, Estefania | Crespo-Perez, Veronica | Mark, Bryan G. | Gonzales, Ana Lia | Kulonen, Aino",ENVIRONMENTAL CONSERVATION,NA,NA,NA
WoS,english,Expert-based assessment of the climate change vulnerability of amphibians and reptiles of Uruguay,NA,10.1017/s0376892922000418,2023,"Vaz-Canosa, Pablo | Laufer, Gabriel | Borteiro, Claudio | Baldo, Diego | Prigioni, Carlos | Soutullo, Alvaro",ENVIRONMENTAL CONSERVATION,NA,NA,NA
WoS,english,La Nina weather impacts dietary patterns and dietary diversity among children in the Peruvian Amazon,NA,10.1017/s1368980020003705,2021,"Ambikapathi, Ramya | Kosek, Margaret N. | Lee, Gwenyth O. | Olortegui, Maribel Paredes | Zaitchik, Benjamin | Penataro Yori, Pablo | Bauck, Aubrey | Caulfield, Laura E.",PUBLIC HEALTH NUTRITION,NA,NA,NA
WoS,english,"Developing scientific equity for biodiversity research: a thematic analysis of ecological change impacts on ranchers in Baja California Sur, Mexico",NA,10.1017/s1742170525100100,2025,"Stiner, Eric O. | Vielma, David Canseco | Dyson, Miranda | Esposito, Lauren A. | Gaved, Mark | Taylor, Judith A. | Segobiano, Valeria Bastida | Villavicencio, Bernardo | Herodotou, Christothea",RENEWABLE AGRICULTURE AND FOOD SYSTEMS,NA,NA,NA
WoS,english,Indigenous peoples' displacement and jaguar survival in a warming planet,NA,10.1017/sus.2021.6,2021,"Craighead, Kimberly A. | Yacelga, Milton",GLOBAL SUSTAINABILITY,NA,NA,NA
WoS,english,Vulnerability of Estuarine Systems in the Contiguous United States to Water Quality Change Under Future Climate and Land-Use,NA,10.1029/2022ef002884,2023,"Montefiore, L. R. | Nelson, N. G. | Staudinger, M. D. | Terando, A.",EARTHS FUTURE,NA,NA,NA
WoS,english,Biocultural Calendars Across Four Ethnolinguistic Communities in Southwestern South America,NA,10.1029/2022gh000623,2023,"Rozzi, Ricardo | Alvarez, Ricardo | Castro, Victoria | Nunez, David | Ojeda, Jaime | Tauro, Alejandra | Massardo, Francisca",GEOHEALTH,NA,NA,NA
WoS,english,Land Subsidence and Aquifer-System Storage Loss in Central Mexico: A Quasi-Continental Investigation With Sentinel-1 InSAR,NA,10.1029/2022gl098923,2022,"Cigna, F. | Tapete, D.",GEOPHYSICAL RESEARCH LETTERS,NA,NA,NA
WoS,english,Unprecedented Historical Erosion of US Gulf Coast: A Consequence of Accelerated Sea-Level Rise?,NA,10.1029/2023ef003676,2023,"Anderson, John B. | Wallace, Davin J. | Rodriguez, Antonio B. | Simms, Alexander R.",EARTHS FUTURE,NA,NA,NA
WoS,english,"Coevolution of Flood Dynamics and Economical Production in Tropical Wetlands: Insights From Bayesian Networks in Ayapel Wetland, Colombia",NA,10.1029/2023jg007416,2023,"Herazo, S. | Berrouet, L. | Hernandez-Atilano, E. | Agudelo-Echavarria, D. M.",JOURNAL OF GEOPHYSICAL RESEARCH-BIOGEOSCIENCES,NA,NA,NA
WoS,english,Adaptation and Response in Drylands (ARID): Community Insights for Scoping a NASA Terrestrial Ecology Field Campaign in Drylands,NA,10.1029/2024ef004811,2024,"Feldman, Andrew F. | Reed, Sasha | Amaral, Cibele | Babst-Kostecka, Alicja | Babst, Flurin | Biederman, Joel | Devine, Charles | Fu, Zheng | Green, Julia K. | Guo, Jessica | Hanan, Niall P. | Kokaly, Raymond | Litvak, Marcy | MacBean, Natasha | Moore, David | Ojima, Dennis | Poulter, Benjamin | Scott, Russell L. | Smith, William K. | Swap, Robert | Tucker, Compton J. | Wang, Lixin | Watts, Jennifer | Wessels, Konrad | Zhang, Fangyue | Zhang, Wen",EARTHS FUTURE,NA,NA,NA
WoS,english,Contributions of Atmospheric Ridging and Low Soil Moisture to the Record-Breaking June 2023 Mexico-Texas Heatwave,NA,10.1029/2025gl114987,2025,"Kalashnikov, Dmitri A. | Singh, Deepti | Ting, Mingfang | Cook, Benjamin I.",GEOPHYSICAL RESEARCH LETTERS,NA,NA,NA
WoS,english,Air-conditioning and the adaptation cooling deficit in emerging economies,NA,10.1038/s41467-021-26592-2,2021,"Pavanello, Filippo | De Cian, Enrica | Davide, Marinella | Mistry, Malcolm | Cruz, Talita | Bezerra, Paula | Jagu, Dattakiran | Renner, Sebastian | Schaeffer, Roberto | Lucena, Andre F. P.",NATURE COMMUNICATIONS,NA,NA,NA
WoS,english,Global determinants of coastal migration under climate change,NA,10.1038/s41467-025-59199-y,2025,"Duijndam, Sem J. | Botzen, W. J. Wouter | Hagedoorn, Liselotte C. | Ton, Marijn | de Bruijn, Jens | Carretero, Silvina | Dachary-Bernard, Jeanne | Rulleau, Benedicte | Aerts, Jeroen C. J. H.",NATURE COMMUNICATIONS,NA,NA,NA
WoS,english,Vulnerability to climate change of a microendemic lizard species from the central Andes,NA,10.1038/s41598-021-91058-w,2021,"Laspiur, A. | Santos, J. C. | Medina, S. M. | Pizarro, J. E. | Sanabria, E. A. | Sinervo, B. | Ibarguengoytia, N. R.",SCIENTIFIC REPORTS,NA,NA,NA
WoS,english,Urban boundaries are an underexplored frontier for ecological restoration,NA,10.1038/s41598-025-19699-9,2025,"Ferreira, Luciana Schwandner | di Giulio, Gabriela | Chaves, Rafael Barreiro | Lupinetti-Cunha, Artur | Duarte, Denise | Nascimento, Nathalia | Ruggiero, Patricia | Sousa e Silva, Lucia | Victor, Rodrigo Antonio Braga Moraes | Metzger, Jean Paul",SCIENTIFIC REPORTS,NA,NA,NA
WoS,english,Deforestation and climate change are projected to increase heat stress risk in the Brazilian Amazon,NA,10.1038/s43247-021-00275-8,2021,"Alves de Oliveira, Beatriz Fatima | Bottino, Marcus J. | Nobre, Paulo | Nobre, Carlos A.",COMMUNICATIONS EARTH & ENVIRONMENT,NA,NA,NA
WoS,english,Decline in seasonal predictability potentially destabilized Classic Maya societies,NA,10.1038/s43247-023-00717-5,2023,"Braun, Tobias | Breitenbach, Sebastian F. M. | Skiba, Vanessa | Lechleitner, Franziska A. | Ray, Erin E. | Baldini, Lisa M. | Polyak, Victor J. | Baldini, James U. L. | Kennett, Douglas J. | Prufer, Keith M. | Marwan, Norbert",COMMUNICATIONS EARTH & ENVIRONMENT,NA,NA,NA
WoS,english,An intermediate level of disturbance with customary agricultural practices increases species diversity in Maya community forests in Belize,NA,10.1038/s43247-023-01089-6,2023,"Downey, Sean S. | Walker, Matthew | Moschler, Jacob | Penados, Filiberto | Peterman, William | Pop, Juan | Qin, Rongjun | Scaggs, Shane A. | Song, Shuang",COMMUNICATIONS EARTH & ENVIRONMENT,NA,NA,NA
WoS,english,Sustainable land and irrigation management to limit loss of hydropower in the Andes-Amazon headwaters,NA,10.1038/s43247-024-01738-4,2024,"Ding, Zhaowei | Angarita, Hector | Caceres, Christian Albert Montesinos | Lavado-Casimiro, Waldo | Goldstein, Jesse A. | Batista, Natasha | Wu, Tong | Fisher, Dave | Farah, Andrea Baudoin | Zheng, Hua | Schmitt, Rafael J. P.",COMMUNICATIONS EARTH & ENVIRONMENT,NA,NA,NA
WoS,english,Afro-descendant lands in South America contribute to biodiversity conservation and climate change mitigation,NA,10.1038/s43247-025-02339-5,2025,"Sangat, Sushma Shrestha | Rosero, Martha | Olsson, Erik | Nowakowski, A. Justin | Drescher-Lehman, Jonathan | Roehrdanz, Patrick R. | Noon, Monica L. | Mcmanus, Nickolas | Perz, Stephen G. | Angel, Marcela | Krieger, Joana M. | Brock, Cameryn | Coutinho, Bruno | Martinez, Christian | Douglas, Leo R. | Bernard, Curtis | Trustfull, Loes | Raik, Daniela | Troeng, Sebastian | Alie, Kelvin",COMMUNICATIONS EARTH & ENVIRONMENT,NA,NA,NA
WoS,english,The future is local? Contextualizing municipal agendas on climate change in Chile,NA,10.1038/s44168-023-00095-w,2024,"Lehmann, Rosa | Rios, Alejandra Irigoyen",NPJ CLIMATE ACTION,NA,NA,NA
WoS,english,Mobilizing institutional capacities to adapt to climate change: local government collaboration networks for risk management in Mexico City,NA,10.1038/s44168-024-00102-8,2024,"Cid, A. | Siqueiros-Garcia, J. M. | Mazari-Hiriart, M. | Guerra, A. | Lerner, A. M.",NPJ CLIMATE ACTION,NA,NA,NA
WoS,english,Surviving the Storm: Maintaining Services during Flooding in the South of Brazil,NA,10.1056/cat.25.0030,2025,"Moraes, Evandro L. | Decker, Sergio R. R. | Silva, Rogerio A. | Rosa, Regis G. | Parrini, Mohamed",NEJM CATALYST INNOVATIONS IN CARE DELIVERY,NA,NA,NA
WoS,english,Citizen science and the right to research: building local knowledge of climate change impacts,NA,10.1057/s41599-022-01040-8,2022,"Albagli, Sarita | Iwama, Allan Yu",HUMANITIES & SOCIAL SCIENCES COMMUNICATIONS,NA,NA,NA
WoS,english,Sustainability Analysis of an Urban Basin in Central Brazil,NA,10.1061/(asce)ee.1943-7870.0001912,2021,"Chaves, Henrique Marinho Leite | dos Santos, Thaiane Meira | Juliani, Bruno Henrique Tona | Pompeu, Cassia Rocha | Okawa, Cristhiane Michiko Passos",JOURNAL OF ENVIRONMENTAL ENGINEERING,NA,NA,NA
WoS,english,Using exploratory modeling to challenge narratives of risk governance in Mexico City,NA,10.1073/pnas.2313191121,2024,"Eakin, Hallie | Bojorquez-Tapia, Luis A. | Miquelajauregui, Yosune | Grave, Ileana | Aguilar, Bertha Hernandez | Janssen, Marco A.",PROCEEDINGS OF THE NATIONAL ACADEMY OF SCIENCES OF THE UNITED STATES OF AMERICA,NA,NA,NA
WoS,english,High tree diversity exposed to unprecedented macroclimatic conditions even under minimal anthropogenic climate change,NA,10.1073/pnas.2420059122,2025,"Boonman, Coline C. F. | Hoeks, Selwyn | Serra-Diaz, Josep M. | Guo, Wen-Yong | Enquist, Brian J. | Maitner, Brian | Merow, Cory | Svenning, Jens-Christian",PROCEEDINGS OF THE NATIONAL ACADEMY OF SCIENCES OF THE UNITED STATES OF AMERICA,NA,NA,NA
WoS,english,Amazonian and Andean tree communities are not tracking current climate warming,NA,10.1073/pnas.2425619122,2025,"Farfan-Rios, William | Feeley, Kenneth J. | Myers, Jonathan A. | Tello, Sebastian | Sallo-Bravo, Jhonatan | Malhi, Yadvinder | Phillips, Oliver L. | Baker, Timothy R. | Nina-Quispe, Alex | Garcia-Cabrera, Karina | Saatchi, Sasan S. | Terborgh, John W. | Pitman, Nigel C. A. | Mendoza, Abel Lorenzo Monteagudo | Vasquez, Rodolfo | Salinas, Norma | Cayola, Leslie | Claros, Alfredo Fuentes | Loza, Maria I. | Vargas, Percy Nunez | Silman, Miles R.",PROCEEDINGS OF THE NATIONAL ACADEMY OF SCIENCES OF THE UNITED STATES OF AMERICA,NA,NA,NA
WoS,english,Rethinking 'future nature' through a transatlantic research collaboration: climate-adapted urban green infrastructure for human wellbeing and biodiversity,NA,10.1080/01426397.2020.1829573,2023,"Hoyle, Helen E. | Sant'Anna, Camila Gomes",LANDSCAPE RESEARCH,NA,NA,NA
WoS,english,The <i>status quo</i> effect in the sociohydrology of floods,NA,10.1080/02626667.2024.2412734,2024,"Leal, Catalina Mendoza | Coloma, Rocio | Ponce, Diego | Alarcon, Benjamin | Guerra, Maricarmen | Stehr, Alejandra | Carrasco, Juan Antonio | Alcayaga, Hernan | Rojas, Octavio | Link, Felipe | Link, Oscar",HYDROLOGICAL SCIENCES JOURNAL,NA,NA,NA
WoS,english,Gully erosion assessment in mountainous regions: a RUSLE-based methodology for the Central Peruvian Andes,NA,10.1080/02626667.2025.2580578,2026,"Paucar-Y-Montenegro, Clifton | Rosas, Miluska A. | Arancibia, Ada",HYDROLOGICAL SCIENCES JOURNAL,NA,NA,NA
WoS,english,Territorializing the Climate Policy Agenda in Intermediate Cities of the Andean Region,NA,10.1080/02697459.2022.2026036,2023,"Carrion, Andrea | Ariza-Montobbio, Pere | Calero, Diana",PLANNING PRACTICE AND RESEARCH,NA,NA,NA
WoS,english,Imagined transitions: agrarian capitalism and climate change adaptation in Colombia,NA,10.1080/03066150.2022.2059350,2022,"Camargo, Alejandro",JOURNAL OF PEASANT STUDIES,NA,NA,NA
WoS,english,Territorialized climate change adaptation analysis: lessons from the Central Valleys of Chile,NA,10.1080/03066150.2024.2431515,2025,"Palmisano, Tomas | Godfrid, Julieta",JOURNAL OF PEASANT STUDIES,NA,NA,NA
WoS,english,Contested mangroves: land struggles and the gendered and racialized geographies of climate change,NA,10.1080/03066150.2025.2476003,2026,"Manrique, Catalina Quiroga | Ojeda, Diana Ojeda | Camargo, Alejandro",JOURNAL OF PEASANT STUDIES,NA,NA,NA
WoS,english,Climate change and health in the Global South: A scientometric analysis,NA,10.1080/0376835x.2025.2588139,2025,"Ilo, Obianuju | Ilo, Sylvester | Simatele, Mulala",DEVELOPMENT SOUTHERN AFRICA,NA,NA,NA
WoS,english,Predicting air pollution changes due to temperature increases in two Brazilian capitals using machine learning - a necessary perspective for a climate resilient health future,NA,10.1080/09603123.2025.2486598,2025,"Tavella, Ronan Adler | Scursone, Gabriel Fuscald | da Silva, Leopoldo dos Santos | Nadaleti, Willian Cezar | Adamatti, Diana Francisca | Miraglia, Simone Georges El Khouri | da Silva Junior, Flavio Manoel Rodrigues",INTERNATIONAL JOURNAL OF ENVIRONMENTAL HEALTH RESEARCH,NA,NA,NA
WoS,english,What makes Guatemalan citizens green?,NA,10.1080/09644016.2025.2605805,2025,"Arce, Moises | Feoli, Ludovico | Maboudi, Tofigh | Eisenstadt, Todd A. | Giron, Felipe",ENVIRONMENTAL POLITICS,NA,NA,NA
WoS,english,"Transnational city networks, global political economy, and climate governance: C40 in Mexico and Lima",NA,10.1080/09692290.2023.2167849,2024,"Leal, Jose Manuel | Paterson, Matthew",REVIEW OF INTERNATIONAL POLITICAL ECONOMY,NA,NA,NA
WoS,english,Learning biodiversity care in everyday life: teacher education in contrasting biocultural contexts,NA,10.1080/13504622.2024.2370998,2025,"Mendez-Herranz, Manuela | Cabello, Valeria",ENVIRONMENTAL EDUCATION RESEARCH,NA,NA,NA
WoS,english,Climate change education in semiarid and coastal regions of Mexico: towards an inclusive educational program,NA,10.1080/13504622.2024.2403396,2025,"Bardullas, Ulises | Felix-Anaya, Cesar | Espejel, Ileana | Leyva-Figueroa, Eugenio",ENVIRONMENTAL EDUCATION RESEARCH,NA,NA,NA
WoS,english,The 'colorblindness' of climate finance: how climate finance advances racial injustice in cities,NA,10.1080/13604813.2024.2348209,2025,"Hofmann, Sahar Zavareh | Ponder, C. S. | Herrera, Hector | De Vera, Manuel | Rodriguez, Akira Drake | Buyana, Kareem",CITY,NA,NA,NA
WoS,english,"Climate change resilience of tourism enterprises on the Yucatán coast, Mexico",NA,10.1080/13683500.2025.2504648,2025,"de Yta-Castillo, Diana | Avila-Foucat, V. Sophie | Vidal-Hernandez, Laura E. | Cuevas-Jimenez, Alfonso",CURRENT ISSUES IN TOURISM,NA,NA,NA
WoS,english,How to model the weather-migration link: a machine-learning approach to variable selection in the Mexico-US context,NA,10.1080/1369183x.2022.2100549,2023,"Molina, Mario D. | Chau, Nancy | Rodewald, Amanda D. | Garip, Filiz",JOURNAL OF ETHNIC AND MIGRATION STUDIES,NA,NA,NA
WoS,english,Modelling Resilience: Zooarchaeological Insights into Subsistence Diversity and Land Use Practices of the Ancient Maya in the Upper Belize River Valley,NA,10.1080/14614103.2025.2479326,2025,"Meyer, Brett | Ebert, Claire E. | Hoggarth, Julie A. | Walden, John P. | Roa, Ian | Wisner, Gavin B. | Tappan, Katie K. | Awe, Jaime J.",ENVIRONMENTAL ARCHAEOLOGY,NA,NA,NA
WoS,english,Tackling the implementation gap of climate adaptation strategies: understanding policy translation in Brazil and Colombia,NA,10.1080/14693062.2022.2085650,2022,"Milhorance, Carolina | Howland, Fanny | Sabourin, Eric | Le Coq, Jean-Francois",CLIMATE POLICY,NA,NA,NA
WoS,english,Local governments as key agents in climate change adaptation: challenges and opportunities for institutional capacity-building in Mexico,NA,10.1080/14693062.2022.2163972,2023,"Cid, Abril | Lerner, Amy M. M.",CLIMATE POLICY,NA,NA,NA
WoS,english,Can conditional cash transfers reduce vulnerability to climate change?,NA,10.1080/14693062.2023.2183174,2023,"Arena, Marco | Guasti, Alessandro | Hussein, Hussam",CLIMATE POLICY,NA,NA,NA
WoS,english,Are the rights and knowledge of indigenous peoples and local communities being attended to by climate framework laws?,NA,10.1080/14693062.2023.2262416,2024,"Iocca, Luciana | Fidelis, Teresa",CLIMATE POLICY,NA,NA,NA
WoS,english,"The AFOLU sector's role in national decarbonization: a comparative analysis of low-GHG development pathways in Brazil, India and Indonesia",NA,10.1080/14693062.2024.2391048,2026,"Svensson, Johannes | Avashia, Vidhee | Boer, Rizaldi | Chaturvedi, Rajiv Kumar | Cotta, Michele | Dubeux, Carolina | Immanuel, Gito Sugih | La Rovere, Emilio Lebre | Patange, Omkar | Rossita, Annuri | Vishwanathan, Saritha Sudharmma",CLIMATE POLICY,NA,NA,NA
WoS,english,"Public space and urban resilience: children's perspectives. The case of the hills of Valparaiso, Chile",NA,10.1080/14733285.2021.1925633,2022,"Soto Caro, Marcela | Leon Canales, Jorge | Escobar Gueguen, Anne",CHILDRENS GEOGRAPHIES,NA,NA,NA
WoS,english,Willingness to pay for improving water supply continuity in case of climatic extreme natural events: an empirical approach for Chile,NA,10.1080/1573062x.2022.2153702,2023,"Maldonado, Luis | Molinos-Senante, Maria | Quiero-Bastias, Maximo | Atal, Gabriela",URBAN WATER JOURNAL,NA,NA,NA
WoS,english,The challenge of in subnational governments in multilevel climate governance: the case of mexico,NA,10.1080/1622671.2022.2106298,2022,"Soto-Montes-de-Oca, Gloria | Cruz-Bello, Gustavo M. | Quiroz-Rosas, Laura E. | Flores-Gutierrez, Socorro",TERRITORY POLITICS GOVERNANCE,NA,NA,NA
WoS,english,"Cultural vulnerability, risk reduction and gender equity: two Mexican coastal communities",NA,10.1080/17477891.2021.1945996,2022,"Mirenda, Cloe | Lazos Chavero, Elena",ENVIRONMENTAL HAZARDS-HUMAN AND POLICY DIMENSIONS,NA,NA,NA
WoS,english,Classifying climate change perceptions of bean breeders in Santander-Colombia,NA,10.1080/17565529.2020.1848782,2021,"Botero, Hernan | Barnes, Andrew | Perez, Lisset | Rios, David | Ramirez-Villegas, Julian",CLIMATE AND DEVELOPMENT,NA,NA,NA
WoS,english,Environmental Value for Heritage Conservation and Urban Sustainability: Adaptation in Widely Divergent Climatic Conditions,NA,10.1080/17567505.2021.1991104,2021,"Larrain de Andraca, Isidora | Rodwell, Dennis",HISTORIC ENVIRONMENT-POLICY & PRACTICE,NA,NA,NA
WoS,english,Investigating biodiversity trends in different mitigation scenarios with a national integrated assessment model,NA,10.1080/1943815x.2023.2239323,2023,"Fiorini, Ana Carolina Oliveira | Rochedo, Pedro Rua Rodriguez | Angelkorte, Gerd | Diuana, Fabio A. | Imperio, Mariana | Carvalho, Lucas Silva | Morais, Taisa Nogueira | Vasquez-Arroyo, Eveline | Schaeffer, Roberto",JOURNAL OF INTEGRATIVE ENVIRONMENTAL SCIENCES,NA,NA,NA
WoS,english,Insights into landslide susceptibility: a comparative evaluation of multi-criteria analysis and machine learning techniques,NA,10.1080/19475705.2025.2471019,2025,"Ferreira, Zuleide | Almeida, Bruna | Costa, Ana Cristina | do Couto Fernandes, Manoel | Cabral, Pedro",GEOMATICS NATURAL HAZARDS & RISK,NA,NA,NA
WoS,english,"Machine learning modeling of lake chlorophyll in a data-scarce region (Northern Patagonia, Chile): insights for environmental monitoring",NA,10.1080/20442041.2024.2359329,2024,"Caputo, Luciano | Molina, Cristian Rios | Ayllon-Arauco, Roxanna | Benavides, Ivan Felipe",INLAND WATERS,NA,NA,NA
WoS,english,XIV International Symposium on Antarctic Earth Sciences: a holistic view of the white continent,NA,10.1080/2154896x.2025.2584941,2025,"Carrasco Cerda, Jorge | Casassa, Gino",POLAR JOURNAL,NA,NA,NA
WoS,english,The challenge of integrating subnational governments in multilevel climate governance: the case of Mexico,NA,10.1080/21622671.2022.2106298,2024,"Soto-Montes-de-Oca, Gloria | Cruz-Bello, Gustavo M. | Quiroz-Rosas, Laura E. | Flores-Gutierrez, Socorro",TERRITORY POLITICS GOVERNANCE,NA,NA,NA
WoS,english,Responses of <i>Polylepis</i> birds to patch and landscape attributes in the High Andes,NA,10.1080/23766808.2020.1869900,2021,"Sevillano-Rios, C. Steven | Rodewald, Amanda D.",NEOTROPICAL BIODIVERSITY,NA,NA,NA
WoS,english,Resurvey of vascular plants and soil arthropods on the summit of Mount Corazon (Andes of Ecuador) after 140 years,NA,10.1080/23766808.2021.1940056,2021,"Moret, Pierre | Muriel, Priscilla | Jaramillo, Ricardo | Bernardi, Antonella | Romoleroux, Katya | Barragan, Alvaro | Pruna, Washington | Sklenar, Petr",NEOTROPICAL BIODIVERSITY,NA,NA,NA
WoS,english,Monographs on invasive plants in Europe: <i>Ageratina adenophora</i> (Spreng.) RM King & H. Rob,NA,10.1080/23818107.2025.2529890,2025,"Fried, Guillaume | Datta, Arunava | Brundu, Giuseppe | Chapman, Daniel | Follak, Swen | Frohlich, Daniele | Richardson, David M. | van Valkenburg, Johan | Tanner, Rob",BOTANY LETTERS,NA,NA,NA
WoS,english,"New Insights on Land Use, Land Cover, and Climate Change in Human-Environment Dynamics of the Equatorial Andes",NA,10.1080/24694452.2020.1804822,2021,"Lopez, Santiago | Lopez-Sandoval, Maria Fernanda | Jung, Jin-Kyu",ANNALS OF THE AMERICAN ASSOCIATION OF GEOGRAPHERS,NA,NA,NA
WoS,english,Nature for Resilience? The Politics of Governing Urban Nature,NA,10.1080/24694452.2022.2130867,2023,"Tozer, Laura | Bulkeley, Harriet | Kiss, Bernadett | Luque-Ayala, Andres | Palgan, Yuliya Voytenko | McCormick, Kes | Wamsler, Christine",ANNALS OF THE AMERICAN ASSOCIATION OF GEOGRAPHERS,NA,NA,NA
WoS,english,Geographic Isolation and Vulnerability Across Peru's Ecological Regions: The Influence of Regional Contexts of Extraction,NA,10.1080/24694452.2023.2216762,2023,"Roland, Hugh B. | Curtis, Katherine J. | Malecki, Kristen M. C. | Lee, Donghoon | Bazo, Juan | Block, Paul",ANNALS OF THE AMERICAN ASSOCIATION OF GEOGRAPHERS,NA,NA,NA
WoS,english,Gridlock: Vigilance and early warning in the shadow of climate change,NA,10.1086/715847,2021,"Vaughn, Sarah E.",HAU-JOURNAL OF ETHNOGRAPHIC THEORY,NA,NA,NA
WoS,english,Anthropogenic climate change contribution to wildfire-prone weather conditions in the Cerrado and Arc of deforestation,NA,10.1088/1748-9326/ac1e3a,2021,"Li, Sihan | Sparrow, Sarah N. | Otto, Friederike E. L. | Rifai, Sami W. | Oliveras, Imma | Krikken, Folmer | Anderson, Liana O. | Malhi, Yadvinder | Wallom, David",ENVIRONMENTAL RESEARCH LETTERS,NA,NA,NA
WoS,english,Adaptive approaches to REDD plus are needed for countries with high forest cover and low deforestation rates,NA,10.1088/1748-9326/ac9827,2022,"Schweikart, Melanie | Mertz, Ole | Mueller, Daniel",ENVIRONMENTAL RESEARCH LETTERS,NA,NA,NA
WoS,english,Can we avert an Amazon tipping point? The economic and environmental costs,NA,10.1088/1748-9326/aca3b8,2022,"Banerjee, Onil | Cicowiez, Martin | Macedo, Marcia N. | Malek, Ziga | Verburg, Peter H. | Goodwin, Sean | Vargas, Renato | Rattis, Ludmila | Bagstad, Kenneth J. | Brando, Paulo M. | Coe, Michael T. | Neill, Christopher | Marti, Octavio Damiani | Murillo, Josue Avila",ENVIRONMENTAL RESEARCH LETTERS,NA,NA,NA
WoS,english,"Disproportionate exposure to surface-urban heat islands across vulnerable populations in Lima city, Peru",NA,10.1088/1748-9326/acdca9,2023,"Ascencio, Edson J. | Barja, Antony | Benmarhnia, Tarik | Carrasco-Escobar, Gabriel",ENVIRONMENTAL RESEARCH LETTERS,NA,NA,NA
WoS,english,The ineffectiveness of current environmental and fire policies in the world's largest wetland,NA,10.1088/1748-9326/adb7f5,2025,"Barros-Rosa, Lucas | Peluso, Luiza Moura | Lemes, Priscila | Johnson, Mark Stephen | Dalmagro, Higo Jose | da Cunha, Catia Nunes | de Arruda, Paulo Henrique Zanella | Mateus, Lucia | Penha, Jerry",ENVIRONMENTAL RESEARCH LETTERS,NA,NA,NA
WoS,english,Integrating approaches and methodologies into phenological research in Neotropical dry forests: a systematic review,NA,10.1088/1748-9326/ade9e2,2025,"Pereira Dos Santos, Maria Maraiza | Morellato, Leonor Patricia Cerdeira | Freire da Silva, Thieres George | Jardim, Alexandre Manicoba da Rosa Ferraz | de Souza, Carlos Andre Alves | Dos Santos, Wilma Roberta | Bastos de Souza, Luciana Sandra",ENVIRONMENTAL RESEARCH LETTERS,NA,NA,NA
WoS,english,"How legitimate are urban climate planning processes? A comparative assessment of Accra, Ahmedabad, Bonn and São Paulo",NA,10.1088/2515-7620/ada7cc,2025,"Wagner, Niklas | Pathak, Minal",ENVIRONMENTAL RESEARCH COMMUNICATIONS,NA,NA,NA
WoS,english,"Gender gaps in knowledge, attitudes, and practices related to environmental degradation in Colombia",NA,10.1088/2752-5295/adcb62,2025,"Aguilar-Gomez, Sandra | Cardenas, Juan Camilo | Galindo, Camila | Rodriguez-Arenas, Jorge | Vlasak-Gonzalez, Daniela",ENVIRONMENTAL RESEARCH-CLIMATE,NA,NA,NA
WoS,english,Global Environmental Engineering for and with Historically Marginalized Communities,NA,10.1089/ees.2021.0103,2021,"Masten, Susan J. | Harris, Angela | Kearns, Joshua | Borrion, Aiduan | Peters, Catherine A. | Gadhamshetty, Venkataramana R.",ENVIRONMENTAL ENGINEERING SCIENCE,NA,NA,NA
WoS,english,"Habitat-islands in the coastal Atacama Desert: loss of functional redundancy, but not of functional diversity, with decreased precipitation",NA,10.1093/aob/mcaa206,2021,"Stotz, Gisela C. | Salgado-Luarte, Cristian | Vigil, Alonso T. | De la Cruz, Henry J. | Pasten-Marambio, Victor | Gianoli, Ernesto",ANNALS OF BOTANY,NA,NA,NA
WoS,english,Application of data science in the prediction of solar energy for the Amazon basin: a study case,NA,10.1093/ce/zkad065,2023,"Marques, Andre Luis Ferreira | Teixeira, Marcio Jose | de Almeida, Felipe Valencia | Correa, Pedro Luiz Pizzigatti",CLEAN ENERGY,NA,NA,NA
WoS,english,The carbon sequestration potential of 'analog' forestry in Ecuador: an alternative strategy for reforestation of degraded pastures,NA,10.1093/forestry/cpaa017,2021,"Ramos Veintimilla, Raul Armando | MacFarlane, David | Cooper, Lauren",FORESTRY,NA,NA,NA
WoS,english,Identifying policy approaches to build social-ecological resilience in marine fisheries with differing capacities and contexts,NA,10.1093/icesjms/fsab080,2022,"Kleisner, Kristin M. | Ojea, Elena | Battista, Willow | Burden, Merrick | Cunningham, Erica | Fujita, Rod | Karr, Kendra | Amoros, Samuel | Mason, Julia | Rader, Doug | Rovegno, Nicolas | Thomas-Smyth, Alice",ICES JOURNAL OF MARINE SCIENCE,NA,NA,NA
WoS,english,"Diversity and relative abundance of immature mosquitoes (Diptera: Culicidae) in Hohenbergia catingae Ule bromeliads and larvitraps in the Nísia Floresta National Forest, northeast Brazil",NA,10.1093/jme/tjae085,2024,"da Silva, Jose Hilario Tavares | Silva-Inacio, Cassio Lazaro | Gama, Renata Antonaci | Ximenes, Maria de Fatima Freire de Melo",JOURNAL OF MEDICAL ENTOMOLOGY,NA,NA,NA
WoS,english,Travel-associated international spread of Oropouche virus beyond the Amazon,NA,10.1093/jtm/taaf018,2025,"Iani, Felipe Campos de Melo | Pereira, Felicidade Mota | de Oliveira, Elaine Cristina | Rodrigues, Janete Tayna Nascimento | Machado, Mariza Hoffmann | Fonseca, Vagner | Adelino, Talita Emile Ribeiro | Guimaraes, Natalia Rocha | Tome, Luiz Marcelo Ribeiro | Gomez, Marcela Kelly Astete | Nardy, Vanessa Brandao | Ribeiro, Adriana Aparecida | Rosewell, Alexander | Ferreira, alvaro Gil A. | de Mello, Arabela Leal e Silva | Fernandes, Brenda Machado Moura | de Albuquerque, Carlos Frederico Campelo | Pereira, Dejanira dos Santos | Pimentel, Eline Carvalho | Lima, Fabio Guilherme Mesquita | Silva, Fernanda Viana Moreira | Pereira, Glauco de Carvalho | Tegally, Houriiyah | Almeida, Julia Deffune Profeta Cidin | Moreno, Keldenn Melo Farias | Vasconcelos, Klaucia Rodrigues | Santos, Leandro Cavalcante | Silva, Livia Cristina Machado | Frutuoso, Livia C., V | Lamounier, Ludmila Oliveira | Costa, Mariana Araujo | de Oliveira, Marilia Santini | dos Anjos, Marlei Pickler Dediasi | Ciccozzi, Massimo | Lima, Mauricio Teixeira | Pereira, Maira Alves | Rocha, Marilia Lima Cruz | da Silva, Paulo Eduardo de Souza | Rabinowitz, Peter M. | de Almeida, Priscila Souza | Lessells, Richard | Gazzinelli, Ricardo T. | da Cunha, Rivaldo Venancio | Goncalves, Sabrina | dos Santos, Sara Candida Ferreira | Belettini, Senele Ana de Alcantara | Pedroso, Silvia Helena Sousa Pietra | Araujo, Sofia Isabel Rotulo | da Silva, Stephanni Figueiredo | Croda, Julio | Maciel, Ethel | Van Voorhis, Wes | Martin, Darren P. | Holmes, Edward C. | de Oliveira, Tulio | Lourenco, Jose | Alcantara, Luiz Carlos Junior | Giovanetti, Marta",JOURNAL OF TRAVEL MEDICINE,NA,NA,NA
WoS,english,Preserving coastal environments requires an integrated natural and cultural resources management approach,NA,10.1093/pnasnexus/pgaf090,2025,"Mehta, Jayur Madhusudan | Chamberlain, Elizabeth L. | Helmer, Matthew | Haire, Elizabeth | Mccoy, Mark D. | van Beek, Roy | Wang, Haizhong | Yu, Siyu",PNAS NEXUS,NA,NA,NA
WoS,english,Using the Red List of Ecosystems and the Nature-based Solutions Global Standard as an integrated process for climate change adaptation in the Andean high mountains,NA,10.1098/rstb.2022.0326,2024,"Vasseur, L. | Andrade, A.",PHILOSOPHICAL TRANSACTIONS OF THE ROYAL SOCIETY B-BIOLOGICAL SCIENCES,NA,NA,NA
WoS,english,Community and governmental perspectives on climate disaster risk finance instruments in Colombia,NA,10.1108/dpm-11-2023-0303,2024,"Fernandez Lopera, Cristian Camilo | Mendes, Jose Manuel | Barata, Eduardo Jorge | Trejo-Rangel, Miguel Angel",DISASTER PREVENTION AND MANAGEMENT,NA,NA,NA
WoS,english,"Unveiling the relationships between visibility, information technologies and innovation management for sustainability performance: an empirical study",NA,10.1108/ejim-12-2023-1139,2025,"Lopez-Torres, Gabriela Citlalli | Schiuma, Giovanni | Munoz-Arteaga, Jaime | Alvarez-Torres, Francisco Javier",EUROPEAN JOURNAL OF INNOVATION MANAGEMENT,NA,NA,NA
WoS,english,"Geodesign and Sustainable Development Goals in the environmental parameterization of the Iron Quadrangle region, Brazil: an academic experience",NA,10.1108/ijbpa-11-2021-0143,2024,"Moura, Ana Clara Mourao | de Morais, Camila Fernandes | Goncalves Mello, Tiago Augusto",INTERNATIONAL JOURNAL OF BUILDING PATHOLOGY AND ADAPTATION,NA,NA,NA
WoS,english,La Antigua Guatemala living heritage. Improving governance for sustainable development,NA,10.1108/jchmsd-08-2022-0141,2023,"de Leon, Mario Raul Ramirez | Schwarz, Claudia Blanca Veronica Wolley | Soto, Maria Elena Molina | Ruiz, Olga Edith | Tuc, Maria Magdalena Ixquiaptap | Valdez, Josue Roberto Garcia",JOURNAL OF CULTURAL HERITAGE MANAGEMENT AND SUSTAINABLE DEVELOPMENT,NA,NA,NA
WoS,english,Modeling Temperature in the Ecuadorian Paramo Through Deep Learning,NA,10.1109/jstars.2025.3536878,2025,"Cabay, Marco Javier Castelo | Piedra-Fernandez, Jose Antonio | Ayala, Rosa Maria",IEEE JOURNAL OF SELECTED TOPICS IN APPLIED EARTH OBSERVATIONS AND REMOTE SENSING,NA,NA,NA
WoS,english,A Systematic Mapping of Artificial Intelligence Solutions for Sustainability Challenges in Latin America and the Caribbean,NA,10.1109/tla.2022.9904756,2022,"Salas, Joaquin | Patterson, Genevieve | Vidal, Flavin de Barros",IEEE LATIN AMERICA TRANSACTIONS,NA,NA,NA
WoS,english,Diversity for Restoration (D4R): Guiding the selection of tree species and seed sources for climate-resilient restoration of tropical forest landscapes,NA,10.1111/1365-2664.14079,2022,"Fremout, Tobias | Thomas, Evert | Taedoumg, Hermann | Briers, Siebe | Elena Gutierrez-Miranda, Claudia | Alcazar-Caicedo, Carolina | Lindau, Antonia | Mounmemi Kpoumie, Hubert | Vinceti, Barbara | Kettle, Chris | Ekue, Marius | Atkinson, Rachel | Jalonen, Riina | Gaisberger, Hannes | Elliott, Stephen | Brechbuhler, Esther | Ceccarelli, Viviana | Krishnan, Smitha | Vacik, Harald | Wiederkehr-Guerra, Gabriela | Salgado-Negret, Beatriz | Adriana Gonzalez, Mailyn | Ramirez, Wilson | Gonzalo Moscoso-Higuita, Luis | Vasquez, Alvaro | Cerron, Jessica | Maycock, Colin | Muys, Bart",JOURNAL OF APPLIED ECOLOGY,NA,NA,NA
WoS,english,"Restoration priorities for Caatinga dry forests: Landscape resilience, connectivity and biodiversity value",NA,10.1111/1365-2664.14131,2022,"Antongiovanni, Marina | Venticinque, Eduardo M. | Tambosi, Leandro R. | Matsumoto, Marcelo | Metzger, Jean Paul | Fonseca, Carlos Roberto",JOURNAL OF APPLIED ECOLOGY,NA,NA,NA
WoS,english,Integrating climate change into agroforestry conservation: A case study on native plant species in the Brazilian Atlantic Forest,NA,10.1111/1365-2664.14464,2023,"Lima, Valdeir Pereira | de Lima, Renato Ferreira A. | Joner, Fernando | D'Orangeville, Loic | Raes, Niels | Siddique, Ilyas | ter Steege, Hans",JOURNAL OF APPLIED ECOLOGY,NA,NA,NA
WoS,english,Evolutionary and ecological trends in the Neotropical cycad genus <i>Dioon</i> (Zamiaceae): An example of success of evolutionary stasis,NA,10.1111/1440-1703.12442,2024,"Gutierrez-Ortega, Jose Said | Perez-Farrera, Miguel Angel | Sato, Mitsuhiko P. | Matsuo, Ayumi | Suyama, Yoshihisa | Vovides, Andrew P. | Molina-Freaner, Francisco | Kajita, Tadashi | Watano, Yasuyuki",ECOLOGICAL RESEARCH,NA,NA,NA
WoS,english,TRADITIONAL GOVERNANCE IN THE COPRODUCTION OF URBAN RESILIENCE: Institutional Enablers and Political Constraints,NA,10.1111/1468-2427.13308,2025,"Rivero-Villar, Alejandro | Vieyra, Antonio",INTERNATIONAL JOURNAL OF URBAN AND REGIONAL RESEARCH,NA,NA,NA
WoS,english,Continuous forest at higher elevation plays a key role in maintaining bird and mammal diversity across an Andean coffee-growing landscape,NA,10.1111/acv.12857,2023,"Bedoya-Duran, M. J. | Jones, H. H. | Malone, K. M. | Branch, L. C.",ANIMAL CONSERVATION,NA,NA,NA
WoS,english,"Distribution shifts, potential refugia, and the performance of protected areas under climate change in the <i>Araucaria</i> moist forests ecoregion",NA,10.1111/avsc.12628,2021,"Saraiva, Daniel Dutra | Esser, Luiz Fernando | Grasel, Daniel | Jarenkow, Joao Andre",APPLIED VEGETATION SCIENCE,NA,NA,NA
WoS,english,"Water management infrastructure alters plant species composition, functional diversity and soil condition in a livestock-impaired mosaic of wetlands",NA,10.1111/avsc.12698,2022,"Aquino, Diego Sebastian | Gavier-Pizarro, Gregorio Ignacio | Quintana, Ruben Dario",APPLIED VEGETATION SCIENCE,NA,NA,NA
WoS,english,"Synergies and Trade-Offs Between Biodiversity Conservation, Human Well-Being, and Agricultural Production: Lessons From the Southern Atlantic Forest of Brazil",NA,10.1111/avsc.70047,2025,"Marcilio-silva, Vinicius | Paz, Andrea | Cavender-bares, Jeannine | Marques, Marcia C. M. | Vibrans, Alexander C. | Carnaval, Ana",APPLIED VEGETATION SCIENCE,NA,NA,NA
WoS,english,Population and reproductive structure in the endangered and highly endemic freshwater crab <i>Aegla concepcionensis</i> (Decapoda:Pleocyemata:Aeglidae) from Chile,NA,10.1111/azo.12408,2023,"Catchpole, Sam | Barria, Erwin M. | Gonzalez, Pablo S. | Rivera, Reinaldo",ACTA ZOOLOGICA,NA,NA,NA
WoS,english,Pollination ecology in the tropical Andes: moving towards a cross-scale approach,NA,10.1111/brv.70049,2025,"Rueda-Uribe, Cristina | Chauta, Alexander | Woodman, Tamsin L. | Lasso, Eloisa | Pelayo, Roxibell C. | Manrique-Garzon, Laura Milena | Munoz, Marcia C. | Allgayer, Rebekka | Ashman, Tia-Lynn | Bocedi, Greta | Burslem, David F. R. P. | Camargo-Martinez, Pedro A. | Echeverry-Galvis, Maria angela | Gonzalez-Arango, Catalina | Gubry-Rangin, Cecile | Lancaster, Lesley T. | Layton, Kara K. S. | Manfredini, Fabio | Martel, Carlos | Montti, Lia | Papadopulos, Alexander S. T. | Raguso, Robert A. | Ready, Jonathan | Rico-Guevara, Alejandro | Rocabado, Camila | Travis, Justin M. J.",BIOLOGICAL REVIEWS,NA,NA,NA
WoS,english,Regional variation in responses of a vulnerable bird species to land-use and climate change,NA,10.1111/btp.13142,2022,"Almeida, Ana Claudia | Tourinho, Luara | Ramalho, Quezia | Jenkins, Clinton N. | Almeida-Gomes, Mauricio",BIOTROPICA,NA,NA,NA
WoS,english,Medium and large mammal responses to fire in a neotropical savanna system in Guyana,NA,10.1111/btp.13397,2025,"Paemelaere, Evi A. D. | Hallett, Matthew T. | de Freitas, Kayla | Balvadore, Susan | Ignace, Maxi | Mandook, Allan | Mandook, Nicholas | Lewis, Matthew | Igancio, Leroy | Joaquim, Mauritio | O'Shea, Brian | van Vliet, Nathalie",BIOTROPICA,NA,NA,NA
WoS,english,Effects of Amazonian flying rivers on frog biodiversity and populations in the Atlantic rainforest,NA,10.1111/cobi.14033,2023,"Ferrante, Lucas | Getirana, Augusto | Baccaro, Fabricio Beggiato | Schongart, Jochen | Monteiro Leonel, Ana Cristina | Gaiga, Renato | Garey, Michel Varajao | Fearnside, Philip Martin",CONSERVATION BIOLOGY,NA,NA,NA
WoS,english,Sensitivity of tropical montane birds to anthropogenic disturbance and management strategies for their conservation in agricultural landscapes,NA,10.1111/cobi.14136,2023,"Ausprey, Ian J. | Newell, Felicity L. | Robinson, Scott K.",CONSERVATION BIOLOGY,NA,NA,NA
WoS,english,Changing the paradigm for the development of the Caatinga dry forest region to rescue threatened biodiversity and improve sustainability,NA,10.1111/cobi.70030,2025,"Tabarelli, Marcelo | Leal, Inara R. | Lopes, Ariadna V. | Canassa, Nathalia | Araujo, Helder F. P.",CONSERVATION BIOLOGY,NA,NA,NA
WoS,english,Community-based conservation strategies to end open access: The case of Fish Refuges in Mexico,NA,10.1111/csp2.283,2021,"Quintana, Anastasia C. E. | Basurto, Xavier",CONSERVATION SCIENCE AND PRACTICE,NA,NA,NA
WoS,english,Comparing species and evolutionary diversity metrics to inform conservation,NA,10.1111/ddi.13660,2023,"Gonzalez-Orozco, Carlos E. | Parra-Quijano, Mauricio",DIVERSITY AND DISTRIBUTIONS,NA,NA,NA
WoS,english,Embrapa and the construction of scientific heritage in Brazilian agriculture: Sowing memory,NA,10.1111/dpr.12531,2021,"Cabral, Lidia",DEVELOPMENT POLICY REVIEW,NA,NA,NA
WoS,english,Multi-taxa colonisation along the foreland of a vanishing equatorial glacier,NA,10.1111/ecog.05478,2021,"Rosero, Pedro | Crespo-Perez, Veronica | Espinosa, Rodrigo | Andino, Patricio | Barragan, Alvaro | Moret, Pierre | Gobbi, Mauro | Ficetola, Gentile Francesco | Jaramillo, Ricardo | Muriel, Priscilla | Anthelme, Fabien | Jacobsen, Dean | Dangles, Olivier | Condom, Thomas | Gielly, Ludovic | Poulenard, Jerome | Rabatel, Antoine | Basantes, Ruben | Caceres Correa, Bolivar | Cauvy-Fraunie, Sophie",ECOGRAPHY,NA,NA,NA
WoS,english,Guatemala soil organic carbon database (GTMSOC),NA,10.1111/ejss.13450,2024,"Vasquez, Alan | Varon-Ramirez, Viviana Marcela | Tobias, Hugo | Guevara, Mario",EUROPEAN JOURNAL OF SOIL SCIENCE,NA,NA,NA
WoS,english,Phylogenetic diversity and conservation of crop wild relatives in Colombia,NA,10.1111/eva.13295,2021,"Gonzalez-Orozco, Carlos E. | Sosa, Chrystian C. | Thornhill, Andrew H. | Laffan, Shawn W.",EVOLUTIONARY APPLICATIONS,NA,NA,NA
WoS,english,Genome-Wide Diversity in Lowland and Highland Maize Landraces From Southern South America: Population Genetics Insights to Assist Conservation,NA,10.1111/eva.70047,2024,"Dominguez, Pia Guadalupe | Gutierrez, Angela Veronica | Fass, Monica Irina | Filippi, Carla Valeria | Vera, Pablo | Puebla, Andrea | Defacio, Raquel Alicia | Paniego, Norma Beatriz | Lia, Veronica Viviana",EVOLUTIONARY APPLICATIONS,NA,NA,NA
WoS,english,Comparison of Conservation Strategies for California Channel Island Oak (<i>Quercus tomentella</i>) Using Climate Suitability Predicted From Genomic Data,NA,10.1111/eva.70057,2024,"Mead, Alayna | Fitz-Gibbon, Sorel | Knapp, John | Sork, Victoria L.",EVOLUTIONARY APPLICATIONS,NA,NA,NA
WoS,english,Climate change adaptation in fisheries,NA,10.1111/faf.12595,2022,"Galappaththi, Eranga K. | Susarla, Vasantha B. | Loutet, Samantha J. T. | Ichien, Stephanie T. | Hyman, Amanda A. | Ford, James D.",FISH AND FISHERIES,NA,NA,NA
WoS,english,"Species, taxonomic, and functional group diversities of terrestrial mammals at risk under climate change and land-use/cover change scenarios in Mexico",NA,10.1111/gcb.16411,2022,"Ureta, Carolina | Ramirez-Barron, Mercedes | Andres Sanchez-Garcia, Edgar | Cuervo-Robayo, Angela P. | Munguia-Carrara, Mariana | Mendoza-Ponce, Alma | Gay, Carlos | Sanchez-Cordero, Victor",GLOBAL CHANGE BIOLOGY,NA,NA,NA
WoS,english,"Declining glacier cover drives changes in aquatic macroinvertebrate biodiversity in the Cordillera Blanca, Perú",NA,10.1111/gcb.17355,2024,"Palacios-Robles, Edson | Medina, Katy | Loarte, Edwin | Castaneda-Barreto, Alberto | Gamboa-Mendoza, Miriam | Polo-Salazar, Rosario | Tapia, Pedro | Pellicciotti, Francesca | Brown, Lee E.",GLOBAL CHANGE BIOLOGY,NA,NA,NA
WoS,english,Mapping Resilient Landscapes to Climate Change in a Megadiverse Country,NA,10.1111/gcb.70544,2025,"Rosenfield, Milena Fermina | Jardim, Lucas | Antongiovanni, Marina | Querido, Luciano Carramaschi de Alagao | Ribeiro, Alisson Andre | Sanchez-Tapia, Andrea | Silveira, Priscila | Terribile, Levi Carina | Venticinque, Eduardo M. | Albernaz, Ana Luisa | Garcia, Leticia Couto | Tambosi, Leandro Reverberi | Adami, Marcos | Becker, Fernando Gertum | Benchimol, Maira | Carvalheiro, Luisa Gigante | Cornelius, Cintia | Damasceno-Junior, Geraldo Alves | Dobrovolski, Ricardo | Ferreira, Manuel Eduardo | Fonseca, Carlos Roberto | Fronza, Jose Guilherme | Fushita, Angela Terumi | Garda, Adrian Antonio | Hasenack, Heinrich | Lemes, Priscila | Libonati, Renata | Lugarini, Camile | Marques, Marcia C. M. | Melo, Felipe | de Morais, Alessandro Ribeiro | Mueller, Sandra Cristina | Neri, Andreza Viana | Portela, Rita de Cassia Quitete | Ramos Neto, Mario Barroso | Rezende, Camila Linhares | de Oliveira Roque, Fabio | Sobral-Souza, Thadeu | Vale, Mariana M. | Vasques, Gustavo M. | Velez-Martin, Eduardo | Vieira, Ima | Werneck, Fernanda P. | Garcia, Edenise",GLOBAL CHANGE BIOLOGY,NA,NA,NA
WoS,english,Salinity-induced limits to mangrove canopy height,NA,10.1111/geb.13720,2023,"Perri, Saverio | Detto, Matteo | Porporato, Amilcare | Molini, Annalisa",GLOBAL ECOLOGY AND BIOGEOGRAPHY,NA,NA,NA
WoS,english,Establishing Historical Baselines of Arthropod Assemblages Using Rodent Paleomiddens,NA,10.1111/geb.70006,2025,"Braasch, Joseph | Betancourt, Julio | Dezerald, Olivier | Peiris, Udari | Tapia-Rozas, Maura | Villagra, Cristian | Latorre, Claudio | Gonzalez, Angelica L.",GLOBAL ECOLOGY AND BIOGEOGRAPHY,NA,NA,NA
WoS,english,"The Growth of Cross-Border Regions Toward ""Two Countries, One Park"": A Case Study of the Mohan-Boten Cross-Border Cooperation Zone",NA,10.1111/grow.70005,2024,"Song, Zhouying | Yao, Qiuhui | Liu, Weidong",GROWTH AND CHANGE,NA,NA,NA
WoS,english,"Resilient people, resilient systems: The essential role of social protection in a polycrisis world",NA,10.1111/issr.70001,2025,"Devereux, Stephen | Solorzano, Ana",INTERNATIONAL SOCIAL SECURITY REVIEW,NA,NA,NA
WoS,english,Social protection and the climate crisis: The case of Brazil's emergency responses to the 2024 Rio Grande do Sul floods,NA,10.1111/issr.70005,2025,"Tebaldi, Raquel",INTERNATIONAL SOCIAL SECURITY REVIEW,NA,NA,NA
WoS,english,Identifying traits that enable lizard adaptation to different habitats,NA,10.1111/jbi.14285,2022,"Lanna, Flavia M. | Colli, Guarino R. | Burbrink, Frank T. | Carstens, Bryan C.",JOURNAL OF BIOGEOGRAPHY,NA,NA,NA
WoS,english,Historical biogeography shapes functional ecology: Inter-continental contrasts in responses of savanna ant communities to stress and disturbance,NA,10.1111/jbi.14343,2022,"Andersen, Alan N. | Vasconcelos, Heraldo L.",JOURNAL OF BIOGEOGRAPHY,NA,NA,NA
WoS,english,Atopic dermatitis: A global health perspective,NA,10.1111/jdv.19723,2024,"Faye, Ousmane | Flohr, Carsten | Kabashima, Kenji | Ma, Lin | Paller, Amy S. | Rapelanoro, Fahafahantsoa Rabenja | Steinhoff, Martin | Su, John C. | Takaoka, Roberto | Wollenberg, Andreas | Yew, Yik Weng | Postigo, Jose A. Ruiz | Schmid-Grendelmeier, Peter | Taieb, Alain",JOURNAL OF THE EUROPEAN ACADEMY OF DERMATOLOGY AND VENEREOLOGY,NA,NA,NA
WoS,english,"Data-Driven Modeling for Urban Flood Warning Systems: A Case Study in the Guarará Basin, Brazil",NA,10.1111/jfr3.70110,2025,"Hossoda, Dario Hachisu | Perez, Raphael Ferreira | Tercini, Joao Rafael Bergamaschi | Bonnecarrere, Joaquin Ignacio Garcia",JOURNAL OF FLOOD RISK MANAGEMENT,NA,NA,NA
WoS,english,Diversity Patterns of Tree Communities Across Multiple Flood Gradients With Separate Fire Histories: Unveiling Patterns in a Wetland Ecosystem,NA,10.1111/jvs.70044,2025,"Souza, Allan H. de Almeida | Pott, Arnildo | Bao, Francielli | Damasceno-Junior, Geraldo Alves",JOURNAL OF VEGETATION SCIENCE,NA,NA,NA
WoS,english,Local adaptation of <i>Pinus leiophylla</i> under climate and land use change models in the Avocado Belt of Michoacán,NA,10.1111/mec.17424,2024,"Izaguirre-Toriz, Vanessa | Aguirre-Liguori, Jonas A. | Latorre-Cardenas, Maria Camila | Arima, Eugenio Y. | Gonzalez-Rodriguez, Antonio",MOLECULAR ECOLOGY,NA,NA,NA
WoS,english,Potential geographic displacement of Chagas disease vectors under climate change,NA,10.1111/mve.12810,2025,"Brasil, Leandro Schlemmer | Silverio, Divino Vicente | Silva, Jose Orlando de Almeida | Santos, Walter Souza | de Melo, Leonardo Viana | Juen, Leandro | Franca, Filipe Machado | Vieira, Thiago Bernardi",MEDICAL AND VETERINARY ENTOMOLOGY,NA,NA,NA
WoS,english,"Smallholders' perspectives, motivations, and incentives for restoring the Brazilian Atlantic Forest",NA,10.1111/rec.14270,2024,"Tavares, Mayra F. | Gallo, Patricia | Nascimento, Nathalia | Bauhus, Juergen | Brancalion, Pedro H. S. | Feurer, Melanie",RESTORATION ECOLOGY,NA,NA,NA
WoS,english,"Identification of a triatomine infected with <i>Trypanosoma cruzi</i> in an urban area of the state of Veracruz, Mexico: A comprehensive study",NA,10.1111/zph.13038,2023,"Paulina, Ochoa-Martinez | Aracely, Lopez-Monteon | Jaime, Lopez-Dominguez | Jesus, Torres-Montero | Jorge Alberto, Dominguez-Guillen | Angel, Ramos-Ligonio",ZOONOSES AND PUBLIC HEALTH,NA,NA,NA
WoS,english,"Family Agriculture and Socio-Productive Transformations in the Rural-Urban System of the Municipality of Centro, Tabasco, in southern Mexico",NA,10.11144/javeriana.cdr22.afts,2025,"Garcia, Alfonso Juarez | Schmook, Birgit Inge | Gerritsen, Peter Rijnaldus Wilhelmus | Fernandez, Alejandro Casas | Van Der Wal, Johannes Cornelis",CUADERNOS DE DESARROLLO RURAL,NA,NA,NA
WoS,english,Challenges of Comprehensive Territorial Management for the Implementation of Adaptation Strategies to Climate Change,NA,10.11144/javeriana.cvu15.dgti,2022,"Guerrero, Edwin Segura | Bernal, Oswaldo Lopez | Casas, Apolinar Figueroa",CUADERNOS DE VIVIENDA Y URBANISMO,NA,NA,NA
WoS,english,Human impacts outpace natural processes in the Amazon,NA,10.1126/science.abo5003,2023,"Albert, James S. | Carnaval, Ana C. | Flantua, Suzette G. A. | Lohmann, Lucia G. | Ribas, Camila C. | Riff, Douglas | Carrillo, Juan D. | Fan, Ying | Figueiredo, Jorge J. P. | Guayasamin, Juan M. | Hoorn, Carina | Melo, Gustavo H. de | Nascimento, Nathalia | Quesada, Carlos A. | Ulloa, Carmen Ulloa | Val, Pedro | Arieira, Julia | Encalada, Andrea C. | Nobre, Carlos A.",SCIENCE,NA,NA,NA
WoS,english,"From Latent Endophyte to Global Threat: Climate Change, Pathogenicity Mechanisms, and Ecological Impacts of Biscogniauxia mediterranea",NA,10.1127/nova_hedwigia/2025/1194,2026,"Azimi, Pouriya | Alizadeh, Mehrdad",NOVA HEDWIGIA,NA,NA,NA
WoS,english,Rhizospheric bacteria from the Atacama Desert hyper-arid core: cultured community dynamics and plant growth promotion,NA,10.1128/spectrum.00056-24,2024,"Castro-Severyn, Juan | Fortt, Jonathan | Sierralta, Mariela | Alegria, Paola | Donoso, Gabriel | Choque, Alessandra | Avellaneda, Andrea M. | Pardo-Este, Coral | Saavedra, Claudia P. | Stoll, Alexandra | Remonsellez, Francisco",MICROBIOLOGY SPECTRUM,NA,NA,NA
WoS,english,Study of Wetland Soils of the Salar de Atacama with Different Azonal Vegetative Formations Reveals Changes in the Microbiota Associated with Hygrophile Plant Type on the Soil Surface,NA,10.1128/spectrum.00533-22,2022,"Ramos-Tapia, Ignacio | Nunez, Reynaldo | Salinas, Carlos | Salinas, Pamela | Soto, Jorge | Paneque, Manuel",MICROBIOLOGY SPECTRUM,NA,NA,NA
WoS,english,The role of wildfires in the recovery strategy for the endangered southern California steelhead,NA,10.1130/2024.2562(06),2024,"Capelli, Mark Henri",BIOGEOMORPHIC RESPONSES TO WILDFIRE IN FLUVIAL ECOSYSTEMS,NA,NA,NA
WoS,english,Exposure to ambient high temperature and increased risk of hospitalisation for non-infectious bowel diseases during 2000-2019: a case-crossover study in 1816 Brazilian cities,NA,10.1136/oemed-2024-109710,2025,"Zhuang, Mengwei | Cao, Yanwen | Coelho, Micheline de Sousa Zanotti Stagliorio | Guo, Yuming | Li, Shanshan | Huang, Tao | Yan, Jie | Zhao, Qi",OCCUPATIONAL AND ENVIRONMENTAL MEDICINE,NA,NA,NA
WoS,english,IMPACTS OF ECONOMIC GROWTH WITH FOREST PRESERVATION IN THE AMAZON AND CERRADO BIOMES IN BRAZIL,NA,10.1142/s2010007824500088,2025,"Souza, GeSSICA C. P. | Domingues, Edson paulo | Magalhaes, Aline",CLIMATE CHANGE ECONOMICS,NA,NA,NA
WoS,english,The Risk of Virus Emergence in South America: A Subtle Balance Between Increasingly Favorable Conditions and a Protective Environment,NA,10.1146/annurev-virology-100422-024648,2024,"de Thoisy, Benoit | Graf, Tiago | Mansur, Daniel Santos | Delfraro, Adriana | dos Santos, Claudia Nunes Duarte",ANNUAL REVIEW OF VIROLOGY,NA,NA,NA
WoS,english,"Climate Change, Vulnerability, and the Propensity for Climate Migration: Evidence from Guatemala",NA,10.1162/glep_a_00780,2025,"Maboudi, Tofigh | Eisenstadt, Todd A. | Arce, Moises | Feoli, Ludovico | Palacios, Felipe Antonio Giron",GLOBAL ENVIRONMENTAL POLITICS,NA,NA,NA
WoS,english,Municipal structural adjustment: For an institutional analysis of global development finance,NA,10.1177/0308518x251349100,2025,"Hilbrandt, Hanna",ENVIRONMENT AND PLANNING A-ECONOMY AND SPACE,NA,NA,NA
WoS,english,Drought and water management in ancient Maya society,NA,10.1177/03091333221129784,2023,"Bhattacharya, Tripti | Krause, Samantha | Penny, Dan | Wahl, David",PROGRESS IN PHYSICAL GEOGRAPHY-EARTH AND ENVIRONMENT,NA,NA,NA
WoS,english,The case for a climate bonus: waste pickers' perceptions of climate change in Minas Gerais,NA,10.1177/09562478241230813,2024,"Dias, Sonia Maria | Broto, Vanesa Castan | Cypriano, Breno | Ogando, Ana Carolina | Goncalves, Juliana",ENVIRONMENT AND URBANIZATION,NA,NA,NA
WoS,english,Occupation of vacant buildings in central districts by social movements as a means to deal with climate change in an inclusive way: the cases of cities São Paulo and Natal,NA,10.1177/09562478241230814,2024,"Moretti, Julia Azevedo | Cavalcanti, Emanuel Ramos | Brasil, Amiria Bezerra | Moretti, Ricardo De Sousa",ENVIRONMENT AND URBANIZATION,NA,NA,NA
WoS,english,Assessing the Vulnerability of Endemic Colombian Amphibian Species to Climate Change in an Isolated Montane Ecosystem,NA,10.1177/19400829231225236,2024,"Roach, Nicolette S. | Castellanos, Adrian A. | Lacher Jr, Thomas E.",TROPICAL CONSERVATION SCIENCE,NA,NA,NA
WoS,english,Understanding everyday water experiences through flows: A feminist political ecology take on household metabolism,NA,10.1177/25148486241250012,2025,"Fragkou, Maria Christina",ENVIRONMENT AND PLANNING E-NATURE AND SPACE,NA,NA,NA
WoS,english,The race to disasters - is the international relief community ready for future disasters?,NA,10.1186/s13584-024-00657-1,2024,"Peleg, Kobi | Bodas, Moran",ISRAEL JOURNAL OF HEALTH POLICY RESEARCH,NA,NA,NA
WoS,english,Chilean long-term Socio-Ecological Research Network: progresses and challenges towards improving stewardship of unique ecosystems,NA,10.1186/s40693-023-00114-4,2023,"Frene, Cristian | Armesto, Juan J. | Nespolo, Roberto F. | Gaxiola, Aurora | Navarrete, Sergio A. | Troncoso, Alejandra | Munoz, Ariel | Corcuera, Luis J.",REVISTA CHILENA DE HISTORIA NATURAL,NA,NA,NA
WoS,english,Unveiling emerging interdisciplinary research challenges in the highly threatened sclerophyllous forests of central Chile,NA,10.1186/s40693-024-00130-y,2024,"Delpiano, Cristian A. | Vargas, Solange | Ovalle, Juan F. | Caceres, Catalina | Zorondo-Rodriguez, Francisco | Miranda, Alejandro | Pohl, Nelida | Rojas, Claudia | Squeo, Francisco A.",REVISTA CHILENA DE HISTORIA NATURAL,NA,NA,NA
WoS,english,"Deciphering the fiber quality of <i>Gossypium barbadense</i> L. var. <i>brasiliensis </i>in La Convención, Cusco, Perú",NA,10.1186/s42397-024-00184-z,2024,"Morales-Aranibar, Luis | Saenz, Manuel Canto | Morales-Aranibar, Carlos Genaro | Rivera, Marite Yulisa Nieves | Aguilera, Jorge Gonzalez | Steiner, Fabio | Bardiviesso, Diogenes Martins | Zuffo, Alan Mario",JOURNAL OF COTTON RESEARCH,NA,NA,NA
WoS,english,Fouling of a boat hull by the invasive zooxanthellate coral <i>Oculina patagonica</i>- could shipping be enhancing its unique large-scale spread?,NA,10.12681/mms.30429,2023,"Serrano, Eduard | Ribes, Marta | Bolivar, Manel | Coma, Rafel",MEDITERRANEAN MARINE SCIENCE,NA,NA,NA
WoS,english,"Water Status of <i>Polylepis</i> Forests Related to Altitudinal Gradient, Microclimate Variables and Slope",NA,10.12911/22998993/132425,2021,"Yaranga, Raul | Arizapana, Marco | Orellana, Edith | Pariona, Victor | Castaneda, Italo",JOURNAL OF ECOLOGICAL ENGINEERING,NA,NA,NA
WoS,english,Sustainable Agriculture in Peru Based on Agrobiodiversity and Climate-Smart Agriculture - Evaluation of a Case Study with Small Farmers in an Andean Basin,NA,10.12911/22998993/185221,2024,"Aguilar-Luis, Miguel Angel | Sanchez, Jose Miguel | Mercado, Waldemar | Orihuela, Julio Cesar Alegre",JOURNAL OF ECOLOGICAL ENGINEERING,NA,NA,NA
WoS,english,MITIGATION AND ADAPTATION OF CITIES TO CLIMATE CHANGE: SOCIO-ENVIRONMENTAL VULNERABILITIES AND LEGAL CONFLICTS IN THE PROTECTION OF URBAN PERMANENT PRESERVATION AREAS IN BRAZIL,NA,10.12957/rdc.2021.61081,2021,"Junior, Nelson Novaes Pedroso | dos Santos, Andre de Castro",REVISTA DE DIREITO DA CIDADE-CITY LAW,NA,NA,NA
WoS,english,Challenges for Quantifying Knowledge Shortfalls on Tropical Pollinators in the Face of Global Environmental Change - Brazilian Bees as a Case Study,NA,10.13102/sociobiology.v72i2.11276,2025,"Carvalheiro, Luisa G. | Cordeiro, Guaraci D. | Marques, Bruno F. | Menezes, Poliana P. | Consorte, Patrick M. | Giannini, Tereza C.",SOCIOBIOLOGY,NA,NA,NA
WoS,english,Rural livelihood diversification is associated with lower vulnerability to climate change in the Andean-Amazon foothills,NA,10.1371/journal.pclm.0000051,2022,"Beltran-Tolosa, Lucila Marcela | Cruz-Garcia, Gisella S. | Ocampo, Jhon | Pradhan, Prajal | Quintero, Marcela",PLOS CLIMATE,NA,NA,NA
WoS,english,Disaster event effects on cat and dog populations within United States animal care facility services: A cross sectional study,NA,10.1371/journal.pclm.0000066,2022,"Rowitt, Janice Baldwin | Brown, Heidi E.",PLOS CLIMATE,NA,NA,NA
WoS,english,"Informing adaptation strategy through mapping the dynamics linking climate change, health, and other human systems: Case studies from Georgia, Lebanon, Mozambique and Costa Rica",NA,10.1371/journal.pclm.0000184,2023,"Loffreda, Giulia | Chikovani, Ivdity | Mocumbi, Ana O. | Asmar, Michele Kosremelli | Blanco, Laura C. | Grant, Liz | Ager, Alastair",PLOS CLIMATE,NA,NA,NA
WoS,english,Impacts of projected urban growth on simulated near-surface temperature in Mexico City Metropolitan Area: Implications for urban vulnerability,NA,10.1371/journal.pclm.0000396,2024,"Miquelajauregui, Yosune | Lopez-Espinoza, Erika Danae | Luna Perez, Erika | Gomez-Priego, Paola | Bojorquez-Tapia, Luis A. | Aquino Martinez, Lourdes P. | Quintanar, Arturo I.",PLOS CLIMATE,NA,NA,NA
WoS,english,Unseen scars: Understanding the mental health burdens of climate change on indigenous and rural Peruvian women,NA,10.1371/journal.pclm.0000527,2025,"Flores, Elaine C. | Mascarenas, Claudia | Eaton, Julian | Kakuma, Ritsuko | Flores, Annie F. | Haines, Andrew",PLOS CLIMATE,NA,NA,NA
WoS,english,Twenty-first-century demographic and social inequalities of heat-related deaths in Brazilian urban areas,NA,10.1371/journal.pone.0295766,2024,"dos Santos, Djacinto Monteiro | Libonati, Renata | Garcia, Beatriz N. | Geirinhas, Joao L. | Salvi, Barbara Bresani | Silva, Eliane Lima e | Rodrigues, Julia A. | Peres, Leonardo F. | Russo, Ana | Gracie, Renata | Gurgel, Helen | Trigo, Ricardo M.",PLOS ONE,NA,NA,NA
WoS,english,Mapping climate adaptation corridors for biodiversity-A regional-scale case study in Central America,NA,10.1371/journal.pone.0304756,2024,"McCullough, Ian M. | Beirne, Christopher | Soto-Navarro, Carolina | Whitworth, Andrew",PLOS ONE,NA,NA,NA
WoS,english,Movement ecology of captive-bred axolotls in restored and artificial wetlands: Conservation insights for amphibian reintroductions and translocations,NA,10.1371/journal.pone.0314257,2025,"Ramos, Alejandra G. | Mena, Horacio | Schneider, David | Zambrano, Luis",PLOS ONE,NA,NA,NA
WoS,english,Epidemiological dynamics of dengue in Peru: Temporal and spatial drivers between 2000 and 2022,NA,10.1371/journal.pone.0319708,2025,"Goche, Katherine Susan Rufasto | Castro, Maria Victoria Lizarbe | Zanelly, Glenn Alberto Lozano | Camargo, Washington Melvin Lira | Velasquez, Elizabeth Yovana Ascayo | Carrasco, Alexis G. Murillo | Diaz-Obregon, Daysi",PLOS ONE,NA,NA,NA
WoS,english,Functional safeguards for conservation: Identifying climate change refugia for frugivorous and nectarivorous birds in a degraded area of Colombia,NA,10.1371/journal.pone.0321817,2025,"Saenz-Jimenez, Fausto | Parrado-Vargas, Maria Alejandra | Gonzalez-Maya, Jose F. | Carvajal-Cogollo, Juan Emiro",PLOS ONE,NA,NA,NA
WoS,english,"Making scarcity ""enough"": The hidden household costs of adapting to water scarcity in Mexico City",NA,10.1371/journal.pwat.0000056,2023,"Huberts, Alyssa | Palma, David | Garcia, Ana Cecilia Bernal | Cole, Faith | Roberts, Elizabeth F. S.",PLOS WATER,NA,NA,NA
WoS,english,Assessment of soil vulnerability to water erosion in the province of Manabí (Ecuador) through the application of a geospatial model,NA,10.14198/ingeo.27414,2025,"Andrade-Carreno, Isabel | Delgado, Daniel | Vivas, Mirian Guillen",INVESTIGACIONES GEOGRAFICAS-SPAIN,NA,NA,NA
WoS,english,Experience and coping in the face of alluvial risk: A multiple mediation model,NA,10.14718/acp.2021.24.2.12,2021,"Sandoval-Diaz, Jose | Ruiz-Rivera, Naxhelli | Cuadra-Martinez, David",ACTA COLOMBIANA DE PSICOLOGIA,NA,NA,NA
WoS,english,"Migrating, Adapting in Place or Missing Options? A Systematic Review of Climate Change-Migration Links in Peru",NA,10.1515/9783110752144-007,2024,"Bergmann, Jonas | Escribano, Pablo | Vinke, Kira",DE GRUYTER HANDBOOK OF CLIMATE MIGRATION AND CLIMATE MOBILITY JUSTICE,NA,NA,NA
WoS,english,Climate change and agricultural workers in the Michoacan avocado industry: Opportunities and trade-offs in coupling plant and human health for sustainability,NA,10.1525/elementa.2025.00018,2025,"Dhesi, Simerpreet Z. | Jolly, Amber R. | Munoz, Rojelio | Olson, Valerie | Huxman, Travis E.",ELEMENTA-SCIENCE OF THE ANTHROPOCENE,NA,NA,NA
WoS,english,Skepticism in the Recognition of Traditional Knowledge for Public Policy Management Related to Climate Change,NA,10.15359/rgac.72-1.5,2024,"Apaza, Zenon Porfidio Gomel | Oba, Jorge Ishizawa | Carbajal, Rafael Evelio Granados | Gamwell, Adam",REVISTA GEOGRAFICA DE AMERICA CENTRAL,NA,NA,NA
WoS,english,Disaster risk management: competencies for a new hydro-environmental culture,NA,10.15359/ru.36-1.8,2022,"Arauz Munoz, Jeannette | Moreira Segura, Cristian | Charpentier Esquivel, Claudia | Barrantes Castillo, Gustavo",UNICIENCIA,NA,NA,NA
WoS,english,Do environmental competences in climate risk management make second-cycle students at Excelencia Cahuita Elementary School in Limón more resilient?,NA,10.15359/ru.39-1.5,2025,"Arauz-Munoz, Jeannette | Segura, Cristian Moreira | Castillo, Gustavo Barrantes | Esquivel, Claudia Charpentier",UNICIENCIA,NA,NA,NA
WoS,english,Resilience of vegetation cover in Southwest Mexico to the climate change effects,NA,10.15381/rpb.v28i2.18187,2021,"Santillan Fernandez, Alberto | Vargas Cabrera, Iris Idalia | Pelcastre Ruiz, Luis Marcelino | Carrillo Avila, Eugenio | Alatorre Cobos, Fulgencio | Bautista Ortega, Jaime",REVISTA PERUANA DE BIOLOGIA,NA,NA,NA
WoS,english,"PRELIMINARY MODEL OF POTENTIAL AREAS FOR RESTORATION FOR THE INTER-ANDEAN VALLEY OF CAUCA RIVER (COLOMBIA, SOUTH AMERICA) BASED ON HABITAT SUITABILITY MODELS",NA,10.15446/abc.v29n2.103070--,2024,"Alvarado-Solano, Diana Patricia | Otero, Joel Tupac | Sarapatka, Borivojrivoj",ACTA BIOLOGICA COLOMBIANA,NA,NA,NA
WoS,english,Ecological infrastructure and urban adaptation to climate change. Exploring the potential of green spaces,NA,10.15446/bitacora.v33n3.109527,2023,"Maria Karis, Clara | Magali Mujica, Camila",BITACORA URBANO TERRITORIAL,NA,NA,NA
WoS,english,Adaptation to climate change from the territorial,NA,10.15446/bitacora.v34n2.113232,2024,"Peralta-Mahecha, Gustavo | Santos-Rodriguez, Aura Jeaneth | Rincon-Avellaneda, Maria Patricia | Garzon-Camacho, Juan Carlos | Martinez-Martinez, Luis Joel",BITACORA URBANO TERRITORIAL,NA,NA,NA
WoS,english,"Approaches to the Assemblage of Water From the Management of the High Mountains, Case of the Territories of the Chingaza System in Colombia",NA,10.15446/ts.v24n2.98980,2022,"Mendez Polo, Olga Lucia",TRABAJO SOCIAL,NA,NA,NA
WoS,english,"Mesozooplankton responses to oceanographic conditions across different scales in Salinas Bay, Northern Pacific coast of Costa Rica during 2011-2013",NA,10.15517/rbt.v69is2.48741,2021,"Morales-Ramirez, Alvaro | Pons, Ivana Till | Alfaro, Eric J. | Corrales-Ugalde, Marco | Sheridan-Rodriguez, Carolina",REVISTA DE BIOLOGIA TROPICAL,NA,NA,NA
WoS,english,FOUR-DECADE ANALYSIS OF FIRE BEHAVIOR IN THE BRAZILIAN CAATINGA BIOME 1985-2023,NA,10.1590/01047760202531013626,2025,"Perea-Ardila, Mauricio Alejandro",CERNE,NA,NA,NA
WoS,english,"CARBON BALANCE OF LAND USE, LAND-USE CHANGE AND FORESTRY (LULUCF) IN THE BRAZILIAN CHACO",NA,10.1590/1806-908820230000020,2023,"Fidalgo, Elaine Cristina Cardoso | Monteiro, Joyce Maria Guimaraes | Prado, Rachel Bardy | da Silva, Joao dos Santos Vila",REVISTA ARVORE,NA,NA,NA
WoS,english,<i>Risk analysis of hydrometeorological disasters: methodological approach applied to medium-sized municipalities</i>,NA,10.1590/2175-3369.015.e20220150,2023,"Pereira, Mariam Trierveiler | Miranda, Yara Campos",URBE-REVISTA BRASILEIRA DE GESTAO URBANA,NA,NA,NA
WoS,english,Marine animal forests in turbid environments are overlooked seascapes in urban areas,NA,10.1590/2675-2824071.22060mos,2023,"Soares, Marcelo de Oliveira | Salani, Sula | Paiva, Sandra Vieira | Paiva, Carolina Cerqueira | Carneiro, Pedro Bastos de Macedo",OCEAN AND COASTAL RESEARCH,NA,NA,NA
WoS,english,Synthetic biology and climate change: innovations for a sustainable future,NA,10.1590/s1678-3921.pab2025.v60.04148,2025,"da Silva, Estefania Faria | Palmeiras, Mariele de Araujo | Rocha, Amanda Pereira | Pascoal, Patricia Verdugo | Prado, Nicole Vieira | Araujo, Mariana Mathias Conroy | Bonfim, Kenny | Rosinha, Gracia Maria Soares | Bittencourt, Daniela Matias de Carvalho",PESQUISA AGROPECUARIA BRASILEIRA,NA,NA,NA
WoS,english,Integrating Climate and Biodiversity Agendas: The challenge and the opportunity for the COP30 in Brazil,NA,10.1590/s1984-4689.v42.e25092,2025,"Bustamante, Mercedes | Schuler, Jessica",ZOOLOGIA,NA,NA,NA
WoS,english,IDENTIFICATION OF CLIMATE-RESILIENT TEOSINTE POPULATIONS TO ASSIST MAIZE ADAPTATION IN THE FUTURE,NA,10.17129/botsci.3680,2025,"Aguirre-Liguori, Jonas A. | Gongora-Ayora, Alan E.",BOTANICAL SCIENCES,NA,NA,NA
WoS,english,DENTIFICATION OF CLIMATE-RESILIENT TEOSINTE POPULATIONS TO ASSIST MAIZE ADAPTATION IN THE FUTURE,NA,10.17129/botsci.3680t,2025,"Aguirre-Liguori, Jonas A. | Gongora-Ayora, Alan Ei",BOTANICAL SCIENCES,NA,NA,NA
WoS,english,The impact of COVID-19 on the sustainable intensification of forage-based beef and dairy value chains in Colombia: a blessing and a curse,NA,10.17138/tgft(10)237-248,2022,"Burkart, Stefan | Diaz, Manuel | Enciso, Karen | Charry, Andres | Triana, Natalia | Mena, Martin | Urrea-benitez, Jose Luis | Caro, Irieleth Gallo | van der Hoek, Rein",TROPICAL GRASSLANDS-FORRAJES TROPICALES,NA,NA,NA
WoS,english,Climate actions in the face of severe drought: The case of rural coastal communities in central Chile,NA,10.17141/iconos.79.2024.5962,2024,"Reyes-Garcia, Pedro | Jofre, David",ICONOS,NA,NA,NA
WoS,english,Cabo Pulmo and the Uroboro. A Multiscale Case of Socio-Environmental Perspectives,NA,10.17141/letrasverdes.30.2021.4752,2021,"Torres-Alvarez, Sebastian",LETRAS VERDES,NA,NA,NA
WoS,english,Identifying the Social Urban Spatial Structure of Vulnerability: Towards Climate Change Equity in Bogota,NA,10.17645/up.v6i4.4630,2021,"Barbosa, Vasco | Suarez Pradilla, Monica Marcela",URBAN PLANNING,NA,NA,NA
WoS,english,Social-Ecological Knowledge Integration in Co-Design Processes: Lessons From Two Resilient Urban Parks in Chile,NA,10.17645/up.v8i2.6522,2023,"Gaete, Macarena",URBAN PLANNING,NA,NA,NA
WoS,english,Maladaptive Household Responses to Extreme Weather in Colombia,NA,10.18046/j.estger.2025.176.7308,2025,"Gaviria, Carlos F. | Posada, Hector M.",ESTUDIOS GERENCIALES,NA,NA,NA
WoS,english,SOIL EROSION DUE TO RAINFALL AND THE IMPACTS OF CLIMATE CHANGE IN AN ANDEAN HIGHLAND IN COLOMBIA,NA,10.18172/cig.5667,2023,"Lamprea-Quiroga, Pedro Simon | Jaramillo-Rodriguez, Omar | Ayala, Wladimir Mejia",CUADERNOS DE INVESTIGACION GEOGRAFICA,NA,NA,NA
WoS,english,THE ROLE OF GREEN ROOFS IN CLIMATE CHANGE MITIGATION AND ADAPTATION: ANALYZING PERFORMANCE DURING EXTREME RAINFALL EVENTS,NA,10.18172/cig.6411,2025,"Brendel, Andrea S. | Ferrelli, Federico | Garay, Maximiliano | Gutierrez, Agustina | Perillo, Vanesa | Piccolo, Maria Cintia",CUADERNOS DE INVESTIGACION GEOGRAFICA,NA,NA,NA
WoS,english,Assessment of vulnerability to water shortage in the municipalities of Mexico City,NA,10.18268/bsgm2022v74n1a071021,2022,"Huerta-Vergara, Alma R. | Arciniega-Esparza, Saul | Pedrozo-Acuna, Adrian | Matus-Kramer, Arnoldo | Vega-Lopez, Eduardo",BOLETIN DE LA SOCIEDAD GEOLOGICA MEXICANA,NA,NA,NA
WoS,english,Compressed earth blocks as a sustainable alternative for their integration into conventional construction systems in the city of Liberia,NA,10.18845/tm.v38i7.8291,2025,"Quiros-Ramirez, Esteban Francisco | Castillo-Camacho, Francisco",TECNOLOGIA EN MARCHA,NA,NA,NA
WoS,english,Corporate Social Responsibility and Latin America: A Literature Review,NA,10.19052/eq.vol1.iss40.6,2022,"Herrera Vargas, Lady Johanna | Hernandez Pena, Yolanda Teresa",EQUIDAD & DESARROLLO,NA,NA,NA
WoS,english,"Capabilities and social capital in the face of natural hazards in the elderly: the case of the Nevados de Chillan Volcanic Complex, Chile [T1]",NA,10.19053/01233769.13434,2022,"Sandoval Diaz, Jose Sebastian | Monsalves Pena, Saron | Vejar Valles, Viviana",PERSPECTIVA GEOGRAFICA,NA,NA,NA
WoS,english,The livestock insurance as a protection mechanism for livestock against catastrophic climatic events,NA,10.19136/era.a9n2.3105,2022,"Santiago-Hernandez, Nancy | Reyes Altamirano-Cardenas, J. | Horacio Santoyo-Cortes, Vinicio | Maria Salas-Gonzalez, Jose",ECOSISTEMAS Y RECURSOS AGROPECUARIOS,NA,NA,NA
WoS,english,"Forest, bamboo, and agroforestry systems for climate change adaptation in coffee farms in Colombia",NA,10.19182/bft2025.362.a37432,2025,"Malaver, Juan Carlos Villalba | Guasca, Angela Marcela Camayo | Alvarez, Luisa Fernanda Lupez | Lepine, Mathilde | Solarte, Monica Risueno",BOIS ET FORETS DES TROPIQUES,NA,NA,NA
WoS,english,"Shoreline Change and Coastal Erosion: An Analysis of Long and Short-Term Alterations and Mitigation Strategies on the Coast of Icapuí, Northeast Brazil",NA,10.20502/rbg.v25i4.2604,2024,"Barros, Eduardo Lacerda | Pinheiro, Lidriana de Souza | Guerra, Renan Gonsalves Pinheiro | de Moura, Francisco Jose Maciel | de Paula, Davis Pereira | Ximenes Neto, Antonio Rodrigues | Leisner, Melvin Moura | de Morais, Jader Onofre",REVISTA BRASILEIRA DE GEOMORFOLOGIA,NA,NA,NA
WoS,english,"Shoreline Change and Coastal Erosion: An Analysis of Long and Short-Term Alterations and Mitigation Strategies on the Coast of Icapuí, Northeast Brazil",NA,10.20502/rbgeomorfologia.v25i4.2604,2024,"Barros, Eduardo Lacerda | Pinheiro, Lidriana de Souza | Guerra, Renan Goncalves Pinheiro | de Moura, Francisco Jose Maciel | de Paula, Davis Pereira | Ximenes Neto, Antonio Rodrigues | Leisner, Melvin Moura | de Morais, Jader Onofre",REVISTA BRASILEIRA DE GEOMORFOLOGIA,NA,NA,NA
WoS,english,Smart cities and climate change in Brazil: debates and tensions in contemporary urban management,NA,10.21056/aec.v22i88.1609,2022,"Silva Melo de Casimiro, Ligia Maria | Jereissati, Lucas Campos",A&C-REVISTA DE DIREITO ADMINISTRATIVO & CONSTITUCIONAL,NA,NA,NA
WoS,english,Meta-learning applied to a multivariate single-step fusion model for greenhouse gas emission forecasting in Brazil,NA,10.2166/wcc.2024.252,2024,"Enamoto, Liriam Michi | Santos, Andre Rufino Arsenio | Li, Weigang | Meneguette, Rodolfo | Rocha Filho, Geraldo P.",JOURNAL OF WATER AND CLIMATE CHANGE,NA,NA,NA
WoS,english,"Adaptation measures for climate change in urban areas, considering drought and excess precipitation risks. case study: morelia city, Mexico",NA,10.2166/wcc.2025.182,2025,"Ponce, Angel Flores | Quispe, Sonia Tatiana Sanchez | Garcia-Romero, Liliana | Avalos, Julio Cesar Orantes | Madrigal, Jaime",JOURNAL OF WATER AND CLIMATE CHANGE,NA,NA,NA
WoS,english,Beyond the faucet: social-geographic disparities and trends in intermittent water supply in Peru,NA,10.2166/wh.2025.386,2025,"Hernandez-Vasquez, Akram | Vargas-Fernandez, Rodrigo",JOURNAL OF WATER AND HEALTH,NA,NA,NA
WoS,english,Assessment of public space potential for climate change adaptation in three Colombian cities: nature-based solutions and urban design guidelines,NA,10.2166/wpt.2024.089,2024,"Marino, Raul | Kuller, M. | Zurita, B. | Carrasco, L. | Gosciniak, P. | Kustosik, K. | Riveros, A.",WATER PRACTICE AND TECHNOLOGY,NA,NA,NA
WoS,english,Landscape Fragmentation and loss oFconnectivity in<i> Polylepis</i> Forests in Peru and its vulnerability to climate change,NA,10.21829/myb.2024.3032593,2024,"Chanove-Manrique, Andrea | Cardenas-Pillco, Berly",MADERA Y BOSQUES,NA,NA,NA
WoS,english,Negative and positive impacts of climate change on mangroves: two sides of an expensive coin,NA,10.21829/myb.2024.3042623,2024,"Ruiz, Pilar Angelica Gomez",MADERA Y BOSQUES,NA,NA,NA
WoS,english,Small ruminant production systems in Mexico and their effect on productive sustainability,NA,10.21897/rmvz.2246,2022,"Chavez-Espinoza, Miguel | Cantu-Silva, Israel | Gonzalez-Rodriguez, Humberto | Dante Montanez-Valdez, Oziel",REVISTA MVZ CORDOBA,NA,NA,NA
WoS,english,Analysis of commitments of Mexico towards agrobiodiversity in agri-food system,NA,10.21930/rcta.vol23_num1_art:2174,2022,"Escarraga Torres, Laura | Cuevas Sanchez, Jesus Axayacatl | Baca del Moral, Julio | Avalos Vargas, Adriana",REVISTA CORPOICA-CIENCIA Y TECNOLOGIA AGROPECUARIA,NA,NA,NA
WoS,english,Productive sustainability of the installation of silvopastoral systems: A systematic review based on the reality of Peru and Colombia,NA,10.21930/rcta.vol24_num2_art:3048,2023,"Saucedo-Uriarte, Jose Americo | Diaz-Quevedo, Clavel | Pino, Manuel Emilio Milla | Chavez, Luz Marlene Durand | Rivera, Jaime Lizardo Linares | Perez, Hector Vladimir Vasquez | Quispe-Ccasa, Hurley Abel",REVISTA CORPOICA-CIENCIA Y TECNOLOGIA AGROPECUARIA,NA,NA,NA
WoS,english,"Assessing Farmers' Perceptions of Climate Change: A Comparison with RCP Scenarios Using Data of Smallholders from Tungurahua, Ecuador",NA,10.21930/rcta.vol25_num1_art:3310,2024,"Franco-Crespo, Christian | Sanchez, Ximena Iglesias | Villamarin, Andrea | Jordan, Issac",REVISTA CORPOICA-CIENCIA Y TECNOLOGIA AGROPECUARIA,NA,NA,NA
WoS,english,Groundwater flow and transport in fractured geological media: a review,NA,10.22201/cgeo.20072902e.2024.1.1772,2024,"Ortega-Guerrero, Marcos Adrian",REVISTA MEXICANA DE CIENCIAS GEOLOGICAS,NA,NA,NA
WoS,english,THE SEVEN DEADLY SINS OF THE AGRI-FOOD SECTOR IN MEXICO AND HOW TO NULLIFY THEM,NA,10.22231/asyd.v20i4.1578,2023,"Vargas-Canales, Juan Manuel | Garcia-Melchor, Nicasio | Orozco-Cirilo, Sergio | Camacho-Vera, Joaquin Hutzilihuitl",AGRICULTURA SOCIEDAD Y DESARROLLO,NA,NA,NA
WoS,english,"URBAN GROWTH AND VULNERABILITY TO CLIMATE CHANGE OF THE QUEVEDO CONURBATION, ECUADOR",NA,10.22320/07183607.2025.28.51.07,2025,"Nieto-canarte, Carlos | Lozano-mendoza, Pedro Harrys | Guaman-sarango, Victor Manuel | Velez-ruiz, Mayra Carolina | Dominguez-zuniga, Wilmer Mario",URBANO,NA,NA,NA
WoS,english,ENVIRONMENTALLY DISPLACED PEOPLE: CONCEPTUAL BASES FOR UNDERSTANDING INTERNAL DISPLACEMENT DUE TO ENVIRONMENTAL FACTORS,NA,10.24142/raju.v20n40a10,2025,"Chaves, Ivan Vargas | Marulanda, Diana",RATIO JURIS,NA,NA,NA
WoS,english,"Seed keepers, Ecological Knowledge, and Climate Change Adaptation. Risaralda Colombia",NA,10.24215/15155994e260,2024,"Arenas, Aida Milena Garcia | Montealegre, Juan Sebastian Barrera | Reina, Sara Tabares | Achicanoy-Gomez, Luisa | Gonzalez-Acevedo, Alejandra",MUNDO AGRARIO,NA,NA,NA
WoS,english,Exposure to changes in climate in Bolivia,NA,10.24850/j-tyca-2021-06-03,2021,"Marcelo Olivera-Villarroel, Sazcha | Andrade-Velazquez, Mercedes | Ramon Medrano-Perez, Ojilve",TECNOLOGIA Y CIENCIAS DEL AGUA,NA,NA,NA
WoS,english,Domestic water saving practices and their relationship with metering and the perception of climate change in Mexican households,NA,10.24850/j-tyca-2024-04-01,2024,"Lutz-Ley, America N. | Reyes-Castro, Pablo A.",TECNOLOGIA Y CIENCIAS DEL AGUA,NA,NA,NA
WoS,english,Geographies in conflict: Overlapping extractive activities in Peruvian wetlands,NA,10.24850/j-tyca-2025-04-01,2025,"Soto-Ceferino, Rosa | Aponte, Hector | Lopez-Guiop, Ivan | Delgado-Galvan, Camila | Apeno, Antony",TECNOLOGIA Y CIENCIAS DEL AGUA,NA,NA,NA
WoS,english,PRIVATE LOT FLOOD PEAK ATTENUATION BY STORMWATER DETENTION TANKS,NA,10.2495/friar220051,2022,"Schellin, Lucy Marta | Dziedzic, Rebecca Moreira | Dziedzic, Mauricio",URBAN WATER SYSTEMS & FLOODS IV,NA,NA,NA
WoS,english,HYDROMETEOROLOGICAL RISKS AND THE INSTITUTIONAL MAP FOR CLIMATE CHANGE IN MEXICO,NA,10.2495/sdp220101,2022,"Moreno-Villanueva, Mildred | Montejano-Castillo, Milton | Makita, Meiko | Garcia-Ferrari, Soledad | Smith, Harry",SUSTAINABLE DEVELOPMENT AND PLANNING XII,NA,NA,NA
WoS,english,Parasitic wasps (Hymenoptera) and Biological Control in Chile: Applications and Potentials,NA,10.25085/rsea.820406,2023,"Fernandez, Ricardo | Araujo, Rodrigo | Herrera, Valentina | Schapheer, Constanza | Villagra, Cristian",REVISTA DE LA SOCIEDAD ENTOMOLOGICA ARGENTINA,NA,NA,NA
WoS,english,"Excess mortality associated with extreme heat in Rio de Janeiro, Brazil, 2023",NA,10.26633/rpsp.2025.76,2025,"Fernandez-Medina, Rita Daniela | Peixoto, Eduardo Mesquita | Rodrigues, Denis | Said, Rodrigo | Holanda, Cleonice Andrade | Freire, Cristina da Silva | de Almeida, Aline Maria | Cardoso, Silvia Cristina de Carvalho | Ribeiro, Mario Sergio | de Mello, Claudia Maria Braga | Rosewell, Alexander | Velasque, Luciane",REVISTA PANAMERICANA DE SALUD PUBLICA-PAN AMERICAN JOURNAL OF PUBLIC HEALTH,NA,NA,NA
WoS,english,"NOTES ON POLLINATION ECOLOGY OF <i>ALTENSTEINIA</i> <i>FIMBRIATA</i> KUNTH IN THE CITY OF QUITO, ECUADOR",NA,10.26786/1920-7603(2024)786,2024,"Carrera, Martin | Baquero, Luis",JOURNAL OF POLLINATION ECOLOGY,NA,NA,NA
WoS,english,"Gravitational mass movements in Brazil: causes, consequences, and solutions",NA,10.28927/sr.2025.001625,2025,"Coutinho, Roberto Quental | Ehrlich, Mauricio | Futai, Marcos Massao | Bressani, Luiz Antonio | Lacerda, Willy Alvarenga | de Morais, Bruno Diego",SOILS AND ROCKS,NA,NA,NA
WoS,english,WatAI: AI-Based System for Real-Time Flow Monitoring and Demand Prediction in Water Networks,NA,10.28991/cej-2025-011-07-07,2025,"Ladino-Moreno, E. O.",CIVIL ENGINEERING JOURNAL-TEHRAN,NA,NA,NA
WoS,english,"Maize Landraces and Drought: Seed Systems in San Miguel del Valle, Oaxaca, Mexico",NA,10.2993/0278-0771-42.4.477,2022,"Woodmansee, Adele",JOURNAL OF ETHNOBIOLOGY,NA,NA,NA
WoS,english,"Forced Emplacement Flood Exposure and Contested Confinements, from the Colony to Climate Migration",NA,10.3167/ares.2023.140102,2023,"Hirsch, Eric",ENVIRONMENT AND SOCIETY-ADVANCES IN RESEARCH,NA,NA,NA
WoS,english,"Time, Seawalls, and Money Anthropologies of Rising Seas and Eroding Coasts",NA,10.3167/ares.2023.140103,2023,"Anderson, Ryan B.",ENVIRONMENT AND SOCIETY-ADVANCES IN RESEARCH,NA,NA,NA
WoS,english,"Water science library: Nature-based solution to the hydrosocial cycle, La Honda neighborhood, Medellin-Colombia",NA,10.32995/rev180.num-54.(2024).art-1265,2024,"Marin, Luisa Maria Restrepo | Plata, Eneyda Caridad Abreu | Serra, David Jonathan | Lopera, Adolfo Emilio Arboleda | Castro, Diego Alejandro Camargo",REVISTA 180,NA,NA,NA
WoS,english,Climate change and cancer care: impacts and implications for patients and healthcare professionals,NA,10.3332/ecancer.2025.1973,2025,"Flynn, Calvin R. | de Guzman, Roselle | Ayodele, Olubukola | Schiller, Joan H. | Lichter, Katie | Hwang, E. Shelley | Fox, Lisa | Gosling, Gustavo | Hopkins, Claire | Rogan, Ken | Cazap, Eduardo | O'Reilly, Seamus",ECANCERMEDICALSCIENCE,NA,NA,NA
WoS,english,The Mogollon Highlands Ecoregion of the American Southwest: A Neglected Center of Ecological Diversity,NA,10.3375/2162-4399-44.2.104,2024,"Fleischner, Thomas L. | Floyd, M. Lisa | Rack, Jessie | Hanna, David | Blevins, Karen | Christman, Bruce | Holycross, Andrew T.",NATURAL AREAS JOURNAL,NA,NA,NA
WoS,english,Climate shelters in the Global South: bridging a critical research gap in urban climate adaptation,NA,10.3389/fbuil.2025.1675897,2025,"Cavaco, Isabela Carmo | Campello Torres, Pedro Henrique",FRONTIERS IN BUILT ENVIRONMENT,NA,NA,NA
WoS,english,Methodological approaches to assess climate vulnerability and cumulative impacts on coastal landscapes,NA,10.3389/fclim.2022.1018182,2022,"Olivares-Aguilar, Isabel C. | Sanchez-Davila, Gabriel | Wildermann, Natalie Elizabeth | Clark, Dana | Floerl, Lisa | Villamizar, Estrella | Matteucci, Silvia D. | Sevilla, Norma Patricia Munoz | Nagy, Gustavo J.",FRONTIERS IN CLIMATE,NA,NA,NA
WoS,english,Reparation ecology and climate risk in Latin-America: Experiences from four countries,NA,10.3389/fclim.2022.897424,2022,"Lampis, Andrea | Brink, Ebba | Carrasco-Torrontegui, Amaya | dos Santos, Agni Hevea | Solorzano-Lemus, Estuardo | Vasquez-Arango, Claudia",FRONTIERS IN CLIMATE,NA,NA,NA
WoS,english,"Climate projections of precipitation and temperature in cities from ABC Paulista, in the Metropolitan Region of Sao Paulo-Brazil",NA,10.3389/fclim.2023.1127026,2023,"Valverde, Maria Cleofe | Calado, Bianca Nunes | Calado, Gabrielle Gomes | Kuroki, Larissa Yumi | Brambila, Ricardo | de Sousa, Aline Ramos",FRONTIERS IN CLIMATE,NA,NA,NA
WoS,english,Indigenous filmmaking practices: healing in times of climate crises,NA,10.3389/fclim.2023.1231794,2023,"Ramirez-Loaiza, Viviana",FRONTIERS IN CLIMATE,NA,NA,NA
WoS,english,"Collective memories and previous experiences of older people in the face of disaster risk processes: lessons learned, implication, and social support",NA,10.3389/fclim.2023.1272219,2023,"Sandoval-Diaz, Jose | Navarrete-Valladares, Camila | Suazo-Munoz, Consuelo | Martinez-Labrin, Soledad",FRONTIERS IN CLIMATE,NA,NA,NA
WoS,english,Local knowledge matters: understanding the decision-making processes of communities under climate change in Suriname,NA,10.3389/fclim.2023.1294271,2024,"Smith, Gwendolyn | Chowenga, Mawie | Karsters, Jethro",FRONTIERS IN CLIMATE,NA,NA,NA
WoS,english,Challenges for climate change adaptation in Latin America and the Caribbean region,NA,10.3389/fclim.2024.1392033,2024,"Cavazos, Tereza | Bettolli, Maria Laura | Campbell, Donovan | Rodriguez, Roberto A. Sanchez | Mycoo, Michelle | Arias, Paola A. | Rivera, Juan | Reboita, Michelle Simoes | Gulizia, Carla | Hidalgo, Hugo G. | Alfaro, Eric J. | Stephenson, Tannecia S. | Sorensson, Anna A. | Cerezo-Mota, Ruth | Castellanos, Edwin | Ley, Debora | Mahon, Roche",FRONTIERS IN CLIMATE,NA,NA,NA
WoS,english,Chilean institutional policies and multi-level agents: Challenges from the COVID-19 pandemic and carbon footprint,NA,10.3389/fcomm.2023.1059053,2023,"Bergamini, Kay | Ojeda, Carolina G. | Gutierrez, Patricia | Salazar, Gonzalo | Curillan, Christian",FRONTIERS IN COMMUNICATION,NA,NA,NA
WoS,english,How academic research and news media cover climate change: a case study from Chile,NA,10.3389/fcomm.2023.1226432,2023,"Cortes, Pablo A. | Quiroga, Riva",FRONTIERS IN COMMUNICATION,NA,NA,NA
WoS,english,"Dryland Watershed Restoration With Rock Detention Structures: A Nature-based Solution to Mitigate Drought, Erosion, Flooding, and Atmospheric Carbon",NA,10.3389/fenvs.2021.679189,2021,"Gooden, Jennifer | Pritzlaff, Richard",FRONTIERS IN ENVIRONMENTAL SCIENCE,NA,NA,NA
WoS,english,Rural transformation and differential vulnerability: Exploring adaptation strategies to water scarcity in the Aculeo Lake basin (Chile),NA,10.3389/fenvs.2022.955023,2022,"Ocampo-Melgar, Anahi | Barria, Pilar | Chadwick, Cristian | Diaz-Vasconcellos, Raul",FRONTIERS IN ENVIRONMENTAL SCIENCE,NA,NA,NA
WoS,english,Using a robust decision making (RDM) approach to explore current and future vulnerabilities of a semi-arid coastal basin: a case study of the Quilimarí basin in Chile,NA,10.3389/fenvs.2025.1553675,2025,"Poblete, David | Vicuna, Sebastian | Aedo, Sebastian | Molina-Perez, Edmundo | Cortes, Hermilo | Melo, Oscar | Ocampo-Melgar, Anahi | Tesen, Kiara | Suarez, Francisco | Herane, Juan Pablo | Meza, Francisco | Duarte, Katherine | Gonzalez, Diego | Leray, Sarah | Williams, Megan | Gaxiola, Aurora | Alfaro, Gabriela | Morales-Moraga, David",FRONTIERS IN ENVIRONMENTAL SCIENCE,NA,NA,NA
WoS,english,Developing a coastal analysis system: the Guyana coastal analysis system (G-CAS) as an example for small island developing states (SIDS),NA,10.3389/fenvs.2025.1600858,2025,"Oyedotun, Temitope D. Timothy | Poortinga, Ate | Tenneson, Karis | Wafiq, M. Warizmi | Suaruang, Weraphong | Nicolau, Andrea Puzzi | Hamer, Esan A. | Nedd, Gordon A. | Burningham, Helene",FRONTIERS IN ENVIRONMENTAL SCIENCE,NA,NA,NA
WoS,english,Ecophysiological Vulnerability to Climate Change in Mexico City's Urban Forest,NA,10.3389/fevo.2021.732250,2021,"Barradas, Victor L. | Esperon-Rodriguez, Manuel",FRONTIERS IN ECOLOGY AND EVOLUTION,NA,NA,NA
WoS,english,Diversity and distribution patterns of Ecuador's dung beetles (Coleoptera: Scarabaeinae),NA,10.3389/fevo.2022.1008477,2022,"Villamarin-Cortez, Santiago | Hankin, Lacey | Coronado, Stephanie | Macdonald, Jacob | Noriega, Jorge Ari",FRONTIERS IN ECOLOGY AND EVOLUTION,NA,NA,NA
WoS,english,Criteria for prioritizing selection of Mexican maize landrace accessions for conservation <i>in situ</i> or <i>ex situ</i> based on phylogenetic analysis,NA,10.3389/fevo.2023.1139377,2023,"Martinez, Octavio | Ojeda, Adriana Ceniceros | Hayano-Kanashiro, Corina | Valdes, M. Humberto Reyes | Hernandez, Jose Luis Pons | Simpson, June",FRONTIERS IN ECOLOGY AND EVOLUTION,NA,NA,NA
WoS,english,Tropical Dry Forest Resilience to Fire Depends on Fire Frequency and Climate,NA,10.3389/ffgc.2021.755104,2021,"Hartung, Maximilian | Carreno-Rocabado, Geovana | Pena-Claros, Marielos | van der Sande, Masha T.",FRONTIERS IN FORESTS AND GLOBAL CHANGE,NA,NA,NA
WoS,english,"Biophysical and Biocultural Upheavals in Mesoamerica, a Conservation Perspective: Mountains, Maize-Milpa, and Globalization",NA,10.3389/ffgc.2022.763009,2022,"del Castillo, Rafael F. | Rivera-Garcia, Raul",FRONTIERS IN FORESTS AND GLOBAL CHANGE,NA,NA,NA
WoS,english,Multi-dimensional temperature sensitivity of protected tropical mountain rain forests,NA,10.3389/ffgc.2023.1214911,2024,"Finegan, Bryan | Delgado, Diego | Gordillo, Alba Lorena Hernandez | Villalobos, Nelson Zamora | Florez, Rafael Nunez | Santos, Fabio Diaz | Mendoza, Sergio Vilchez",FRONTIERS IN FORESTS AND GLOBAL CHANGE,NA,NA,NA
WoS,english,Implementing a sustainable integrated agroforestry system for the cultivation of <i>Ilex paraguariensis</i>,NA,10.3389/ffgc.2024.1424174,2024,"Comolli, Luis R. | Schegg, Esteban | Infuleski, Cristian | Munareto, Nestor | Fassola, Hugo | von Wallis, Alejandra | Bulfe, Nardia M. | Gonzalez, Paola | Barth, Sara R. | Gauchat, Maria Elena | Wyss, Fabio",FRONTIERS IN FORESTS AND GLOBAL CHANGE,NA,NA,NA
WoS,english,Conceptual model of social-ecological resilience in Mexican forests communities,NA,10.3389/ffgc.2025.1490278,2025,"Solis-Mendoza, Lesly Elizabeth | Galicia, Leopoldo | Avila-Foucat, Sophie Veronique | Mwampamba, Tuyeni Heita",FRONTIERS IN FORESTS AND GLOBAL CHANGE,NA,NA,NA
WoS,english,Assessing the potential distribution of <i>Myracrodruon urundeuva</i> Allemão (Aroeira) in the Caatinga under climate change scenarios,NA,10.3389/ffgc.2025.1519432,2025,"da Costa, Douglas Batista | de Lima, Robson Borges | Ferreira, Rinaldo L. Caraciolo | de Paula, Alessandro | de Oliveira, Cinthia Pereira | da Silva, Jose A. Aleixo | Gomes, Joselane P. | Santana, Mariana M. M. | Pereira, Ana Luisa L.",FRONTIERS IN FORESTS AND GLOBAL CHANGE,NA,NA,NA
WoS,english,From wild to mild and back again: envisioning a new model of crop improvement strategies,NA,10.3389/fhort.2024.1409398,2024,"Pratt, Richard C. | Kantar, Michael Benjamin | Fumia, Nathan | Nankar, Amol N.",FRONTIERS IN HORTICULTURE,NA,NA,NA
WoS,english,Comparative Food Web Analysis of Two Peruvian Bay Systems Along a Latitudinal Gradient: Resource Use and the Environmental Envelope,NA,10.3389/fmars.2022.829424,2022,"Del Solar, Alonso | Romagnoni, Giovanni | Kluger, Lotta C. | Salazar Cespedes, Carlos M. | Wolff, Matthias",FRONTIERS IN MARINE SCIENCE,NA,NA,NA
WoS,english,Current knowledge of Holothuriida (Holothuroidea: Echinodermata) from Brazil,NA,10.3389/fmars.2024.1333253,2024,"Prata, Jessica | Christoffersen, Martin Lindsey",FRONTIERS IN MARINE SCIENCE,NA,NA,NA
WoS,english,Brazilian Semi-Arid Mangroves-Associated Microbiome as Pools of Richness and Complexity in a Changing World,NA,10.3389/fmicb.2021.715991,2021,"Lopes Tavares, Tallita Cruz | Bezerra, Walderly Melgaco | Oliveira Normando, Leonardo Ribeiro | Rosado, Alexandre Soares | Maciel Melo, Vania Maria",FRONTIERS IN MICROBIOLOGY,NA,NA,NA
WoS,english,Vulnerability analysis in complex networks under a flood risk reduction point of view,NA,10.3389/fphy.2023.1064122,2023,"Santos, Leonardo B. L. | Soares, Giovanni G. G. | Garg, Tanishq | Jorge, Aurelienne A. S. | Londe, Luciana R. R. | Reani, Regina T. T. | Bacelar, Roberta B. B. | Oliveira, Carlos E. S. | Freitas, Vander L. S. | Sokolov, Igor M. M.",FRONTIERS IN PHYSICS,NA,NA,NA
WoS,english,Youth Attitudes and Participation in Climate Protest: An International Cities Comparison Frontiers in Political Science Special Issue: Youth Activism in Environmental Politics,NA,10.3389/fpos.2021.696105,2021,"Prendergast, Kate | Hayward, Bronwyn | Aoyagi, Midori | Burningham, Kate | Hasan, M. Mehedi | Jackson, Tim | Jha, Vimlendu | Kuroki, Larissa | Loukianov, Anastasia | Mattar, Helio | Schudel, Ingrid | Venn, Sue | Yoshida, Aya",FRONTIERS IN POLITICAL SCIENCE,NA,NA,NA
WoS,english,"Sense of Agency, Affectivity and Social-Ecological Degradation: An Enactive and Phenomenological Approach",NA,10.3389/fpsyg.2022.911092,2022,"Siqueiros-Garcia, Jesus M. | Manuel-Navarrete, David | Eakin, Hallie | Mojica, Laura | Charli-Joseph, Lakshmi | Perez-Belmont, Patricia | Ruizpalacios, Beatriz",FRONTIERS IN PSYCHOLOGY,NA,NA,NA
WoS,english,Coping with the invisible impacts of COVID-19 in a context of polycrises: wellbeing strategies of marginalised urban and Indigenous Brazilian youth,NA,10.3389/fpsyg.2025.1512893,2025,"Borner, Susanne | Giatti, Leandro | Bizzotto, Luciana | El-Kadri, Michele Rocha | Reis, Ana Elizabeth Sousa | Schweickardt, Julio Cesar | Kraftl, Peter | Andres, Lauren",FRONTIERS IN PSYCHOLOGY,NA,NA,NA
WoS,english,Collective learning for resilience in Global South cities: a community-based systems mapping approach to integrated climate and health action,NA,10.3389/fpubh.2025.1582550,2025,"Morais, Lidia Maria de Oliveira | Borde, Elis | Tatah, Lambed | Thondoo, Meelan | Wayas, Feyisayo A. | Gordon-Strachan, Georgiana | Obonyo, Charles | Assah, Felix | Oni, Tolu | Caiaffa, Waleska Teixeira | Garcia, Leandro",FRONTIERS IN PUBLIC HEALTH,NA,NA,NA
WoS,english,Biodiversity Research in Central America: A Regional Comparison in Scientific Production Using Bibliometrics and Democracy Indicators,NA,10.3389/frma.2022.898818,2022,"Morales-Marroquin, Jonathan A. | Miranda, Regina Solis | Pinheiro, Jose Baldin | Zucchi, Maria Imaculada",FRONTIERS IN RESEARCH METRICS AND ANALYTICS,NA,NA,NA
WoS,english,Socio-Ecological Conflicts in a Global South Metropolis: Opportunities and Threats of a Potential Greenway in the Sao Paulo Metropolitan Region,NA,10.3389/frsc.2021.706857,2021,"Moreno, Robson da Silva | Galvao Cesar Braga, Diego Rafael | Xavier, Luis Felipe",FRONTIERS IN SUSTAINABLE CITIES,NA,NA,NA
WoS,english,Impacts of LULC and climate change on runoff and sediment production for the Puyango-Tumbes basin (Ecuador-Peru),NA,10.3389/frsen.2024.1471144,2024,"Pena-Murillo, Robinson | Lavado-Casimiro, Waldo | Bourrel, Luc",FRONTIERS IN REMOTE SENSING,NA,NA,NA
WoS,english,Integral recovery of an urban watershed through the implementation of nature-based solutions,NA,10.3389/frsus.2024.1425732,2024,"Bonilla Brenes, Ricardo | Hack, Jochen | Morales, Martin | Oreamuno, Rafael",FRONTIERS IN SUSTAINABILITY,NA,NA,NA
WoS,english,Integrating Urban Planning and Water Management Through Green Infrastructure in the United States-Mexico Border,NA,10.3389/frwa.2022.782922,2022,"Lara-Valencia, Francisco | Garcia, Margaret | Norman, Laura M. | Anides Morales, Alma | Castellanos-Rubio, Edgar E.",FRONTIERS IN WATER,NA,NA,NA
WoS,english,Why do rural youth migrate? Evidence from Colombia and Guatemala,NA,10.3389/fsoc.2024.1439256,2024,"Baca, Manuel Francisco Diaz | Lerma, Leonardo Moreno | Burkart, Stefan | Angel, Natalia Triana",FRONTIERS IN SOCIOLOGY,NA,NA,NA
WoS,english,Risk Reduction and Productivity Increase Through Integrating <i>Arachis pintoi</i> in Cattle Production Systems in the Colombian Orinoquia,NA,10.3389/fsufs.2021.666604,2021,"Valencia, Karen Johanna Enciso | Castillo, Alvaro Rincon | Ruden, Daniel Alejandro | Burkart, Stefan",FRONTIERS IN SUSTAINABLE FOOD SYSTEMS,NA,NA,NA
WoS,english,Biocultural Diversity for Food System Transformation Under Global Environmental Change,NA,10.3389/fsufs.2021.685299,2021,"Argumedo, Alejandro | Song, Yiching | Khoury, Colin K. | Hunter, Danny | Dempewolf, Hannes | Guarino, Luigi | de Haan, Stef",FRONTIERS IN SUSTAINABLE FOOD SYSTEMS,NA,NA,NA
WoS,english,Geographic Distribution of Colombian Spittlebugs (Hemiptera: Cercopidae) <i>via</i> Ecological Niche Modeling: A Prediction for the Main Tropical Forages' Pest in the Neotropics,NA,10.3389/fsufs.2021.725774,2021,"Hernandez, Luis M. | Espitia, Paula | Florian, David | Castiblanco, Valheria | Cardoso, Juan Andres | Gomez-Jimenez, Maria I.",FRONTIERS IN SUSTAINABLE FOOD SYSTEMS,NA,NA,NA
WoS,english,"Agro-ecological urban agriculture and food resilience: The Case of Quito, Ecuador",NA,10.3389/fsufs.2022.550636,2022,"Rodriguez, Alexandra | Jacome-Polit, David | Santandreu, Alain | Paredes, Denisse | alvaro, Nataly Pinto",FRONTIERS IN SUSTAINABLE FOOD SYSTEMS,NA,NA,NA
WoS,english,"Smallholder Coffee in the Global Economy-A Framework to Explore Transformation Alternatives of Traditional Agroforestry for Greater Economic, Ecological, and Livelihood Viability",NA,10.3389/fsufs.2022.808207,2022,"Siles, Pablo | Cerdan, Carlos R. | Staver, Charles",FRONTIERS IN SUSTAINABLE FOOD SYSTEMS,NA,NA,NA
WoS,english,"Evaluation of agroecological processes implemented in olive production systems: an analysis in Boyacá, Colombia",NA,10.3389/fsufs.2025.1666553,2025,"Barrera-Siabato, Andrea Isabel | Castro-Triana, Ana Maria | Colmenares-Cruz, Ramiro Andres | Moreno-Lopez, Nidia Milena",FRONTIERS IN SUSTAINABLE FOOD SYSTEMS,NA,NA,NA
WoS,english,Non-timber forest products and the bioeconomy: linking livelihood security and biodiversity conservation (2015-2025 trends),NA,10.3389/fsufs.2025.1714576,2025,"Boyapati, Tejaswi | Muthukumarappan, Kasiviswanathan",FRONTIERS IN SUSTAINABLE FOOD SYSTEMS,NA,NA,NA
WoS,english,Social sustainability and genetic biodiversity in Peruvian alpaca production: a review,NA,10.3389/past.2024.13668,2024,"Bello-Bravo, Julia | Pilares, Denis | Brito, Luiz F. | Toro Ospina, Alejandra M. | Sousa Junior, Luis P. B. | Mamani Mamani, Gerardo Cornelio | Schoonmaker, Jon | Richardson, Jennifer",PASTORALISM-RESEARCH POLICY AND PRACTICE,NA,NA,NA
WoS,english,"Estimating Livelihood Vulnerability and Its Impact on Adaptation Strategies in the Context of Disaster Avoidance Resettlement in Southern Shaanxi, China",NA,10.3390/agriculture13081497,2023,"Liu, Wei | Gao, Jing | Xu, Jie | Li, Cong",AGRICULTURE-BASEL,NA,NA,NA
WoS,english,Spatio-Temporal Modeling of Land and Pasture Vulnerability in Dairy Basins in Northeastern Brazil,NA,10.3390/agriengineering6030171,2024,"da Silva, Jessica Bruna Alves | de Almeida, Gledson Luiz Pontes | da Silva, Marcos Vinicius | de Oliveira, Jose Francisco | Pandorfi, Heliton | Giongo, Pedro Rogerio | Macedo, Gleidiana Amelia Pontes de Almeida | Guiselini, Cristiane | Marinho, Gabriel Thales Barboza | Bakke, Ivonete Alves | Ferreira, Maria Beatriz",AGRIENGINEERING,NA,NA,NA
WoS,english,Conservation and Use of Latin American Maize Diversity: Pillar of Nutrition Security and Cultural Heritage of Humanity,NA,10.3390/agronomy11010172,2021,"Guzzon, Filippo | Arandia Rios, Luis Walquer | Caviedes Cepeda, Galo Mario | Cespedes Polo, Marcia | Chavez Cabrera, Alexander | Muriel Figueroa, Jesus | Medina Hoyos, Alicia Elizabeth | Jara Calvo, Teofilo Wladimir | Molnar, Terence L. | Narro Leon, Luis Alberto | Narro Leon, Teodoro Patricio | Mejia Kerguelen, Sergio Luis | Ospina Rojas, Jose Gabriel | Vazquez, Gricelda | Preciado-Ortiz, Ricardo Ernesto | Zambrano, Jose Luis | Palacios Rojas, Natalia | Pixley, Kevin V.",AGRONOMY-BASEL,NA,NA,NA
WoS,english,"Status of the Ex Situ and In Situ Conservation of Brazilian Crop Wild Relatives of Rice, Potato, Sweet Potato, and Finger Millet: Filling the Gaps of Germplasm Collections",NA,10.3390/agronomy11040638,2021,"Medeiros, Marcelo B. | Valls, Jose F. M. | Abreu, Aluana G. | Heiden, Gustavo | Ribeiro-Silva, Suelma | Jose, Solange C. B. R. | Santos, Izulme R. I. | Passos, Alexandre M. A. | Burle, Marilia L.",AGRONOMY-BASEL,NA,NA,NA
WoS,english,Browse from Three Tree Legumes Increases Forage Production for Cattle in a Silvopastoral System in the Southwest Amazon,NA,10.3390/ani11123585,2021,"Dablin, Lucy | Lewis, Simon L. | Milliken, William | Monro, Alexandre | Lee, Mark A.",ANIMALS,NA,NA,NA
WoS,english,Evolving Dairy Cattle Systems in Chile: Structural Shifts and Adaptation Strategies,NA,10.3390/ani14152245,2024,"Toro-Mujica, Paula | Vera-Infanzon, Raul",ANIMALS,NA,NA,NA
WoS,english,Rethinking Cities Beyond Climate Neutrality: Justice and Inclusion to Prevent Climate Gentrification,NA,10.3390/app16010259,2025,"Ricci, Laura | Mariano, Carmela | Marino, Marsia",APPLIED SCIENCES-BASEL,NA,NA,NA
WoS,english,Agricultural and Forestry Land and Labor Use under Long-Term Climate Change in Chile,NA,10.3390/atmos12030305,2021,"Melo, Oscar | Foster, William",ATMOSPHERE,NA,NA,NA
WoS,english,"Non-Stationary Hydrological Regimes Due to Climate Change: The Impact of Future Precipitation in the Spillway Design of a Reservoir, Case Study: Sube y Baja Dam, in Ecuador",NA,10.3390/atmos13050828,2022,"Enrique Herbozo, Jorge | Eduardo Munoz, Luis | Jose Guerra, Maria | Minaya, Veronica | Haro, Patricia | Carrillo, Veronica | Manciati, Carla | Campozano, Lenin",ATMOSPHERE,NA,NA,NA
WoS,english,"Climate Change and Its Impact on the Agricultural Calendar of Riverine Farmers in Medio Jurua, Amazonas State, Brazil",NA,10.3390/atmos13122018,2022,"de Vasconcelos, Monica Alves | Veiga, Jose Augusto Paixao | Silva, Josivaldo Lucas Galvao | Guimaraes, David Franklin | Brito, Adriane Lima | dos Santos, Yara Luiza Farias | Lopes, Myriam | Lima, Adriana Lira | de Oliveira, Erilane Teixeira",ATMOSPHERE,NA,NA,NA
WoS,english,Spatio-Temporal Analysis of Drought with SPEI in the State of Mexico and Mexico City,NA,10.3390/atmos16020202,2025,"Carrillo-Carrillo, Mauricio | Ibanez-Castillo, Laura | Arteaga-Ramirez, Ramon | Arevalo-Galarza, Gustavo",ATMOSPHERE,NA,NA,NA
WoS,english,Temperature and Precipitation Extremes in the Brazilian Legal Amazon: A Summary of Climatological Patterns and Detected Trends,NA,10.3390/atmos16020222,2025,"Luiz-Silva, Wanderson | Bazzanela, Anna Carolina Fernandes | Dereczynski, Claudine Pereira | Oscar-Junior, Antonio Carlos | Raupp, Igor Pinheiro",ATMOSPHERE,NA,NA,NA
WoS,english,Predicting the Impact of Global Climate Change on the Geographic Distribution of Anemochoric Species in Protected Areas,NA,10.3390/atmos16040453,2025,"Alves-de-Lima, Larissa | Alves, Douglas Fernandes Rodrigues | Anjos, Diego Vinicius | Valdivia, Fernando Anco | Torezan-Silingardi, Helena Maura",ATMOSPHERE,NA,NA,NA
WoS,english,Urban Air Pollution in the Global South: A Never-Ending Crisis?,NA,10.3390/atmos16050487,2025,"Zalakeviciute, Rasa | Lopez-Villada, Jesus | Ochoa, Alejandra | Moreno, Valentina | Byun, Ariana | Proano, Esteban | Mejia, Danilo | Bonilla-Bedoya, Santiago | Rybarczyk, Yves | Vallejo, Fidel",ATMOSPHERE,NA,NA,NA
WoS,english,Perceptions of Climate Change and Health Risks Among Urban Older Adults in Mexico City: A Pilot Study,NA,10.3390/atmos16070792,2025,"Lucatello, Simone | Martinez Magana, Josafat Francisco | Fernandez Vivar, Citlali | Orozco Gaytan, Jorge | Camacho Ruiz, Jessica | Figueroa Escamilla, Lorena | Perez Rodriguez, Monica",ATMOSPHERE,NA,NA,NA
WoS,english,Beyond Global Trends: Two Decades of Climate Data in the World's Highest Equatorial City,NA,10.3390/atmos16091080,2025,"Zalakeviciute, Rasa | Vallejo, Fidel | Erazo, Bolivar | Chimborazo, Oscar | Bonilla-Bedoya, Santiago | Mejia, Danilo | Tapia-Flores, Tobias Isaac | Chuquimarca, Genesis | Rybarczyk, Yves",ATMOSPHERE,NA,NA,NA
WoS,english,Increasing Sea Surface Temperatures Driving Widespread Tropicalization in South Atlantic Pelagic Fisheries,NA,10.3390/biology14081039,2025,"Sant'Ana, Rodrigo | Tha, Daniel | Henry, Lea-Anne | Schroeder, Rafael | Perez, Jose Angel Alvarez",BIOLOGY-BASEL,NA,NA,NA
WoS,english,Climate Changes Can Restore Allopatry Between Two Congeneric Birds in the Atlantic Forest,NA,10.3390/birds6030042,2025,"Araujo-Lima, Vitor | Oliveira, Rayane dos Santos | Mageski, Marcio | Ferreira, Rodrigo Barbosa | Duca, Charles",BIRDS,NA,NA,NA
WoS,english,"An Approach Concerning Climate Change and Timber Building Resilience: Araucania Region, South Chile",NA,10.3390/buildings11100452,2021,"Prieto, Andres J. | Verichev, Konstantin | Silva, Ana",BUILDINGS,NA,NA,NA
WoS,english,Climate Risk Analysis Using a High-Resolution Spatial Model in Costa Rica,NA,10.3390/cli11060127,2023,"Garro-Quesada, Maria del Milagro | Vargas-Leiva, Martin | Girot, Pascal O. | Quesada-Roman, Adolfo",CLIMATE,NA,NA,NA
WoS,english,Proposal of an Agricultural Vulnerability Stochastic Model for the Rural Population of the Northeastern Region of Brazil,NA,10.3390/cli11100211,2023,"Silva, Bruce Kelly da Nobrega | Costa, Rafaela Lisboa | Silva, Fabricio Daniel dos Santos | Vanderlei, Mario Henrique Guilherme dos Santos | da Silva, Helder Jose Farias | Cabral, Jorio Bezerra | da Costa, Djailson Silva | Pedra, George Ulguim | Perez-Marin, Aldrin Martin | Silva, Claudio Moises Santos e",CLIMATE,NA,NA,NA
WoS,english,Impacts of Climate Change Scenarios on the Corn and Soybean Double-Cropping System in Brazil,NA,10.3390/cli12030042,2024,"Bigolin, Tiago | Talamini, Edson",CLIMATE,NA,NA,NA
WoS,english,Space-Time Characterization of Extreme Precipitation Indices for the Semiarid Region of Brazil,NA,10.3390/cli12030043,2024,"dos Santos, Ana Leticia Melo | Goncalves, Weber Andrade | Andrade, Lara de Melo Barbosa | Rodrigues, Daniele Torres | Batista, Flavia Ferreira | Lima, Gizelly Cardoso | Santos e Silva, Claudio Moises",CLIMATE,NA,NA,NA
WoS,english,Small Municipalities in the Amazon under the Risk of Future Climate Change,NA,10.3390/cli12070095,2024,"de Souza, Everaldo B. | Silva, Brenda C. S. | Serra, Emilene M. F. | Ruiz, Melgris J. Becerra | Cunha, Alan C. | Souza, Paulo J. P. O. | Pezzi, Luciano P. | da Rocha, Edson J. P. | Sousa, Adriano M. L. | Silva, Joao de Athaydes | do Carmo, Alexandre M. C. | Ferreira, Douglas B. S. | Lima, Aline M. M. | dos Santos, Flavio A. A. | Moraes, Bergson C. | Ruivo, Maria de L. P. | Toledo, Peter M. | Ambrizzi, Tercio",CLIMATE,NA,NA,NA
WoS,english,Navigating the Uncertain Terrain: Venezuela's Future Using the Shared Socioeconomic Pathways Framework-A Systematic Review,NA,10.3390/cli12070098,2024,"Soto, Isaias Lescher | Villamizar, Alicia | Olivares, Barlin O. | Gutierrez, Maria Eugenia | Nagy, Gustavo J.",CLIMATE,NA,NA,NA
WoS,english,"Effects of Habitat Loss on the Ecology of <i>Pachyphytum caesium</i> (Crassulaceae), a Specialized Cliff-Dwelling Endemic Species in Central Mexico",NA,10.3390/d13090421,2021,"Clark-Tapia, Ricardo | Gonzalez-Adame, Gabriel | Campos, Jorge E. | Aguirre-Hidalgo, Victor | Pacheco-Cruz, Nelly | Ugalde, Juan Jose Von Thaden | Campista-Leon, Samuel | Peinado-Guevara, Luz Isela | Alfonso-Corrado, Cecilia",DIVERSITY-BASEL,NA,NA,NA
WoS,english,Local Actions to Tackle a Global Problem: A Multidimensional Assessment of the Pollination Crisis in Chile,NA,10.3390/d13110571,2021,"Vieli, Lorena | Murua, Maureen M. | Flores-Prado, Luis | Carvallo, Gaston O. | Valdivia, Carlos E. | Muschett, Giselle | Lopez-Aliste, Manuel | Andia, Constanza | Jofre-Perez, Christian | Fonturbel, Francisco E.",DIVERSITY-BASEL,NA,NA,NA
WoS,english,Impacts of Climate Change in the El Vizcaino Biosphere Reserve (REBIVI): Challenges for Coastal Communities and the Conservation of Biodiversity,NA,10.3390/d14100786,2022,"Ivanova Boncheva, Antonina | Hernandez-Morales, Pablo",DIVERSITY-BASEL,NA,NA,NA
WoS,english,Assessment of Financing for Biodiversity Conservation in Mexico: Links Between Biodiversity and Climate Change Adaptation Funds,NA,10.3390/d17030185,2025,"Sosa, Miriam | Ivanova, Antonina",DIVERSITY-BASEL,NA,NA,NA
WoS,english,Projected Heat Waves in Ecuador under Climate Change: Insights from HadGEM-RegCM4 Coupled Model,NA,10.3390/earth5010005,2024,"Portalanza, Diego | Ortega, Carlos | Garzon, Liliam | Bello, Melissa | Zuluaga, Cristian Felipe | Bresciani, Caroline | Durigon, Angelica | Ferraz, Simone",EARTH,NA,NA,NA
WoS,english,Advances and Challenges in Species Ecological Niche Modeling: A Mixed Review,NA,10.3390/earth5040050,2024,"Vasconcelos, Rodrigo N. | Cantillo-Perez, Taimy | Rocha, Washington J. S. Franca | Aguiar, William Moura | Mendes, Deorgia Tayane | de Jesus, Taise Bomfim | de Santana, Carolina Oliveira | de Santana, Mariana M. M. | Oliveira, Reyjane Patricia",EARTH,NA,NA,NA
WoS,english,Forecasting the CO<sub>2</sub> Emissions at the Global Level: A Multilayer Artificial Neural Network Modelling,NA,10.3390/en14196336,2021,"Jena, Pradyot Ranjan | Managi, Shunsuke | Majhi, Babita",ENERGIES,NA,NA,NA
WoS,english,"Assisted Migration Field Tests in Canada and Mexico: Lessons, Limitations, and Challenges",NA,10.3390/f12010009,2021,"Saenz-Romero, Cuauhtemoc | O'Neill, Greg | Aitken, Sally N. | Lindig-Cisneros, Roberto",FORESTS,NA,NA,NA
WoS,english,Assessment of Potential Climate Change Impacts on Montane Forests in the Peruvian Andes: Implications for Conservation Prioritization,NA,10.3390/f12030375,2021,"Bax, Vincent | Castro-Nunez, Augusto | Francesconi, Wendy",FORESTS,NA,NA,NA
WoS,english,Climate Change Impact on Peruvian Biomes,NA,10.3390/f13020238,2022,"Zevallos, Jose | Lavado-Casimiro, Waldo",FORESTS,NA,NA,NA
WoS,english,"Conservation of Soil Organic Carbon in the National Park <i>Santuario de Fauna y Flora Iguaque</i>, Boyaca-Colombia",NA,10.3390/f13081275,2022,"Andrade, Hernan J. | Segura, Milena A. | Canal-Daza, Diana S.",FORESTS,NA,NA,NA
WoS,english,A Spatio-Temporal Analysis of the Frequency of Droughts in Mexico's Forest Ecosystems,NA,10.3390/f15071241,2024,"Lopez-Teloxa, Leticia Citlaly | Monterroso-Rivas, Alejandro Ismael",FORESTS,NA,NA,NA
WoS,english,Mapping Priority Areas for Urban Afforestation Based on the Relationship Between Urban Greening and Social Vulnerability Indicators,NA,10.3390/f16060936,2025,"Guerrero, Joao Vitor | Escobar-Silva, Elton Vicente | de Almeida, Claudia Maria | Caiche, Daniel | dos Santos, Alex Mota | Nunes, Fabrizia Gioppo",FORESTS,NA,NA,NA
WoS,english,Wood Anatomy Properties and Global Climate Change Constraints of Forest Species from the Natural Forest of Mozambique,NA,10.3390/f16061018,2025,"Joaquim-Meque, Eugenia | Louzada, Jose | Mady, Francisco Tarcisio Moraes | de Souza, Valquiria Clara Freire | Liberato, Margarida L. R. | Fonseca, Teresa Fidalgo",FORESTS,NA,NA,NA
WoS,english,Fire-Induced Floristic and Structural Degradation Across a Vegetation Gradient in the Southern Amazon,NA,10.3390/f16081218,2025,"da Rocha, Loriene Gomes | Marimon Jr, Ben Hur | Barradas, Amauri de Castro | de Carvalho, Marco Antonio Camillo | Soares, Celia Regina Araujo | Marimon, Beatriz Schwantes | Ribeiro, Gabriel H. P. de Mello | de Oliveira, Edmar A. | Elias, Fernando | Emidio Jr, Carmino | da Silva, Dennis Rodrigues | Garcia, Marcos Leandro | de Rocha Filho, Jesulino Alves | Zortea, Marcelo | Moreira, Edmar Santos | Domingues, Samiele Camargo de Oliveira | Matricardi, Eraldo A. T. | Galbraith, David | Feldpausch, Ted R. | Oliveras, Imma | Phillips, Oliver L.",FORESTS,NA,NA,NA
WoS,english,Modeling the Spatial Distribution of Wildfire Risk in Chile Under Current and Future Climate Scenarios,NA,10.3390/fire8030113,2025,"Gajardo, John | Yanez, Marco | Padilla, Robert | Espinoza, Sergio | Carrasco-Benavides, Marcos",FIRE-SWITZERLAND,NA,NA,NA
WoS,english,Coffee Yield Stability as a Factor of Food Security,NA,10.3390/foods11193036,2022,"Bacsi, Zsuzsanna | Fekete-Farkas, Maria | Ma'ruf, Muhammad Imam",FOODS,NA,NA,NA
WoS,english,Mapping Projected Variations of Temperature and Precipitation Due to Climate Change in Venezuela,NA,10.3390/hydrology10040096,2023,"Viloria, Jesus A. | Olivares, Barlin O. | Garcia, Pedro | Paredes-Trejo, Franklin | Rosales, Anibal",HYDROLOGY,NA,NA,NA
WoS,english,Characterization of Hyetograms and Rainfall Patterns in Southern Amazonia,NA,10.3390/hydrology12110302,2025,"Buose, Brenda | Borella, Daniela Roberta | Almeida, Frederico Terra De | Souza, Adilson Pacheco De",HYDROLOGY,NA,NA,NA
WoS,english,Water Availability-Demand Balance under Climate Change Scenarios in an Overpopulated Region of Mexico,NA,10.3390/ijerph18041846,2021,"Bravo-Cadena, Jessica | Pavon, Numa P. | Balvanera, Patricia | Sanchez-Rojas, Gerardo | Razo-Zarate, Ramon",INTERNATIONAL JOURNAL OF ENVIRONMENTAL RESEARCH AND PUBLIC HEALTH,NA,NA,NA
WoS,english,The Burden of Dengue in Children by Calculating Spatial Temperature: A Methodological Approach Using Remote Sensing Techniques,NA,10.3390/ijerph18084230,2021,"Mendoza-Cano, Oliver | Rincon-Avalos, Pedro | Watson, Verity | Khouakhi, Abdou | Lopez-de la Cruz, Jesus | Ruiz-Montero, Angelica Patricia | Nava-Garibaldi, Cynthia Monique | Lopez-Rojas, Mario | Murillo-Zamora, Efren",INTERNATIONAL JOURNAL OF ENVIRONMENTAL RESEARCH AND PUBLIC HEALTH,NA,NA,NA
WoS,english,Effect of Storage Technologies on Postharvest Insect Pest Control and Seed Germination in Mexican Maize Landraces,NA,10.3390/insects13100878,2022,"Odjo, Sylvanus | Bongianino, Nicolas | Gonzalez Regalado, Jessica | Cabrera Soto, Maria Luisa | Palacios-Rojas, Natalia | Burgueno, Juan | Verhulst, Nele",INSECTS,NA,NA,NA
WoS,english,"Buzzing towards Resilience: Investigating the Spatial Alignment of the Desert Pallid Bee, <i>Centris pallida</i>, and Its Host Plants in Response to Climate Change",NA,10.3390/insects15100793,2024,"Cruz, Terese Maxine P. | Buchmann, Stephen L. | Prudic, Kathleen L.",INSECTS,NA,NA,NA
WoS,english,<i>Candida palmioleophila</i>: A New Emerging Threat in Brazil?,NA,10.3390/jof9070770,2023,"da Costa, Gisela Lara | Negri, Melyssa | de Miranda, Rodrigo Prado Rodrigues | Correa-Moreira, Danielly | Pinto, Tatiana Castro Abreu | Ramos, Livia de Souza | Ferreira, Deisiany Gomes | Salomao, Bruna | Fumian, Tulio Machado | Mannarino, Camille Ferreira | Prado, Tatiana | Miagostovich, Marise Pereira | dos Santos, Andre Luis Souza | Oliveira, Manoel Marques Evangelista",JOURNAL OF FUNGI,NA,NA,NA
WoS,english,Quantifying the Carbon Stocks in Urban Trees: The Rio de Janeiro Botanical Garden as an Important Tropical Carbon Sink,NA,10.3390/jzbg5040039,2024,"Kurtz, Bruno Coutinho | de Almeida, Thais Moreira Hidalgo | Coelho, Marcus Alberto Nadruz | Deccache, Lara Serpa Jaegge | Tortorelli, Ricardo Maximo | Gonzaga, Diego Rafael | Madureira, Louise Klein | Guedes-Oliveira, Ramon | Barros, Claudia Franca | de Siqueira, Marinez Ferreira",JOURNAL OF ZOOLOGICAL AND BOTANICAL GARDENS,NA,NA,NA
WoS,english,Stakeholders' Perceptions of Nature-Based Solutions for Hurricane Risk Reduction Policies in the Mexican Caribbean,NA,10.3390/land11101701,2022,"Moreno, Claudia Shantal | Roman-Cuesta, Rosa Maria | Canty, Steven W. J. | Herrera, Jorge | Teutli, Claudia | Israel Muniz-Castillo, Aaron | McField, Melanie | Soto, Melina | do Amaral, Cibele | Paton, Steven | David Gonzalez-Trujillo, Juan | Poulter, Benjamin | Schumacher, Melissa | Duran-Diaz, Pamela",LAND,NA,NA,NA
WoS,english,"Spatial Dynamics of the Shore Coverage within the Zone of Influence of the Chambo River, Central Ecuador",NA,10.3390/land12010180,2023,"Echeverria-Puertas, Julie | Echeverria, Magdy | Cargua, Franklin | Toulkeridis, Theofilos",LAND,NA,NA,NA
WoS,english,Ecological Change and Livestock Governance in a Peruvian National Park,NA,10.3390/land12112051,2023,"Young, Kenneth R. | Alata, Eyner | Chimner, Rodney A. | Boone, Randall B. | Bowser, Gillian | Bourgeau-Chavez, Laura | Fuentealba, Beatriz | Gilbert, Jessica | Naupari, Javier A. | Polk, Molly H. | Resh, Sigrid C. | Turin, Cecilia | Zarria-Samanamud, Melody",LAND,NA,NA,NA
WoS,english,"Water, Ecosystem Services, and Urban Green Spaces in the Anthropocene",NA,10.3390/land13111948,2024,"Olivadese, Marianna | Dindo, Maria Luisa",LAND,NA,NA,NA
WoS,english,Nature-Based Solutions for Stormwater Management: Co-Creating a Multiscalar Proposal in the Global South,NA,10.3390/land14040740,2025,"de Oliveira, Fabiano Lemes | Bezerra, Maria do Carmo de Lima | Nunes, Orlando Vinicius Rangel | Duarte, Enzo D'Angelo Arruda | Castaldo, Anna Giulia | de Almeida, Davi Navarro",LAND,NA,NA,NA
WoS,english,Spatiotemporal Land Cover Change and Future Hydrological Impacts Under Climate Scenarios in the Amazonian Andes: A Case Study of the Utcubamba River Basin,NA,10.3390/land14061234,2025,"Rivera-Fernandez, Abner S. | Cotrina-Sanchez, Alexander | Lopez, Rolando Salas | Zabaleta-Santisteban, Jhon A. | Rios, Ney | Medina-Medina, Angel J. | Tuesta-Trauco, Katerin M. | Sanchez-Vega, Jose A. | Silva-Melendez, Teodoro B. | Oliva-Cruz, Manuel | Portocarrero, Cecibel | Barboza, Elgar",LAND,NA,NA,NA
WoS,english,TAE Predict: An Ensemble Methodology for Multivariate Time Series Forecasting of Climate Variables in the Context of Climate Change,NA,10.3390/mca30030046,2025,"Solis, Juan Frausto | Estrada-Patino, Erick | Ponce Flores, Mirna | Sanchez-Hernandez, Juan Paulo | Castilla-Valdez, Guadalupe | Gonzalez-Barbosa, Javier",MATHEMATICAL AND COMPUTATIONAL APPLICATIONS,NA,NA,NA
WoS,english,Gap Analysis of the Habitat Interface of Ticks and Wildlife in Mexico,NA,10.3390/pathogens10121541,2021,"Lopez Gonzalez, Carlos A. | Hernandez-Camacho, Norma | Aguilar-Tipacamu, Gabriela | Zamora-Ledesma, Salvador | Olvera-Ramirez, Andrea M. | Jones, Robert W.",PATHOGENS,NA,NA,NA
WoS,english,Potential Distribution of <i>Cedrela odorata</i> L. in Mexico according to Its Optimal Thermal Range for Seed Germination under Different Climate Change Scenarios,NA,10.3390/plants12010150,2023,"Sampayo-Maldonado, Salvador | Ordonez-Salanueva, Cesar A. | Mattana, Efisio | Way, Michael | Castillo-Lorenzo, Elena | Davila-Aranda, Patricia D. | Lira-Saade, Rafael | Tellez-Valdes, Oswaldo | Rodriguez-Arevalo, Norma, I | Flores-Ortiz, Cesar M. | Ulian, Tiziana",PLANTS-BASEL,NA,NA,NA
WoS,english,Population-Based Evidence of Climate Change Adaptation in an Endangered Plant Endemic to a Biodiversity Hotspot,NA,10.3390/plants12102017,2023,"Alarcon, Diego | Santos, David | Arroyo, Mary T. K.",PLANTS-BASEL,NA,NA,NA
WoS,english,The Evolution of Agrarian Landscapes in the Tropical Andes,NA,10.3390/plants13071019,2024,"Shadik, Courtney R. | Bush, Mark B. | Valencia, Bryan G. | Rozas-Davila, Angela | Plekhov, Daniel | Breininger, Robert D. | Davin, Claire | Benko, Lindsay | Peterson, Larry C. | Vanvalkenburgh, Parker",PLANTS-BASEL,NA,NA,NA
WoS,english,"Bryophytes as Indicators of Disturbance in One of the Last Remnants of the Mountain Forests of El Oro Province, Ecuador",NA,10.3390/plants14020184,2025,"Benitez, Angel | Nagua, Richard | Medina, Jefferson | Lapo, Gregorio | Yangua-Solano, Erika | Andrade-Hidalgo, Rolando",PLANTS-BASEL,NA,NA,NA
WoS,english,Analysing the Impact of Climate Change on Hydrological Ecosystem Services in Laguna del Sauce (Uruguay) Using the SWAT Model and Remote Sensing Data,NA,10.3390/rs13102014,2021,"Aznarez, Celina | Jimeno-Saez, Patricia | Lopez-Ballesteros, Adrian | Pablo Pacheco, Juan | Senent-Aparicio, Javier",REMOTE SENSING,NA,NA,NA
WoS,english,Place-Based Citizen Science for Assessing Risk Perception and Coping Capacity of Households Affected by Multiple Hazards,NA,10.3390/su13010302,2021,"Alves, Priscila Barros Ramalho | Cordao, Maria Jose de Sousa | Djordjevic, Slobodan | Javadi, Akbar A.",SUSTAINABILITY,NA,NA,NA
WoS,english,Adaptive Capacity as Local Sustainable Development: Contextualizing and Comparing Risks and Resilience in Two Chilean Regions,NA,10.3390/su13094660,2021,"Barton, Jonathan R. | Gutierrez-Antinopai, Felipe | Escalona Ulloa, Miguel",SUSTAINABILITY,NA,NA,NA
WoS,english,Extreme Weather Conditions and Cardiovascular Hospitalizations in Southern Brazil,NA,10.3390/su132112194,2021,"Costa, Iago Turba | Wollmann, Cassio Arthur | Gobo, Joao Paulo Assis | Ikefuti, Priscilla Venancio | Shooshtarian, Salman | Matzarakis, Andreas",SUSTAINABILITY,NA,NA,NA
WoS,english,Using the Sustainable Development Goals to Evaluate Possible Transport Policies for the City of Curitiba,NA,10.3390/su132112222,2021,"de Almeida, Constanca Martins Leite | Silveira, Semida | Jeneulis, Erik | Fuso-Nerini, Francesco",SUSTAINABILITY,NA,NA,NA
WoS,english,"Options to Support Sustainable Trajectories in a Rural Landscape: Drivers, Rural Processes, and Local Perceptions in a Colombian Coffee-Growing Region",NA,10.3390/su132313026,2021,"Valbuena, Diego | Chenet, Julien G. | Gaitan-Cremaschi, Daniel",SUSTAINABILITY,NA,NA,NA
WoS,english,Assessing Urban Vulnerability to Flooding: A Framework to Measure Resilience Using Remote Sensing Approaches,NA,10.3390/su14042276,2022,"Cerbaro, Mercio | Morse, Stephen | Murphy, Richard | Middlemiss, Sarah | Michelakis, Dimitrios",SUSTAINABILITY,NA,NA,NA
WoS,english,"Modeling Urban Growth and the Impacts of Climate Change: The Case of Esmeraldas City, Ecuador",NA,10.3390/su14084704,2022,"Mena, Carlos F. | Benitez, Fatima L. | Sampedro, Carolina | Martinez, Patricia | Quispe, Alex | Laituri, Melinda",SUSTAINABILITY,NA,NA,NA
WoS,english,Modular Design of Bioretention Systems for Sustainable Stormwater Management under Drivers of Urbanization and Climate Change,NA,10.3390/su14116799,2022,"de Macedo, Marina Batalini | Gomes Junior, Marcus Nobrega | Jochelavicius, Vivian | Pereira de Oliveira, Thalita Raquel | Mendiondo, Eduardo Mario",SUSTAINABILITY,NA,NA,NA
WoS,english,Food Markets and Free Fairs as Contributors for Designing Climate Resilient Cities: A Study Case in Southern Ecuador,NA,10.3390/su14127214,2022,"Iniguez-Gallardo, Veronica | Lojan Cordova, Julia | Ordonez-Leon, Andrea | Reyes-Bueno, Fabian",SUSTAINABILITY,NA,NA,NA
WoS,english,The Integration of Local Actors in Policy Implementation: The Case of Organic Farming in Costa Rica,NA,10.3390/su14127265,2022,"Gruber, Mirjam",SUSTAINABILITY,NA,NA,NA
WoS,english,Geoprocessing Applied to the Assessment of Carbon Storage and Sequestration in a Brazilian Medium-Sized City,NA,10.3390/su14148761,2022,"Felix, Norton Barros | de Oliveira Campos, Priscila Celebrini | Paz, Igor | Soares Marques, Maria Esther",SUSTAINABILITY,NA,NA,NA
WoS,english,Monitoring Desertification Using a Small Set of Biophysical Indicators in the Brazilian Semiarid Region,NA,10.3390/su14159735,2022,"Perez-Marin, Aldrin Martin | Vendruscolo, Jhony | Zarate-Salazar, Jhonatan Rafael | De Araujo Queiroz, Heithor Alexandre | Magalhaes, Daniel Lima | Menezes, Romulo S. C. | Fernandes, Izaias Medice",SUSTAINABILITY,NA,NA,NA
WoS,english,Urban Living Labs and Critical Infrastructure Resilience: A Global Match?,NA,10.3390/su14169826,2022,"Reis Amorim, Erick Elysio | Menezes, Monique | Goncalves Fernandes, Karoline Vitoria",SUSTAINABILITY,NA,NA,NA
WoS,english,Are Citizens Ready for Active Climate Engagement or Stuck in a Game of Blame? Local Perceptions of Climate Action and Citizen Participation in Chilean Patagonia,NA,10.3390/su141912034,2022,"Sapiains, Rodolfo | Azocar, Gabriela | Moraga, Pilar | Valenzuela, Catalina | Aldunce, Paulina | Cornejo, Camilo | Rojas, Maisa | Pulgar, Antonio | Medina, Loreto | Bozkurt, Deniz",SUSTAINABILITY,NA,NA,NA
WoS,english,Climate Change Perceptions and Adaptation Strategies: A Mixed Methods Study with Subsistence Farmers in Rural Peru,NA,10.3390/su142316015,2022,"Landaverde, Rafael | Rodriguez, Mary T. | Niewoehner-Green, Jera | Kitchel, Tracy | Chuquillanqui, Jaqueline",SUSTAINABILITY,NA,NA,NA
WoS,english,Perceptions of Climate Adaptation and Mitigation: An Approach from Societies in Southern Ecuadorian Andes,NA,10.3390/su15021086,2023,"Iniguez-Gallardo, Veronica | Tzanopoulos, Joseph",SUSTAINABILITY,NA,NA,NA
WoS,english,"Creating a Virtuous Food Cycle in Monterrey, Mexico",NA,10.3390/su15107858,2023,"Roggema, Rob | Mallet, Ana Elena | Krstikj, Aleksandra",SUSTAINABILITY,NA,NA,NA
WoS,english,"Critical Environmental Education in Latin America from a Socio-Environmental Perspective: Identity, Territory, and Social Innovation",NA,10.3390/su15129410,2023,"da Silva, Rodrigo Florencio | Torres-Rivera, Alma Delia | Alves Pereira, Vilmar | Regis Cardoso, Luciano | Becerra, Melgris Jose",SUSTAINABILITY,NA,NA,NA
WoS,english,Multidisciplinary Evaluation of Vulnerabilities: Communities in Northern Mexico,NA,10.3390/su151713077,2023,"Valderrey, Francisco | Carreno, Lina | Lucatello, Simone | Giorgi, Emanuele",SUSTAINABILITY,NA,NA,NA
WoS,english,"Participative Policy Design to Manage Droughts and Floods in an Arid Region under Changing Climate Scenarios: The Case of Baja California Sur, Mexico",NA,10.3390/su151813547,2023,"Imaz-Lamadrid, Miguel Angel | Ivanova-Boncheva, Antonina | Flores-Lopez, Maria Z. | Cortes-Martinez, Mara Y.",SUSTAINABILITY,NA,NA,NA
WoS,english,Study of Ecosystem Degradation Dynamics in the Peruvian Highlands: Landsat Time-Series Trend Analysis (1985-2022) with ARVI for Different Vegetation Cover Types,NA,10.3390/su152115472,2023,"Cano, Deyvis | Pizarro, Samuel | Cacciuttolo, Carlos | Penaloza, Richard | Yaranga, Raul | Gandini, Marcelo Luciano",SUSTAINABILITY,NA,NA,NA
WoS,english,Bibliometric Analysis of Urban Coastal Development: Strategies for Climate-Resilient Timber Housing,NA,10.3390/su16041431,2024,"Garcia-Ruiz, Andres | Diez-Minguito, Manuel | Verichev, Konstantin | Carpio, Manuel",SUSTAINABILITY,NA,NA,NA
WoS,english,Analysis of Pros and Cons in Using the Water-Energy-Food Nexus Approach to Assess Resource Security: A Review,NA,10.3390/su16072605,2024,"Kalvani, Somayeh Rezaei | Celico, Fulvio",SUSTAINABILITY,NA,NA,NA
WoS,english,"The Relationship between Climate, Agriculture and Land Cover in Matopiba, Brazil (1985-2020)",NA,10.3390/su16072670,2024,"Araujo, Mayara Lucyanne Santos de | Rufino, Iana Alexandra Alves | Silva, Fabricio Brito | Brito, Higor Costa de | Santos, Jessflan Rafael Nascimento",SUSTAINABILITY,NA,NA,NA
WoS,english,"Sustainable Urbanization in Valley-Bottom Areas in Urban Settings: The Case of the Jaguaré Stream Basin, São Paulo, Brazil",NA,10.3390/su16073018,2024,"de Castro, Afonso Celso Vanoni | Benatti Alvim, Angelica Tanus",SUSTAINABILITY,NA,NA,NA
WoS,english,"Adaptive Grazing of Native Grasslands Provides Ecosystem Services and Reduces Economic Instability for Livestock Systems in the Flooding Pampa, Argentina",NA,10.3390/su16104229,2024,"Jacobo, Elizabeth J. | Ortiz, Ulises J. Martinez | Cotroneo, Santiago M. | Rodriguez, Adriana M.",SUSTAINABILITY,NA,NA,NA
WoS,english,The Future Sustainability of the São Francisco River Basin in Brazil: A Case Study,NA,10.3390/su16135521,2024,"Andrade, Cristina | de Souza, Irving | da Silva, Luiz",SUSTAINABILITY,NA,NA,NA
WoS,english,Resilience and Functional Service Life of Modern Heritage Timber Buildings Amid Climate Change in Chile,NA,10.3390/su17104553,2025,"Palma, Diego | Riveros, Martin | Verichev, Konstantin | Silva, Ana | Prieto, Andres J.",SUSTAINABILITY,NA,NA,NA
WoS,english,Evaluation of Impacts and Sustainability Indicators of Construction in Prefabricated Concrete Houses in Ecuador,NA,10.3390/su17177616,2025,"Paredes, Marcel | Perez, Javier",SUSTAINABILITY,NA,NA,NA
WoS,english,Climate-Resilient and Sustainable Soil Remediation: Hydrocycloning for Metal Removal in Flood-Prone Brazilian Region,NA,10.3390/su17209083,2025,"Sillos, Marcos | Da Silva, Paula F. | Suhogusoff, Alexandra | Brito, Graca",SUSTAINABILITY,NA,NA,NA
WoS,english,"Spatial Variability of Rainfall and Vulnerability Assessment of Water Resources Infrastructure for Adaptive Management Implementation in Ceará, Brazil",NA,10.3390/su17209147,2025,"Reis, Gabriela De Azevedo | Rolim, Larissa Zaira Rafael | Studart, Ticiana Marinho De Carvalho | Da Silva, Samiria Maria Oliveira | De Souza Filho, Francisco De Assis | Rocha, Maria Aparecida Melo",SUSTAINABILITY,NA,NA,NA
WoS,english,Climate Change and Assessing Thermal Comfort in Social Housing of Southeastern Mexico: A Prospective Study Using Machine Learning and Global Sensitivity Analysis,NA,10.3390/su17219596,2025,"Romero, Diana | Torres, Karla A. | Gonzalez, Joanny | Cetina-Quinones, A. J. | Acosta, Cesar | Sadoqi, M. | Bassam, A.",SUSTAINABILITY,NA,NA,NA
WoS,english,"Toward New Epidemiological Landscapes of <i>Trypanosoma cruzi</i> (Kinetoplastida, Trypanosomatidae) Transmission under Future Human-Modified Land Cover and Climatic Change in Mexico",NA,10.3390/tropicalmed7090221,2022,"Gonzalez-Salazar, Constantino | Meneses-Mosquera, Anny K. | Aguirre-Pena, Alejandra | Fernandez-Castel, Karla Paola J. | Stephens, Christopher R. | Mendoza-Ponce, Alma | Velasco, Julian A. | Calderon-Bustamante, Oscar | Estrada, Francisco",TROPICAL MEDICINE AND INFECTIOUS DISEASE,NA,NA,NA
WoS,english,"Strategies for the Revalorization of the Natural Environment and Landscape Regeneration at La Herradura Beach, Chorrillos, Peru 2024",NA,10.3390/urbansci10010002,2025,"Cobenas, Pablo | Esenarro, Doris | Vilchez Cairo, Jesica | Gomez, Alejandro | Prado, Manuel | Perez Sosa, Alvaro Adrian | Raymundo, Vanessa | Garcia, Fatima Liliana Pinedo | Pena, Jesus | Porras, Emerson | Chang, Lidia",URBAN SCIENCE,NA,NA,NA
WoS,english,Unequal Landscapes: Vulnerability Traps in Informal Settlements of the Jacui River Delta (Brazil),NA,10.3390/urbansci6040076,2022,"Pereira Santos, Alexandre | Rodriguez-Lopez, Juan Miguel | Chiarel, Cleiton | Scheffran, Juergen",URBAN SCIENCE,NA,NA,NA
WoS,english,"Resilient Urban-Design Strategies for Landslide Risk Mitigation in Huaraz, Peru",NA,10.3390/urbansci8030090,2024,"Esenarro, Doris | Manosalva, John | Sanchez, Lizeth | Vargas, Carlos | Raymundo, Vanessa | Ccalla, Jimena",URBAN SCIENCE,NA,NA,NA
WoS,english,Climate Change and Urban Resilience in Smart Cities: Adaptation and Mitigation Strategies in Brazil and Germany,NA,10.3390/urbansci9050179,2025,"Bichueti, Roberto Schoproni | Leal Filho, Walter | Gomes, Clandia Maffini | Kneipp, Jordana Marques | da Costa, Carlos Rafael Rohrig | Frizzo, Kamila",URBAN SCIENCE,NA,NA,NA
WoS,english,Community Perception and Adaptation to Climate Change in Coastal Areas of Mexico,NA,10.3390/w13182483,2021,"Escudero, Mireille | Mendoza, Edgar",WATER,NA,NA,NA
WoS,english,"Stress Resistance and Adaptation of the Aquatic Invasive Species <i>Tubastraea Coccinea</i> (Lesson, 1829) to Climate Change and Ocean Acidification",NA,10.3390/w13243645,2021,"Strychar, Kevin B. | Hauff-Salas, Briana | Haslun, Joshua A. | DeBoer, Jessica | Cryer, Katherine | Keith, Scott | Wooten, Sam",WATER,NA,NA,NA
WoS,english,Effects of Climate Change on Hydrology in the Most Relevant Mining Basin in the Eastern Legal Amazon,NA,10.3390/w14091416,2022,"Pontes, Paulo Rogenes M. | Cavalcante, Rosane B. L. | Giannini, Tereza C. | Costa, Claudia P. W. | Tedeschi, Renata G. | Melo, Adayana M. Q. | Freitas Xavier, Ana Carolina",WATER,NA,NA,NA
WoS,english,An Urgent Dialogue between Urban Design and Regulatory Framework for Urban Rivers: The Case of the Andalien River in Chile,NA,10.3390/w14213444,2022,"alvez, Amaya | Espinosa, Paulina | Castillo, Rodrigo | Iglesias, Kimberly | Banales-Seguel, Camila",WATER,NA,NA,NA
WoS,english,Flood Modeling in a Coastal Town in Northern Colombia: Comparing MODCEL vs. IBER,NA,10.3390/w14233866,2022,"Perez-Montiel, Jhonny I. | Cardenas-Mercado, Leyner | Nardini, Andrea Gianni Cristoforo",WATER,NA,NA,NA
WoS,english,Future Changes in Temperature and Precipitation over Northeastern Brazil by CMIP6 Model,NA,10.3390/w14244118,2022,"Dantas, Leydson G. | dos Santos, Carlos A. C. | Santos, Celso A. G. | Martins, Eduardo S. P. R. | Alves, Lincoln M.",WATER,NA,NA,NA
WoS,english,Use of Soil Infiltration Capacity and Stream Flow Velocity to Estimate Physical Flood Vulnerability under Land-Use Change Scenarios,NA,10.3390/w15061214,2023,"Hernandez-Atencia, Yelena | Pena, Luis E. | Munoz-Ramos, Jader | Rojas, Isabel | Alvarez, Alexander",WATER,NA,NA,NA
WoS,english,Evaluation of the Use of Permeable Interlocking Concrete Pavement in Chile: Urban Infrastructure Solution for Adaptation and Mitigation against Climate Change,NA,10.3390/w15244219,2023,"Cacciuttolo, Carlos | Garrido, Felipe | Painenao, Daniel | Sotil, Andres",WATER,NA,NA,NA
WoS,english,A Sustainability Approach between the Water-Energy-Food Nexus and Clean Energy,NA,10.3390/w16071017,2024,"Herrera-Franco, Gricelda | Bravo-Montero, Lady | Caicedo-Potosi, Jhon | Carrion-Mero, Paul",WATER,NA,NA,NA
WoS,english,Impact of Future Climate Scenarios and Bias Correction Methods on the Achibueno River Basin,NA,10.3390/w16081138,2024,"Moya, Hector | Althoff, Ingrid | Celis-Diez, Juan L. | Huenchuleo-Pedreros, Carlos | Reggiani, Paolo",WATER,NA,NA,NA
WoS,english,"Modeling Environmental Vulnerability for 2050 Considering Different Scenarios in the Doce River Basin, Brazil",NA,10.3390/w16101459,2024,"Campos, Jasmine Alves | da Silva, Demetrius David | Pires, Gabrielle Ferreira | Filho, Elpidio Inacio Fernandes | Amorim, Ricardo Santos Silva | de Menezes Filho, Frederico Carlos Martins | de Melo Ribeiro, Celso Bandeira | Lorentz, Juliana Ferreira | Aires, Uilson Ricardo Venancio",WATER,NA,NA,NA
WoS,english,Solutions Based on Nature to Face Water Stress: Lessons from the Past and Present,NA,10.3390/w16162301,2024,"Suman, Daniel O. | Morais, Manuela | Saito, Carlos Hiroo",WATER,NA,NA,NA
WoS,english,Improving Urban Flood Resilience: Urban Flood Risk Mitigation Assessment Using a Geospatial Model in the Urban Section of a River Corridor,NA,10.3390/w17071047,2025,"Vilca-Campana, Karla | Carrasco-Valencia, Lorenzo | Iruri-Ramos, Carla | Cardenas-Pillco, Berly | Escudero, Adrian | Chanove-Manrique, Andrea",WATER,NA,NA,NA
WoS,english,"Trends, Patterns, and Persistence of Rainfall, Streamflow, and Flooded Area in the Upper Paraguay Basin (Brazil)",NA,10.3390/w17101549,2025,"Coelho, Maria Eduarda Moraes Sarmento | Chaves, Henrique Marinho Leite | Fonseca, Maria Rita",WATER,NA,NA,NA
WoS,english,Water Security with Social Organization and Forest Care in the Megalopolis of Central Mexico,NA,10.3390/w17223245,2025,"Oswald-Spring, Ursula | Jaramillo-Monroy, Fernando",WATER,NA,NA,NA
WoS,english,THE ROLE OF RAISING AWARENESS IN ENSURING THE RESILIENCE OF CITIES,NA,10.33927/hjic-2023-17,2023,"Iskander, Ben rjiba | Sebestyen, Viktor | Toth-Nagy, Georgina",HUNGARIAN JOURNAL OF INDUSTRY AND CHEMISTRY,NA,NA,NA
WoS,english,Climate-smart agriculture and soil C sequestration in Brazilian Cerrado: a systematic review,NA,10.36783/18069657rbcs20220055,2023,"Oliveira, Dener Marcio da Silva | Tavares, Rose Luiza Moraes | Loss, Arcangelo | Madari, Beata Emoke | Cerri, Carlos Eduardo Pellegrino | Alves, Bruno Jose Rodrigues | Pereira, Marcos Gervasio | Cherubin, Mauricio Roberto",REVISTA BRASILEIRA DE CIENCIA DO SOLO,NA,NA,NA
WoS,english,Moderate wildfire severity favors seed removal by granivores in a Mexican pine forest,NA,10.3832/ifor4741-018,2025,"Cadena-Zamudio, Daniel A. | Cadena-Iniguez, Jorge | Aguirre-Medina, Juan F. | Cadena-Zamudio, Jorge D. | Arispe-Vazquez, Jose L. | Barrera-Guzman, Luis A. | Ayvar-Serna, Sergio | Diaz-Najera, Jose F.",IFOREST-BIOGEOSCIENCES AND FORESTRY,NA,NA,NA
WoS,english,Influence of ENSO and the urban heat island on climate variation in a growing city of the western Mexico,NA,10.3897/oneeco.9.e125302,2024,"Gonzalez, Oyolsi Najera | Gonzalez, Areli Najera | Flores, Susana M. L. Marceleno | Vilchez, Fernando Flores",ONE ECOSYSTEM,NA,NA,NA
WoS,english,GIS for Sustainable Urban Transformation in Countries With Emerging Economies: The Case of Piura in Peru,NA,10.4018/ijepr.319733,2023,"Fernandez, Trinidad | Schroeder, Stella",INTERNATIONAL JOURNAL OF E-PLANNING RESEARCH,NA,NA,NA
WoS,english,"Assessment of the Risk to Ecosystem Services for Freshwater Regulation and Provision in Isla Grande de Chiloé, Chile, due to Climate Change",NA,10.4067/s0717-92002024000300461,2024,"Valenzuela, Inti Lefort | Billi, Marco | Galleguillos, Mauricio | Urquiza, Anahi",BOSQUE,NA,NA,NA
WoS,english,Importance of the trees on Paseo Tollocan in the conservationof urban plant diversity in the Metropolitan Zone of the Toluca Valley,NA,10.4067/s0717-92002025000100087,2025,"Perez-Suarez, Marlin | Ramirez-Albores, Jorge E. | Mohedano-Caballero, Leopoldo | Gonzalez-Aranda, Mario | Gonzalez-Perez, Mario",BOSQUE,NA,NA,NA
WoS,english,"Typology of production units and livestock technologies for adaptation to drought in Sinaloa, Mexico",NA,10.47280/revfacagron(luz).v41.n1.06,2024,"Cuevas-Reyes, Venancio | Meza, Alfredo Loaiza | Gutierrez, Obed Gutierrez | Rodriguez, German Buendia | Rosales-Nieto, Cesar",REVISTA DE LA FACULTAD DE AGRONOMIA DE LA UNIVERSIDAD DEL ZULIA,NA,NA,NA
WoS,english,Coffee in crisis offers a lesson in resilience: Evidence from Guatemala,NA,10.47872/laer.v31.30,2022,"D'errico, Marco | De Los Rios, Carlos | Serfilippi, Elena",LATIN AMERICAN ECONOMIC REVIEW,NA,NA,NA
WoS,english,"The role of the geophysical exploration in deep aquifers in semi-urban and rural environments in Andean forearc basins, study case in the aquifer of Nuble river, Central Valley of Chile",NA,10.5027/andgeov49n1-3370,2022,"Aguirre, Igor | Maringue, Jose | Santibanez, Isabel | Yanez, Gonzalo",ANDEAN GEOLOGY,NA,NA,NA
WoS,english,CO<sub>2</sub> and CO temporal variability over Mexico City from ground-based total column and surface measurements,NA,10.5194/acp-24-11823-2024,2024,"Taquet, Noemie | Stremme, Wolfgang | del Castillo, Maria Eugenia Gonzalez | Almanza, Victor | Bezanilla, Alejandro | Laurent, Olivier | Alberti, Carlos | Hase, Frank | Ramonet, Michel | Lauvaux, Thomas | Che, Ke | Grutter, Michel",ATMOSPHERIC CHEMISTRY AND PHYSICS,NA,NA,NA
WoS,english,State of Wildfires 2023-2024,NA,10.5194/essd-16-3601-2024,2024,"Jones, Matthew W. | Kelley, Douglas I. | Burton, Chantelle A. | Di Giuseppe, Francesca | Barbosa, Maria Lucia F. | Brambleby, Esther | Hartley, Andrew J. | Lombardi, Anna | Mataveli, Guilherme | McNorton, Joe R. | Spuler, Fiona R. | Wessel, Jakob B. | Abatzoglou, John T. | Anderson, Liana O. | Andela, Niels | Archibald, Sally | Armenteras, Dolors | Burke, Eleanor | Carmenta, Rachel | Chuvieco, Emilio | Clarke, Hamish | Doerr, Stefan H. | Fernandes, Paulo M. | Giglio, Louis | Hamilton, Douglas S. | Hantson, Stijn | Harris, Sarah | Jain, Piyush | Kolden, Crystal A. | Kurvits, Tiina | Lampe, Seppe | Meier, Sarah | New, Stacey | Parrington, Mark | Perron, Morgane M. G. | Qu, Yuquan | Ribeiro, Natasha S. | Saharjo, Bambang H. | San-Miguel-Ayanz, Jesus | Shuman, Jacquelyn K. | Tanpipat, Veerachai | van der Werf, Guido R. | Veraverbeke, Sander | Xanthopoulos, Gavriil",EARTH SYSTEM SCIENCE DATA,NA,NA,NA
WoS,english,State of Wildfires 2024-2025,NA,10.5194/essd-17-5377-2025,2025,"Kelley, Douglas I. | Burton, Chantelle | Di Giuseppe, Francesca | Jones, Matthew W. | Barbosa, Maria L. F. | Brambleby, Esther | McNorton, Joe R. | Liu, Zhongwei | Bradley, Anna S. I. | Blackford, Katie | Burke, Eleanor | Ciavarella, Andrew | Di Tomaso, Enza | Eden, Jonathan | Ferreira, Igor Jose M. | Fiedler, Lukas | Hartley, Andrew J. | Keeping, Theodore R. | Lampe, Seppe | Lombardi, Anna | Mataveli, Guilherme | Qu, Yuquan | Silva, Patricia S. | Spuler, Fiona R. | Steinmann, Carmen B. | Torres-Vazquez, Miguel Angel | Veiga, Renata | van Wees, Dave | Wessel, Jakob B. | Wright, Emily | Bilbao, Bibiana | Bourbonnais, Mathieu | Gao, Cong | Di Bella, Carlos M. | Dintwe, Kebonye | Donovan, Victoria M. | Harris, Sarah | Kukavskaya, Elena A. | N'Dri, Aya Brigitte | Santin, Cristina | Selaya, Galia | Sjostrom, Johan | Abatzoglou, John T. | Andela, Niels | Carmenta, Rachel | Chuvieco, Emilio | Giglio, Louis | Hamilton, Douglas S. | Hantson, Stijn | Meier, Sarah | Parrington, Mark | Sadegh, Mojtaba | San-Miguel-Ayanz, Jesus | Sedano, Fernando | Turco, Marco | van der Werf, Guido R. | Veraverbeke, Sander | Anderson, Liana O. | Clarke, Hamish | Fernandes, Paulo M. | Kolden, Crystal A.",EARTH SYSTEM SCIENCE DATA,NA,NA,NA
WoS,english,Teaching climate risk for water planning: a pilot training for tertiarystudents and practitioners in Brazil,NA,10.5194/gc-4-527-2021,2021,"de Amorim, Pablo Borges | Chaffe, Pedro Luiz Borges",GEOSCIENCE COMMUNICATION,NA,NA,NA
WoS,english,Impact Webs: a novel conceptual modelling approach for characterising and assessing complex risks,NA,10.5194/hess-29-3297-2025,2025,"Sparkes, Edward | Cotti, Davide | Valdiviezo Ajila, Angel | Werners, Saskia E. | Hagenlocher, Michael",HYDROLOGY AND EARTH SYSTEM SCIENCES,NA,NA,NA
WoS,english,"Increasing water stress in Chile revealed by novel datasets of water availability, land use and water use",NA,10.5194/hess-29-5185-2025,2025,"Boisier, Juan Pablo | Alvarez-Garreton, Camila | Marinao, Rodrigo | Galleguillos, Mauricio",HYDROLOGY AND EARTH SYSTEM SCIENCES,NA,NA,NA
WoS,english,High definition 3D models of small legume seed: a close up application to support ancient plant genomics,NA,10.5194/isprs-archives-xlviii-3-2024-17-2024,2024,"Balestra, Mattia | Fattorini, Federico | Angeloni, Renato | Nanni, Laura | Mancini, Adriano | Papa, Roberto | Pierdicca, Roberto","ISPRS TC III MID-TERM SYMPOSIUM BEYOND THE CANOPY: TECHNOLOGIES AND APPLICATIONS OF REMOTE SENSING, VOLUME XLVIII-3-2024",NA,NA,NA
WoS,english,The impact of drought on soil moisture trends across Brazilian biomes,NA,10.5194/nhess-21-879-2021,2021,"Ribeiro, Flavio Lopes | Guevara, Mario | Vazquez-Lule, Alma | Cunha, Ana Paula | Zeri, Marcelo | Vargas, Rodrigo",NATURAL HAZARDS AND EARTH SYSTEM SCIENCES,NA,NA,NA
WoS,english,Review article: Analysis of sediment disaster risk assessment surveys in Brazil: a critical review and recommendations,NA,10.5194/nhess-25-4153-2025,2025,"dos Santos, Thiago D. | Uchida, Taro",NATURAL HAZARDS AND EARTH SYSTEM SCIENCES,NA,NA,NA
WoS,english,Community-driven natural hazard and physical vulnerability assessment in a disaster-prone urban neighborhood,NA,10.5194/nhess-25-4451-2025,2025,"Builes-Jaramillo, Alejandro | Winson, Annie E. G. | Bee, Emma | Quiros, Nancy | Uran, Dairo | Rua, James | Rivera-Florez, Luis alejandro | Restrepo-Estrada, Camilo | Gomez-Miranda, Ingry Natalia | Dashwood, Claire | Porto de albuquerque, Joao",NATURAL HAZARDS AND EARTH SYSTEM SCIENCES,NA,NA,NA
WoS,english,"Governancce for the consrvation of urban Green areas in the face of climate change, Peru; case study",NA,10.5281/zenodo.8075531,2023,"Rodriguez-Rodriguez, Denys W. | Castillo-Santamaria, Bessy | Cueva-Rodriguez, Oscar B. | Cueva-Rodriguez, Medali",ESPACIO ABIERTO,NA,NA,NA
WoS,english,Agrivoltaics Over Berries in Chile: Potential for Clean Energy Generation and Climate Change Adaption,NA,10.52825/agripv.v2i.1032,2023,"Jung, David | Schonberger, Frederik | Moraga, Francisco",AGRIVOLTAICS WORLD CONFERENCE 2023,NA,NA,NA
WoS,english,Morphodynamics of Tropical Atlantic River Mouths and their Adjacent Shorelines,NA,10.53061/ormq3496,2022,"Burningham, Helene | Polizel, Silvia Palotti | Drame, Awa Bousso",CHALLENGES IN ESTUARINE AND COASTAL SCIENCE,NA,NA,NA
WoS,english,Disaster waste: Characterization and quantification applied to an intense rain event,NA,10.5327/z217694781007,2021,"de Mello, Deisy Pereira Paulo | Bringhenti, Jacqueline Rogeria | Bianchi, Dejanyne Paiva Zamprogno | Monte, Lais Selvatici | Gunther, Wanda Maria Risso",REVISTA BRASILEIRA DE CIENCIAS AMBIENTAIS,NA,NA,NA
WoS,english,"Construction systems, integrated disaster risk management & climate change adaptation- Tiktik Kaanu indigenous community",NA,10.5377/nexo.v36i04.16749,2023,"Flores-Pacheco, Juan Asdrubal | Jo, Socrates Esteban Castro | Urbina, Julio Cesar Arauz | Hodgson, Denis Alejandro Cash | Julian, Leonzo Knight",NEXO REVISTA CIENTIFICA,NA,NA,NA
WoS,english,"Climate emergency and urban housing precariousness: guidelines for climate adaptation in the Sao Jose neighborhood, Joao Pessoa - PB",NA,10.5380/dma.v63i0.87786,2024,"Araujo, Renato Regis | Perez, Leticia Palazzi | Morais, Marcele Trigueiro | Anjos, Kainara Lira",DESENVOLVIMENTO E MEIO AMBIENTE,NA,NA,NA
WoS,english,From dengue to chikungunya: Guangdong as a sentinel for arboviral threats in East Asia,NA,10.5582/bst.2025.01228,2025,"Feng, Yong | Chang, Fangfang | Yang, Yang | Lu, Hongzhou",BIOSCIENCE TRENDS,NA,NA,NA
WoS,english,SOCIO-ENVIRONMENTAL VULNERABILITY TO DISASTERS: SCENARIOS AND CHALLENGES FOR THE MUNICIPALITY OF BRUSQUE (SC),NA,10.5585/2023.22368,2023,"Mello, Bruno Jandir | Souza, Cristiane Mansur de Moraes | Aumond, Juares Jose | Silva, Jose Irivaldo Alves Oliveira | Langa, Emanuel Devigili | de Novaes, Jessica Marcielly",REVISTA DE GESTAO AMBIENTAL E SUSTENTABILIDADE-GEAS,NA,NA,NA
WoS,english,Sustainable development in Sao Paulo's Green Belt Biosphere Reserve: between the void of municipal environmental policies and the ecosystem management of the territory,NA,10.5585/2023.22940,2023,"Ferreira, Mauricio Lamano | Dalmas, Fabricio Bau | Santanna, Maryly | Rodrigues, Elaine Aparecida | Sodre, Marcelo Gomes",REVISTA DE GESTAO AMBIENTAL E SUSTENTABILIDADE-GEAS,NA,NA,NA
WoS,english,"Shade coffee and amphibian conservation, a sustainable way forward? Understanding the perceptions and management strategies of coffee growers in Colombia",NA,10.5751/es-12449-260233,2021,"Roach, Nicolette S. | Acosta, Daniela | Lacher, Thomas E., Jr.",ECOLOGY AND SOCIETY,NA,NA,NA
WoS,english,How do Indigenous and local knowledge systems respond to climate change?,NA,10.5751/es-12481-260327,2021,"Popovici, Ruxandra | Moraes, Andre G. de L. | Ma, Zhao | Zanotti, Laura | Cherkauer, Keith A. | Erwin, Anna E. | Mazer, Katy E. | Bocardo Delgado, Edwin F. | Pinto Caceres, Jose P. | Ranjan, Pranay | Prokopy, Linda S.",ECOLOGY AND SOCIETY,NA,NA,NA
WoS,english,Guided transformations for communities facing social and ecological change,NA,10.5751/es-15448-290420,2024,"Morgan, Melinda | Webster, Alex J. | Padowski, Julie C. | Morrison, Ryan R. | Flint, Courtney G. | Simmons-Potter, Kelly | Chief, Karletta | Litson, Benita | Neztsosie, Bryan | Karanikola, Vasiliki | Kacira, Murat | Rushforth, Richard R. | Boll, Jan | Stone, Mark B.",ECOLOGY AND SOCIETY,NA,NA,NA
WoS,english,Productive Complexes and Transforming Rural Landscapes: An Adapted Taxonomy for River Basins in Southern Chile,NA,10.5821/ace.20.58.13403,2025,"Fierro, Virginia Vasquez | Morgenstern, Andres Horn | Schueftan, Alejandra | Montenegro, Galo Valdebenito | Rose, Joceline | Hidalgo, Pamela Zambrano",ACE-ARCHITECTURE CITY AND ENVIRONMENT,NA,NA,NA
WoS,english,"Divergent morphological responses to millennia of climate change in two species of bats from Hall's Cave, Texas, USA",NA,10.7717/peerj.10856,2021,"Moroz, Molly | Jackson, Illiam S. C. | Ramirez, Daniel | Kemp, Melissa E.",PEERJ,NA,NA,NA
WoS,english,Large-scale differences in diversity and functional adaptations of prokaryotic communities from conserved and anthropogenically impacted mangrove sediments in a tropical estuary,NA,10.7717/peerj.12229,2021,"De Santana, Carolina O. | Spealman, Pieter | Melo, Vania | Gresham, David | de Jesus, Taise | Oliveira, Eddy | Chinalia, Fabio Alexandre",PEERJ,NA,NA,NA
WoS,english,On the composition and temporal dynamics of a snake community at the Cerrado-Amazonia ecotone,NA,10.7717/peerj.20025,2025,"Sena, Arthur | Colli, Guarino Rinaldi",PEERJ,NA,NA,NA
WoS,english,The climate agenda & tourism in Brazil: contributions to public policies for adaptation to climate change,NA,10.7784/rbtur.v17.2759,2023,"Gil, Jaqueline | Marques, Nayara Rodrigues | de Andrade, Gabrielle Nunes",REVISTA BRASILEIRA DE PESQUISA EM TURISMO,NA,NA,NA
WoS,english,Resilient Design Aspects Applied to the Envelope that Determine Thermal Comfort in Social Housing,NA,na,2021,"Nieto, V. | Cubillos, R. | Barrios, R.",REVISTA INGENIERIA DE CONSTRUCCION,NA,NA,NA
Scopus,english,"Genetic Resources and Breeding Priorities in Phaseolus Beans: Vulnerability, Resilience, and Future Challenges",NA,10.1002/9781119874157.ch6,2022,Parker T.A.,Plant Breeding Reviews,Book Chapter,NA,SCOPUS_ID:85176575774
Scopus,english,"Wetlands of Mountain Regions of Bolivia: Landscapes, Types, Conservation, and Livelihoods",NA,10.1002/9781394235230.ch10,2025,Domic A.I.,Wetlands of Mountainous Regions Biodiversity Livelihoods and Conservation,Book Chapter,NA,SCOPUS_ID:85218297051
Scopus,english,Extreme rainfall and its impacts in the Brazilian Minas Gerais state in January 2020: Can we blame climate change?,NA,10.1002/cli2.15,2022,Dalagnol R.,Climate Resilience and Sustainability,Article,NA,SCOPUS_ID:105000226884
Scopus,english,Mechanisms driving plant functional trait variation in a tropical forest,NA,10.1002/ece3.7256,2021,Hofhansl F.,Ecology and Evolution,Article,NA,SCOPUS_ID:85102477320
Scopus,english,"Diversity and niche differentiation of a mixed pine–oak forest in the Sierra Norte, Oaxaca, Mexico",NA,10.1002/ecs2.3475,2021,Martin M.P.,Ecosphere,Article,NA,SCOPUS_ID:85104957662
Scopus,english,Assessing impacts of climate change on selected foundation species and ecosystem services in the South-Central USA,NA,10.1002/ecs2.4412,2023,Ansley R.J.,Ecosphere,Article,NA,SCOPUS_ID:85149887748
Scopus,english,Global Climate Suitability and Economic Risks of the Fall Armyworm Spodoptera frugiperda to Key Crops in Brazil,NA,10.1002/fes3.70120,2025,Amaro G.C.,Food and Energy Security,Article,NA,SCOPUS_ID:105015400921
Scopus,english,National climate scenarios: (un)building climate knowledge and inducing environmental ignorance in Mexico,NA,10.1002/geo2.70009,2025,de León Escobedo T.G.,Geo Geography and Environment,Article,NA,SCOPUS_ID:105004675954
Scopus,english,Assessing Streamflow Responses to Future Climate and Land Use and Land Cover Change in a Transitional Brazilian Basin Between Semiarid Dry Forest and Humid Tropical Forest Biomes,NA,10.1002/hyp.70316,2025,de Farias V.E.M.,Hydrological Processes,Article,NA,SCOPUS_ID:105021582373
Scopus,english,"Fungi and Myxomycetes of the Tehuacán-Cuicatlán Biosphere Reserve, Mexico: A Comprehensive Review and Future Perspectives",NA,10.1002/iub.70034,2025,Mena-Portales J.,IUBMB Life,Article,NA,SCOPUS_ID:105008764833
Scopus,english,"Thermoregulatory strategies of three reclusive lizards (genus Xantusia) from the Baja California peninsula, Mexico, under current and future microenvironmental temperatures",NA,10.1002/jez.2470,2021,Arenas-Moreno D.M.,Journal of Experimental Zoology Part A Ecological and Integrative Physiology,Article,NA,SCOPUS_ID:85105435044
Scopus,english,"Influence of incubation temperature, maternal effects, and paternity on quality of olive ridley hatchlings (Lepidochelys olivacea) from a mass-nesting beach in the Mexican Pacific",NA,10.1002/jez.2804,2024,Labastida-Estrada E.,Journal of Experimental Zoology Part A Ecological and Integrative Physiology,Article,NA,SCOPUS_ID:85187445759
Scopus,english,Assessment of rainfall variability and future change in Brazil across multiple timescales,NA,10.1002/joc.6818,2021,Alves L.M.,International Journal of Climatology,Article,NA,SCOPUS_ID:85090997354
Scopus,english,Estimation of the Photovoltaic Power Potential in Mexico From CORDEX–CORE Simulations,NA,10.1002/joc.70136,2025,Corrales-Suastegui A.,International Journal of Climatology,Article,NA,SCOPUS_ID:105018517526
Scopus,english,Projected impacts of 1.5 and 2°C global warming on temperature and precipitation patterns in South America,NA,10.1002/joc.7322,2022,Torres R.R.,International Journal of Climatology,Article,NA,SCOPUS_ID:85112034863
Scopus,english,Desertification risk assessment in Northeast Brazil: Current trends and future scenarios,NA,10.1002/ldr.3681,2021,Vieira R.M.D.S.P.,Land Degradation and Development,Article,NA,SCOPUS_ID:85086858897
Scopus,english,An interactive system to map land degradation and inform decision-making to achieve land degradation neutrality via convergence of evidence across scales: A case-study in Ecuador,NA,10.1002/ldr.4645,2023,Teich I.,Land Degradation and Development,Article,NA,SCOPUS_ID:85168914462
Scopus,english,Quantifying Soil Loss in the Brazilian Savanna Ecosystem: Current Rates and Anticipated Impact of Climate Changes,NA,10.1002/ldr.5331,2024,Schwamback D.,Land Degradation and Development,Article,NA,SCOPUS_ID:85206187333
Scopus,english,Exploring Global Research Trends in Mangrove Ecosystems: A Bibliometric Analysis of Key Issues and Future Directions (1996–2022),NA,10.1002/ldr.5558,2025,Qin Y.,Land Degradation and Development,Article,NA,SCOPUS_ID:86000262169
Scopus,english,Using a futures orientation to enable adaptation of protected areas under climate change,NA,10.1002/pan3.10547,2023,Múnera-Roldán C.,People and Nature,Article,NA,SCOPUS_ID:85173444067
Scopus,english,Coping with environmental constraints: Geographically divergent adaptive evolution and germination plasticity in the transcontinental Populus tremuloides,NA,10.1002/ppp3.10297,2022,Goessen R.,Plants People Planet,Article,NA,SCOPUS_ID:85134187043
Scopus,english,Integrating Climate Change into Land Use and Urban Planning,NA,10.1007/978-3-030-42462-6_121,2022,Pérez de Madrid Utrilla M.,Palgrave Handbook of Climate Resilient Societies Volumes 1 2,Book Chapter,NA,SCOPUS_ID:85160718370
Scopus,english,"What do we want to be when we grow up? The political dimensions of climate change in Brazil, China and Mozambique",NA,10.1007/978-3-030-55416-3_6,2021,da Costa Ferreira L.,Environment and Development Challenges Policies and Practices,Book Chapter,NA,SCOPUS_ID:85149155059
Scopus,english,Lacking Policies and Legal Rules on Bio and Agrobiodiversity for adapting Globalized Climate Change: Case Study of Chile,NA,10.1007/978-3-030-57281-5_125,2021,Neira S.P.,Handbook of Climate Change Management Research Leadership Transformation,Book Chapter,NA,SCOPUS_ID:85161926956
Scopus,english,Climate Adaptation by International Multidisciplinary Knowledge Exchange: Sharing Challenges and Solutions in ClimateCafés in the Philippines and Peru,NA,10.1007/978-3-030-57281-5_133,2021,Boogaard F.C.,Handbook of Climate Change Management Research Leadership Transformation,Book Chapter,NA,SCOPUS_ID:85161819452
Scopus,english,"Climate Change, Cultural Manifestation and the Principle of Hope, Based on Ernst Bloch’s Theoretical Proposal",NA,10.1007/978-3-030-57281-5_226,2021,Arredondo-Trapero F.G.,Handbook of Climate Change Management Research Leadership Transformation,Book Chapter,NA,SCOPUS_ID:85161886402
Scopus,english,"Assessing Future Resilience, Equity, and Sustainability in Scenario Planning",NA,10.1007/978-3-030-63131-4_8,2021,Berbés-Blázquez M.,Urban Book Series,Book Chapter,NA,SCOPUS_ID:85103924869
Scopus,english,SOLARQUIM: Dual Electric Power Generation System for a Housing,NA,10.1007/978-3-030-63567-1_12,2021,Contreras J.A.,Advances in Science Technology and Innovation,Book Chapter,NA,SCOPUS_ID:85113779754
Scopus,english,A methodology for assessing the impact of climate change on building energy consumption,NA,10.1007/978-3-030-65421-4_17,2021,Karlen C.G.,Urban Microclimate Modelling for Comfort and Energy Studies,Book Chapter,NA,SCOPUS_ID:85150738008
Scopus,english,Disaster resilience index in the agricultural sector in the state of Mexico,NA,10.1007/978-3-030-67295-9_14,2021,Sánchez-Partida D.,Disaster Risk Reduction in Mexico Methodologies Case Studies and Prospective Views,Book Chapter,NA,SCOPUS_ID:85150817463
Scopus,english,"Towards Adaptive Water Governance in South America: Lessons from Water Crises in Argentina, Brazil, and Uruguay",NA,10.1007/978-3-030-76624-5_3,2021,Trimble M.,World Sustainability Series,Book Chapter,NA,SCOPUS_ID:85112422592
Scopus,english,"Water Gives, Water Takes Away. Memory, Agency and Resilience in ENSO—Vulnerable Historic Landscapes in Peru",NA,10.1007/978-3-030-77356-4_7,2021,Alvarez-Calderón R.,Urban Book Series,Book Chapter,NA,SCOPUS_ID:85115274422
Scopus,english,Sustainable Energy Through Design: An Approach to Alleviate Energy Poverty in Vulnerable Communities on the US–Mexico Border Region,NA,10.1007/978-3-030-96866-3_22,2022,Diaz-Barriga V.B.,Urban Book Series,Book Chapter,NA,SCOPUS_ID:85131818050
Scopus,english,"The Challenges of the Food, Water, and Energy Nexus and Potential Interlinkages with Instruments to Tackle Climate Change: Cases of Brazilian Cities",NA,10.1007/978-3-031-05472-3_16,2022,Jacobi P.R.,Sustainable Development Goals Series,Book Chapter,NA,SCOPUS_ID:85195140331
Scopus,english,The Amphibians of the Mexican Montane Cloud Forest,NA,10.1007/978-3-031-17277-9_17,2023,Soto-Pozos A.F.,Mexican Fauna in the Anthropocene,Book Chapter,NA,SCOPUS_ID:85160119112
Scopus,english,Urban Flooding in Brazil,NA,10.1007/978-3-031-20898-0,2023,Mendonça F.,Urban Flooding in Brazil,Book,NA,SCOPUS_ID:85206031722
Scopus,english,"Urban Flooding in Fortaleza, Northeastern Brazil: Current and Future Risks and Challenges",NA,10.1007/978-3-031-20898-0_8,2023,Zanella M.E.,Urban Flooding in Brazil,Book Chapter,NA,SCOPUS_ID:85206023094
Scopus,english,Micro-narratives on people's perception of climate change and its impact on their livelihood and migration: Voices from the indigenous aymara people in the Bolivian Andes,NA,10.1007/978-3-031-21414-1_2,2023,Flores-Palacios X.,Rebuilding Communities After Displacement Sustainable and Resilience Approaches,Book Chapter,NA,SCOPUS_ID:85159627030
Scopus,english,Climate Change Adaptation in Megacities : A Critical Review on the Brazilian Political Context,NA,10.1007/978-3-031-22112-5_14,2023,Torres L.D.B.,Disaster Risk Reduction for Resilience Climate Change and Disaster Risk Adaptation,Book Chapter,NA,SCOPUS_ID:85169399113
Scopus,english,Development of a Network of Peruvian and Latin American Universities Committed to Risk Management and Adaptation to Climate Change,NA,10.1007/978-3-031-22856-8_31,2023,Espinoza-Molina J.,World Sustainability Series,Book Chapter,NA,SCOPUS_ID:85150194978
Scopus,english,Climate Change and the Increase in Disasters Related to Hydrometeorological and Climatic Events in Mexico: Main Impacts on the Population,NA,10.1007/978-3-031-26592-1_11,2023,de Lima G.N.,Climate Change Management,Book Chapter,NA,SCOPUS_ID:85153059932
Scopus,english,New Risk Assessments Due to Climate Change in Metropolitan Peripheral Areas. The Water Shortage Case in the Region IV of the State of México,NA,10.1007/978-3-031-34211-0_10,2023,Bevilacqua C.,Lecture Notes in Networks and Systems,Conference Paper,NA,SCOPUS_ID:85173557096
Scopus,english,Building Bridges: Leveraging Science and Livelihood Development for Community-Driven Mangrove Restoration,NA,10.1007/978-3-031-34967-6_178,2025,Canevari-Luzardo L.M.,Handbook of Nature Based Solutions to Mitigation and Adaptation to Climate Change,Book Chapter,NA,SCOPUS_ID:105033412487
Scopus,english,Mangroves as a Cornerstone of Nature-Based Solutions for Global Climate Resilience,NA,10.1007/978-3-031-34967-6_18,2025,Ashrafuzzaman M.,Handbook of Nature Based Solutions to Mitigation and Adaptation to Climate Change,Book Chapter,NA,SCOPUS_ID:105033449289
Scopus,english,Mangrove Is the Facto Nature-Based Solutions to Tackle the Climate Change Around the Globe,NA,10.1007/978-3-031-34967-6_61,2025,Ashrafuzzaman M.,Handbook of Nature Based Solutions to Mitigation and Adaptation to Climate Change,Book Chapter,NA,SCOPUS_ID:105033407354
Scopus,english,"Integral Study of a Light Green Roof with Draining Organic Material in Gustavo A. Madero, Mexico City",NA,10.1007/978-3-031-34967-6_68,2025,Cervantes-Nájera A.L.,Handbook of Nature Based Solutions to Mitigation and Adaptation to Climate Change,Book Chapter,NA,SCOPUS_ID:105033445410
Scopus,english,Green Infrastructure Development as a Basis for Climate-Resilient Planning,NA,10.1007/978-3-031-36320-7_33,2023,Jans M.,Sustainable Development Goals Series,Book Chapter,NA,SCOPUS_ID:85193949629
Scopus,english,Community Resilience Under Contexts of Informal Housing and Climate Change in the Americas,NA,10.1007/978-3-031-36640-6_45,2023,Lopez Barrera S.,Sustainable Development Goals Series,Book Chapter,NA,SCOPUS_ID:85194567727
Scopus,english,"Building Scenarios of Social and Health Vulnerability to Climate Change: A Study for Municipalities in the Mato Grosso do Sul, Brazil",NA,10.1007/978-3-031-38878-1_27,2023,dos Santos R.B.,Global Perspectives on Health Geography,Book Chapter,NA,SCOPUS_ID:105035524909
Scopus,english,Representativeness Assessment and Identification of Priorities for the Protection of Terrestrial Ecosystems in Chilean Patagonia,NA,10.1007/978-3-031-39408-9_3,2023,Pliscoff P.,Integrated Science,Book Chapter,NA,SCOPUS_ID:85218748078
Scopus,english,Ecosystem and species adaptations in the Andean-Amazonian Region: Traditional land-use systems in Peru,NA,10.1007/978-3-031-44385-5,2023,Sabogal A.,Ecosystem and Species Adaptations in the Andean Amazonian Region Traditional Land Use Systems in Peru,Book,NA,SCOPUS_ID:85194443588
Scopus,english,Perpetuating Protection of Brazil’s Legal Reserve Area and the Future of Tropical Cities in the Brazilian Amazon,NA,10.1007/978-3-031-48012-6_19,2025,Gonzaga C.A.C.,Ecology of Tropical Cities Volume I Natural and Social Sciences Applied to the Conservation of Urban Biodiversity,Book Chapter,NA,SCOPUS_ID:105023337404
Scopus,english,"Proposed Study Design for Spatio-Temporal Drought Assessment Using Standardized Precipitation Evapotranspiration Index (SPEI) and Adaptation Over Mantaro Valley, Peru",NA,10.1007/978-3-031-50365-8_20,2024,Arana Ruedas D.P.R.,Cities and Nature,Article,NA,SCOPUS_ID:105002082649
Scopus,english,Livable Cities: Urban Heat Islands Mitigation for Climate Change Adaptation Through Urban Greening,NA,10.1007/978-3-031-51220-9,2024,Aboulnaga M.,Livable Cities Urban Heat Islands Mitigation for Climate Change Adaptation Through Urban Greening,Book,NA,SCOPUS_ID:85214605393
Scopus,english,Climate Racism in Brazil’s Favelas: A Sustainable Discussion,NA,10.1007/978-3-031-56619-6_2,2024,Dias-da-Fé A.,Csr Sustainability Ethics and Governance,Book Chapter,NA,SCOPUS_ID:85200472209
Scopus,english,"Editorial: Global Sustainability: Trends, Challenges, and Case Studies",NA,10.1007/978-3-031-57456-6_1,2024,Kulkarni S.,World Sustainability Series,Book Chapter,NA,SCOPUS_ID:85196412609
Scopus,english,Global Trend of Urban Mortality: A Comprehensive Bibliometric Analysis,NA,10.1007/978-3-031-57762-8_2,2024,Baidya A.,Public Health and Diseases A Geographical Study of Womens Health Urban Mortality and Health Policies,Book Chapter,NA,SCOPUS_ID:85206037815
Scopus,english,Coastal Tourism Adaptation to Climate Change in Brazil: Practices and Alternative Solutions,NA,10.1007/978-3-031-59431-1_8,2024,Grimm I.J.,Advances in Spatial Science,Book Chapter,NA,SCOPUS_ID:85200548046
Scopus,english,Urban Inequalities and Climate Change: Contributions to the Study of Resilience in Argentine Cities,NA,10.1007/978-3-031-59746-6_7,2024,Zulaica M.L.,Urban Book Series,Book Chapter,NA,SCOPUS_ID:85201399234
Scopus,english,Susceptibility of the Vegetation to Forest Fires in the Dry Forest of Ocaña—Colombia,NA,10.1007/978-3-031-61440-8_15,2024,Galviz J.D.H.,Lecture Notes in Geoinformation and Cartography,Conference Paper,NA,SCOPUS_ID:85200994515
Scopus,english,Urban Planning and Climate Adaptation in Peru. Analysis of the Main Methods of Risk Prevention and Mitigation in Cities,NA,10.1007/978-3-031-65088-8_8,2024,Pichihua Y.M.P.,Advances in Science Technology and Innovation,Conference Paper,NA,SCOPUS_ID:85205111700
Scopus,english,"Urban Wetlands as Resilient Landscape Infrastructure—The Case of Llanquihue Green Infrastructure Plan, Chile",NA,10.1007/978-3-031-69590-2_8,2024,Moreno O.,Sustainable Development Goals Series,Book Chapter,NA,SCOPUS_ID:85210024443
Scopus,english,Sustainable Intensification of Gourd Vegetables in Chile: Challenges and Opportunities,NA,10.1007/978-3-031-70745-2_16,2025,Donoso A.,Studies in Systems Decision and Control,Book Chapter,NA,SCOPUS_ID:86000042578
Scopus,english,"ICELab, a Prototype Module for Environmental Scientists. A Joint Project of the Karlsruhe Institute of Technology (KIT), Germany and the Universidad de Concepción (UdeC), Chile",NA,10.1007/978-3-031-73576-9_26,2025,Vallebuona R.,Green Energy and Technology,Book Chapter,NA,SCOPUS_ID:85216878025
Scopus,english,A Multi-Scale Ecological Approach for the Conservation and Restoration of Venezuelan Andean Cloud Forests,NA,10.1007/978-3-031-80805-0_6,2025,García-Núñez C.,Conservation of Andean Forests,Book Chapter,NA,SCOPUS_ID:105022225170
Scopus,english,Phenology and Potential Primary Productivity Response to Climate Change in the Andean Mediterranean Forests: A Remote Sensing Analysis,NA,10.1007/978-3-031-80805-0_9,2025,Miranda M.D.,Conservation of Andean Forests,Book Chapter,NA,SCOPUS_ID:105022234269
Scopus,english,"Urban Planning as an Ally for the Regeneration of the Central Canton of Barva De Heredia, Costa Rica in an Intelligent City Adaptable to Climate Change",NA,10.1007/978-3-031-84628-1_29,2025,Chacón F.U.,Studies in Systems Decision and Control,Book Chapter,NA,SCOPUS_ID:105009217050
Scopus,english,Sustainable Urban Planning and Environmental Management,NA,10.1007/978-3-031-85327-2_14,2025,Kosoe E.A.,Environmental Science and Engineering,Book Chapter,NA,SCOPUS_ID:105009367490
Scopus,english,"Innovations in Green Management: The Influence of the Vuca World on the Sustainable Practices of San Gerardo De Dota, Costa Rica",NA,10.1007/978-3-031-91424-9_15,2025,Chacón F.U.,Studies in Systems Decision and Control,Book Chapter,NA,SCOPUS_ID:105018028279
Scopus,english,Incidence of Solar Irradiation on Thermal Comfort for the Architectural Design of a Passive Heating System in Urban Housing in a Cold-Dry Climate,NA,10.1007/978-3-031-92651-8_34,2025,Huanca Choquehuanca K.Z.,Smart Innovation Systems and Technologies,Conference Paper,NA,SCOPUS_ID:105010161595
Scopus,english,Integrating Tourism Governance to Rural Development in the Anthropocene: A Case Study from Post-conflict Communities in Colombia,NA,10.1007/978-3-031-95697-3_6,2025,Bellinzas M.,Local and Urban Governance,Book Chapter,NA,SCOPUS_ID:105015493852
Scopus,english,Charting Livable and Resilient Cities,NA,10.1007/978-3-031-97849-4_1,2025,He B.,Advances in Science Technology and Innovation,Conference Paper,NA,SCOPUS_ID:105020048680
Scopus,english,Built Environment Resilience to Face Climate Change Effects In Paraguay’s Social Housing,NA,10.1007/978-981-15-8783-2_18,2021,Silvero F.,Smart Innovation Systems and Technologies,Conference Paper,NA,SCOPUS_ID:85098219107
Scopus,english,Responses of Mangrove Ecosystems to Climate Change in the Anthropocene,NA,10.1007/978-981-16-2494-0_9,2021,Alongi D.M.,Mangroves Ecology Biodiversity and Management,Book Chapter,NA,SCOPUS_ID:85131523640
Scopus,english,"Quinoa’s Spreading at Global Level: State of the Art, Trends, and Challenges",NA,10.1007/978-981-16-3832-9_1,2022,Bazile D.,Biology and Biotechnology of Quinoa Super Grain for Food Security,Book Chapter,NA,SCOPUS_ID:85152812263
Scopus,english,The Impact of Climate Change on the Gender Security of Indigenous Women in Latin America,NA,10.1007/978-981-19-1987-9_7,2022,Oswald-Spring Ú.,Environment Climate and Social Justice Perspectives and Practices from the Global South,Book Chapter,NA,SCOPUS_ID:85162625837
Scopus,english,Extreme Natural Events: Sustainable Solutions for Developing Countries,NA,10.1007/978-981-19-2511-5,2022,Unnikrishnan A.S.,Extreme Natural Events Sustainable Solutions for Developing Countries,Book,NA,SCOPUS_ID:85163520144
Scopus,english,"Floating Urbanism, the Bold Vision of Streetless Cities",NA,10.1007/978-981-96-4569-5_97,2025,Feldzer T.,Lecture Notes in Civil Engineering,Conference Paper,NA,SCOPUS_ID:105010168608
Scopus,english,Urban Expansion Coupled with Climate Change: The Scenario of Federal District of Brazil,NA,10.1007/978-981-97-3870-0_5,2024,Werneck D.R.,Climate Change and Regional Socio Economic Systems in the Global South Resilience Strategies for Sustainable Development,Book Chapter,NA,SCOPUS_ID:105004976819
Scopus,english,"Climate Change and Fire: The Case of Cerrado, the Brazilian Savanna",NA,10.1007/978-981-97-3870-0_6,2024,Silva P.S.,Climate Change and Regional Socio Economic Systems in the Global South Resilience Strategies for Sustainable Development,Book Chapter,NA,SCOPUS_ID:105004955328
Scopus,english,"Controlling Climate, Facilitating Modernization: Comparing Bangladesh and Mexico",NA,10.1007/978-981-99-1798-3_8,2023,Soto-Montes-de-oca G.,Multifaceted Development A Bangladesh Case Study,Book Chapter,NA,SCOPUS_ID:85205153622
Scopus,english,"Local Society Perception on Ecosystem Services as an Adaptation Strategy in Urban Stream Recovery Programs in the City of São Paulo, Brazil",NA,10.1007/s00267-021-01471-0,2022,de Oliveira Rolo D.A.d.M.,Environmental Management,Article,NA,SCOPUS_ID:85104711750
Scopus,english,Multicriteria Evaluation of Green Infrastructure for Public Spaces in Urban Areas: Hydrological Functionality and Ecosystem Services,NA,10.1007/s00267-025-02287-y,2025,Arteaga-Zambrano J.A.,Environmental Management,Article,NA,SCOPUS_ID:105017748442
Scopus,english,Growing a fin: wetland and upland effects on tadpole morphology of Scinax squalirostris (Anura: Hylidae),NA,10.1007/s00435-022-00557-5,2022,Boelter T.,Zoomorphology,Article,NA,SCOPUS_ID:85128816501
Scopus,english,"New tools to uncover old tricks: an update on the knowledge on the most successful invasive freshwater helminth, Schyzocotyle acheilognathi",NA,10.1007/s00436-025-08585-y,2025,Casanova-Hernández D.,Parasitology Research,Review,NA,SCOPUS_ID:105024247603
Scopus,english,Keeping it cool to take the heat: tropical lizards have greater thermal tolerance in less disturbed habitats,NA,10.1007/s00442-022-05235-3,2022,Lopera D.,Oecologia,Article,NA,SCOPUS_ID:85136919623
Scopus,english,Restoration implications of the germination ecology of six dry-forest woody Fabaceae species in Mexico,NA,10.1007/s00468-025-02606-0,2025,Aguirre-Salcedo C.,Trees Structure and Function,Article,NA,SCOPUS_ID:85218463223
Scopus,english,Simulating flood situations in urban hydrology using a diffusion model in complex networks,NA,10.1007/s00477-025-03050-9,2025,Toski M.,Stochastic Environmental Research and Risk Assessment,Article,NA,SCOPUS_ID:105012381227
Scopus,english,Calibrating UTCI’S comfort assessment scale for three Brazilian cities with different climatic conditions,NA,10.1007/s00484-020-01897-x,2021,Krüger E.L.,International Journal of Biometeorology,Article,NA,SCOPUS_ID:85083386585
Scopus,english,Applied nucleation under high biodiversity silvopastoral system as an adaptive strategy against microclimate extremes in pasture areas,NA,10.1007/s00484-023-02488-2,2023,Schmitt Filho A.L.,International Journal of Biometeorology,Article,NA,SCOPUS_ID:85161292062
Scopus,english,Large-scale dynamics of extreme precipitation in the tropical Andes: combining weather radar observations and reanalysis data,NA,10.1007/s00703-024-01022-2,2024,Córdova M.,Meteorology and Atmospheric Physics,Article,NA,SCOPUS_ID:85195688552
Scopus,english,"Natural disasters related to rainfall trends in Espírito Santo, southeastern Brazil",NA,10.1007/s00704-023-04703-x,2024,de Oliveira Roza M.P.,Theoretical and Applied Climatology,Article,NA,SCOPUS_ID:85174570645
Scopus,english,Influence of anthropogenic effects and climate variability on streamflow in a Brazilian tropical watershed,NA,10.1007/s00704-024-04936-4,2024,Reis G.B.,Theoretical and Applied Climatology,Article,NA,SCOPUS_ID:85188825224
Scopus,english,Climate change affects us in the tropics: local perspectives on ecosystem services and well-being sensitivity in Southeast Brazil,NA,10.1007/s10113-022-01938-8,2022,Pinho P.F.,Regional Environmental Change,Article,NA,SCOPUS_ID:85133135373
Scopus,english,Coastal livelihood resilience to abrupt environmental change: the role of social capital in a Peruvian bay,NA,10.1007/s10113-022-01959-3,2022,Kriegl M.,Regional Environmental Change,Article,NA,SCOPUS_ID:85135492437
Scopus,english,“Listen to us”: small-scale farmers’ understandings of social-ecological changes and their drivers in Important Agricultural Heritage Systems,NA,10.1007/s10113-023-02145-9,2023,Caviedes J.,Regional Environmental Change,Article,NA,SCOPUS_ID:85176934166
Scopus,english,"Climate change conflicts and challenges in Tapajós National Forest, Brazil",NA,10.1007/s10113-025-02381-1,2025,Vergel Verjel M.C.,Regional Environmental Change,Article,NA,SCOPUS_ID:105003134671
Scopus,english,"Agroforestry systems recover tree carbon stock faster than natural succession in Eastern Amazon, Brazil",NA,10.1007/s10457-022-00754-7,2022,Cardozo E.G.,Agroforestry Systems,Article,NA,SCOPUS_ID:85133358557
Scopus,english,Prioritisation of native trees for enhancing carbon sequestration in shade-grown coffee plantations in the State of Veracruz (México): linking conservation and ecological traits to community needs,NA,10.1007/s10457-025-01155-2,2025,Flores-Ortiz C.M.,Agroforestry Systems,Article,NA,SCOPUS_ID:85219649922
Scopus,english,Predicting the distribution of plant species from southern South America: are the hotspots of genetic diversity threatened by climate change?,NA,10.1007/s10531-023-02770-0,2024,Soliani C.,Biodiversity and Conservation,Article,NA,SCOPUS_ID:85183423949
Scopus,english,Projected impact of climate change on the future distribution of Larrea species in southern South America,NA,10.1007/s10531-025-03023-y,2025,Vento B.,Biodiversity and Conservation,Article,NA,SCOPUS_ID:105001087323
Scopus,english,The potential effects of climate change on medicinal plants from the Brazilian Cerrado in South America,NA,10.1007/s10531-025-03188-6,2025,Guerra dos Santos L.A.,Biodiversity and Conservation,Article,NA,SCOPUS_ID:105019938568
Scopus,english,Urban adaptation index: assessing cities readiness to deal with climate change,NA,10.1007/s10584-021-03113-0,2021,Neder E.A.,Climatic Change,Article,NA,SCOPUS_ID:85105851985
Scopus,english,Risks associated with global warming of 1.5 to 4 °C above pre-industrial levels in human and natural systems in six countries,NA,10.1007/s10584-023-03646-6,2024,Warren R.,Climatic Change,Article,NA,SCOPUS_ID:85186143655
Scopus,english,Assessing the potential risks of climate change on the natural capital of six countries resulting from global warming of 1.5 to 4 °C above pre-industrial levels,NA,10.1007/s10584-023-03650-w,2024,Price J.,Climatic Change,Article,NA,SCOPUS_ID:85186144612
Scopus,english,"Sweating Bullets: Heat, High-Stakes Evaluations, and The Role of Incentives",NA,10.1007/s10640-025-01011-y,2025,Martínez J.M.,Environmental and Resource Economics,Article,NA,SCOPUS_ID:105011196081
Scopus,english,Bayesian spatio-temporal model with INLA for dengue fever risk prediction in Costa Rica,NA,10.1007/s10651-023-00580-9,2023,Chou-Chen S.W.,Environmental and Ecological Statistics,Article,NA,SCOPUS_ID:85175379949
Scopus,english,"Amazon’s climate crossroads: analyzing air pollution and health impacts under machine learning-based temperature increase scenarios in Northern Mato Grosso, Brazil",NA,10.1007/s10653-025-02524-7,2025,de Moura F.R.,Environmental Geochemistry and Health,Article,NA,SCOPUS_ID:105005027796
Scopus,english,Combining ecological niche models with experimental seed germination to estimate the effect of climate change on the distribution of endangered plant species in the Brazilian Cerrado,NA,10.1007/s10661-022-09897-7,2022,Ferreira R.B.,Environmental Monitoring and Assessment,Article,NA,SCOPUS_ID:85126312520
Scopus,english,Climate change in the Central Amazon and its impacts on frog populations,NA,10.1007/s10661-023-11997-x,2023,Ferrante L.,Environmental Monitoring and Assessment,Article,NA,SCOPUS_ID:85175800731
Scopus,english,Payment for watershed services: exploring performance indicators for monitoring impact on water quality,NA,10.1007/s10661-025-14126-y,2025,Bressane A.,Environmental Monitoring and Assessment,Article,NA,SCOPUS_ID:105007452657
Scopus,english,Spatial and temporal vegetation indices to identify priority areas for biodiversity conservation in the most threatened savanna of the world,NA,10.1007/s10661-025-14528-y,2025,Ferreira A.I.G.,Environmental Monitoring and Assessment,Article,NA,SCOPUS_ID:105015135079
Scopus,english,Interlinked driving factors for decision-making in sustainable coffee production,NA,10.1007/s10668-022-02821-6,2024,Brenes-Peralta L.,Environment Development and Sustainability,Article,NA,SCOPUS_ID:85144860226
Scopus,english,Enhancing quinoa cultivation in the Andean highlands of Peru: a breeding strategy for improved yield and early maturity adaptation to climate change using traditional cultivars,NA,10.1007/s10681-023-03155-8,2023,Lozano-Isla F.,Euphytica,Article,NA,SCOPUS_ID:85146606294
Scopus,english,Climate change and rural–urban migration in the Brazilian Northeast region,NA,10.1007/s10708-020-10349-3,2022,Delazeri L.M.M.,Geojournal,Article,NA,SCOPUS_ID:85099057524
Scopus,english,Broadening the Climate Movement: The Marcha das Margaridas’ Agenda for the Climate (and Other) Crises,NA,10.1007/s10767-023-09464-z,2024,Teixeira M.A.,International Journal of Politics Culture and Society,Article,NA,SCOPUS_ID:85184197772
Scopus,english,"Insights on Health Burden, Needs, and Prevention Strategies After the Flood Catastrophe in Southern Brazil",NA,10.1007/s10935-025-00839-w,2025,Scherer J.N.,Journal of Prevention,Article,NA,SCOPUS_ID:105005741544
Scopus,english,A multi-stakeholder participatory methodology to facilitate socio-ecological climate change vulnerability–adaptation–resilience strategies: application of the Q Method,NA,10.1007/s11027-021-09988-9,2022,Alfie-Cohen M.,Mitigation and Adaptation Strategies for Global Change,Article,NA,SCOPUS_ID:85122972109
Scopus,english,Challenges and opportunities for restoration of high-elevation Andean peatlands in Ecuador,NA,10.1007/s11027-022-10006-9,2022,Suarez E.,Mitigation and Adaptation Strategies for Global Change,Article,NA,SCOPUS_ID:85131757954
Scopus,english,A review of the future impact of climate change in Chile: economic output and other outcomes,NA,10.1007/s11027-022-10034-5,2022,Madeira C.,Mitigation and Adaptation Strategies for Global Change,Review,NA,SCOPUS_ID:85139245505
Scopus,english,A binational social vulnerability index (BSVI) for the San Diego-Tijuana region: mapping trans-boundary exposure to climate change for just and equitable adaptation planning,NA,10.1007/s11027-023-10045-w,2023,Rosa M.,Mitigation and Adaptation Strategies for Global Change,Article,NA,SCOPUS_ID:85149935192
Scopus,english,Elevation and temperature are strong predictors of long-term carbon accumulation across tropical Andean mountain peatlands,NA,10.1007/s11027-023-10089-y,2024,Hribljan J.A.,Mitigation and Adaptation Strategies for Global Change,Article,NA,SCOPUS_ID:85158170745
Scopus,english,Aligning adaptation and sustainability agendas: lessons from protected areas,NA,10.1007/s11027-024-10159-9,2024,Múnera-Roldán C.,Mitigation and Adaptation Strategies for Global Change,Article,NA,SCOPUS_ID:85201565901
Scopus,english,Economic potential and management of tropical mixed-species plantations in Central America,NA,10.1007/s11056-022-09937-7,2023,Pinnschmidt A.,New Forests,Article,NA,SCOPUS_ID:85138281014
Scopus,english,"Autonomous flood adaptation measures in Amazonian cities (Belem, Brazil)",NA,10.1007/s11069-021-04720-x,2021,Szlafsztein C.F.,Natural Hazards,Article,NA,SCOPUS_ID:85103637392
Scopus,english,Responses to heat waves: what can Twitter data tell us?,NA,10.1007/s11069-023-05824-2,2023,Zander K.K.,Natural Hazards,Article,NA,SCOPUS_ID:85146228338
Scopus,english,"Extreme rainfall and landslides as a response to human-induced climate change: a case study at Baixada Santista, Brazil, 2020",NA,10.1007/s11069-024-06621-1,2024,de Souza D.C.,Natural Hazards,Article,NA,SCOPUS_ID:85191941151
Scopus,english,Assessing Tsunami vulnerability indicators to enhance coastal resilience in Southern Chile,NA,10.1007/s11069-024-06981-8,2025,Shahin M.S.A.,Natural Hazards,Article,NA,SCOPUS_ID:105002939499
Scopus,english,Heat vulnerability index mapping through principal component analysis and equal weight methods: comparing Spatial patterns at a low urban scale and local climate zones in an arid mid-size South American coastal city,NA,10.1007/s11069-025-07326-9,2025,Olivares A.,Natural Hazards,Article,NA,SCOPUS_ID:105004343855
Scopus,english,"Effects of urban, peri-urban and rural land covers on plant functional traits around Bogotá, Colombia",NA,10.1007/s11252-023-01429-6,2024,Salamanca-Fonseca M.,Urban Ecosystems,Article,NA,SCOPUS_ID:85173956072
Scopus,english,Water Security in an Uncertain Future: Contrasting Realities from an Availability-Demand Perspective,NA,10.1007/s11269-022-03160-x,2022,Sone J.S.,Water Resources Management,Article,NA,SCOPUS_ID:85129006593
Scopus,english,The arid Andean plateau waterscapes and the lithium triangle: flamingos as flagships for conservation of high-altitude wetlands under pressure from mining development,NA,10.1007/s11273-022-09872-6,2022,Marconi P.,Wetlands Ecology and Management,Article,NA,SCOPUS_ID:85128027178
Scopus,english,Pleistocene-dated genomic divergence of avocado trees supports cryptic diversity in the Colombian germplasm,NA,10.1007/s11295-023-01616-8,2023,Berdugo-Cely J.A.,Tree Genetics and Genomes,Article,NA,SCOPUS_ID:85170840701
Scopus,english,Environmental life cycle assessment of cow milk in a conventional semi-intensive Brazilian production system,NA,10.1007/s11356-021-17317-5,2022,Carvalho L.S.,Environmental Science and Pollution Research,Article,NA,SCOPUS_ID:85118639584
Scopus,english,"Understanding how environmental degradation, microclimate, and management shape honey production across different spatial scales",NA,10.1007/s11356-024-31913-1,2024,Barahona N.A.,Environmental Science and Pollution Research,Article,NA,SCOPUS_ID:85185225239
Scopus,english,"Climate change research in dry environments of South America: evolution, current state, and future directions",NA,10.1007/s11368-024-03855-1,2024,Oliveira Filho J.d.S.,Journal of Soils and Sediments,Article,NA,SCOPUS_ID:85198330712
Scopus,english,Trends in Temperature-associated Mortality in São Paulo (Brazil) between 2000 and 2018: an Example of Disparities in Adaptation to Cold and Heat,NA,10.1007/s11524-022-00695-7,2022,Roca-Barceló A.,Journal of Urban Health,Article,NA,SCOPUS_ID:85141652917
Scopus,english,"Landscape change and its environmental justice implications for Indigenous and local communities in Tubará, Colombia",NA,10.1007/s11625-025-01675-x,2025,Gomez de la Rosa C.,Sustainability Science,Article,NA,SCOPUS_ID:105007914482
Scopus,english,Mapping bioclimatic units of Oaxaca in Mexico: A systematic assessment,NA,10.1007/s11629-024-9365-6,2025,González-Pérez A.,Journal of Mountain Science,Article,NA,SCOPUS_ID:105007976207
Scopus,english,Ecophysiological traits and root fungal associations of six halophytes under two field saline soil conditions,NA,10.1007/s11756-025-02050-y,2025,Barajas González J.A.,Biologia,Article,NA,SCOPUS_ID:105021526218
Scopus,english,"Analysis of temperature and rainfall trends in Beni City, Democratic Republic of Congo",NA,10.1007/s12040-024-02308-0,2024,Posite V.R.,Journal of Earth System Science,Article,NA,SCOPUS_ID:85194830274
Scopus,english,Saltwater intrusion simulations in coastal karstic aquifers related to climate change scenarios,NA,10.1007/s12665-024-11899-2,2024,Canul-Macario C.,Environmental Earth Sciences,Article,NA,SCOPUS_ID:85207695555
Scopus,english,Climate change scenarios and the increasing severity of thermal extremes in the pampas region,NA,10.1007/s12665-025-12264-7,2025,Brendel A.S.,Environmental Earth Sciences,Article,NA,SCOPUS_ID:105003179133
Scopus,english,Macroinvertebrate Community Composition in Wetlands of the Desert Southwest is Driven by wastewater-associated Nutrient Loading Despite Differences in Salinity,NA,10.1007/s13157-022-01647-2,2022,Piña A.E.,Wetlands,Article,NA,SCOPUS_ID:85144371470
Scopus,english,Fire and Wetlands: How Echinodorus Longiscapus Bounces Back Like It Never Left?,NA,10.1007/s13157-025-01995-9,2025,Bao F.,Wetlands,Article,NA,SCOPUS_ID:105020751083
Scopus,english,"Social–ecological system trajectories of peri-urban watersheds based on a spatial analysis of vulnerability components: A case study in Mexico City, 1999–2039",NA,10.1007/s13280-024-02053-0,2024,Pedraza-Gama A.,Ambio,Article,NA,SCOPUS_ID:85208798771
Scopus,english,"In this current wildfire crisis, acknowledge widespread suffering",NA,10.1007/s13280-024-02105-5,2025,Newman Thacker F.E.,Ambio,Review,NA,SCOPUS_ID:105001947361
Scopus,english,Adaptive restoration planning to enhance water security in a changing climate,NA,10.1007/s13280-025-02184-y,2025,Conrado-Silva L.,Ambio,Article,NA,SCOPUS_ID:105003180289
Scopus,english,Rethinking knowledge systems for agroforestry: Insights from the mental models of cacao farmers in Colombia,NA,10.1007/s13280-025-02189-7,2025,Rodríguez T.,Ambio,Article,NA,SCOPUS_ID:105003977519
Scopus,english,Climate change vulnerability hotspots in Costa Rica: constructing a sub-national index,NA,10.1007/s13412-023-00831-y,2023,Nawrotzki R.J.,Journal of Environmental Studies and Sciences,Article,NA,SCOPUS_ID:85152926244
Scopus,english,Perceptions About Climate Change in the Brazilian Civil Defense Sector,NA,10.1007/s13753-022-00444-z,2022,Marchezini V.,International Journal of Disaster Risk Science,Article,NA,SCOPUS_ID:85138932151
Scopus,english,"Design of a Socially Inclusive Climate Risk Transfer Mechanism: A Case Study in La Guajira, Colombia",NA,10.1007/s13753-024-00582-6,2024,Lopera C.C.F.,International Journal of Disaster Risk Science,Article,NA,SCOPUS_ID:85202503488
Scopus,english,"River bank filtration in tropical metropoles: integrated evaluation of physical, geochemical and biochemical interactions in Recife, NE Brazil",NA,10.1007/s13762-021-03558-x,2022,Bertrand G.F.,International Journal of Environmental Science and Technology,Article,NA,SCOPUS_ID:85111274591
Scopus,english,"Well-to-Wheels emission inventory for the passenger vehicles of Bogotá, Colombia",NA,10.1007/s13762-023-04805-z,2023,Cuéllar-Álvarez Y.,International Journal of Environmental Science and Technology,Article,NA,SCOPUS_ID:85147976378
Scopus,english,"Air Pollutants in an Intermediate City: Variability and Interactions with Weather and Anthropogenic Elements in Bahía Blanca, Argentina",NA,10.1007/s40710-021-00502-6,2021,Fernández M.E.,Environmental Processes,Article,NA,SCOPUS_ID:85100784480
Scopus,english,Climate change impact on rain-fed agriculture of Northern Mexico. An analysis based on the CanESM5 model,NA,10.1007/s40808-024-01959-8,2024,Ríos-Romero A.,Modeling Earth Systems and Environment,Article,NA,SCOPUS_ID:85188080214
Scopus,english,Bias Correction in CMIP6 Models Simulations and Projections for Brazil’s Climate Assessment,NA,10.1007/s41748-023-00368-8,2024,Brumatti L.M.,Earth Systems and Environment,Article,NA,SCOPUS_ID:85182421612
Scopus,english,Inter-disciplinary Approaches to Risk Management and Information Sharing for Resilience to the Changing Climate,NA,10.1007/s41976-024-00111-5,2024,Rajesh M.,Remote Sensing in Earth Systems Sciences,Article,NA,SCOPUS_ID:85197932805
Scopus,english,Evaluating coastal agroecological dynamics using Landsat-derived vegetation and environmental indices embedded in Decision Support System and Monitoring Tools: insights from Guyana towards achieving SDGs,NA,10.1007/s43621-025-01203-y,2025,Hamer E.A.,Discover Sustainability,Article,NA,SCOPUS_ID:105004435894
Scopus,english,Glowing wonders: exploring the diversity and ecological significance of bioluminescent organisms in Brazil,NA,10.1007/s43630-024-00590-x,2024,Amaral D.T.,Photochemical and Photobiological Sciences,Review,NA,SCOPUS_ID:85192834924
Scopus,english,New insights on climate change and adaptation research in Brazil: a bibliometric and bibliographic review,NA,10.1007/s44274-024-00067-9,2024,Chiquetto J.B.,Discover Environment,Review,NA,SCOPUS_ID:105004596514
Scopus,english,"Urban heat island in Latin American cities: a review of trends, impacts, and mitigation strategies",NA,10.1016/b978-0-323-85539-6.00014-7,2022,Palme M.,Global Urban Heat Island Mitigation,Book Chapter,NA,SCOPUS_ID:85141329994
Scopus,english,Brazilian’s coastal ecosystems: Human impacts and sustainability,NA,10.1016/b978-0-443-15726-4.00036-0,2025,Herrera N.R.,Aquatic Biomes Global Biome Conservation and Global Warming Impacts on Ecology and Biodiversity,Book Chapter,NA,SCOPUS_ID:105005902154
Scopus,english,"Indigenous peoples’ Food Systems: Biocultural heritage, sustainability, and contemporary challenges",NA,10.1016/b978-0-443-15976-3.00095-7,2025,Fusar Poli E.,Encyclopedia of Agriculture and Food Systems,Book Chapter,NA,SCOPUS_ID:105028808600
Scopus,english,Options and strategies for managing droughts: Case studies from agro-ecological regions,NA,10.1016/b978-0-443-21499-8.00016-7,2024,Tripathi P.M.,Water Sustainability and Hydrological Extremes Quantity Quality and Security,Book Chapter,NA,SCOPUS_ID:85211273804
Scopus,english,"Flood risk assessment for the integrated disaster risk management and climate change adaptation action plan: La Mojana Region, Colombia",NA,10.1016/b978-0-443-29802-8.00010-8,2024,Cardona O.D.,Hydrosystem Restoration Handbook Streamflow Recharge and Lake Rehabilitation Volume 1,Book Chapter,NA,SCOPUS_ID:85212887740
Scopus,english,Probabilistic multisector and multihazard climate-related disaster risk assessment as a tool for adaptation decision-making: application in Colombia,NA,10.1016/b978-0-443-29993-3.00035-7,2025,Cardona O.D.,Handbook of Nature Based Drought Solutions,Book Chapter,NA,SCOPUS_ID:105019898958
Scopus,english,Land-use and climate change impacts in the Venezuelan Andes at multiple spatial-temporal scales,NA,10.1016/b978-0-443-32824-4.00022-5,2024,Chacón-Moreno E.,Safeguarding Mountain Social Ecological Systems Vol 2 Building Transformative Resilience in Mountain Regions Worldwide,Book Chapter,NA,SCOPUS_ID:85205186813
Scopus,english,Manizales’ urban risk innovations: enhancing future resilience of an Andean city in transition,NA,10.1016/b978-0-443-32824-4.00045-6,2024,Cardona O.D.,Safeguarding Mountain Social Ecological Systems Vol 2 Building Transformative Resilience in Mountain Regions Worldwide,Book Chapter,NA,SCOPUS_ID:85205159718
Scopus,english,Agriculture and agroecology,NA,10.1016/b978-0-443-40490-0.00019-2,2025,Madeira N.R.,Innovative Conservation Techniques and Perspectives Global Biome Conservation and Global Warming Impacts on Ecology and Biodiversity,Book Chapter,NA,SCOPUS_ID:105011435488
Scopus,english,Knock-down resistance to heat stress of Atta cephalotes in urban environments,NA,10.1016/j.actao.2025.104076,2025,Rengifo-Ruiz M.,Acta Oecologica,Article,NA,SCOPUS_ID:105002852802
Scopus,english,"Against the flow: flooding and its impact on phlebotomine bionomics in the Chaco region, Argentina",NA,10.1016/j.actatropica.2025.107797,2025,Sofia Florencia G.G.,Acta Tropica,Article,NA,SCOPUS_ID:105014186211
Scopus,english,Grassland soil carbon dynamics in southern Brazil under different management and edaphoclimatic conditions,NA,10.1016/j.agee.2025.109871,2025,Daboit K.T.U.,Agriculture Ecosystems and Environment,Article,NA,SCOPUS_ID:105011483553
Scopus,english,"No more double cropping in Mato Grosso, Brazil? Evaluating the potential impact of climate change on the profitability of farm systems",NA,10.1016/j.agsy.2021.103104,2021,Carauta M.,Agricultural Systems,Article,NA,SCOPUS_ID:85101390919
Scopus,english,Measuring the effect of improved irrigation technologies on irrigated agriculture. A study case in Central Chile,NA,10.1016/j.agwat.2021.107160,2021,Jordan C.,Agricultural Water Management,Article,NA,SCOPUS_ID:85114677110
Scopus,english,Community engagement in groundwater management to enhance climate resilience: A comparative study of California and Baja California,NA,10.1016/j.agwat.2025.109925,2025,Villada-Canela M.,Agricultural Water Management,Article,NA,SCOPUS_ID:105022213330
Scopus,english,Multiscale modeling to optimize thermal performance design for urban social housing: A case study,NA,10.1016/j.applthermaleng.2023.121379,2024,Gonçalves E.L.S.,Applied Thermal Engineering,Article,NA,SCOPUS_ID:85170108010
Scopus,english,Long-term lake water levels in central Chile using satellite altimetry and conceptual hydrological modelling approaches,NA,10.1016/j.asr.2025.05.091,2025,Pedreros-Guarda M.,Advances in Space Research,Article,NA,SCOPUS_ID:105009321021
Scopus,english,Operational satellite cloud products need local adjustment – The Galapagos case of ecoclimatic cloud zonation,NA,10.1016/j.atmosres.2025.107918,2025,Turini N.,Atmospheric Research,Article,NA,SCOPUS_ID:85215401848
Scopus,english,"Aridity and chronic anthropogenic disturbances cause a taxonomic, functional, and phylogenetic homogenization of ant communities in a Caatinga dry forest",NA,10.1016/j.biocon.2023.110151,2023,Ribeiro-Neto J.D.,Biological Conservation,Article,NA,SCOPUS_ID:85162023445
Scopus,english,Increasing Brazilian protected areas network is vital in a changing climate,NA,10.1016/j.biocon.2023.110360,2023,Malecha A.,Biological Conservation,Article,NA,SCOPUS_ID:85177072078
Scopus,english,Thermal discomfort and adaptation strategies in Brazilian social housing,NA,10.1016/j.buildenv.2024.112368,2025,Simões G.M.F.,Building and Environment,Article,NA,SCOPUS_ID:85211968880
Scopus,english,Anthropogenic drivers of increasing sediment accumulation in contrasting Mexican mangrove ecosystems,NA,10.1016/j.catena.2023.107037,2023,Jupin J.L.J.,Catena,Article,NA,SCOPUS_ID:85150062626
Scopus,english,"Climate change impacts on renewable groundwater resources in the andosol-dominated Andean highlands, Ecuador",NA,10.1016/j.catena.2023.107766,2024,Senent-Aparicio J.,Catena,Article,NA,SCOPUS_ID:85180571159
Scopus,english,"Temporal variation of thermal sensitivity to global warming: Acclimatization in the guitarist beetle, Megelenophorus americanus (Coleoptera: Tenebrionidae) from the Monte Desert",NA,10.1016/j.cbpa.2023.111505,2023,Aragon-Traverso J.H.,Comparative Biochemistry and Physiology Part A Molecular and Integrative Physiology,Article,NA,SCOPUS_ID:85168809602
Scopus,english,How well do climate adaptation policies align with risk-based approaches? An assessment framework for cities,NA,10.1016/j.cities.2020.103018,2021,Sainz de Murieta E.,Cities,Article,NA,SCOPUS_ID:85097043600
Scopus,english,Recife: A climate action profile,NA,10.1016/j.cities.2021.103270,2021,Baltar de Souza Leão E.,Cities,Article,NA,SCOPUS_ID:85106886655
Scopus,english,Salvador: Profile of a resilient city?,NA,10.1016/j.cities.2022.103727,2022,de Andrade Silva A.M.,Cities,Article,NA,SCOPUS_ID:85130345447
Scopus,english,"Urban dwellers’ adaptive capacity as a socio-psychological process: Insights from Lima, Peru",NA,10.1016/j.crm.2021.100352,2021,Flórez Bossio C.,Climate Risk Management,Article,NA,SCOPUS_ID:85113381197
Scopus,english,"A role for municipal governments in leveraging transformative change for urban disaster risk management: The experience of Santa Fe, Argentina, with urban flood risk",NA,10.1016/j.crm.2022.100397,2022,Filippi M.E.,Climate Risk Management,Article,NA,SCOPUS_ID:85122956621
Scopus,english,Changes in global heat waves and its socioeconomic exposure in a warmer future,NA,10.1016/j.crm.2022.100459,2022,Yin C.,Climate Risk Management,Article,NA,SCOPUS_ID:85138017794
Scopus,english,"A reality check for the applicability of comprehensive climate risk assessment and management: Experiences from Peru, India and Austria",NA,10.1016/j.crm.2023.100534,2023,Hagen I.,Climate Risk Management,Article,NA,SCOPUS_ID:85163953779
Scopus,english,Adaptive capacity management in municipalities in the Semiarid region of Brazil: Application of a composite index,NA,10.1016/j.crm.2025.100696,2025,dos Santos Y.C.,Climate Risk Management,Article,NA,SCOPUS_ID:85218872311
Scopus,english,Effects of increased temperature on atmospheric pollutant levels and human health in small and medium-sized cities in southern Brazil,NA,10.1016/j.cscee.2025.101170,2025,de Lima Brum R.,Case Studies in Chemical and Environmental Engineering,Article,NA,SCOPUS_ID:85218858443
Scopus,english,CO2 emissions in urban freight transport: Developing and testing the EcoLogistics tool,NA,10.1016/j.cstp.2025.101415,2025,Royo B.,Case Studies on Transport Policy,Article,NA,SCOPUS_ID:86000617973
Scopus,english,Global sorghum production dataset for temperate to subtropical regions at subnational scale over 2000–2020,NA,10.1016/j.dib.2025.111935,2025,Davoudkhani M.,Data in Brief,Data Paper,NA,SCOPUS_ID:105012590505
Scopus,english,"Advanced technological options for sustainable development of energy, water and environment systems upgrade towards climate neutrality",NA,10.1016/j.ecmx.2024.100528,2024,Astiaso Garcia D.,Energy Conversion and Management X,Editorial,NA,SCOPUS_ID:85184872112
Scopus,english,The determinants of common bean variety selection and diversification in Colombia,NA,10.1016/j.ecolecon.2021.107181,2021,Botero H.,Ecological Economics,Review,NA,SCOPUS_ID:85112252372
Scopus,english,Forest fire action on vegetation from the perspective of trend analysis in future climate change scenarios for a Brazilian savanna region,NA,10.1016/j.ecoleng.2021.106488,2022,Miranda J.d.R.,Ecological Engineering,Article,NA,SCOPUS_ID:85119343481
Scopus,english,Towards the reference ecosystems for quartzitic campo rupestre: Floristic composition and soil relationships,NA,10.1016/j.ecoleng.2024.107463,2025,Cunha-Blum J.,Ecological Engineering,Article,NA,SCOPUS_ID:85209398324
Scopus,english,Indicators of thermal alteration in US waters reveal patterns of climate risk at the energy-water nexus,NA,10.1016/j.ecolind.2024.111755,2024,Jager H.I.,Ecological Indicators,Article,NA,SCOPUS_ID:85185485020
Scopus,english,Unleashing the power of innovation and sustainability: Transforming cereal production in the BRICS countries,NA,10.1016/j.ecolind.2024.112618,2024,Magazzino C.,Ecological Indicators,Article,NA,SCOPUS_ID:85203874278
Scopus,english,Bacterial communities as bioindicators of climate change in freshwater ecosystems: Tank bromeliads as model systems,NA,10.1016/j.ecolind.2025.113161,2025,Penna D.D.P.S.,Ecological Indicators,Article,NA,SCOPUS_ID:85216551995
Scopus,english,"Socio-ecological systems modelling of coastal urban area under a changing climate – Case study for Ubatuba, Brazil",NA,10.1016/j.ecolmodel.2022.109953,2022,Oliveira B.M.,Ecological Modelling,Article,NA,SCOPUS_ID:85126121731
Scopus,english,Extreme temperatures and school performance of the poor: Evidence from Mexico,NA,10.1016/j.econlet.2024.111700,2024,Arceo-Gomez E.O.,Economics Letters,Article,NA,SCOPUS_ID:85189946053
Scopus,english,Vertical accretion rates of mangroves in northeast Brazil: Implications for future responses and management,NA,10.1016/j.ecss.2023.108382,2023,Ward R.D.,Estuarine Coastal and Shelf Science,Article,NA,SCOPUS_ID:85161001717
Scopus,english,The future of water in a desert river basin facing climate change and competing demands: A holistic approach to water sustainability in arid and semi-arid regions,NA,10.1016/j.ejrh.2023.101336,2023,Hargrove W.L.,Journal of Hydrology Regional Studies,Article,NA,SCOPUS_ID:85147673284
Scopus,english,A review of applications of remote sensing for drought studies in the Andes region,NA,10.1016/j.ejrh.2023.101483,2023,Altemus Cullen K.,Journal of Hydrology Regional Studies,Article,NA,SCOPUS_ID:85166288581
Scopus,english,Climate change impact on energy savings in mixed-mode ventilation office buildings in Brazil,NA,10.1016/j.enbuild.2024.114418,2024,Veloso A.C.O.,Energy and Buildings,Article,NA,SCOPUS_ID:85196732474
Scopus,english,Dashboard for interpreting future climate files used in the simulation of buildings – An outdoor thermal comfort approach,NA,10.1016/j.enbuild.2024.115059,2025,Vaz I.C.M.,Energy and Buildings,Article,NA,SCOPUS_ID:85209643051
Scopus,english,"Modeling and mapping of Inselberg habitats for environmental conservation in the Atlantic Forest and Caatinga domains, Brazil",NA,10.1016/j.envadv.2022.100209,2022,da Silveira V.A.,Environmental Advances,Article,NA,SCOPUS_ID:85126725868
Scopus,english,Green Infrastructure as a solution to mitigate the effects of climate change in a coastal area of social vulnerability in Fortaleza (Brazil),NA,10.1016/j.envadv.2023.100398,2023,Rodrigues B.N.,Environmental Advances,Article,NA,SCOPUS_ID:85164344107
Scopus,english,"Exploring drought risk scenarios for bioenergy systems for adaptation to climate change in the Upper Tocantins basin, Brazil",NA,10.1016/j.envadv.2025.100631,2025,Zeballos J.C.,Environmental Advances,Article,NA,SCOPUS_ID:105001952586
Scopus,english,Analyzing water policy impacts on vulnerability: Cases across the rural-urban continuum in the arid Americas,NA,10.1016/j.envdev.2020.100552,2021,Zuniga-Teran A.A.,Environmental Development,Article,NA,SCOPUS_ID:85089585429
Scopus,english,Regional variations in the impacts of high temperature on hospital admissions in Brazil,NA,10.1016/j.envint.2025.109620,2025,Chen H.,Environment International,Article,NA,SCOPUS_ID:105008677769
Scopus,english,The role of green areas in modifying heat-related circulatory and respiratory hospital admissions in Brazil,NA,10.1016/j.envint.2025.109791,2025,Requia W.J.,Environment International,Article,NA,SCOPUS_ID:105015996637
Scopus,english,Projections of excess cardiovascular mortality related to temperature under different climate change scenarios and regionalized climate model simulations in Brazilian cities,NA,10.1016/j.envres.2021.110995,2021,Silveira I.H.,Environmental Research,Article,NA,SCOPUS_ID:85102595507
Scopus,english,Trends and gaps in climate change and health research in North America,NA,10.1016/j.envres.2021.111205,2021,Harper S.L.,Environmental Research,Article,NA,SCOPUS_ID:85108123847
Scopus,english,Housing conditions and the health and wellbeing impacts of climate change: A scoping review,NA,10.1016/j.envres.2025.120846,2025,Cartwright A.,Environmental Research,Review,NA,SCOPUS_ID:85217076388
Scopus,english,"Food, energy, and water nexus research in Guatemala – A systematic literature review",NA,10.1016/j.envsci.2021.06.009,2021,Kondash A.J.,Environmental Science and Policy,Review,NA,SCOPUS_ID:85108565285
Scopus,english,"What motivates urban dwellers to adapt to climate-driven water insecurity? An empirical study from Lima, Peru",NA,10.1016/j.envsci.2022.05.009,2022,Flórez Bossio C.,Environmental Science and Policy,Article,NA,SCOPUS_ID:85132213506
Scopus,english,Futuremaking in a disaster zone: Everyday climate change adaptation amongst Quechua women in the Peruvian Cordillera Blanca,NA,10.1016/j.envsci.2023.103551,2023,Moulton H.,Environmental Science and Policy,Article,NA,SCOPUS_ID:85166626024
Scopus,english,Understanding the science-policy interface in urban climate governance from a co-production perspective: Insights from the cases of Hamburg and São Paulo,NA,10.1016/j.envsci.2024.103750,2024,Schmidt L.,Environmental Science and Policy,Article,NA,SCOPUS_ID:85189796922
Scopus,english,Climate adaptation in Brazil: Advancements and challenges,NA,10.1016/j.envsci.2024.103888,2024,Chiquetto J.B.,Environmental Science and Policy,Review,NA,SCOPUS_ID:85203275139
Scopus,english,Out of flood front areas: Wetland restoration may reduce internal displacement,NA,10.1016/j.envsci.2025.104146,2025,Moreira L.F.B.,Environmental Science and Policy,Article,NA,SCOPUS_ID:105008493540
Scopus,english,Modeling the impact of urban climate transformations in low income housing located in critical climate: A case study,NA,10.1016/j.esd.2025.101653,2025,da Cunha L.F.B.,Energy for Sustainable Development,Article,NA,SCOPUS_ID:85216129196
Scopus,english,"Nonlinear programming for BESS operation for the improvement of economic, technical and environmental indices by considering grid-connected and stand-alone networks: An application to the territory of Colombia",NA,10.1016/j.est.2024.112856,2024,Grisales-Noreña L.F.,Journal of Energy Storage,Article,NA,SCOPUS_ID:85198987430
Scopus,english,Climate defaults and financial adaptation,NA,10.1016/j.euroecorev.2024.104866,2024,Phan T.,European Economic Review,Article,NA,SCOPUS_ID:85204222437
Scopus,english,Tree species dominance in neotropical savanna aboveground biomass and productivity,NA,10.1016/j.foreco.2021.119430,2021,Terra M.d.C.N.S.,Forest Ecology and Management,Article,NA,SCOPUS_ID:85107969171
Scopus,english,The Time of Emergence (ToE) of the Andean Mediterranean sclerophyllous forest of Quillaja saponaria (Mol.) and Lithraea caustica (mol.) Hox. & Arn,NA,10.1016/j.foreco.2023.121169,2023,Martínez D.,Forest Ecology and Management,Article,NA,SCOPUS_ID:85161833693
Scopus,english,Relationship between degradation and the structural-functional complexity of subtropical xerophytic forests in the Argentine Wet Chaco,NA,10.1016/j.foreco.2024.121957,2024,Alvarez Arnesi E.,Forest Ecology and Management,Article,NA,SCOPUS_ID:85192696634
Scopus,english,Changing climate and disturbance effects on southwestern US forests,NA,10.1016/j.foreco.2024.122388,2025,Hurteau M.D.,Forest Ecology and Management,Review,NA,SCOPUS_ID:85208757949
Scopus,english,"Agricultural subsidies augmented tropical deforestation in the state of Campeche, Mexico",NA,10.1016/j.forpol.2025.103525,2025,Ellis E.A.,Forest Policy and Economics,Article,NA,SCOPUS_ID:105005580066
Scopus,english,The long-term suitability of agrivoltaics as a climate adaptation strategy in the southwestern United States,NA,10.1016/j.gecadv.2025.100021,2025,Neesham-McTiernan T.H.,Global Environmental Change Advances,Article,NA,SCOPUS_ID:105026398134
Scopus,english,Aboveground biomass in secondary montane forests in Peru: Slow carbon recovery in agroforestry legacies,NA,10.1016/j.gecco.2021.e01696,2021,Aragón S.,Global Ecology and Conservation,Article,NA,SCOPUS_ID:85130756717
Scopus,english,Urban soil management in the strategies for adaptation to climate change of cities in the Tropical Andes,NA,10.1016/j.geoderma.2022.115840,2022,Bonilla-Bedoya S.,Geoderma,Article,NA,SCOPUS_ID:85126672873
Scopus,english,"Disaster risk management, or adaptation to climate change? The elaboration of climate policies related to agriculture in Colombia",NA,10.1016/j.geoforum.2022.02.012,2022,Howland F.,Geoforum,Article,NA,SCOPUS_ID:85127241027
Scopus,english,Education for disaster resilience: Lessons from El Niño,NA,10.1016/j.geoforum.2023.103919,2024,Bell I.,Geoforum,Article,NA,SCOPUS_ID:85180427344
Scopus,english,Extreme rain event highlights the lack of governance to face climate change in the Southeastern coast of Brazil,NA,10.1016/j.geosus.2023.11.001,2024,Ferreira M.L.,Geography and Sustainability,Note,NA,SCOPUS_ID:85182231508
Scopus,english,Dialogic data innovations for sustainability transformations and flood resilience: The case for waterproofing data,NA,10.1016/j.gloenvcha.2023.102730,2023,Porto de Albuquerque J.,Global Environmental Change,Article,NA,SCOPUS_ID:85166305554
Scopus,english,Social capital as a policy catalyst: Enhancing municipal investment in climate risk reduction and adaptation,NA,10.1016/j.gloenvcha.2025.103041,2025,Neudörfer P.,Global Environmental Change,Article,NA,SCOPUS_ID:105011156091
Scopus,english,Community genetics of the key plant species Carex gayana in high Andean wetlands and conservation implications,NA,10.1016/j.gloplacha.2023.104286,2023,Bertin A.,Global and Planetary Change,Article,NA,SCOPUS_ID:85175051189
Scopus,english,"The role of colonial pasts in shaping climate futures: Adaptive capacity in Georgetown, Guyana",NA,10.1016/j.habitatint.2023.102902,2023,Robinson S.a.,Habitat International,Article,NA,SCOPUS_ID:85166984678
Scopus,english,Effect of street trees shade on perceived thermal comfort in a south temperate climate: The sidewalks of Montevideo (Uruguay),NA,10.1016/j.heliyon.2024.e32762,2024,Terrani E.,Heliyon,Article,NA,SCOPUS_ID:85196012162
Scopus,english,How does social capital shape the response to environmental disturbances at the local level? Evidence from case studies in Mexico,NA,10.1016/j.ijdrr.2020.101951,2021,Cohen-Salgado D.,International Journal of Disaster Risk Reduction,Article,NA,SCOPUS_ID:85096381161
Scopus,english,Terminology of natural hazards and disasters: A review and the case of Brazil,NA,10.1016/j.ijdrr.2020.101970,2021,Monte B.E.O.,International Journal of Disaster Risk Reduction,Review,NA,SCOPUS_ID:85096829375
Scopus,english,Social and environmental dimensions of drought in Mexico: An integrative review,NA,10.1016/j.ijdrr.2021.102067,2021,Dobler-Morales C.,International Journal of Disaster Risk Reduction,Review,NA,SCOPUS_ID:85100638263
Scopus,english,Assessing climate change risk: An index proposal for Mexico City,NA,10.1016/j.ijdrr.2021.102549,2021,Mac Gregor-Gaona M.F.,International Journal of Disaster Risk Reduction,Article,NA,SCOPUS_ID:85114995146
Scopus,english,Incorporating social innovations in the elaboration of disaster risk mitigation policies,NA,10.1016/j.ijdrr.2022.103450,2023,Trejo-Rangel M.A.,International Journal of Disaster Risk Reduction,Article,NA,SCOPUS_ID:85142722890
Scopus,english,"Community resilience to socio-environmental disasters in Itajaí Valley, Brazil",NA,10.1016/j.ijdrr.2024.104828,2024,Jandir Mello B.,International Journal of Disaster Risk Reduction,Article,NA,SCOPUS_ID:85204693954
Scopus,english,Coastal resilience and adaptation strategies: Natural habitats for coastal protection and Atlantic forest restoration on the coast of the Rio de Janeiro state,NA,10.1016/j.ijdrr.2024.104861,2024,Henud I.R.,International Journal of Disaster Risk Reduction,Article,NA,SCOPUS_ID:85205386354
Scopus,english,Are hurricane-driven forest management decisions coupled with rising urbanization affecting the forest carbon dynamics in the Gulf of Mexico? A case study from Perdido watershed in the Panhandle Florida,NA,10.1016/j.ijdrr.2025.105273,2025,Alam A.,International Journal of Disaster Risk Reduction,Article,NA,SCOPUS_ID:85218863685
Scopus,english,"Island communities and sea level rise: Resettlement and maladaptation, the Kuna people of Isberyala, Panama",NA,10.1016/j.ijdrr.2025.105313,2025,Galindo Delgado L.,International Journal of Disaster Risk Reduction,Article,NA,SCOPUS_ID:85217898924
Scopus,english,"Unintended consequences of public policies in increasing risk: the safe development paradox in the Revólver basin, Brazil",NA,10.1016/j.ijdrr.2025.105697,2025,Fusinato E.,International Journal of Disaster Risk Reduction,Article,NA,SCOPUS_ID:105010886405
Scopus,english,IMM: An Integrated Maturity Model for enhancing disaster resilience: A comparative analysis and framework proposal,NA,10.1016/j.ijdrr.2025.105781,2025,Gacitua R.,International Journal of Disaster Risk Reduction,Article,NA,SCOPUS_ID:105015351608
Scopus,english,"Erratum: Water and health seminar and special issue highlight ideas that will change the field (International Journal of Hygiene and Environmental Health (2020) 226, (S1438463920303618), (10.1016/j.ijheh.2020.113529))",NA,10.1016/j.ijheh.2021.113716,2021,Holcomb D.,International Journal of Hygiene and Environmental Health,Erratum,NA,SCOPUS_ID:85101334710
Scopus,english,Shared insights for heat health risk adaptation in metropolitan areas of developing countries,NA,10.1016/j.isci.2024.109728,2024,Yu W.,Iscience,Article,NA,SCOPUS_ID:85191017497
Scopus,english,Adoption of sustainable silvopastoral practices in Argentina's Gran Chaco: A multilevel approach,NA,10.1016/j.jaridenv.2021.104657,2022,Tschopp M.,Journal of Arid Environments,Article,NA,SCOPUS_ID:85119292219
Scopus,english,Ecosystem services of Chilean sclerophyllous forests and shrublands on the verge of collapse: A review,NA,10.1016/j.jaridenv.2022.104927,2023,Smith-Ramírez C.,Journal of Arid Environments,Review,NA,SCOPUS_ID:85146031686
Scopus,english,Bioclimatic stress index: A tool to evaluate climate change impact on Mediterranean arid ecosystems,NA,10.1016/j.jaridenv.2025.105376,2025,Santibáñez P.,Journal of Arid Environments,Article,NA,SCOPUS_ID:105000497881
Scopus,english,Mitigating climate shocks requires understanding local perceptions: Long-term benefits of regional hurricanes outweigh short-term damages for traditional ranchers in Baja California Sur,NA,10.1016/j.jaridenv.2025.105408,2025,Macfarlan S.J.,Journal of Arid Environments,Article,NA,SCOPUS_ID:105005462061
Scopus,english,"Optimization of water allocation networks in highly engineered basins: The case of Guandu River basin, Rio de Janeiro State, Brazil",NA,10.1016/j.jclepro.2022.131787,2022,Saucedo-Ramírez O.A.,Journal of Cleaner Production,Article,NA,SCOPUS_ID:85129724917
Scopus,english,On the sustainability of paddy rice cultivation in the Paraíba do Sul river basin (Brazil) under a changing climate,NA,10.1016/j.jclepro.2022.135760,2023,Martins M.A.,Journal of Cleaner Production,Article,NA,SCOPUS_ID:85145966589
Scopus,english,Exploring the multidimensional effects of human activity and land cover on fire occurrence for territorial planning,NA,10.1016/j.jenvman.2021.113428,2021,Carrasco J.,Journal of Environmental Management,Article,NA,SCOPUS_ID:85111958116
Scopus,english,Assessing tradeoffs in the design of climate change adaptation strategies for water utilities in Chile,NA,10.1016/j.jenvman.2021.114035,2022,Ricalde I.,Journal of Environmental Management,Article,NA,SCOPUS_ID:85118542982
Scopus,english,"The economics impacts of long-run droughts: Challenges, gaps, and way forward",NA,10.1016/j.jenvman.2023.118726,2023,Fernández F.J.,Journal of Environmental Management,Article,NA,SCOPUS_ID:85168801423
Scopus,english,Climate change and land cover effects on water yield in a subtropical watershed spanning the yungas-chaco transition of Argentina,NA,10.1016/j.jenvman.2024.120808,2024,Nuñez J.A.,Journal of Environmental Management,Article,NA,SCOPUS_ID:85189760999
Scopus,english,"Net-zero transitions: Advancing dynamic econometric analysis of carbon tax, renewable energy, and circular economy on government actions",NA,10.1016/j.jenvman.2025.124761,2025,Shobande O.A.,Journal of Environmental Management,Article,NA,SCOPUS_ID:85219278604
Scopus,english,A multimethod approach for building climate literacy and a climate portal in the context of spatial regional planning in northern Patagonia,NA,10.1016/j.jenvman.2025.125397,2025,Pareja Pineda C.,Journal of Environmental Management,Article,NA,SCOPUS_ID:105003592554
Scopus,english,From forest to urban: Assessing the impact of land cover on water quality,NA,10.1016/j.jenvman.2025.125739,2025,Mânica A.N.,Journal of Environmental Management,Article,NA,SCOPUS_ID:105005010279
Scopus,english,Expanding self-determination theory: Examining the role of nature relatedness in agroforestry adoption among Indigenous landholders in Mexico,NA,10.1016/j.jenvp.2025.102732,2025,Winkler-Schor S.,Journal of Environmental Psychology,Article,NA,SCOPUS_ID:105015687329
Scopus,english,A raw water security risk model for urban supply based on failure mode analysis,NA,10.1016/j.jhydrol.2020.125843,2021,Carvalho de Melo M.,Journal of Hydrology,Article,NA,SCOPUS_ID:85097800699
Scopus,english,Disentangling the effect of future land use strategies and climate change on streamflow in a Mediterranean catchment dominated by tree plantations,NA,10.1016/j.jhydrol.2021.126047,2021,Galleguillos M.,Journal of Hydrology,Article,NA,SCOPUS_ID:85101127086
Scopus,english,Risk-based stormwater fragility curves for urbanized coastal flooding,NA,10.1016/j.jhydrol.2025.133436,2025,Shrestha A.,Journal of Hydrology,Article,NA,SCOPUS_ID:105005749217
Scopus,english,The role of estuarine macrofaunal patterns for the management of marine protected areas in a changing world,NA,10.1016/j.jnc.2021.126042,2021,Laurino I.R.A.,Journal for Nature Conservation,Article,NA,SCOPUS_ID:85111265770
Scopus,english,Evaluation of phase change material and thermochromic layers in a “smart wall” in different climates for improving thermal comfort in a building,NA,10.1016/j.jobe.2022.104755,2022,Imghoure O.,Journal of Building Engineering,Article,NA,SCOPUS_ID:85132535434
Scopus,english,Impact of climate change on indoor conditions of social residence in Brazil: assessing occupants' vulnerability,NA,10.1016/j.jobe.2025.113810,2025,Guarda E.L.A.d.,Journal of Building Engineering,Article,NA,SCOPUS_ID:105015296835
Scopus,english,Proteomic and transcriptomic analyses reveal new insights into allergens in Ligustrum lucidum pollen,NA,10.1016/j.jprot.2025.105520,2025,Vizuet-de-Rueda J.C.,Journal of Proteomics,Article,NA,SCOPUS_ID:105013606107
Scopus,english,Rural outmigration in Northeast Brazil: Evidence from shared socioeconomic pathways and climate change scenarios,NA,10.1016/j.jrurstud.2022.03.004,2022,Delazeri L.M.M.,Journal of Rural Studies,Article,NA,SCOPUS_ID:85126107308
Scopus,english,Becoming a ‘good producer’ in the agri-environmental project economy,NA,10.1016/j.jrurstud.2022.10.025,2022,Suárez Delucchi A.,Journal of Rural Studies,Article,NA,SCOPUS_ID:85141542629
Scopus,english,Drivers of farmers’ adaptive behavior to climate change: The 3F-SEC framework,NA,10.1016/j.jrurstud.2024.103343,2024,Cano A.,Journal of Rural Studies,Review,NA,SCOPUS_ID:85198212975
Scopus,english,The role of family in shaping adaptation and adaptive capacity in small-scale fishing communities: The yellow clam fishers in Uruguay,NA,10.1016/j.jrurstud.2025.103601,2025,El-Shayeb F.,Journal of Rural Studies,Article,NA,SCOPUS_ID:85218440195
Scopus,english,Machine learning driven multi-hazard risk framework for coastal resilience,NA,10.1016/j.jsames.2024.105331,2025,D P.,Journal of South American Earth Sciences,Article,NA,SCOPUS_ID:85213040618
Scopus,english,Dynamic coastal vulnerability index: A machine learning approach to predict future impacts of climate change and human activity on coastal environments,NA,10.1016/j.jsames.2025.105692,2025,Vadivel M.,Journal of South American Earth Sciences,Article,NA,SCOPUS_ID:105010543240
Scopus,english,"Water, heat, and soil in a changing climate",NA,10.1016/j.jsames.2025.105767,2025,Souza A.d.,Journal of South American Earth Sciences,Article,NA,SCOPUS_ID:105015160668
Scopus,english,How will climate change impact fossorial lizard species? Two examples in the Baja California Peninsula,NA,10.1016/j.jtherbio.2020.102811,2021,Lara-Reséndiz R.A.,Journal of Thermal Biology,Article,NA,SCOPUS_ID:85098454605
Scopus,english,The 2023 Latin America report of the Lancet Countdown on health and climate change: the imperative for health-centred climate-resilient development,NA,10.1016/j.lana.2024.100746,2024,Hartinger S.M.,Lancet Regional Health Americas,Review,NA,SCOPUS_ID:85192492589
Scopus,english,"Fostering leadership and gender equality in climate action among underserved, rural and Indigenous women: a qualitative exploration of opportunities and limitations in Peru",NA,10.1016/j.lana.2025.101109,2025,Flores E.C.,Lancet Regional Health Americas,Article,NA,SCOPUS_ID:105004463878
Scopus,english,"Introduction, establishment, and distribution of Aedes aegypti and dengue in a temperate capital of Brazil: a retrospective surveillance-based study",NA,10.1016/j.lana.2025.101153,2025,da Cruz Ferreira D.A.,Lancet Regional Health Americas,Article,NA,SCOPUS_ID:105008672342
Scopus,english,Endangered Lomas plant communities and their potential on green roofs in Peru,NA,10.1016/j.landurbplan.2024.105061,2024,Flores S.,Landscape and Urban Planning,Article,NA,SCOPUS_ID:85188668565
Scopus,english,Agricultural land use dynamics in the Brazilian part of La Plata Basin: From driving forces to societal responses,NA,10.1016/j.landusepol.2021.105519,2021,Schlindwein S.L.,Land Use Policy,Article,NA,SCOPUS_ID:85105508014
Scopus,english,Obstacles and opportunities for implementing a policy-mix for ecosystem-based adaptation to climate change in Brazil's Caatinga,NA,10.1016/j.landusepol.2022.106385,2022,Niemeyer J.,Land Use Policy,Article,NA,SCOPUS_ID:85139733206
Scopus,english,Beyond the agro-export boom: The challenges of land concentration and fragmentation in Chile,NA,10.1016/j.landusepol.2025.107624,2025,Villavicencio-Pinto E.,Land Use Policy,Article,NA,SCOPUS_ID:105006760304
Scopus,english,"Land use transitions and the decline of family farming in Southeastern Brazil: Patterns, pressures, and environmental trade-offs",NA,10.1016/j.landusepol.2025.107802,2025,de Oliveira R.E.,Land Use Policy,Article,NA,SCOPUS_ID:105017816455
Scopus,english,Exploring the contribution of climate change policies to integrated coastal zone management in Brazil,NA,10.1016/j.marpol.2022.105180,2022,de Lima A.d.S.,Marine Policy,Article,NA,SCOPUS_ID:85132867425
Scopus,english,"Public policy instruments coherence analysis to address coastal risk in Yucatan, Mexico",NA,10.1016/j.marpol.2024.106280,2024,Vidal-Hernández L.,Marine Policy,Article,NA,SCOPUS_ID:85198172018
Scopus,english,"Facing oceanographic, fisheries, and governance hotspots: Scientific evidence and policy implications from the southwest South Atlantic Ocean",NA,10.1016/j.marpol.2024.106584,2025,Defeo O.,Marine Policy,Article,NA,SCOPUS_ID:85214455055
Scopus,english,"Deriving targeted intervention packages of nature-based solutions for climate change adaptation and disaster risk reduction: A geospatial multi-criteria approach for building resilience in the Puna region, Peru",NA,10.1016/j.nbsj.2023.100090,2023,Higuera Roa O.,Nature Based Solutions,Article,NA,SCOPUS_ID:85191653194
Scopus,english,"Nature-based solutions for climate change adaptation and resilience in urban informal settlements: Insights from kibera, kenya and Villa 20, Argentina",NA,10.1016/j.nbsj.2025.100216,2025,Kibii C.,Nature Based Solutions,Article,NA,SCOPUS_ID:85216301367
Scopus,english,Climate change-induced shifts in landslide susceptibility in São Sebastião (southeastern Brazil),NA,10.1016/j.nhres.2024.11.005,2025,Alcântara E.,Natural Hazards Research,Article,NA,SCOPUS_ID:86000801329
Scopus,english,2024 Brazil floods: Mapping the extent and impacts in Eastern Rio Grande do Sul using geospatial techniques,NA,10.1016/j.nhres.2025.03.011,2025,Rathore J.,Natural Hazards Research,Article,NA,SCOPUS_ID:105024100438
Scopus,english,"Challenges to climate change adaptation in coastal small towns: Examples from Ghana, Uruguay, Finland, Denmark, and Alaska",NA,10.1016/j.ocecoaman.2021.105787,2021,Fitton J.M.,Ocean and Coastal Management,Article,NA,SCOPUS_ID:85110754956
Scopus,english,Nature as a solution for shoreline protection against coastal risks associated with ongoing sea-level rise,NA,10.1016/j.ocecoaman.2023.106487,2023,Manes S.,Ocean and Coastal Management,Article,NA,SCOPUS_ID:85146650753
Scopus,english,A 40-year assessment of a harvested sandy beach clam population: Environmental and economic drivers of a regime shift,NA,10.1016/j.ocecoaman.2025.107613,2025,Bozzeda F.,Ocean and Coastal Management,Article,NA,SCOPUS_ID:85219090901
Scopus,english,Anthropogenic climate change contributed to excess dengue risk related to hydrometeorological conditions in Brazil and China,NA,10.1016/j.oneear.2025.101388,2025,Yu W.,One Earth,Article,NA,SCOPUS_ID:105011701756
Scopus,english,Climate change threatens the woody plant taxonomic and functional diversities of the Restinga vegetation in Brazil,NA,10.1016/j.pecon.2020.12.006,2021,Inague G.M.,Perspectives in Ecology and Conservation,Article,NA,SCOPUS_ID:85099613034
Scopus,english,Challenges and perspectives for the Brazilian semi-arid coast under global environmental changes,NA,10.1016/j.pecon.2021.06.001,2021,Soares M.O.,Perspectives in Ecology and Conservation,Review,NA,SCOPUS_ID:85108967130
Scopus,english,Amazon climate extremes: Increasing droughts and floods in Brazil's state of Acre,NA,10.1016/j.pecon.2023.10.006,2023,Silva S.S.d.,Perspectives in Ecology and Conservation,Article,NA,SCOPUS_ID:85176401156
Scopus,english,A sustainable approach for urban farming based on city logistics concepts for local production and consumption of vegetables,NA,10.1016/j.retrec.2021.101038,2021,Oliveira R.L.M.d.,Research in Transportation Economics,Article,NA,SCOPUS_ID:85101388897
Scopus,english,"Spatio-temporal tendencies of urban land surface temperature on the Andean piedmont under climate change: A case study of Metropolitan Lima, Peru (1986–2024)",NA,10.1016/j.rsase.2024.101378,2024,Cano D.,Remote Sensing Applications Society and Environment,Article,NA,SCOPUS_ID:85206655300
Scopus,english,Croplands intensify regional and global warming according to satellite observations,NA,10.1016/j.rse.2021.112585,2021,Zhou D.,Remote Sensing of Environment,Article,NA,SCOPUS_ID:85110481589
Scopus,english,Effects of climate change in the thermal and energy performance of low-income housing in Brazil—assessing design variable sensitivity over the 21st century,NA,10.1016/j.rser.2022.112885,2022,Nunes G.,Renewable and Sustainable Energy Reviews,Article,NA,SCOPUS_ID:85138525847
Scopus,english,"Climate change, seaports, and coastal management in Brazil: An overview of the policy framework",NA,10.1016/j.rsma.2022.102365,2022,da Veiga Lima F.A.,Regional Studies in Marine Science,Article,NA,SCOPUS_ID:85129975784
Scopus,english,Climate projections of oceanographic variables in the Exclusive Economic Zone of Ecuador: A 21st century perspective to inform impact and adaptation assessment,NA,10.1016/j.rsma.2024.103612,2024,Winckler P.,Regional Studies in Marine Science,Article,NA,SCOPUS_ID:85197900018
Scopus,english,Vegetation structure drives forest phenological recovery after hurricane,NA,10.1016/j.scitotenv.2021.145651,2021,Gong Y.,Science of the Total Environment,Article,NA,SCOPUS_ID:85101365856
Scopus,english,Climate exposure shows high risk and few climate refugia for Chilean native vegetation,NA,10.1016/j.scitotenv.2021.147399,2021,Muñoz-Sáez A.,Science of the Total Environment,Article,NA,SCOPUS_ID:85105349837
Scopus,english,High ambient temperature and risk of hospitalization for gastrointestinal infection in Brazil: A nationwide case-crossover study during 2000–2015,NA,10.1016/j.scitotenv.2022.157836,2022,Zhao Q.,Science of the Total Environment,Article,NA,SCOPUS_ID:85135702170
Scopus,english,"Transitioning to sustainable mobility in Lima, Peru. Are e-scooter sharing initiatives part of the problem or the solution?",NA,10.1016/j.scitotenv.2022.161130,2023,Echeverría-Su M.,Science of the Total Environment,Article,NA,SCOPUS_ID:85146050838
Scopus,english,Transformation of tall-tussock grasslands and soil water dynamics in the Flooding Pampa,NA,10.1016/j.scitotenv.2023.165362,2023,Sirimarco X.,Science of the Total Environment,Article,NA,SCOPUS_ID:85166666486
Scopus,english,The expected impacts of sea level on the Mexican Atlantic coast,NA,10.1016/j.scitotenv.2023.166317,2023,Sánchez-García E.A.,Science of the Total Environment,Article,NA,SCOPUS_ID:85168551413
Scopus,english,An integrated approach to decision-making variables on urban water systems using an urban water use (UWU) decision-support tool,NA,10.1016/j.scitotenv.2023.168865,2024,Hoepers T.R.,Science of the Total Environment,Article,NA,SCOPUS_ID:85179582653
Scopus,english,Characterization of groundwater storage changes in the Amazon River Basin based on downscaling of GRACE/GRACE-FO data with machine learning models,NA,10.1016/j.scitotenv.2023.168958,2024,Satizábal-Alarcón D.A.,Science of the Total Environment,Article,NA,SCOPUS_ID:85179495814
Scopus,english,"Coastal evolution and future projections in Conde County, Brazil: A multi-decadal assessment via remote sensing and sea-level rise scenarios",NA,10.1016/j.scitotenv.2023.169829,2024,Santos C.A.G.,Science of the Total Environment,Article,NA,SCOPUS_ID:85182747199
Scopus,english,Small-scale geographic differences in multiple-driver environmental variability can modulate contrasting phenotypic plasticity despite high levels of gene flow,NA,10.1016/j.scitotenv.2024.176772,2024,Castillo N.,Science of the Total Environment,Article,NA,SCOPUS_ID:85205713116
Scopus,english,Climate change and microplastic effects on conidial fungal assemblages associated with leaf litter in an Amazonian stream,NA,10.1016/j.scitotenv.2025.179968,2025,Firmino V.C.,Science of the Total Environment,Article,NA,SCOPUS_ID:105009009026
Scopus,english,Climate change and freshwater biodiversity refuges in the Chilean Mediterranean Ecoregion,NA,10.1016/j.scitotenv.2025.180815,2025,Bizama G.,Science of the Total Environment,Letter,NA,SCOPUS_ID:105019642819
Scopus,english,The challenge of urban food production and sustainable water use: Current situation and future perspectives of the urban agriculture in Brazil and Italy,NA,10.1016/j.scs.2022.103961,2022,Alberti M.A.,Sustainable Cities and Society,Article,NA,SCOPUS_ID:85131445869
Scopus,english,"Driving sustainable urban development: Exploring the role of small-scale organic urban agriculture in Bogotá, Colombia: A case study",NA,10.1016/j.scs.2023.104919,2023,Riaño-Herrera D.A.,Sustainable Cities and Society,Article,NA,SCOPUS_ID:85172389668
Scopus,english,Advancing adaptation of highly heterogeneous urban contexts for improved distributive climate justice: an analysis of specific and generic adaptive capacities of Brazilian cities,NA,10.1016/j.scs.2025.106665,2025,Di Giulio G.M.,Sustainable Cities and Society,Article,NA,SCOPUS_ID:105011476535
Scopus,english,Fertility and carbon stocks in Oxisols under Urochloa pastures and Eucalyptus-based agrosilvopastoral systems established in the Brazilian Cerrado,NA,10.1016/j.still.2025.106663,2025,Oliveira J.d.C.d.,Soil and Tillage Research,Article,NA,SCOPUS_ID:105006531329
Scopus,english,"Integrating remote sensing and in-situ data to determine climate diversity and variability in cocoa systems in the provinces of Jaén and San Ignacio, Cajamarca (NW Perú)",NA,10.1016/j.tfp.2024.100749,2025,Atalaya-Marin N.,Trees Forests and People,Article,NA,SCOPUS_ID:85212632573
Scopus,english,Navigating institutional complexity for the adaptation of urban transport infrastructure,NA,10.1016/j.trd.2021.103073,2021,Cañavera Herrera J.S.,Transportation Research Part D Transport and Environment,Article,NA,SCOPUS_ID:85117883391
Scopus,english,Evaluating climate impacts on geographical accessibility to basic services in rural Colombia,NA,10.1016/j.trd.2025.105079,2025,Cardona-Urrea S.,Transportation Research Part D Transport and Environment,Article,NA,SCOPUS_ID:105020662732
Scopus,english,"Data and knowledge matters: Urban adaptation planning in São Paulo, Brazil",NA,10.1016/j.uclim.2021.100808,2021,Torres P.H.C.,Urban Climate,Article,NA,SCOPUS_ID:85101373703
Scopus,english,Framework for incorporating climate projections in the integrated planning and management of urban infrastructure,NA,10.1016/j.uclim.2021.101060,2022,Caprario J.,Urban Climate,Article,NA,SCOPUS_ID:85121594522
Scopus,english,The risk management tools'role for urban infrastructure resilience building,NA,10.1016/j.uclim.2022.101296,2022,de Magalhães R.F.,Urban Climate,Review,NA,SCOPUS_ID:85138184647
Scopus,english,Influence of street configuration on human thermal comfort and benefits for climate-sensitive urban planning in Santiago de Chile,NA,10.1016/j.uclim.2022.101361,2023,Cárdenas-Jirón L.A.,Urban Climate,Article,NA,SCOPUS_ID:85143320863
Scopus,english,Heat exposure and hospitalisation for epileptic seizures: A nationwide case-crossover study in Brazil,NA,10.1016/j.uclim.2023.101497,2023,Zhang Y.,Urban Climate,Article,NA,SCOPUS_ID:85150379075
Scopus,english,CO2 flux dynamics of exotic and native species in an extensive green roof simulator with hydric deficit,NA,10.1016/j.uclim.2023.101567,2023,Perillo V.L.,Urban Climate,Article,NA,SCOPUS_ID:85160701522
Scopus,english,Linking climate change to urban planning through vulnerability assessment: The case of two cities at the Mexico-US border,NA,10.1016/j.uclim.2023.101674,2023,Muñoz-Pizza D.M.,Urban Climate,Article,NA,SCOPUS_ID:85170420739
Scopus,english,What factors drive municipal climate adaptation policy? The role of risk management capacity and transnational municipal networks,NA,10.1016/j.uclim.2024.101809,2024,dos Santos A.P.S.,Urban Climate,Article,NA,SCOPUS_ID:85183899395
Scopus,english,Urban forests mitigate extreme heat exposure in a vulnerable tropical city,NA,10.1016/j.uclim.2025.102311,2025,Giraldo-Charria D.L.,Urban Climate,Article,NA,SCOPUS_ID:85216492527
Scopus,english,Synoptic patterns and heatwaves: Intensifying urban heat islands in the Mexico Basin,NA,10.1016/j.uclim.2025.102318,2025,Aquino-Martínez L.P.,Urban Climate,Review,NA,SCOPUS_ID:85216083350
Scopus,english,Heat risk in the city of São Paulo: Interactions between SUHI and social inequality,NA,10.1016/j.uclim.2025.102568,2025,Muñoz L.S.,Urban Climate,Article,NA,SCOPUS_ID:105012931007
Scopus,english,Influence of vegetation type on the ecosystem services provided by urban green areas in an arid zone of northern Mexico,NA,10.1016/j.ufug.2021.127135,2021,Guillen-Cruz G.,Urban Forestry and Urban Greening,Article,NA,SCOPUS_ID:85104363892
Scopus,english,"Phenological advance of blossoming over the past century in one of the world's largest urban forests, Gauteng City-Region, South Africa",NA,10.1016/j.ufug.2021.127238,2021,Fitchett J.M.,Urban Forestry and Urban Greening,Article,NA,SCOPUS_ID:85109200934
Scopus,english,Carbon storage in a peri-urban neotropical forest: Assessing its potential and patterns of change over half a century,NA,10.1016/j.ufug.2023.128009,2023,Benítez G.,Urban Forestry and Urban Greening,Article,NA,SCOPUS_ID:85162975216
Scopus,english,Spatio-temporal analysis of the urban green infrastructure of the city of Granada (Spain) as a heat mitigation measure using high-resolution images Sentinel 3,NA,10.1016/j.ufug.2023.128061,2023,Hidalgo García D.,Urban Forestry and Urban Greening,Article,NA,SCOPUS_ID:85167806027
Scopus,english,Urban green spaces and variation in cooling in the humid tropics: The case of Paramaribo,NA,10.1016/j.ufug.2023.128111,2023,Best L.,Urban Forestry and Urban Greening,Article,NA,SCOPUS_ID:85174175244
Scopus,english,"Maintenance, operational costs, and plant performance in three extensive green roof designs from Northwest México",NA,10.1016/j.ufug.2024.128521,2024,López-Silva D.V.,Urban Forestry and Urban Greening,Article,NA,SCOPUS_ID:85205683316
Scopus,english,Climate smart cities? Technologies of climate governance in Brazil,NA,10.1016/j.ugj.2022.08.002,2022,Mendes V.,Urban Governance,Article,NA,SCOPUS_ID:85163643692
Scopus,english,Impacts of climate change on extreme weather indices in Ecuadorian cities: A socioeconomic analysis,NA,10.1016/j.wace.2025.100810,2025,Portalanza D.,Weather and Climate Extremes,Article,NA,SCOPUS_ID:105018075414
Scopus,english,Attributing a deadly landslide disaster in Southeastern Brazil to human-induced climate change,NA,10.1016/j.wace.2025.100811,2025,Barbosa M.L.F.,Weather and Climate Extremes,Article,NA,SCOPUS_ID:105019201205
Scopus,english,Farmers’ perceptions and adoption of Coffea arabica F1 hybrids in Central America,NA,10.1016/j.wds.2022.100007,2022,Turreira-García N.,World Development Sustainability,Article,NA,SCOPUS_ID:85137356817
Scopus,english,Boosting the adoption of sustainable land-use systems for achieving Colombian land-based climate action and peacebuilding goals,NA,10.1016/j.worlddev.2024.106888,2025,Pérez-Marulanda L.,World Development,Article,NA,SCOPUS_ID:85211165973
Scopus,english,Willingness to pay for rainwater harvesting systems in Mexico City,NA,10.1016/j.wre.2025.100271,2025,Lara-Pulido J.A.,Water Resources and Economics,Article,NA,SCOPUS_ID:105020957771
Scopus,english,"Advancing wetland mapping in Argentina: A probabilistic approach integrating remote sensing, machine learning, and cloud computing towards sustainable ecosystem monitoring",NA,10.1016/j.wsee.2025.04.001,2025,Navarro Rau M.F.,Watershed Ecology and the Environment,Article,NA,SCOPUS_ID:105002307105
Scopus,english,Virtual special issue of the sixth biennial meeting of the North American Society for Comparative Endocrinology (Sociedad Norteamericana de Endocrinología comparada; Societé Nord-Americaine d'Endocrinologie Comparée),NA,10.1016/j.ygcen.2023.114341,2023,Martyniuk C.J.,General and Comparative Endocrinology,Editorial,NA,SCOPUS_ID:85165091092
Scopus,english,Labour productivity and economic impacts of carbon mitigation: a modelling study and benefit–cost analysis,NA,10.1016/s2542-5196(22)00245-5,2022,Zhao M.,Lancet Planetary Health,Article,NA,SCOPUS_ID:85143917701
Scopus,english,Surviving Climate Chaos: by Strengthening Communities and Ecosystems,NA,10.1017/9781108878982,2021,Caldecott J.,Surviving Climate Chaos by Strengthening Communities and Ecosystems,Book,NA,SCOPUS_ID:105024989850
Scopus,english,The law of the four poles: legal pluralism and resistance in climate adaptation,NA,10.1017/lsr.2024.55,2025,Brink E.,Law and Society Review,Article,NA,SCOPUS_ID:105022717953
Scopus,english,Surviving in a hostile landscape: Nothofagus alessandrii remnant forests threatened by mega-fires and exotic pine invasion in the coastal range of central Chile,NA,10.1017/s0030605322000102,2023,González M.E.,ORYX,Article,NA,SCOPUS_ID:85150223076
Scopus,english,Expert-based assessment of the climate change vulnerability of amphibians and reptiles of Uruguay,NA,10.1017/s0376892922000418,2023,Vaz-Canosa P.,Environmental Conservation,Article,NA,SCOPUS_ID:85183327835
Scopus,english,La Niña weather impacts dietary patterns and dietary diversity among children in the Peruvian Amazon,NA,10.1017/s1368980020003705,2021,Ambikapathi R.,Public Health Nutrition,Article,NA,SCOPUS_ID:85095428108
Scopus,english,"Developing scientific equity for biodiversity research: a thematic analysis of ecological change impacts on ranchers in Baja California Sur, Mexico",NA,10.1017/s1742170525100100,2025,Stiner E.O.,Renewable Agriculture and Food Systems,Article,NA,SCOPUS_ID:105018973180
Scopus,english,Indigenous peoples’ displacement and jaguar survival in a warming planet,NA,10.1017/sus.2021.6,2021,Craighead K.A.,Global Sustainability,Review,NA,SCOPUS_ID:85102473310
Scopus,english,An Integrated Framework to Streamline Resilience in the Context of Urban Climate Risk Assessment,NA,10.1029/2020ef001508,2021,Urquiza A.,Earth S Future,Article,NA,SCOPUS_ID:85115748053
Scopus,english,Verifying Experimental Wet Bulb Globe Temperature Hindcasts Across the United States,NA,10.1029/2021gh000527,2022,Ahn Y.,Geohealth,Article,NA,SCOPUS_ID:85129228682
Scopus,english,Vulnerability of Estuarine Systems in the Contiguous United States to Water Quality Change Under Future Climate and Land-Use,NA,10.1029/2022ef002884,2023,Montefiore L.R.,Earth S Future,Article,NA,SCOPUS_ID:85152561812
Scopus,english,Land Subsidence and Aquifer-System Storage Loss in Central Mexico: A Quasi-Continental Investigation With Sentinel-1 InSAR,NA,10.1029/2022gl098923,2022,Cigna F.,Geophysical Research Letters,Article,NA,SCOPUS_ID:85136029674
Scopus,english,"Coevolution of Flood Dynamics and Economical Production in Tropical Wetlands: Insights From Bayesian Networks in Ayapel Wetland, Colombia",NA,10.1029/2023jg007416,2023,Herazo S.,Journal of Geophysical Research Biogeosciences,Article,NA,SCOPUS_ID:85168429844
Scopus,english,Adaptation and Response in Drylands (ARID): Community Insights for Scoping a NASA Terrestrial Ecology Field Campaign in Drylands,NA,10.1029/2024ef004811,2024,Feldman A.F.,Earth S Future,Note,NA,SCOPUS_ID:85204680390
Scopus,english,Expeditions in post-war Colombia have found hundreds of new species. But rich ecosystems are now under threat,NA,10.1038/d41586-023-02300-6,2023,Irwin A.,Nature,Note,NA,SCOPUS_ID:85165364903
Scopus,english,Local adaptation has a role in reducing vulnerability to climate change in a widespread Amazonian forest lizard,NA,10.1038/s41437-025-00765-x,2025,Yves A.,Heredity,Article,NA,SCOPUS_ID:105004307294
Scopus,english,Drought-Induced Civil Conflict Among the Ancient Maya,NA,10.1038/s41467-022-31522-x,2022,Kennett D.J.,Nature Communications,Article,NA,SCOPUS_ID:85134395888
Scopus,english,Maladaptation in cereal crop landraces following a soot-producing climate catastrophe,NA,10.1038/s41467-025-59488-6,2025,M. McLaughlin C.,Nature Communications,Article,NA,SCOPUS_ID:105004430761
Scopus,english,How climate change and deforestation interact in the transformation of the Amazon rainforest,NA,10.1038/s41467-025-63156-0,2025,Franco M.A.,Nature Communications,Article,NA,SCOPUS_ID:105015547748
Scopus,english,“Vulnerabilities and compound risks of escalating climate disasters in the Brazilian Amazon”,NA,10.1038/s41467-025-66603-0,2025,Pinho P.F.,Nature Communications,Article,NA,SCOPUS_ID:105026215808
Scopus,english,Vulnerability to climate change of a microendemic lizard species from the central Andes,NA,10.1038/s41598-021-91058-w,2021,Laspiur A.,Scientific Reports,Article,NA,SCOPUS_ID:85107190723
Scopus,english,Climate change can disproportionately reduce habitats of stream fishes with restricted ranges in southern South America,NA,10.1038/s41598-024-66374-6,2024,Bizama G.,Scientific Reports,Article,NA,SCOPUS_ID:85198088433
Scopus,english,Urban boundaries are an underexplored frontier for ecological restoration,NA,10.1038/s41598-025-19699-9,2025,Ferreira L.S.,Scientific Reports,Article,NA,SCOPUS_ID:105017931625
Scopus,english,Deforestation and climate change are projected to increase heat stress risk in the Brazilian Amazon,NA,10.1038/s43247-021-00275-8,2021,Alves de Oliveira B.F.,Communications Earth and Environment,Article,NA,SCOPUS_ID:85120959553
Scopus,english,An intermediate level of disturbance with customary agricultural practices increases species diversity in Maya community forests in Belize,NA,10.1038/s43247-023-01089-6,2023,Downey S.S.,Communications Earth and Environment,Article,NA,SCOPUS_ID:85177585753
Scopus,english,Afro-descendant lands in South America contribute to biodiversity conservation and climate change mitigation,NA,10.1038/s43247-025-02339-5,2025,Sangat S.S.,Communications Earth and Environment,Article,NA,SCOPUS_ID:105011260872
Scopus,english,Impacts of the Major Drought in Chile and Mitigation Measures,NA,10.1051/e3sconf/202342402002,2023,Xu N.,E3s Web of Conferences,Conference Paper,NA,SCOPUS_ID:85173491838
Scopus,english,Policy strategies for climate-resilient infrastructure in climate change adaptation: Jurisdictional comparison between Chile and Indonesia,NA,10.1051/e3sconf/202346705001,2023,Maskun M.,E3s Web of Conferences,Conference Paper,NA,SCOPUS_ID:85182792056
Scopus,english,Comparison of future weather files for Brazilian cities,NA,10.1051/e3sconf/202454601017,2024,Martins Vaz I.C.,E3s Web of Conferences,Conference Paper,NA,SCOPUS_ID:85198922795
Scopus,english,Surviving the Storm: Maintaining Services during Flooding in the South of Brazil,NA,10.1056/cat.25.0030,2025,Moraes E.L.,Nejm Catalyst Innovations in Care Delivery,Article,NA,SCOPUS_ID:105023495816
Scopus,english,Citizen science and the right to research: building local knowledge of climate change impacts,NA,10.1057/s41599-022-01040-8,2022,Albagli S.,Humanities and Social Sciences Communications,Article,NA,SCOPUS_ID:85124317533
Scopus,english,"The Impacts of Climate Change on Water Availability: A Case Study in the Tietê River Basin, Brazil",NA,10.1061/9780784484852.054,2023,Bentes L.V.,World Environmental and Water Resources Congress 2023 Adaptive Planning and Design in an Age of Risk and Uncertainty Selected Papers from World Environmental and Water Resources Congress 2023,Conference Paper,NA,SCOPUS_ID:85160942014
Scopus,english,Disaster Education in the Context of Postsecondary Education: A Systematic Literature Review,NA,10.1061/nhrefo.nheng-1778,2023,Choudhury M.,Natural Hazards Review,Article,NA,SCOPUS_ID:85161410494
Scopus,english,"Mesoamerican urbanism revisited: Environmental change, adaptation, resilience, persistence, and collapse",NA,10.1073/pnas.2211558120,2023,Chase D.Z.,Proceedings of the National Academy of Sciences of the United States of America,Article,NA,SCOPUS_ID:85165787904
Scopus,english,Using exploratory modeling to challenge narratives of risk governance in Mexico City,NA,10.1073/pnas.2313191121,2024,Eakin H.,Proceedings of the National Academy of Sciences of the United States of America,Article,NA,SCOPUS_ID:85202741765
Scopus,english,Amazonian and Andean tree communities are not tracking current climate warming,NA,10.1073/pnas.2425619122,2025,Farfan-Rios W.,Proceedings of the National Academy of Sciences of the United States of America,Article,NA,SCOPUS_ID:105013687849
Scopus,english,Rethinking ‘future nature’ through a transatlantic research collaboration: climate-adapted urban green infrastructure for human wellbeing and biodiversity,NA,10.1080/01426397.2020.1829573,2023,Hoyle H.E.,Landscape Research,Article,NA,SCOPUS_ID:85094200547
Scopus,english,Imagined transitions: agrarian capitalism and climate change adaptation in Colombia,NA,10.1080/03066150.2022.2059350,2022,Camargo A.,Journal of Peasant Studies,Article,NA,SCOPUS_ID:85129128765
Scopus,english,Territorialized climate change adaptation analysis: lessons from the Central Valleys of Chile,NA,10.1080/03066150.2024.2431515,2025,Palmisano T.,Journal of Peasant Studies,Article,NA,SCOPUS_ID:85214909750
Scopus,english,Climate change and health in the Global South: A scientometric analysis,NA,10.1080/0376835x.2025.2588139,2025,Ilo O.,Development Southern Africa,Article,NA,SCOPUS_ID:105023045213
Scopus,english,Financing climate-related resettlements in uneven geographies of risk: Lessons from Bogota Humana,NA,10.1080/07352166.2020.1760721,2022,Sarmiento H.,Journal of Urban Affairs,Article,NA,SCOPUS_ID:85087173831
Scopus,english,Predicting air pollution changes due to temperature increases in two Brazilian capitals using machine learning–a necessary perspective for a climate resilient health future,NA,10.1080/09603123.2025.2486598,2025,Adler Tavella R.,International Journal of Environmental Health Research,Article,NA,SCOPUS_ID:105002244738
Scopus,english,"Transnational city networks, global political economy, and climate governance: C40 in Mexico and Lima",NA,10.1080/09692290.2023.2167849,2024,Leal J.M.,Review of International Political Economy,Article,NA,SCOPUS_ID:85149270109
Scopus,english,Learning biodiversity care in everyday life: teacher education in contrasting biocultural contexts,NA,10.1080/13504622.2024.2370998,2025,Méndez-Herranz M.,Environmental Education Research,Article,NA,SCOPUS_ID:85197365232
Scopus,english,Climate change education in semiarid and coastal regions of Mexico: towards an inclusive educational program,NA,10.1080/13504622.2024.2403396,2025,Bardullas U.,Environmental Education Research,Article,NA,SCOPUS_ID:85204687843
Scopus,english,"Addressing social vulnerability: insights and challenges in the formulation of the local climate change program of Zapopan, Mexico",NA,10.1080/13549839.2025.2486295,2025,Gran Castro J.A.,Local Environment,Article,NA,SCOPUS_ID:105002580945
Scopus,english,"Resilience aspirations, precarious futures: gender invisibility, racialised risk, and forced displacements in the city of Rio de Janeiro, Brazil",NA,10.1080/13552074.2024.2415247,2024,Barbosa L.M.,Gender and Development,Article,NA,SCOPUS_ID:85217877607
Scopus,english,Geospatial neocolonialism and social vulnerability to hydrometeorological events in coastal Michoacán,NA,10.1080/13563475.2025.2451832,2025,Macías-Serrat L.,International Planning Studies,Article,NA,SCOPUS_ID:105002342217
Scopus,english,The ‘colorblindness’ of climate finance: how climate finance advances racial injustice in cities,NA,10.1080/13604813.2024.2348209,2025,Hofmann S.Z.,City,Article,NA,SCOPUS_ID:85194709748
Scopus,english,Bio-Invasions: Beyond the Biological Weapons Convention?,NA,10.1080/13880292.2025.2619361,2025,de Vries B.,Journal of International Wildlife Law and Policy,Article,NA,SCOPUS_ID:105029537266
Scopus,english,Modelling Resilience: Zooarchaeological Insights into Subsistence Diversity and Land Use Practices of the Ancient Maya in the Upper Belize River Valley,NA,10.1080/14614103.2025.2479326,2025,Meyer B.,Environmental Archaeology,Article,NA,SCOPUS_ID:105000648443
Scopus,english,Tackling the implementation gap of climate adaptation strategies: understanding policy translation in Brazil and Colombia,NA,10.1080/14693062.2022.2085650,2022,Milhorance C.,Climate Policy,Article,NA,SCOPUS_ID:85131918775
Scopus,english,Local governments as key agents in climate change adaptation: challenges and opportunities for institutional capacity-building in Mexico,NA,10.1080/14693062.2022.2163972,2023,Cid A.,Climate Policy,Article,NA,SCOPUS_ID:85146252175
Scopus,english,Can conditional cash transfers reduce vulnerability to climate change?,NA,10.1080/14693062.2023.2183174,2023,Arena M.,Climate Policy,Article,NA,SCOPUS_ID:85150340904
Scopus,english,Are the rights and knowledge of indigenous peoples and local communities being attended to by climate framework laws?,NA,10.1080/14693062.2023.2262416,2024,Iocca L.,Climate Policy,Article,NA,SCOPUS_ID:85172811401
Scopus,english,Isolation by distance and past climate resistance shaped the distribution of genealogical lineages of a neotropical lizard,NA,10.1080/14772000.2022.2084470,2022,Camurugi F.,Systematics and Biodiversity,Article,NA,SCOPUS_ID:85132971886
Scopus,english,Willingness to pay for improving water supply continuity in case of climatic extreme natural events: an empirical approach for Chile,NA,10.1080/1573062x.2022.2153702,2023,Maldonado L.,Urban Water Journal,Article,NA,SCOPUS_ID:85144051155
Scopus,english,Classifying climate change perceptions of bean breeders in Santander-Colombia,NA,10.1080/17565529.2020.1848782,2021,Botero H.,Climate and Development,Article,NA,SCOPUS_ID:85099388869
Scopus,english,Normative future visioning for city resilience and development,NA,10.1080/17565529.2023.2223564,2024,Pelling M.,Climate and Development,Article,NA,SCOPUS_ID:85163636750
Scopus,english,Environmental Value for Heritage Conservation and Urban Sustainability: Adaptation in Widely Divergent Climatic Conditions,NA,10.1080/17567505.2021.1991104,2021,Larraín de Andraca I.,Historic Environment Policy and Practice,Article,NA,SCOPUS_ID:85118217845
Scopus,english,Insights into landslide susceptibility: a comparative evaluation of multi-criteria analysis and machine learning techniques,NA,10.1080/19475705.2025.2471019,2025,Ferreira Z.,Geomatics Natural Hazards and Risk,Article,NA,SCOPUS_ID:105000632970
Scopus,english,XIV International Symposium on Antarctic Earth Sciences: a holistic view of the white continent,NA,10.1080/2154896x.2025.2584941,2025,Carrasco Cerda J.,Polar Journal,Article,NA,SCOPUS_ID:105022758312
Scopus,english,The challenge of integrating subnational governments in multilevel climate governance: the case of Mexico,NA,10.1080/21622671.2022.2106298,2024,Soto-Montes-de-Oca G.,Territory Politics Governance,Article,NA,SCOPUS_ID:85136164188
Scopus,english,Monographs on invasive plants in Europe: Ageratina adenophora (Spreng.) R.M. King & H. Rob,NA,10.1080/23818107.2025.2529890,2025,Fried G.,Botany Letters,Article,NA,SCOPUS_ID:105012401518
Scopus,english,"New Insights on Land Use, Land Cover, and Climate Change in Human–Environment Dynamics of the Equatorial Andes",NA,10.1080/24694452.2020.1804822,2021,López S.,Annals of the American Association of Geographers,Article,NA,SCOPUS_ID:85091153753
Scopus,english,Protected Areas on an Amazon Frontier: Payments for Environmental Services and the Future of Extractive Reserves in the Terra da Meio,NA,10.1080/24694452.2025.2471493,2025,Schwartzman G.,Annals of the American Association of Geographers,Article,NA,SCOPUS_ID:105000241876
Scopus,english,Gridlock vigilance and early warning in the shadow of climate change,NA,10.1086/715847,2021,Vaughn S.E.,Hau Journal of Ethnographic Theory,Article,NA,SCOPUS_ID:85118892547
Scopus,english,Anthropogenic climate change contribution to wildfire-prone weather conditions in the Cerrado and Arc of deforestation,NA,10.1088/1748-9326/ac1e3a,2021,Li S.,Environmental Research Letters,Article,NA,SCOPUS_ID:85115100198
Scopus,english,Adaptive approaches to REDD+ are needed for countries with high forest cover and low deforestation rates,NA,10.1088/1748-9326/ac9827,2022,Schweikart M.,Environmental Research Letters,Article,NA,SCOPUS_ID:85141028307
Scopus,english,Can we avert an Amazon tipping point? The economic and environmental costs,NA,10.1088/1748-9326/aca3b8,2022,Banerjee O.,Environmental Research Letters,Article,NA,SCOPUS_ID:85143892808
Scopus,english,"Disproportionate exposure to surface-urban heat islands across vulnerable populations in Lima city, Peru",NA,10.1088/1748-9326/acdca9,2023,Ascencio E.J.,Environmental Research Letters,Article,NA,SCOPUS_ID:85163293995
Scopus,english,Prescribed burning and integrated fire management in the Brazilian Cerrado: Demonstrated impacts and scale-up potential for emission abatement,NA,10.1088/1748-9326/ad2820,2024,Franke J.,Environmental Research Letters,Article,NA,SCOPUS_ID:85185797613
Scopus,english,The ineffectiveness of current environmental and fire policies in the world’s largest wetland,NA,10.1088/1748-9326/adb7f5,2025,Barros-Rosa L.,Environmental Research Letters,Article,NA,SCOPUS_ID:86000158499
Scopus,english,Integrating approaches and methodologies into phenological research in Neotropical dry forests: a systematic review,NA,10.1088/1748-9326/ade9e2,2025,Pereira Dos Santos M.M.,Environmental Research Letters,Review,NA,SCOPUS_ID:105011084707
Scopus,english,Urban resilience actions in the built environment: An analysis of the city of Salvador - Bahia - Brazil,NA,10.1088/1755-1315/1101/2/022004,2022,Rodrigues Prado A.F.,Iop Conference Series Earth and Environmental Science,Conference Paper,NA,SCOPUS_ID:85144144485
Scopus,english,Urban Planning and Resilience: Local Strategies for Risk Management and Anticipatory Measures,NA,10.1088/1755-1315/1536/1/012019,2025,Santos G.d.,Iop Conference Series Earth and Environmental Science,Conference Paper,NA,SCOPUS_ID:105026491279
Scopus,english,"How legitimate are urban climate planning processes? A comparative assessment of Accra, Ahmedabad, Bonn and São Paulo",NA,10.1088/2515-7620/ada7cc,2025,Wagner N.,Environmental Research Communications,Article,NA,SCOPUS_ID:85215840994
Scopus,english,Global Environmental Engineering for and with Historically Marginalized Communities,NA,10.1089/ees.2021.0103,2021,Masten S.J.,Environmental Engineering Science,Review,NA,SCOPUS_ID:85107325072
Scopus,english,Application of data science in the prediction of solar energy for the Amazon basin: a study case,NA,10.1093/ce/zkad065,2023,Marques A.L.F.,Clean Energy,Article,NA,SCOPUS_ID:85178635271
Scopus,english,The carbon sequestration potential of 'analog' forestry in Ecuador: An alternative strategy for reforestation of degraded pastures,NA,10.1093/forestry/cpaa017,2021,Veintimilla R.A.R.,Forestry,Article,NA,SCOPUS_ID:85100293015
Scopus,english,Present and future of the critically endangered Araucaria angustifolia due to climate change and habitat loss,NA,10.1093/forestry/cpz066,2021,Marchioro C.A.,Forestry,Article,NA,SCOPUS_ID:85088973886
Scopus,english,Identifying policy approaches to build social-ecological resilience in marine fisheries with differing capacities and contexts,NA,10.1093/icesjms/fsab080,2022,Kleisner K.M.,ICES Journal of Marine Science,Article,NA,SCOPUS_ID:85120164897
Scopus,english,"Diversity and relative abundance of immature mosquitoes (Diptera: Culicidae) in Hohenbergia catingae Ule bromeliads and larvitraps in the Nísia Floresta National Forest, northeast Brazil",NA,10.1093/jme/tjae085,2024,Da Silva J.H.T.,Journal of Medical Entomology,Article,NA,SCOPUS_ID:85203869168
Scopus,english,Using the Red List of Ecosystems and the Nature-based Solutions Global Standard as an integrated process for climate change adaptation in the Andean high mountains,NA,10.1098/rstb.2022.0326,2024,Vasseur L.,Philosophical Transactions of the Royal Society B Biological Sciences,Review,NA,SCOPUS_ID:85191010188
Scopus,english,The fire regimes of the Cerrado and their changes through time,NA,10.1098/rstb.2023.0460,2025,Segura-Garcia C.,Philosophical Transactions of the Royal Society B Biological Sciences,Article,NA,SCOPUS_ID:105003034091
Scopus,english,Community and governmental perspectives on climate disaster risk finance instruments in Colombia,NA,10.1108/dpm-11-2023-0303,2024,Fernández Lopera C.C.,Disaster Prevention and Management,Article,NA,SCOPUS_ID:85185675545
Scopus,english,"Geodesign and Sustainable Development Goals in the environmental parameterization of the Iron Quadrangle region, Brazil: an academic experience",NA,10.1108/ijbpa-11-2021-0143,2024,Moura A.C.M.,International Journal of Building Pathology and Adaptation,Article,NA,SCOPUS_ID:85129963907
Scopus,english,La Antigua Guatemala living heritage. Improving governance for sustainable development,NA,10.1108/jchmsd-08-2022-0141,2023,Ramírez de León M.R.,Journal of Cultural Heritage Management and Sustainable Development,Article,NA,SCOPUS_ID:85158876367
Scopus,english,Chapter 10 Urban Vulnerability and Adaptation to the Health Impacts of Air Pollution and Climate Extremes in Latin American Cities,NA,10.1108/s1047-0042(2012)0000012013,2025,Romero-Lankao P.,Research in Urban Sociology,Note,NA,SCOPUS_ID:105027374557
Scopus,english,"Application of Machine Learning Techniques for Environmental Conservation: Predictive Modeling of Climate Change in the Merenberg Nature Reserve, Huila",NA,10.1109/amitic68284.2025.11214622,2025,Pulido Osorio M.D.,8th Congreso Internacional En Inteligencia Ambiental Ingenieria De Software Y Salud Electronica Y Movil Amitic 2025,Conference Paper,NA,SCOPUS_ID:105025033149
Scopus,english,Creation of The First Isokeraunic Maps of Honduras,NA,10.1109/conescapan67936.2025.11229631,2025,Rodriguez C.R.B.,Proceedings of 2025 IEEE Central America and Panama Student Conference Conescapan 2025,Conference Paper,NA,SCOPUS_ID:105026933090
Scopus,english,Operation of PV Systems in Distribution Grids to Minimize Power Losses and CO2 Emissions,NA,10.1109/greentech58819.2024.10520583,2024,Gajardo-Aspee M.,IEEE Green Technologies Conference,Conference Paper,NA,SCOPUS_ID:85193499736
Scopus,english,Solutions for net-zero energy-oriented renovation of buildings: Case of a low apartment building in tropical climate,NA,10.1109/iestec62784.2024.10820253,2024,Gonzalez F.,Proceedings 2024 9th International Engineering Sciences and Technology Conference Iestec 2024,Conference Paper,NA,SCOPUS_ID:85217710876
Scopus,english,FLOODPLAINS MAPPING USING TERRAIN FEATURES AND RANDOM FOREST CLASSIFICATION,NA,10.1109/igarss55030.2025.11242714,2025,dos Santos E.R.,International Geoscience and Remote Sensing Symposium IGARSS,Conference Paper,NA,SCOPUS_ID:105033897726
Scopus,english,Modeling Temperature in the Ecuadorian Paramo Through Deep Learning,NA,10.1109/jstars.2025.3536878,2025,Cabay M.J.C.,IEEE Journal of Selected Topics in Applied Earth Observations and Remote Sensing,Article,NA,SCOPUS_ID:85217031012
Scopus,english,Deep Transformer-Based Network Deforestation Detection in the Brazilian Amazon Using Sentinel-2 Imagery,NA,10.1109/lgrs.2024.3355104,2024,Alshehri M.,IEEE Geoscience and Remote Sensing Letters,Article,NA,SCOPUS_ID:85182936081
Scopus,english,"Restoration priorities for Caatinga dry forests: Landscape resilience, connectivity and biodiversity value",NA,10.1111/1365-2664.14131,2022,Antongiovanni M.,Journal of Applied Ecology,Article,NA,SCOPUS_ID:85125520644
Scopus,english,Integrating climate change into agroforestry conservation: A case study on native plant species in the Brazilian Atlantic Forest,NA,10.1111/1365-2664.14464,2023,Lima V.P.,Journal of Applied Ecology,Article,NA,SCOPUS_ID:85164360078
Scopus,english,Evolutionary and ecological trends in the Neotropical cycad genus Dioon (Zamiaceae): An example of success of evolutionary stasis,NA,10.1111/1440-1703.12442,2024,Gutiérrez-Ortega J.S.,Ecological Research,Article,NA,SCOPUS_ID:85184243980
Scopus,english,"Water management infrastructure alters plant species composition, functional diversity and soil condition in a livestock-impaired mosaic of wetlands",NA,10.1111/avsc.12698,2022,Aquino D.S.,Applied Vegetation Science,Article,NA,SCOPUS_ID:85145216015
Scopus,english,"Synergies and Trade-Offs Between Biodiversity Conservation, Human Well-Being, and Agricultural Production: Lessons From the Southern Atlantic Forest of Brazil",NA,10.1111/avsc.70047,2025,Marcilio-Silva V.,Applied Vegetation Science,Article,NA,SCOPUS_ID:105023212156
Scopus,english,Pollination ecology in the tropical Andes: moving towards a cross-scale approach,NA,10.1111/brv.70049,2025,Rueda-Uribe C.,Biological Reviews,Article,NA,SCOPUS_ID:105010928546
Scopus,english,Regional variation in responses of a vulnerable bird species to land-use and climate change,NA,10.1111/btp.13142,2022,Almeida A.C.,Biotropica,Article,NA,SCOPUS_ID:85135147228
Scopus,english,Medium and large mammal responses to fire in a neotropical savanna system in Guyana,NA,10.1111/btp.13397,2025,Paemelaere E.A.D.,Biotropica,Article,NA,SCOPUS_ID:85208553498
Scopus,english,Effects of Amazonian flying rivers on frog biodiversity and populations in the Atlantic rainforest,NA,10.1111/cobi.14033,2023,Ferrante L.,Conservation Biology,Article,NA,SCOPUS_ID:85150652578
Scopus,english,Identifying climate change refugia for South American biodiversity,NA,10.1111/cobi.14087,2023,Sales L.P.,Conservation Biology,Article,NA,SCOPUS_ID:85161491813
Scopus,english,Changing the paradigm for the development of the Caatinga dry forest region to rescue threatened biodiversity and improve sustainability,NA,10.1111/cobi.70030,2025,Tabarelli M.,Conservation Biology,Article,NA,SCOPUS_ID:105007878690
Scopus,english,Embrapa and the construction of scientific heritage in Brazilian agriculture: Sowing memory,NA,10.1111/dpr.12531,2021,Cabral L.,Development Policy Review,Article,NA,SCOPUS_ID:85101818633
Scopus,english,Revealing hidden plant diversity in arid environments,NA,10.1111/ecog.05100,2021,Carrasco-Puga G.,Ecography,Article,NA,SCOPUS_ID:85092334546
Scopus,english,Guatemala soil organic carbon database (GTMSOC),NA,10.1111/ejss.13450,2024,Vásquez A.,European Journal of Soil Science,Article,NA,SCOPUS_ID:85182720823
Scopus,english,Genome-Wide Diversity in Lowland and Highland Maize Landraces From Southern South America: Population Genetics Insights to Assist Conservation,NA,10.1111/eva.70047,2024,Dominguez P.G.,Evolutionary Applications,Article,NA,SCOPUS_ID:85211170727
Scopus,english,Comparison of Conservation Strategies for California Channel Island Oak (Quercus tomentella) Using Climate Suitability Predicted From Genomic Data,NA,10.1111/eva.70057,2024,Mead A.,Evolutionary Applications,Article,NA,SCOPUS_ID:85212421661
Scopus,english,"Species, taxonomic, and functional group diversities of terrestrial mammals at risk under climate change and land-use/cover change scenarios in Mexico",NA,10.1111/gcb.16411,2022,Ureta C.,Global Change Biology,Article,NA,SCOPUS_ID:85137853241
Scopus,english,"Declining glacier cover drives changes in aquatic macroinvertebrate biodiversity in the Cordillera Blanca, Perú",NA,10.1111/gcb.17355,2024,Palacios-Robles E.,Global Change Biology,Article,NA,SCOPUS_ID:85198456997
Scopus,english,Mapping Resilient Landscapes to Climate Change in a Megadiverse Country,NA,10.1111/gcb.70544,2025,Rosenfield M.F.,Global Change Biology,Article,NA,SCOPUS_ID:105018398554
Scopus,english,Social protection and the climate crisis: The case of Brazil’s emergency responses to the 2024 Rio Grande do Sul floods,NA,10.1111/issr.70005,2025,Tebaldi R.,International Social Security Review,Article,NA,SCOPUS_ID:105015705774
Scopus,english,Historical biogeography shapes functional ecology: Inter-continental contrasts in responses of savanna ant communities to stress and disturbance,NA,10.1111/jbi.14343,2022,Andersen A.N.,Journal of Biogeography,Article,NA,SCOPUS_ID:85126358034
Scopus,english,"Sugar-Rich Resources Mediate Geographic Morphological Variation in a Dominant, Neotropical Savanna Ant",NA,10.1111/jbi.15111,2025,Azevedo-Silva M.,Journal of Biogeography,Article,NA,SCOPUS_ID:105002983765
Scopus,english,Atopic dermatitis: A global health perspective,NA,10.1111/jdv.19723,2024,Faye O.,Journal of the European Academy of Dermatology and Venereology,Article,NA,SCOPUS_ID:85180914258
Scopus,english,"Data-Driven Modeling for Urban Flood Warning Systems: A Case Study in the Guarará Basin, Brazil",NA,10.1111/jfr3.70110,2025,Hossoda D.H.,Journal of Flood Risk Management,Conference Paper,NA,SCOPUS_ID:105011951148
Scopus,english,Diversity Patterns of Tree Communities Across Multiple Flood Gradients With Separate Fire Histories: Unveiling Patterns in a Wetland Ecosystem,NA,10.1111/jvs.70044,2025,de Almeida Souza A.H.,Journal of Vegetation Science,Article,NA,SCOPUS_ID:105008869911
Scopus,english,Local adaptation of Pinus leiophylla under climate and land use change models in the Avocado Belt of Michoacán,NA,10.1111/mec.17424,2024,Izaguirre-Toriz V.,Molecular Ecology,Article,NA,SCOPUS_ID:85194841090
Scopus,english,Potential geographic displacement of Chagas disease vectors under climate change,NA,10.1111/mve.12810,2025,Brasil L.S.,Medical and Veterinary Entomology,Article,NA,SCOPUS_ID:105005866381
Scopus,english,"Identification of a triatomine infected with Trypanosoma cruzi in an urban area of the state of Veracruz, Mexico: A comprehensive study",NA,10.1111/zph.13038,2023,Ochoa-Martínez P.,Zoonoses and Public Health,Article,NA,SCOPUS_ID:85150593656
Scopus,english,"Impact of Climate Change on Cassava Yield in Guapimirim, State of Rio de Janeiro, Southeast Brazil",NA,10.11137/1982-3908_2022_45_40817,2022,Santos C.A.M.,Anuario do Instituto De Geociencias,Article,NA,SCOPUS_ID:85139485400
Scopus,english,Evaluation of Coastal Management in the Municipality of Paulista/PE in the Light of the Decalogue,NA,10.11137/1982-3908_2024_47_61160,2023,Maciel A.L.L.d.G.,Anuario do Instituto De Geociencias,Article,NA,SCOPUS_ID:85206566755
Scopus,english,"Family Agriculture and Socio-Productive Transformations in the Rural-Urban System of the Municipality of Centro, Tabasco, in southern Mexico",NA,10.11144/javeriana.cdr22.afts,2025,García A.J.,Cuadernos De Desarrollo Rural,Article,NA,SCOPUS_ID:105027964511
Scopus,english,Learning from a climate disaster: The catastrophic floods in southern Brazil,NA,10.1126/science.adr8356,2024,Pillar V.D.,Science New York N Y,Article,NA,SCOPUS_ID:85203420470
Scopus,english,Temporal trends of daily extreme temperature indices in North-Central Mexico,NA,10.1127/metz/2022/1110,2022,Ruiz-Alvarez O.,Meteorologische Zeitschrift,Article,NA,SCOPUS_ID:85139991459
Scopus,english,Rhizospheric bacteria from the Atacama Desert hyper-arid core: cultured community dynamics and plant growth promotion,NA,10.1128/spectrum.00056-24,2024,Castro-Severyn J.,Microbiology Spectrum,Article,NA,SCOPUS_ID:85195202413
Scopus,english,"Living to the High Extreme: Unraveling the Composition, Structure, and Functional Insights of Bacterial Communities Thriving in the Arsenic-Rich Salar de Huasco Altiplanic Ecosystem",NA,10.1128/spectrum.00444-21,2021,Castro-Severyn J.,Microbiology Spectrum,Article,NA,SCOPUS_ID:85115902496
Scopus,english,Study of Wetland Soils of the Salar de Atacama with Different Azonal Vegetative Formations Reveals Changes in the Microbiota Associated with Hygrophile Plant Type on the Soil Surface,NA,10.1128/spectrum.00533-22,2022,Ramos-Tapia I.,Microbiology Spectrum,Article,NA,SCOPUS_ID:85140856078
Scopus,english,The role of wildfires in the recovery strategy for the endangered southern California steelhead,NA,10.1130/2024.2562(06),2024,Capelli M.H.,Special Paper of the Geological Society of America,Article,NA,SCOPUS_ID:85187556278
Scopus,english,Exposure to ambient high temperature and increased risk of hospitalisation for non-infectious bowel diseases during 2000-2019: A case-crossover study in 1816 Brazilian cities,NA,10.1136/oemed-2024-109710,2025,Zhuang M.,Occupational and Environmental Medicine,Article,NA,SCOPUS_ID:85217505321
Scopus,english,"WHEN CLIMATE CHANGES, so DOES VIOLENCE: EXAMINING the LINK between WEATHER and CRIME in PERNAMBUCO-NORTHEAST, BRAZIL",NA,10.1142/s2010007823500276,2024,De Souza Sá Á.R.,Climate Change Economics,Article,NA,SCOPUS_ID:85188158376
Scopus,english,IMPACTS OF ECONOMIC GROWTH WITH FOREST PRESERVATION IN THE AMAZON AND CERRADO BIOMES IN BRAZIL,NA,10.1142/s2010007824500088,2025,Souza G.C.P.,Climate Change Economics,Article,NA,SCOPUS_ID:105001089660
Scopus,english,Leaf Area Estimation of Cenostigma pyramidale: A Native Brazilian Caatinga Species,NA,10.1155/2024/8024418,2024,Pompelli M.F.,International Journal of Forestry Research,Article,NA,SCOPUS_ID:85199884266
Scopus,english,"Mammal prevalence after the fire catastrophe in northeastern Pantanal, Brazil",NA,10.11606/1807-0205/2023.63.022,2023,de Deus F.F.,Papeis Avulsos De Zoologia,Article,NA,SCOPUS_ID:85169087046
Scopus,english,New multilateralism: The United Nations and governance in the era of nonstate actors,NA,10.1163/9789004516489_006,2022,Bloodgood E.A.,Does the Un Model Still Work Challenges and Prospects for the Future of Multilateralism,Book Chapter,NA,SCOPUS_ID:85198336117
Scopus,english,"Changing Climate, Changing Fire: Understanding Ecosystem-Specific Fire–Climate Dynamics in Arizona and New Mexico",NA,10.1175/ei-d-25-0001.1,2025,Crimmins M.A.,Earth Interactions,Article,NA,SCOPUS_ID:105015347676
Scopus,english,Sustainability and Profitability in Social Housing: Evaluation of a Bioclimatic Envelope for Warm Tropical Climates,NA,10.1175/jcli-d-24-0734.1,2025,Alegria-Lenis H.F.,Journal of Climate,Article,NA,SCOPUS_ID:105035056652
Scopus,english,Centering at the Margins: Critical Community Resilience Praxis,NA,10.1177/0022167818825305,2021,Atallah D.G.,Journal of Humanistic Psychology,Article,NA,SCOPUS_ID:85060695850
Scopus,english,The case for a climate bonus: waste pickers’ perceptions of climate change in Minas Gerais,NA,10.1177/09562478241230813,2024,Dias S.M.,Environment and Urbanization,Article,NA,SCOPUS_ID:85191310299
Scopus,english,Occupation of vacant buildings in central districts by social movements as a means to deal with climate change in an inclusive way: the cases of cities São Paulo and Natal,NA,10.1177/09562478241230814,2024,Moretti J.A.,Environment and Urbanization,Article,NA,SCOPUS_ID:85187450026
Scopus,english,"Thermo-energetic performance of two dwellings during a heat wave in the Buenos Aires province, Argentina: On-site response assessment and adaptation strategies testing",NA,10.1177/1420326x241301512,2025,Chévez P.,Indoor and Built Environment,Article,NA,SCOPUS_ID:105002264291
Scopus,english,Assessing the Vulnerability of Endemic Colombian Amphibian Species to Climate Change in an Isolated Montane Ecosystem,NA,10.1177/19400829231225236,2024,Roach N.S.,Tropical Conservation Science,Article,NA,SCOPUS_ID:85188081693
Scopus,english,Understanding everyday water experiences through flows: A feminist political ecology take on household metabolism,NA,10.1177/25148486241250012,2025,Fragkou M.C.,Environment and Planning E Nature and Space,Article,NA,SCOPUS_ID:105001641135
Scopus,english,The social construction of risk: A local perspective of the vulnerability of artisanal fisheries to climate change,NA,10.1177/26349817221080864,2022,Montejo-Damián K.C.,Coastal Studies and Society,Article,NA,SCOPUS_ID:85179732529
Scopus,english,Agri-silvicultures of Mexican Arid America,NA,10.1186/s13002-023-00612-5,2023,Andablo-Reyes A.d.C.,Journal of Ethnobiology and Ethnomedicine,Article,NA,SCOPUS_ID:85171353295
Scopus,english,The race to disasters - is the international relief community ready for future disasters?,NA,10.1186/s13584-024-00657-1,2024,Peleg K.,Israel Journal of Health Policy Research,Article,NA,SCOPUS_ID:85212396484
Scopus,english,Chilean long-term Socio-Ecological Research Network: progresses and challenges towards improving stewardship of unique ecosystems: Red Chilena de Investigación Socio-Ecológica de Largo Plazo: Avances y desafíos para el manejo responsable de ecosistemas únicos,NA,10.1186/s40693-023-00114-4,2023,Frêne C.,Revista Chilena De Historia Natural,Note,NA,SCOPUS_ID:85150896910
Scopus,english,Unveiling emerging interdisciplinary research challenges in the highly threatened sclerophyllous forests of central Chile,NA,10.1186/s40693-024-00130-y,2024,Delpiano C.A.,Revista Chilena De Historia Natural,Article,NA,SCOPUS_ID:85200718627
Scopus,english,"Deciphering the fiber quality of Gossypium barbadense L. var. brasiliensis in La Convención, Cusco, Perú",NA,10.1186/s42397-024-00184-z,2024,MORALES-ARANIBAR L.,Journal of Cotton Research,Article,NA,SCOPUS_ID:85197254617
Scopus,english,"Water Status of Polylepis Forests Related to Altitudinal Gradient, Microclimate Variables and Slope",NA,10.12911/22998993/132425,2021,Yaranga R.,Journal of Ecological Engineering,Article,NA,SCOPUS_ID:85101778662
Scopus,english,Sustainable Agriculture in Peru Based on Agrobiodiversity and Climate-Smart Agriculture – Evaluation of a Case Study with Small Farmers in an Andean Basin,NA,10.12911/22998993/185221,2024,Aguilar-Luis M.A.,Journal of Ecological Engineering,Article,NA,SCOPUS_ID:85187504263
Scopus,english,Engaging with communities in the Global South to address climate change,NA,10.13031/aim.202501131,2025,Ouellet-Plamondon C.,2025 Asabe Annual International Meeting,Conference Paper,NA,SCOPUS_ID:105015364955
Scopus,english,Rural livelihood diversification is associated with lower vulnerability to climate change in the Andean-Amazon foothills,NA,10.1371/journal.pclm.0000051,2022,Beltrán-Tolosa L.M.,Plos Climate,Article,NA,SCOPUS_ID:85162771858
Scopus,english,"Informing adaptation strategy through mapping the dynamics linking climate change, health, and other human systems: Case studies from Georgia, Lebanon, Mozambique and Costa Rica",NA,10.1371/journal.pclm.0000184,2023,Loffreda G.,Plos Climate,Article,NA,SCOPUS_ID:85214567822
Scopus,english,Unseen scars: Understanding the mental health burdens of climate change on indigenous and rural Peruvian women,NA,10.1371/journal.pclm.0000527,2025,Flores E.C.,Plos Climate,Article,NA,SCOPUS_ID:105010108252
Scopus,english,Physiological traits contribute to growth and adaptation of Mexican maize landraces,NA,10.1371/journal.pone.0290815,2024,Pace B.A.,Plos One,Article,NA,SCOPUS_ID:85183813859
Scopus,english,Twenty-first-century demographic and social inequalities of heat-related deaths in Brazilian urban areas,NA,10.1371/journal.pone.0295766,2024,dos Santos D.M.,Plos One,Article,NA,SCOPUS_ID:85183333403
Scopus,english,"Taxonomic, phylogenetic, and functional diversity of mollusk death assemblages in coral reef and seagrass sediments from two shallow gulfs in Western Cuban Archipelago",NA,10.1371/journal.pone.0303539,2024,Peraza-Escarrá R.,Plos One,Article,NA,SCOPUS_ID:85193205306
Scopus,english,Mapping climate adaptation corridors for biodiversity—A regional-scale case study in Central America,NA,10.1371/journal.pone.0304756,2024,McCullough I.M.,Plos One,Article,NA,SCOPUS_ID:85195003186
Scopus,english,"Drivers of urban biodiversity in Mexico and joint risks from future urban expansion, climate change, and urban heat island effect",NA,10.1371/journal.pone.0308522,2024,Velasco J.A.,Plos One,Article,NA,SCOPUS_ID:85205805063
Scopus,english,Enhancing air quality predictions in Chile: Integrating ARIMA and Artificial Neural Network models for Quintero and Coyhaique cities,NA,10.1371/journal.pone.0314278,2025,Vallejo F.,Plos One,Article,NA,SCOPUS_ID:85215243292
Scopus,english,Seabird strandings on the Brazilian coast: What influences spatial and temporal patterns?,NA,10.1371/journal.pone.0317335,2025,da Silva Rodrigues R.,Plos One,Article,NA,SCOPUS_ID:105003055721
Scopus,english,Epidemiological dynamics of dengue in Peru: Temporal and spatial drivers between 2000 and 2022,NA,10.1371/journal.pone.0319708,2025,Rufasto Goche K.S.,Plos One,Article,NA,SCOPUS_ID:105000316057
Scopus,english,Functional safeguards for conservation: Identifying climate change refugia for frugivorous and nectarivorous birds in a degraded area of Colombia,NA,10.1371/journal.pone.0321817,2025,Sáenz-Jiménez F.,Plos One,Article,NA,SCOPUS_ID:105006753186
Scopus,english,Making scarcity “enough”: The hidden household costs of adapting to water scarcity in Mexico City,NA,10.1371/journal.pwat.0000056,2023,Huberts A.,Plos Water,Article,NA,SCOPUS_ID:85163389590
Scopus,english,Assessment of soil vulnerability to water erosion in the province of Manabí (Ecuador) through the application of a geospatial model,NA,10.14198/ingeo.27414,2025,Andrade-Carreño I.,Investigaciones Geograficas,Article,NA,SCOPUS_ID:85217544104
Scopus,english,"RISK MANAGEMENT AND VULNERABILITY TO SEA LEVEL RISE IN BRAZIL, WITH EMPHASIS TO THE LEGACY OF THE METROPOLE PROJECT IN SANTOS",NA,10.14295/derb.v43.768,2022,Marengo J.A.,Derbyana,Article,NA,SCOPUS_ID:85146353788
Scopus,english,VULNERABILITIES OF WATER SECURITY FACED WITH CLIMATE CHANGE IN BRAZIL.,NA,10.14295/derb.v43.777,2022,Pereira V.R.,Derbyana,Article,NA,SCOPUS_ID:85146354397
Scopus,english,"Risk of urban flash floods in the Guadalajara Metropolitan Area, Mexico",NA,10.14350/rig.60547,2022,López M.,Investigaciones Geograficas,Article,NA,SCOPUS_ID:85137218493
Scopus,english,Vulnerability and climate risk. The challenges of Mexico City towards the first third of the 21st Century,NA,10.14350/rig.60844,2024,Graizbord B.,Investigaciones Geograficas,Article,NA,SCOPUS_ID:85201051436
Scopus,english,"Mitigation and adaptation actions for coastal erosion of sandy beaches in the Southern Caribbean, Costa Rica",NA,10.14350/rig.60854,2024,Castillo-Chinchilla M.,Investigaciones Geograficas,Article,NA,SCOPUS_ID:85212240253
Scopus,english,Analysis of the meteorological risk of drought and the social perception of the phenomenon in the Media and Huasteca Potosina regions of Mexico,NA,10.14350/rig.60919,2025,Vaca-Genuit R.A.,Investigaciones Geograficas,Article,NA,SCOPUS_ID:105002164870
Scopus,english,CLIMATE PLANNING AND LOCAL GOVERNMENT: ACTORS AND CLIMATE CHANGE MEASURES,NA,10.14455/isec.2024.11(1).pnd-01,2024,Llacas L.,Proceedings of International Structural Engineering and Construction,Conference Paper,NA,SCOPUS_ID:85192757641
Scopus,english,LOCAL COMMUNITY PRACTICES AND ANCIENT KNOWLEDGE AS KEY FACTOR PROMOTING CLIMATE ACTION IN URBAN GOVERNANCE,NA,10.14455/isec.2025.12(1).pnd-04,2025,Llacas-Vicuña L.,Proceedings of International Structural Engineering and Construction,Conference Paper,NA,SCOPUS_ID:105026770113
Scopus,english,Disaster risk management: competencies for a new hydro-environmental culture,NA,10.15359/ru.36-1.8,2022,Muñoz J.A.,Uniciencia,Article,NA,SCOPUS_ID:85124628942
Scopus,english,Do environmental competences in climate risk management make second-cycle students at Excelencia Cahuita Elementary School in Limón more resilient?,NA,10.15359/ru.39-1.5,2025,Arauz-Muñoz J.,Uniciencia,Article,NA,SCOPUS_ID:105000143553
Scopus,english,Resilience of vegetation cover in Southwest Mexico to the climate change effects,NA,10.15381/rpb.v28i2.18187,2021,Fernández A.S.,Revista Peruana De Biologia,Article,NA,SCOPUS_ID:85108831624
Scopus,english,"PRELIMINARY MODEL OF POTENTIAL AREAS FOR RESTORATION FOR THE INTER-ANDEAN VALLEY OF CAUCA RIVER (COLOMBIA, SOUTH AMERICA) BASED ON HABITAT SUITABILITY MODELS",NA,10.15446/abc.v29n2.103070,2024,Alvarado-Solano D.P.,Acta Biologica Colombiana,Article,NA,SCOPUS_ID:85203602591
Scopus,english,Ecological infrastructure and urban adaptation to climate change. Exploring the potential of green spaces,NA,10.15446/bitacora.v33n3.109527,2023,Karis C.M.,Bitacora Urbano Territorial,Article,NA,SCOPUS_ID:85186728324
Scopus,english,Climate change adaptation from a territorial planning perspective with a regional focus,NA,10.15446/bitacora.v34n2.113232,2024,Rodríguez A.J.S.,Bitacora Urbano Territorial,Article,NA,SCOPUS_ID:85206088074
Scopus,english,Argentine cities in the context of climate change: Explorations for risk analysis and urban resilience,NA,10.15446/rcdg.v30n2.87584,2021,Zulaica L.,Cuadernos De Geografia Revista Colombiana De Geografia,Article,NA,SCOPUS_ID:85111252655
Scopus,english,"Green infrastructure planning for climate emergency: Learning from the “stgo+” project, santiago de chile",NA,10.15446/rcdg.v30n2.88749,2021,Giannotti E.,Cuadernos De Geografia Revista Colombiana De Geografia,Article,NA,SCOPUS_ID:85111905130
Scopus,english,"Mesozooplankton responses to oceanographic conditions across different scales in Salinas Bay, Northern Pacific coast of Costa Rica during 2011-2013",NA,10.15517/rbt.v69is2.48741,2021,Morales-Ramírez Á.,Revista De Biologia Tropical,Article,NA,SCOPUS_ID:85125317619
Scopus,english,"Epidemiological landscapes in the Amazon: exploring the association between land use, environmental indicators, and vector-borne diseases",NA,10.1590/0102-311xen067024,2025,Claudia Rorato Vitor A.,Cadernos De Saude Publica,Article,NA,SCOPUS_ID:105009585445
Scopus,english,"Food consumption of the urban population in a municipality in the Legal Amazon, during climate events of flood and drought: a comparative study",NA,10.1590/0102-311xpt110223,2024,Guimarães P.d.S.,Cadernos De Saude Publica,Article,NA,SCOPUS_ID:85206619844
Scopus,english,"Hotter, longer and more frequent heatwaves: An observational study for the brazilian city of campinas, sp",NA,10.1590/0102-77863620119,2021,de Oliveira D.S.,Revista Brasileira De Meteorologia,Article,NA,SCOPUS_ID:85110530067
Scopus,english,How to diversify native trees in cities: a trait-based approach in the Atlantic Forest in southern Brazil,NA,10.1590/1519-6984.298476,2025,Kanieski M.R.,Brazilian Journal of Biology,Article,NA,SCOPUS_ID:105029524443
Scopus,english,"CARBON BALANCE OF LAND USE, LAND-USE CHANGE AND FORESTRY (LULUCF) IN THE BRAZILIAN CHACO",NA,10.1590/1806-908820230000020,2023,Fidalgo E.C.C.,Revista Arvore,Article,NA,SCOPUS_ID:85175047902
Scopus,english,Brazil and its disarranged climate policy towards COP 27,NA,10.1590/1809-4422asoceditorialvu2022l3edeng,2022,de Arruda Filho M.T.,Ambiente E Sociedade,Article,NA,SCOPUS_ID:85143763496
Scopus,english,Displacements induced by rain-related disasters in Brazil between 2013 and 2022,NA,10.1590/1980-858525038800032206,2024,Moreira R.E.d.A.,Revista Interdisciplinar Da Mobilidade Humana,Article,NA,SCOPUS_ID:85212273408
Scopus,english,Risk analysis of hydrometeorological disasters: methodological approach ap-plied to medium-sized municipalities,NA,10.1590/2175-3369.015.e20220150,2023,Pereira M.T.,Urbe,Article,NA,SCOPUS_ID:85178043774
Scopus,english,Marine animal forests in turbid environments are overlooked seascapes in urban areas,NA,10.1590/2675-2824071.22060mos,2023,Soares M.d.O.,Ocean and Coastal Research,Article,NA,SCOPUS_ID:85158093781
Scopus,english,Possibilidades e limites da transicao energetica: uma analise a luz da ciencia pos-normal,NA,10.1590/s0103-4014.2021.35103.010,2021,Lampis A.,Estudos Avancados,Article,NA,SCOPUS_ID:85119932531
Scopus,english,Sistemas municipais de saúde e mudanças climáticas: desafios de infraestrutura e resiliência no Brasil,NA,10.1590/s0103-4014.202539114.005,2025,Martins F.P.,Estudos Avancados,Article,NA,SCOPUS_ID:105018096325
Scopus,english,A agropecuária como parte da solução no enfrentamento das mudanças climáticas globais,NA,10.1590/s0103-4014.202539114.006,2025,Eduardo Pellegrino Cerri C.,Estudos Avancados,Article,NA,SCOPUS_ID:105018358945
Scopus,english,Synthetic biology and climate change: innovations for a sustainable future,NA,10.1590/s1678-3921.pab2025.v60.04148,2025,da Silva E.F.,Pesquisa Agropecuaria Brasileira,Review,NA,SCOPUS_ID:105028408275
Scopus,english,"Impact of carbonation on reinforced concrete structures, considering the increase of CO2 due to climate change in Brazil",NA,10.1590/s1983-41952025000800014,2025,Teodoro C.P.,Revista Ibracon De Estruturas E Materiais,Article,NA,SCOPUS_ID:105001360138
Scopus,english,Integrating Climate and Biodiversity Agendas: The challenge and the opportunity for the COP30 in Brazil,NA,10.1590/s1984-4689.v42.e25092,2025,Bustamante M.,Zoologia,Article,NA,SCOPUS_ID:105026243404
Scopus,english,A Conceptual Model for Rehabilitation of Puna Grassland Social-Ecological Systems,NA,10.1659/mrd.2023.00019,2023,Mendoza-Ato A.,Mountain Research and Development,Article,NA,SCOPUS_ID:85188350900
Scopus,english,"Georgetown, Guyana, coastal defences, climate change adaptation, design and procurement",NA,10.1680/cmsb.67042.1289,2024,Stewart M.,Coasts Marine Structures and Breakwaters 2023 Resilience and Adaptability in A Changing Climate,Book Chapter,NA,SCOPUS_ID:85190633430
Scopus,english,Transport resilience to weather and climate: an interdisciplinary view from Rio de Janeiro,NA,10.1680/jurdp.21.00006a,2022,Ferranti E.J.S.,Proceedings of the Institution of Civil Engineers Urban Design and Planning,Article,NA,SCOPUS_ID:85129175789
Scopus,english,IDENTIFICATION OF CLIMATE-RESILIENT TEOSINTE POPULATIONS TO ASSIST MAIZE ADAPTATION IN THE FUTURE,NA,10.17129/botsci.3680,2025,Aguirre-Liguori J.A.,Botanical Sciences,Article,NA,SCOPUS_ID:105015179983
Scopus,english,The impact of COVID-19 on the sustainable intensification of forage-based beef and dairy value chains in Colombia: a blessing and a curse,NA,10.17138/tgft(10)237-248,2022,Burkart S.,Tropical Grasslands Forrajes Tropicales,Article,NA,SCOPUS_ID:85139988509
Scopus,english,Climate actions in the face of severe drought: The case of rural coastal communities in central Chile,NA,10.17141/iconos.79.2024.5962,2024,Reyes-García P.,Iconos,Article,NA,SCOPUS_ID:85193525203
Scopus,english,"Contribution of trees to carbon stocks in urban–rural ecosystems: Taxonomic, phylogenetic, and functional diversity in response to bioclimatic and geographic factors",NA,10.17268/sci.agropecu.2026.006,2025,Serrano M.,Scientia Agropecuaria,Article,NA,SCOPUS_ID:105020445981
Scopus,english,Climate change and the adaptation agenda in Brazilian cities,NA,10.17345/rcda3047,2021,Barbi F.,Revista Catalana De Dret Ambiental,Article,NA,SCOPUS_ID:85112725705
Scopus,english,Phenotypic plasticity of Alternanthera philoxeroides in response to simulated daily warming in the Tibet Plateau in introduced vs. native populations,NA,10.17520/biods.2021095,2021,Deng M.,Biodiversity Science,Article,NA,SCOPUS_ID:85122086224
Scopus,english,Lessons From Climate and Pandemic‐Induced Disruptions in Building Public Transport Resilience,NA,10.17645/up.9943,2025,Hirwa E.M.,Urban Planning,Article,NA,SCOPUS_ID:105022645308
Scopus,english,Identifying the social urban spatial structure of vulnerability: Towards climate change equity in Bogotá,NA,10.17645/up.v6i4.4630,2021,Barbosa V.,Urban Planning,Article,NA,SCOPUS_ID:85121122842
Scopus,english,Social‐Ecological Knowledge Integration in Co‐Design Processes: Lessons From Two Resilient Urban Parks in Chile,NA,10.17645/up.v8i2.6522,2023,Gaete M.,Urban Planning,Article,NA,SCOPUS_ID:85162829512
Scopus,english,SOIL EROSION DUE TO RAINFALL AND THE IMPACTS OF CLIMATE CHANGE IN AN ANDEAN HIGHLAND IN COLOMBIA,NA,10.18172/cig.5667,2023,Lamprea-Quiroga P.S.,Geographical Research Letters,Article,NA,SCOPUS_ID:85179700095
Scopus,english,THE ROLE OF GREEN ROOFS IN CLIMATE CHANGE MITIGATION AND ADAPTATION: ANALYZING PERFORMANCE DURING EXTREME RAINFALL EVENTS,NA,10.18172/cig.6411,2025,Brendel A.S.,Geographical Research Letters,Article,NA,SCOPUS_ID:105012897604
Scopus,english,Cultural aspects for adaptation to the climate change impacts on the Ecosystem Services in a case study of Central Amazon,NA,10.18472/sustdeb.v14n2.2023.45461,2023,Almeida Canova M.,Sustainability in Debate,Article,NA,SCOPUS_ID:85173660025
Scopus,english,"Environmental migration, (im)mobility, and adaptation to droughts in the Seridó Potiguar",NA,10.18472/sustdeb.v15n3.2024.55532,2024,Correia I.A.,Sustainability in Debate,Article,NA,SCOPUS_ID:85212945336
Scopus,english,Municipal climate vulnerability in Western Paraná (2012–2024): a multivariate approach to territorial planning,NA,10.18472/sustdeb.v16n3.2025.58151,2025,Piacentini R.V.,Sustainability in Debate,Article,NA,SCOPUS_ID:105031730192
Scopus,english,Post-glacial chronosequence of the Pastoruri snow-capped and modeling of pioneer plant species,NA,10.18687/laccei2021.1.1.38,2021,Palermo N.A.,Proceedings of the Laccei International Multi Conference for Engineering Education and Technology,Conference Paper,NA,SCOPUS_ID:85122017160
Scopus,english,"Territorial strategy for climate change adaptation and mitigation in the municipality of Tona, Santander, Colombia",NA,10.18687/laccei2024.1.1.1562,2024,Alberto Amaya Corredor C.,Proceedings of the Laccei International Multi Conference for Engineering Education and Technology,Conference Paper,NA,SCOPUS_ID:85203816351
Scopus,english,"Hydrological-Hydraulic Modeling with climate change impact and influence of the Curve Number (CN) in the Ichu river basin, Huancavelica-Peru",NA,10.18687/laccei2025.1.1.1017,2025,Ayala Bizarro I.,Proceedings of the Laccei International Multi Conference for Engineering Education and Technology,Conference Paper,NA,SCOPUS_ID:105019318217
Scopus,english,"Climate change adaptation and mitigation strategy in a rural territory, Vereda Tres Portones, El Playón, Santander, Colombia",NA,10.18687/laccei2025.1.1.1177,2025,Alberto Amaya Corredor C.,Proceedings of the Laccei International Multi Conference for Engineering Education and Technology,Conference Paper,NA,SCOPUS_ID:105019311587
Scopus,english,SMART URBAN FARMING WITH SUSTAINABLE MINI-GARDEN AS A TECHNOLOGICAL SOLUTION TO FOOD INSECURITY,NA,10.18687/laccei2025.1.1.2454,2025,Elizabeth Puelles Bulnes M.,Proceedings of the Laccei International Multi Conference for Engineering Education and Technology,Conference Paper,NA,SCOPUS_ID:105019304864
Scopus,english,Forest Zoning in the Peruvian Amazon: Strategies to mitigate its environmental impacts and strengthen environmental governance in Peru,NA,10.18687/laccei2025.1.1.853,2025,Gabriel Barboza Isla N.,Proceedings of the Laccei International Multi Conference for Engineering Education and Technology,Conference Paper,NA,SCOPUS_ID:105019309140
Scopus,english,Participatory planning for disaster risk reduction: learning pathways to bridge the gap between state and territory,NA,10.18800/kawsaypacha.202402.d001,2024,Recharte J.,Revista Kawsaypacha Sociedad Y Medio Ambiente,Article,NA,SCOPUS_ID:85205092309
Scopus,english,Potential Adaptation Responses to Climate Change in Small-Scale Fisheries along the Colombian Pacific,NA,10.18848/1835-7156/cgp/v14i02/149-171,2022,Selvaraj J.J.,International Journal of Climate Change Impacts and Responses,Article,NA,SCOPUS_ID:85178487014
Scopus,english,"Forest, bamboo, and agroforestry systems for climate change adaptation in coffee farms in Colombia",NA,10.19182/bft2025.362.a37432,2025,Villalba Malaver J.C.,Bois Et Forets Des Tropiques,Article,NA,SCOPUS_ID:105008739306
Scopus,english,Trends in Temperature Extremes in Selected Growing Cities of Mexico Under a Non-stationary Climate,NA,10.20937/atm.52784,2021,Rafael García-Cueto O.,Atmosfera,Article,NA,SCOPUS_ID:85109432620
Scopus,english,Urban planning and climate adaptation: Between possibilities and challenges in two major Brazilian cities,NA,10.20947/s0102-3098a0165,2021,Teixeira R.L.P.,Revista Brasileira De Estudos De Populacao,Article,NA,SCOPUS_ID:85113312257
Scopus,english,Smart cities and climate change in Brazil: debates and tensions in contemporary urban management,NA,10.21056/aec.v22i88.1609,2022,de Casimiro L.M.S.M.,A E C Revista De Direito Administrativo E Constitucional,Article,NA,SCOPUS_ID:85142088736
Scopus,english,Potential Development of Natural Infrastructure Projects for Water Security,NA,10.21142/ss-0501-2024-e097,2024,Vásquez-Ramírez G.L.,South Sustainability,Article,NA,SCOPUS_ID:105026611046
Scopus,english,The key role for groundwater in urban water-supply security,NA,10.2166/wcc.2022.174,2022,Foster S.,Journal of Water and Climate Change,Article,NA,SCOPUS_ID:85141731808
Scopus,english,Meta-learning applied to a multivariate single-step fusion model for greenhouse gas emission forecasting in Brazil,NA,10.2166/wcc.2024.252,2024,Enamoto L.M.,Journal of Water and Climate Change,Article,NA,SCOPUS_ID:85203185323
Scopus,english,Beyond the faucet: social-geographic disparities and trends in intermittent water supply in Peru,NA,10.2166/wh.2025.386,2025,Hernández-Vásquez A.,Journal of Water and Health,Article,NA,SCOPUS_ID:85216746261
Scopus,english,Assessment of public space potential for climate change adaptation in three Colombian cities: nature-based solutions and urban design guidelines,NA,10.2166/wpt.2024.089,2024,Marino R.,Water Practice and Technology,Article,NA,SCOPUS_ID:85196202792
Scopus,english,Water in the arid and semi-arid zones of Mexico,NA,10.2174/9789815322439125010006,2025,Gallegos-Neyra E.M.,Soil Improvement and Water Conservation Biotechnology,Book Chapter,NA,SCOPUS_ID:105005900400
Scopus,english,Participatory territorial planning: A knowledge management-based tool for socioecological analysis in arid zones,NA,10.2174/9789815322460125010013,2025,Salazar-Rojas V.M.,Arid and Semi Arid Zones of Mexico A Comprehensive Exploration of Biodiversity Ecology and Conservation,Book Chapter,NA,SCOPUS_ID:105023582671
Scopus,english,Landscape fragmentation and loss of connectivity in Polylepis forests in Peru and its vulnerability to climate change,NA,10.21829/myb.2024.3032593,2024,Chanove-Manrique A.,Madera Y Bosques,Article,NA,SCOPUS_ID:85212783557
Scopus,english,Risk Assessment and Adaptation to Climate Change Impacts in Mexico for Indigenous and Women,NA,10.21926/aeer.2302035,2023,Oswald-Spring Ú.,Advances in Environmental and Engineering Research,Article,NA,SCOPUS_ID:105019797648
Scopus,english,"Climate change vulnerability index in the water resources sector, applied in four locations in Honduras",NA,10.21931/rb/2022.07.03.21,2022,Peña Paz T.,Bionatura,Review,NA,SCOPUS_ID:85139119094
Scopus,english,"URBAN GROWTH AND VULNERABILITY TO CLIMATE CHANGE OF THE QUEVEDO CONURBATION, ECUADOR",NA,10.22320/07183607.2025.28.51.08,2025,Nieto-Cañarte C.,Urbano,Article,NA,SCOPUS_ID:105015088094
Scopus,english,RISKS FROM FLUCTUATIONS IN CYCLICAL CLIMATE OSCILLATIONS IN THE FACE OF CLIMATE CHANGE IN NORTHERN CHILE,NA,10.23854/07199562.2024602.valenzuela,2024,Valenzuela-Heredia D.,Revista Geografica De Chile Terra Australis,Article,NA,SCOPUS_ID:105009867351
Scopus,english,"Seed keepers, Ecological Knowledge, and Climate Change Adaptation. Risaralda Colombia",NA,10.24215/15155994e260,2024,Arenas A.M.G.,Mundo Agrario,Article,NA,SCOPUS_ID:85211058788
Scopus,english,Adaptation model to climate change in the traditional homes of the Weenhayek people in Bolivia,NA,10.24294/jipd.v8i8.6042,2024,Rojas-Molina J.M.,Journal of Infrastructure Policy and Development,Article,NA,SCOPUS_ID:85202582109
Scopus,english,Securing The Sea: Ecosystem-based Adaptation And The Biopolitics Of Insuring Nature's Rents,NA,10.2458/jpe.2899,2021,Christiansen J.,Journal of Political Ecology,Article,NA,SCOPUS_ID:85111725361
Scopus,english,Domestic water saving practices and their relationship with metering and the perception of climate change in Mexican households,NA,10.24850/j-tyca-2024-04-01,2024,Lutz-Ley A.N.,Tecnologia Y Ciencias Del Agua,Article,NA,SCOPUS_ID:85197812091
Scopus,english,Geographies in conflict: Overlapping extractive activities in Peruvian wetlands,NA,10.24850/j-tyca-2025-04-01,2025,Soto-Ceferino R.,Tecnologia Y Ciencias Del Agua,Article,NA,SCOPUS_ID:105011244154
Scopus,english,"POTENTIAL OF SOLAR INCIDENCE IN MULTI-FAMILY STUDENTS’ PROJECTS IN LIMA, PERU",NA,10.2495/esus230091,2023,Valdivia-Sisniegas R.H.,Wit Transactions on Ecology and the Environment,Article,NA,SCOPUS_ID:85182354419
Scopus,english,PRIVATE LOT FLOOD PEAK ATTENUATION BY STORMWATER DETENTION TANKS,NA,10.2495/friar220051,2022,Schellin L.M.,Wit Transactions on the Built Environment,Conference Paper,NA,SCOPUS_ID:85140257064
Scopus,english,HYDROMETEOROLOGICAL RISKS AND THE INSTITUTIONAL MAP FOR CLIMATE CHANGE IN MEXICO,NA,10.2495/sdp220101,2022,Moreno-Villanueva M.,Wit Transactions on Ecology and the Environment,Conference Paper,NA,SCOPUS_ID:85137308881
Scopus,english,Parasitic wasps (Hymenoptera) and Biological Control in Chile: Applications and Potentials,NA,10.25085/rsea.820406,2023,Ricardo F.E.R.N.A.N.D.E.Z.,Revista De La Sociedad Entomologica Argentina,Article,NA,SCOPUS_ID:85181704800
Scopus,english,"Excess mortality associated with extreme heat in Rio de Janeiro, Brazil, 2023",NA,10.26633/rpsp.2025.76,2025,Fernandez-Medina R.D.,Revista Panamericana De Salud Publica Pan American Journal of Public Health,Article,NA,SCOPUS_ID:105016260947
Scopus,english,"NOTES ON POLLINATION ECOLOGY OF ALTENSTEINIA FIMBRIATA KUNTH IN THE CITY OF QUITO, ECUADOR",NA,10.26786/1920-7603(2024)786,2024,Carrera M.,Journal of Pollination Ecology,Article,NA,SCOPUS_ID:85215871457
Scopus,english,"Hydrological Risk Management in Urban Contexts: Effects of Heavy Rainfall on the Water Balance of Paudalho Municipality, Pernambuco, Northeastern Brazil",NA,10.26848/rbgf.v18.05.p4187-4201,2025,Ferreira M.L.,Revista Brasileira De Geografia Fisica,Article,NA,SCOPUS_ID:105015387406
Scopus,english,Analysis of thermal variation and rainfall index in Hydrographic basins in the Brazilian semi-arid rid according to CMIP6 projections,NA,10.26848/rbgf.v18.1.p001-018,2025,de Melo M.H.B.,Revista Brasileira De Geografia Fisica,Article,NA,SCOPUS_ID:85214835756
Scopus,english,Climatological Norms and the Effects of Climate Changes on Brazilian Capitals,NA,10.26848/rbgf.v18.3.p2278-2288,2025,E Avila A.C.d.M.,Revista Brasileira De Geografia Fisica,Article,NA,SCOPUS_ID:105002620513
Scopus,english,"Gravitational mass movements in Brazil: causes, consequences, and solutions",NA,10.28927/sr.2025.001625,2025,Coutinho R.Q.,Soils and Rocks,Review,NA,SCOPUS_ID:105012935163
Scopus,english,WatAI: AI-Based System for Real-Time Flow Monitoring and Demand Prediction in Water Networks,NA,10.28991/cej-2025-011-07-07,2025,Ladino-Moreno E.O.,Civil Engineering Journal Iran,Article,NA,SCOPUS_ID:105014127239
Scopus,english,The impact of heat waves in allergic diseases: Group Report of the Environmental Committee of the Mexican College of Clinical Immunology and Allergy (CMICA),NA,10.29262/ram.v72i4.1454,2025,de la Luz Cid del Prado Izquierdo M.,Revista Alergia Mexico,Article,NA,SCOPUS_ID:105025371581
Scopus,english,Temporary analysis of land use in a Ramsar site (No. 1981) in central Nuevo León,NA,10.29298/rmcf.v14i79.1356,2023,Medina García M.A.,Revista Mexicana De Ciencias Forestales,Article,NA,SCOPUS_ID:85174248586
Scopus,english,"Carbon composition and storage in palms of the Andean-Amazonian hotspot, Ecuadorian piedmont forest",NA,10.29298/rmcf.v16i89.1529,2025,Reyes-Morán H.,Revista Mexicana De Ciencias Forestales,Article,NA,SCOPUS_ID:105005436792
Scopus,english,DROUGHT AND QUALITY OF LIFE IN AN URBAN-RURAL AREA ACCORDING TO VULNERABLE GROUPS AND HEALTH PROFESSIONALS,NA,10.29393/ce28-2scac40002,2022,Ramirez A.V.,Ciencia Y Enfermeria,Article,NA,SCOPUS_ID:85129458431
Scopus,english,"Examining climate-related indices and landscape connectivity to understand mangrove fragmentation in Campeche, Mexico",NA,10.3097/lo.2024.1129,2024,Halecki W.,Landscape Online,Article,NA,SCOPUS_ID:85217900561
Scopus,english,Cities in the shadow of pandemic and climate crisis: New quality of space and reality,NA,10.31338/uw.9788323563068,2024,Biczynska E.,Cities in the Shadow of Pandemic and Climate Crisis New Quality of Space and Reality,Book,NA,SCOPUS_ID:105003982861
Scopus,english,Keeping 1.5ºC Alive in the Global South: Life or Death,NA,10.3138/jccpe-2022.1.1.0008b,2022,Vargas P.E.,Journal of City Climate Policy and Economy,Review,NA,SCOPUS_ID:105037034427
Scopus,english,Navigating Green Public Policy From the Intersection of Urban Heat Islands and Climate Vulnerability in the City of Viña del Mar,NA,10.3138/jccpe-2024-0011,2025,Torreblanca I.V.,Journal of City Climate Policy and Economy,Article,NA,SCOPUS_ID:105036577051
Scopus,english,Opportunities for Leveraging Nature-Based Solutions for Climate Resilience in Guatemala City: A Policy Perspective,NA,10.3138/jccpe-2024-0023,2025,Herrera L.,Journal of City Climate Policy and Economy,Review,NA,SCOPUS_ID:105036558710
Scopus,english,Mobilizing Private Finance for Adaptation and Resilience Priorities across Cities: Mexico City Case Study,NA,10.3138/jccpe-2024-0043,2025,González Guerrero A.F.,Journal of City Climate Policy and Economy,Article,NA,SCOPUS_ID:105034097610
Scopus,english,"Changing Urban Riskscapes: Climate Change, Finance, and the Built Environment",NA,10.3138/jccpe-2025-0013,2025,Cox S.,Journal of City Climate Policy and Economy,Review,NA,SCOPUS_ID:105036703432
Scopus,english,Bat Occupancy Based on Mist-Netting Surveys in a Montane Landscape in Northern Andes,NA,10.3161/15081109acc2020.22.2.008,2021,Mena J.L.,Acta Chiropterologica,Article,NA,SCOPUS_ID:85102602467
Scopus,english,"Forced Emplacement: Flood Exposure and Contested Confinements, from the Colony to Climate Migration",NA,10.3167/ares.2023.140102,2023,Hirsch E.,Environment and Society Advances in Research,Article,NA,SCOPUS_ID:85175094662
Scopus,english,Perceptions of health risks due to climate change in Mexico Juan,NA,10.3167/reco.2021.110204,2021,Castro J.A.G.,Regions and Cohesion,Article,NA,SCOPUS_ID:85108785316
Scopus,english,"First documented record of the Pantanal cat Leopardus braccatus (Cope, 1889) in Paraná State, Brazil",NA,10.31687/saremnms25.1177,2025,Oliveira R.C.,Notas Sobre Mamiferos Sudamericanos,Article,NA,SCOPUS_ID:105030607179
Scopus,english,"Evaluation of the ecosystem service protection of water sources in Amazon Piedemont, Caquetá, Colombia",NA,10.31910/rudca.v25.n1.2022.1608,2022,Pardo-Rozo Y.Y.,Revista U D C A Actualidad and Divulgacion Cientifica,Article,NA,SCOPUS_ID:85150168554
Scopus,english,"Water science library: Nature-based solution to the hydrosocial cycle, La Honda neighborhood, Medellín-Colombia",NA,10.32995/rev180.num-54.(2024).art-1265,2024,Marín L.M.R.,Revista 180,Article,NA,SCOPUS_ID:85214380050
Scopus,english,Promoting Safety Societies with a Non-Stationary Multidimensional Model that Prioritizes Flood Risks under Climate Change Effects,NA,10.3303/cet2290011,2022,Da Silva L.B.L.,Chemical Engineering Transactions,Article,NA,SCOPUS_ID:85131330345
Scopus,english,Climate change and cancer care: impacts and implications for patients and healthcare professionals,NA,10.3332/ecancer.2025.1973,2025,Flynn C.R.,Ecancermedicalscience,Article,NA,SCOPUS_ID:105016003257
Scopus,english,Climate shelters in the Global South: bridging a critical research gap in urban climate adaptation,NA,10.3389/fbuil.2025.1675897,2025,Cavaco I.C.,Frontiers in Built Environment,Short Survey,NA,SCOPUS_ID:105019973870
Scopus,english,Methodological approaches to assess climate vulnerability and cumulative impacts on coastal landscapes,NA,10.3389/fclim.2022.1018182,2022,Olivares-Aguilar I.C.,Frontiers in Climate,Article,NA,SCOPUS_ID:85141600026
Scopus,english,Reparation ecology and climate risk in Latin-America: Experiences from four countries,NA,10.3389/fclim.2022.897424,2022,Lampis A.,Frontiers in Climate,Article,NA,SCOPUS_ID:85140599361
Scopus,english,"Climate projections of precipitation and temperature in cities from ABC Paulista, in the Metropolitan Region of São Paulo—Brazil",NA,10.3389/fclim.2023.1127026,2023,Valverde M.C.,Frontiers in Climate,Article,NA,SCOPUS_ID:85161033673
Scopus,english,Indigenous filmmaking practices: healing in times of climate crises,NA,10.3389/fclim.2023.1231794,2023,Ramirez-Loaiza V.,Frontiers in Climate,Article,NA,SCOPUS_ID:85179662284
Scopus,english,"Collective memories and previous experiences of older people in the face of disaster risk processes: lessons learned, implication, and social support",NA,10.3389/fclim.2023.1272219,2023,Sandoval-Díaz J.,Frontiers in Climate,Article,NA,SCOPUS_ID:85178969661
Scopus,english,Local knowledge matters: understanding the decision-making processes of communities under climate change in Suriname,NA,10.3389/fclim.2023.1294271,2023,Smith G.,Frontiers in Climate,Article,NA,SCOPUS_ID:85183055914
Scopus,english,Chilean institutional policies and multi-level agents: Challenges from the COVID-19 pandemic and carbon footprint,NA,10.3389/fcomm.2023.1059053,2023,Bergamini K.,Frontiers in Communication,Article,NA,SCOPUS_ID:85152644126
Scopus,english,How academic research and news media cover climate change: a case study from Chile,NA,10.3389/fcomm.2023.1226432,2023,Cortés P.A.,Frontiers in Communication,Article,NA,SCOPUS_ID:85169537041
Scopus,english,"Dryland Watershed Restoration With Rock Detention Structures: A Nature-based Solution to Mitigate Drought, Erosion, Flooding, and Atmospheric Carbon",NA,10.3389/fenvs.2021.679189,2021,Gooden J.,Frontiers in Environmental Science,Article,NA,SCOPUS_ID:85119426432
Scopus,english,Rural transformation and differential vulnerability: Exploring adaptation strategies to water scarcity in the Aculeo Lake basin (Chile),NA,10.3389/fenvs.2022.955023,2022,Ocampo-Melgar A.,Frontiers in Environmental Science,Article,NA,SCOPUS_ID:85139911012
Scopus,english,Using a robust decision making (RDM) approach to explore current and future vulnerabilities of a semi-arid coastal basin: a case study of the Quilimarí basin in Chile,NA,10.3389/fenvs.2025.1553675,2025,Poblete D.,Frontiers in Environmental Science,Article,NA,SCOPUS_ID:105013320148
Scopus,english,Developing a coastal analysis system: the Guyana coastal analysis system (G-CAS) as an example for small island developing states (SIDS),NA,10.3389/fenvs.2025.1600858,2025,Oyedotun T.D.T.,Frontiers in Environmental Science,Article,NA,SCOPUS_ID:105017471095
Scopus,english,Diversity and distribution patterns of Ecuador’s dung beetles (Coleoptera: Scarabaeinae),NA,10.3389/fevo.2022.1008477,2022,Villamarin-Cortez S.,Frontiers in Ecology and Evolution,Article,NA,SCOPUS_ID:85145319152
Scopus,english,Criteria for prioritizing selection of Mexican maize landrace accessions for conservation in situ or ex situ based on phylogenetic analysis,NA,10.3389/fevo.2023.1139377,2023,Martínez O.,Frontiers in Ecology and Evolution,Article,NA,SCOPUS_ID:85164586916
Scopus,english,Tropical Dry Forest Resilience to Fire Depends on Fire Frequency and Climate,NA,10.3389/ffgc.2021.755104,2021,Hartung M.,Frontiers in Forests and Global Change,Article,NA,SCOPUS_ID:85121275663
Scopus,english,"Biophysical and Biocultural Upheavals in Mesoamerica, a Conservation Perspective: Mountains, Maize-Milpa, and Globalization",NA,10.3389/ffgc.2022.763009,2022,del Castillo R.F.,Frontiers in Forests and Global Change,Review,NA,SCOPUS_ID:85134547342
Scopus,english,Multi-dimensional temperature sensitivity of protected tropical mountain rain forests,NA,10.3389/ffgc.2023.1214911,2023,Finegan B.,Frontiers in Forests and Global Change,Article,NA,SCOPUS_ID:85182851198
Scopus,english,Implementing a sustainable integrated agroforestry system for the cultivation of Ilex paraguariensis,NA,10.3389/ffgc.2024.1424174,2024,Comolli L.R.,Frontiers in Forests and Global Change,Article,NA,SCOPUS_ID:85204207002
Scopus,english,Conceptual model of social-ecological resilience in Mexican forests communities,NA,10.3389/ffgc.2025.1490278,2025,Solís-Mendoza L.E.,Frontiers in Forests and Global Change,Article,NA,SCOPUS_ID:105005259066
Scopus,english,Assessing the potential distribution of Myracrodruon urundeuva Allemão (Aroeira) in the Caatinga under climate change scenarios,NA,10.3389/ffgc.2025.1519432,2025,da Costa D.B.,Frontiers in Forests and Global Change,Article,NA,SCOPUS_ID:105001531248
Scopus,english,From wild to mild and back again: envisioning a new model of crop improvement strategies,NA,10.3389/fhort.2024.1409398,2024,Pratt R.C.,Frontiers in Horticulture,Article,NA,SCOPUS_ID:85211185406
Scopus,english,Comparative Food Web Analysis of Two Peruvian Bay Systems Along a Latitudinal Gradient: Resource Use and the Environmental Envelope,NA,10.3389/fmars.2022.829424,2022,Del Solar A.,Frontiers in Marine Science,Article,NA,SCOPUS_ID:85128463506
Scopus,english,Current knowledge of Holothuriida (Holothuroidea: Echinodermata) from Brazil,NA,10.3389/fmars.2024.1333253,2024,Prata J.,Frontiers in Marine Science,Review,NA,SCOPUS_ID:85190400388
Scopus,english,Brazilian Semi-Arid Mangroves-Associated Microbiome as Pools of Richness and Complexity in a Changing World,NA,10.3389/fmicb.2021.715991,2021,Tavares T.C.L.,Frontiers in Microbiology,Article,NA,SCOPUS_ID:85114651874
Scopus,english,Vulnerability analysis in complex networks under a flood risk reduction point of view,NA,10.3389/fphy.2023.1064122,2023,Santos L.B.L.,Frontiers in Physics,Article,NA,SCOPUS_ID:85152561046
Scopus,english,Coping with the invisible impacts of COVID-19 in a context of polycrises: wellbeing strategies of marginalised urban and Indigenous Brazilian youth,NA,10.3389/fpsyg.2025.1512893,2025,Börner S.,Frontiers in Psychology,Article,NA,SCOPUS_ID:105014514105
Scopus,english,Collective learning for resilience in Global South cities: a community-based systems mapping approach to integrated climate and health action,NA,10.3389/fpubh.2025.1582550,2025,Morais L.M.d.O.,Frontiers in Public Health,Article,NA,SCOPUS_ID:105007008284
Scopus,english,Biodiversity Research in Central America: A Regional Comparison in Scientific Production Using Bibliometrics and Democracy Indicators,NA,10.3389/frma.2022.898818,2022,Morales-Marroquín J.A.,Frontiers in Research Metrics and Analytics,Article,NA,SCOPUS_ID:85162085536
Scopus,english,Socio-Ecological Conflicts in a Global South Metropolis: Opportunities and Threats of a Potential Greenway in the São Paulo Metropolitan Region,NA,10.3389/frsc.2021.706857,2021,Moreno R.d.S.,Frontiers in Sustainable Cities,Article,NA,SCOPUS_ID:85123281748
Scopus,english,Impacts of LULC and climate change on runoff and sediment production for the Puyango-Tumbes basin (Ecuador-Peru),NA,10.3389/frsen.2024.1471144,2024,Peña-Murillo R.,Frontiers in Remote Sensing,Article,NA,SCOPUS_ID:85212263763
Scopus,english,Integrating Urban Planning and Water Management Through Green Infrastructure in the United States-Mexico Border,NA,10.3389/frwa.2022.782922,2022,Lara-Valencia F.,Frontiers in Water,Article,NA,SCOPUS_ID:85124773680
Scopus,english,Why do rural youth migrate? Evidence from Colombia and Guatemala,NA,10.3389/fsoc.2024.1439256,2024,Díaz Baca M.F.,Frontiers in Sociology,Article,NA,SCOPUS_ID:85201567068
Scopus,english,Risk Reduction and Productivity Increase Through Integrating Arachis pintoi in Cattle Production Systems in the Colombian Orinoquía,NA,10.3389/fsufs.2021.666604,2021,Enciso Valencia K.J.,Frontiers in Sustainable Food Systems,Article,NA,SCOPUS_ID:85117223485
Scopus,english,Geographic Distribution of Colombian Spittlebugs (Hemiptera: Cercopidae) via Ecological Niche Modeling: A Prediction for the Main Tropical Forages' Pest in the Neotropics,NA,10.3389/fsufs.2021.725774,2021,Hernández L.M.,Frontiers in Sustainable Food Systems,Article,NA,SCOPUS_ID:85120854715
Scopus,english,"Agro-ecological urban agriculture and food resilience: The Case of Quito, Ecuador",NA,10.3389/fsufs.2022.550636,2022,Rodríguez A.,Frontiers in Sustainable Food Systems,Review,NA,SCOPUS_ID:85140260522
Scopus,english,"Evaluation of agroecological processes implemented in olive production systems: an analysis in Boyacá, Colombia",NA,10.3389/fsufs.2025.1666553,2025,Barrera-Siabato A.I.,Frontiers in Sustainable Food Systems,Review,NA,SCOPUS_ID:105019228792
Scopus,english,Social sustainability and genetic biodiversity in Peruvian alpaca production: a review,NA,10.3389/past.2024.13668,2024,Bello-Bravo J.,Pastoralism,Review,NA,SCOPUS_ID:85212937036
Scopus,english,Nature-Based Solutions Contribute to Improve the Adaptive Capacity of Coffee Farmers: Evidence from Mexico,NA,10.3390/agriculture15131390,2025,Ruiz-García P.,Agriculture Switzerland,Article,NA,SCOPUS_ID:105010585635
Scopus,english,Flood risk and adaptation strategies for soybean production systems on the flood-prone pampas under climate change,NA,10.3390/agronomy11061187,2021,Smolenaars W.J.,Agronomy,Article,NA,SCOPUS_ID:85108597449
Scopus,english,Article puma (Puma concolor) in the neighborhood? records near human settlements and insights into human-carnivore coexistence in central Chile,NA,10.3390/ani11040965,2021,Ramírez-álvarez D.,Animals,Article,NA,SCOPUS_ID:85103311810
Scopus,english,Evolving Dairy Cattle Systems in Chile: Structural Shifts and Adaptation Strategies,NA,10.3390/ani14152245,2024,Toro-Mujica P.,Animals,Article,NA,SCOPUS_ID:85200898258
Scopus,english,Agricultural and forestry land and labor use under long-term climate change in Chile,NA,10.3390/atmos12030305,2021,Melo O.,Atmosphere,Article,NA,SCOPUS_ID:85102621247
Scopus,english,"Non-Stationary Hydrological Regimes Due to Climate Change: The Impact of Future Precipitation in the Spillway Design of a Reservoir, Case Study: Sube Y Baja Dam, in Ecuador",NA,10.3390/atmos13050828,2022,Herbozo J.E.,Atmosphere,Review,NA,SCOPUS_ID:85130908697
Scopus,english,"Climate Change and Its Impact on the Agricultural Calendar of Riverine Farmers in Médio Juruá, Amazonas State, Brazil",NA,10.3390/atmos13122018,2022,de Vasconcelos M.A.,Atmosphere,Article,NA,SCOPUS_ID:85144815173
Scopus,english,Revisiting Climate-Related Agricultural Losses across South America and Their Future Perspectives,NA,10.3390/atmos14081303,2023,Gouveia C.M.,Atmosphere,Article,NA,SCOPUS_ID:85168807040
Scopus,english,Spatio-Temporal Analysis of Drought with SPEI in the State of Mexico and Mexico City,NA,10.3390/atmos16020202,2025,Carrillo-Carrillo M.,Atmosphere,Article,NA,SCOPUS_ID:85218443647
Scopus,english,Predicting the Impact of Global Climate Change on the Geographic Distribution of Anemochoric Species in Protected Areas,NA,10.3390/atmos16040453,2025,Alves-de-Lima L.,Atmosphere,Article,NA,SCOPUS_ID:105003553516
Scopus,english,Urban Air Pollution in the Global South: A Never-Ending Crisis?,NA,10.3390/atmos16050487,2025,Zalakeviciute R.,Atmosphere,Article,NA,SCOPUS_ID:105006712428
Scopus,english,"Climate and Sustainable Tourism in João Pessoa: A Comparative Study with Salvador and Rio de Janeiro, Brazil",NA,10.3390/atmos16060705,2025,Badiru A.,Atmosphere,Article,NA,SCOPUS_ID:105009026943
Scopus,english,Perceptions of Climate Change and Health Risks Among Urban Older Adults in Mexico City: A Pilot Study,NA,10.3390/atmos16070792,2025,Lucatello S.,Atmosphere,Article,NA,SCOPUS_ID:105011864945
Scopus,english,Beyond Global Trends: Two Decades of Climate Data in the World’s Highest Equatorial City,NA,10.3390/atmos16091080,2025,Zalakeviciute R.,Atmosphere,Article,NA,SCOPUS_ID:105017145064
Scopus,english,"Long-Term Temperature and Precipitation Trends Across South America, Urban Centers, and Brazilian Biomes",NA,10.3390/atmos16121332,2025,Rozante J.R.,Atmosphere,Article,NA,SCOPUS_ID:105026063796
Scopus,english,Climate Changes Can Restore Allopatry Between Two Congeneric Birds in the Atlantic Forest,NA,10.3390/birds6030042,2025,Araujo-Lima V.,Birds,Article,NA,SCOPUS_ID:105017429693
Scopus,english,"An approach concerning climate change and timber building resilience: araucanía region, south Chile",NA,10.3390/buildings11100452,2021,Prieto A.J.,Buildings,Article,NA,SCOPUS_ID:85116744554
Scopus,english,Climate Risk Analysis Using a High-Resolution Spatial Model in Costa Rica,NA,10.3390/cli11060127,2023,Garro-Quesada M.d.M.,Climate,Article,NA,SCOPUS_ID:85163719446
Scopus,english,Proposal of an Agricultural Vulnerability Stochastic Model for the Rural Population of the Northeastern Region of Brazil,NA,10.3390/cli11100211,2023,Silva B.K.d.N.,Climate,Article,NA,SCOPUS_ID:85175355179
Scopus,english,Space–Time Characterization of Extreme Precipitation Indices for the Semiarid Region of Brazil,NA,10.3390/cli12030043,2024,dos Santos A.L.M.,Climate,Article,NA,SCOPUS_ID:85188691124
Scopus,english,Small Municipalities in the Amazon under the Risk of Future Climate Change,NA,10.3390/cli12070095,2024,de Souza E.B.,Climate,Article,NA,SCOPUS_ID:85199569982
Scopus,english,Navigating the Uncertain Terrain: Venezuela’s Future Using the Shared Socioeconomic Pathways Framework—A Systematic Review,NA,10.3390/cli12070098,2024,Lescher Soto I.,Climate,Review,NA,SCOPUS_ID:85199864419
Scopus,english,Sensitivity of Peru’s Economic Growth Rate to Regional Climate Variability,NA,10.3390/cli13100216,2025,Jury M.R.,Climate,Article,NA,SCOPUS_ID:105019925144
Scopus,english,"Optimistic Scenario of 0.50 m Mean Sea Level Rise and Possible Environmental Impacts, Resulting from Tidal Variations, in the City of Niterói, Rio de Janeiro—Brazil",NA,10.3390/coasts3030013,2023,Dias Ferreira V.L.,Coasts,Review,NA,SCOPUS_ID:105011398355
Scopus,english,"Environmental Analysis for the Implementation of Underwater Paths on Sepultura Beach, Southern Brazil: The Case of Palythoa caribaeorum Bleaching Events at the Global Southern Limit of Species Distribution",NA,10.3390/coasts5030026,2025,Schroeder R.,Coasts,Article,NA,SCOPUS_ID:105018113266
Scopus,english,Ancient Faunal History Revealed by Interdisciplinary Biomolecular Approaches,NA,10.3390/d13080370,2021,Rosengren E.,Diversity,Article,NA,SCOPUS_ID:85112684285
Scopus,english,Local actions to tackle a global problem: A multidimensional assessment of the pollination crisis in Chile,NA,10.3390/d13110571,2021,Vieli L.,Diversity,Review,NA,SCOPUS_ID:85118941452
Scopus,english,Impacts of Climate Change in the El Vizcaino Biosphere Reserve (REBIVI): Challenges for Coastal Communities and the Conservation of Biodiversity,NA,10.3390/d14100786,2022,Ivanova Boncheva A.,Diversity,Article,NA,SCOPUS_ID:85140708488
Scopus,english,Assessment of Financing for Biodiversity Conservation in Mexico: Links Between Biodiversity and Climate Change Adaptation Funds,NA,10.3390/d17030185,2025,Sosa M.,Diversity,Article,NA,SCOPUS_ID:105001103723
Scopus,english,Projected Heat Waves in Ecuador under Climate Change: Insights from HadGEM-RegCM4 Coupled Model,NA,10.3390/earth5010005,2024,Portalanza D.,Earth Switzerland,Article,NA,SCOPUS_ID:85188789356
Scopus,english,Advances and Challenges in Species Ecological Niche Modeling: A Mixed Review,NA,10.3390/earth5040050,2024,Vasconcelos R.N.,Earth Switzerland,Review,NA,SCOPUS_ID:85213486012
Scopus,english,Forecasting the CO2 emissions at the global level: A multilayer artificial neural network modelling,NA,10.3390/en14196336,2021,Jena P.R.,Energies,Article,NA,SCOPUS_ID:85116418016
Scopus,english,Assessment of potential climate change impacts on montane forests in the peruvian andes: Implications for conservation prioritization,NA,10.3390/f12030375,2021,Bax V.,Forests,Article,NA,SCOPUS_ID:85103192380
Scopus,english,Climate Change Impact on Peruvian Biomes,NA,10.3390/f13020238,2022,Zevallos J.,Forests,Article,NA,SCOPUS_ID:85124935364
Scopus,english,"Conservation of Soil Organic Carbon in the National Park Santuario de Fauna y Flora Iguaque, Boyacá-Colombia",NA,10.3390/f13081275,2022,Andrade H.J.,Forests,Article,NA,SCOPUS_ID:85137555989
Scopus,english,A Spatio-Temporal Analysis of the Frequency of Droughts in Mexico’s Forest Ecosystems,NA,10.3390/f15071241,2024,López-Teloxa L.C.,Forests,Article,NA,SCOPUS_ID:85199656452
Scopus,english,Wood Anatomy Properties and Global Climate Change Constraints of Forest Species from the Natural Forest of Mozambique,NA,10.3390/f16061018,2025,Joaquim-Meque E.,Forests,Article,NA,SCOPUS_ID:105009060394
Scopus,english,Effects on Soil Organic Carbon Stock in the Context of Urban Expansion in the Andes: Quito City Case,NA,10.3390/f16091409,2025,Uvidia K.,Forests,Article,NA,SCOPUS_ID:105017230355
Scopus,english,"Climate-Change Impacts on Distribution of Amazonian Woody Plant Species Key to Conservation, Restoration and Sustainable Use in the Colombian Amazon",NA,10.3390/f16111640,2025,Murcia-García U.G.,Forests,Article,NA,SCOPUS_ID:105023103101
Scopus,english,Modeling the Spatial Distribution of Wildfire Risk in Chile Under Current and Future Climate Scenarios,NA,10.3390/fire8030113,2025,Gajardo J.,Fire,Article,NA,SCOPUS_ID:105001145407
Scopus,english,Mapping Projected Variations of Temperature and Precipitation Due to Climate Change in Venezuela,NA,10.3390/hydrology10040096,2023,Viloria J.A.,Hydrology,Article,NA,SCOPUS_ID:85154058067
Scopus,english,Water availability–demand balance under climate change scenarios in an overpopulated region of Mexico,NA,10.3390/ijerph18041846,2021,Bravo-Cadena J.,International Journal of Environmental Research and Public Health,Article,NA,SCOPUS_ID:85100794359
Scopus,english,"Influences of Climate Change and Variability on Estuarine Ecosystems: An Impact Study in Selected European, South American and Asian Countries",NA,10.3390/ijerph19010585,2022,Filho W.L.,International Journal of Environmental Research and Public Health,Article,NA,SCOPUS_ID:85122163462
Scopus,english,"Mercury Sources, Emissions, Distribution and Bioavailability along an Estuarine Gradient under Semiarid Conditions in Northeast Brazil",NA,10.3390/ijerph192417092,2022,Moura V.L.,International Journal of Environmental Research and Public Health,Article,NA,SCOPUS_ID:85144995327
Scopus,english,Environmental Challenges in Southern Brazil: Impacts of Pollution and Extreme Weather Events on Biodiversity and Human Health,NA,10.3390/ijerph22020305,2025,Ellwanger J.H.,International Journal of Environmental Research and Public Health,Review,NA,SCOPUS_ID:86000000219
Scopus,english,Exploring Climate and Air Pollution Mitigating Benefits of Urban Parks in Sao Paulo Through a Pollution Sensor Network,NA,10.3390/ijerph22020306,2025,Connerton P.,International Journal of Environmental Research and Public Health,Article,NA,SCOPUS_ID:85218874003
Scopus,english,Too Hot to Ignore: The Escalating Health Impact of Heatwaves in Brazil,NA,10.3390/ijerph22091451,2025,Neves J.M.,International Journal of Environmental Research and Public Health,Article,NA,SCOPUS_ID:105017417186
Scopus,english,"One Health in Coastal and Marine Contexts: A Critical Bibliometric Analysis Across Environmental, Animal, and Human Health Dimensions",NA,10.3390/ijerph22101523,2025,Ioannou A.,International Journal of Environmental Research and Public Health,Review,NA,SCOPUS_ID:105020209156
Scopus,english,"Buzzing towards Resilience: Investigating the Spatial Alignment of the Desert Pallid Bee, Centris pallida, and Its Host Plants in Response to Climate Change",NA,10.3390/insects15100793,2024,Cruz T.M.P.,Insects,Article,NA,SCOPUS_ID:85207635238
Scopus,english,Candida palmioleophila: A New Emerging Threat in Brazil?,NA,10.3390/jof9070770,2023,Costa G.L.d.,Journal of Fungi,Article,NA,SCOPUS_ID:85166291823
Scopus,english,Quantifying the Carbon Stocks in Urban Trees: The Rio de Janeiro Botanical Garden as an Important Tropical Carbon Sink,NA,10.3390/jzbg5040039,2024,Kurtz B.C.,Journal of Zoological and Botanical Gardens,Article,NA,SCOPUS_ID:85213023751
Scopus,english,Stakeholders’ Perceptions of Nature-Based Solutions for Hurricane Risk Reduction Policies in the Mexican Caribbean,NA,10.3390/land11101701,2022,Moreno C.S.,Land,Article,NA,SCOPUS_ID:85140884528
Scopus,english,Ecological Change and Livestock Governance in a Peruvian National Park,NA,10.3390/land12112051,2023,Young K.R.,Land,Article,NA,SCOPUS_ID:85178095887
Scopus,english,Mobilizing Global Change Science for Effective Multi-Actor Governance in the Laguna San Rafael and Guayaneco Biosphere Reserve,NA,10.3390/land13111739,2024,Gale T.,Land,Article,NA,SCOPUS_ID:85210312096
Scopus,english,"Water, Ecosystem Services, and Urban Green Spaces in the Anthropocene",NA,10.3390/land13111948,2024,Olivadese M.,Land,Review,NA,SCOPUS_ID:85210313026
Scopus,english,Nature-Based Solutions for Stormwater Management: Co-Creating a Multiscalar Proposal in the Global South,NA,10.3390/land14040740,2025,Lemes de Oliveira F.,Land,Article,NA,SCOPUS_ID:105003715479
Scopus,english,Spatiotemporal Land Cover Change and Future Hydrological Impacts Under Climate Scenarios in the Amazonian Andes: A Case Study of the Utcubamba River Basin,NA,10.3390/land14061234,2025,Rivera-Fernandez A.S.,Land,Article,NA,SCOPUS_ID:105008987089
Scopus,english,TAE Predict: An Ensemble Methodology for Multivariate Time Series Forecasting of Climate Variables in the Context of Climate Change,NA,10.3390/mca30030046,2025,Frausto Solís J.,Mathematical and Computational Applications,Article,NA,SCOPUS_ID:105008904014
Scopus,english,Zoonotic blood-borne pathogens in non-human primates in the neotropical region: A systematic review,NA,10.3390/pathogens10081009,2021,Carrillo-Bilbao G.,Pathogens,Review,NA,SCOPUS_ID:85113404572
Scopus,english,Potential Distribution of Cedrela odorata L. in Mexico according to Its Optimal Thermal Range for Seed Germination under Different Climate Change Scenarios,NA,10.3390/plants12010150,2023,Sampayo-Maldonado S.,Plants,Article,NA,SCOPUS_ID:85145859596
Scopus,english,Population-Based Evidence of Climate Change Adaptation in an Endangered Plant Endemic to a Biodiversity Hotspot,NA,10.3390/plants12102017,2023,Alarcón D.,Plants,Article,NA,SCOPUS_ID:85197247196
Scopus,english,The Evolution of Agrarian Landscapes in the Tropical Andes,NA,10.3390/plants13071019,2024,Shadik C.R.,Plants,Article,NA,SCOPUS_ID:85190109680
Scopus,english,"Bryophytes as Indicators of Disturbance in One of the Last Remnants of the Mountain Forests of El Oro Province, Ecuador",NA,10.3390/plants14020184,2025,Benítez Á.,Plants,Article,NA,SCOPUS_ID:85216072547
Scopus,english,Adaptive capacity as local sustainable development: Contextualizing and comparing risks and resilience in two chilean regions,NA,10.3390/su13094660,2021,Barton J.R.,Sustainability Switzerland,Article,NA,SCOPUS_ID:85105362033
Scopus,english,Using the sustainable development goals to evaluate possible transport policies for the city of curitiba,NA,10.3390/su132112222,2021,de Almeida C.M.L.,Sustainability Switzerland,Article,NA,SCOPUS_ID:85118543905
Scopus,english,Assessing Urban Vulnerability to Flooding: A Framework to Measure Resilience Using Remote Sensing Approaches,NA,10.3390/su14042276,2022,Cerbaro M.,Sustainability Switzerland,Article,NA,SCOPUS_ID:85124969661
Scopus,english,Modular Design of Bioretention Systems for Sustainable Stormwater Management under Drivers of Urbanization and Climate Change,NA,10.3390/su14116799,2022,Batalini de Macedo M.,Sustainability Switzerland,Article,NA,SCOPUS_ID:85131837049
Scopus,english,Food Markets and Free Fairs as Contributors for Designing Climate Resilient Cities: A Study Case in Southern Ecuador,NA,10.3390/su14127214,2022,Iñiguez-Gallardo V.,Sustainability Switzerland,Article,NA,SCOPUS_ID:85132269524
Scopus,english,Geoprocessing Applied to the Assessment of Carbon Storage and Sequestration in a Brazilian Medium-Sized City,NA,10.3390/su14148761,2022,Felix N.B.,Sustainability Switzerland,Article,NA,SCOPUS_ID:85137179530
Scopus,english,Urban Living Labs and Critical Infrastructure Resilience: A Global Match?,NA,10.3390/su14169826,2022,Amorim E.E.R.,Sustainability Switzerland,Article,NA,SCOPUS_ID:85137714543
Scopus,english,Indigenous Peoples’ Perceptions of Their Food System in the Context of Climate Change: A Case Study of Shawi Men in the Peruvian Amazon,NA,10.3390/su142416502,2022,Arotoma-Rojas I.,Sustainability Switzerland,Article,NA,SCOPUS_ID:85144968627
Scopus,english,Perceptions of Climate Adaptation and Mitigation: An Approach from Societies in Southern Ecuadorian Andes,NA,10.3390/su15021086,2023,Iñiguez-Gallardo V.,Sustainability Switzerland,Article,NA,SCOPUS_ID:85186251928
Scopus,english,Assessing the Role of Land-Use Planning in Near Future Climate-Driven Scenarios in Chilean Coastal Cities,NA,10.3390/su15043718,2023,León J.,Sustainability Switzerland,Article,NA,SCOPUS_ID:85149231722
Scopus,english,"Urban Forests, Territorial Planning and Political Stability: Key Factors to Face Climate Change in a Megacity",NA,10.3390/su151310092,2023,Ferreira M.L.,Sustainability Switzerland,Article,NA,SCOPUS_ID:85164924379
Scopus,english,"Participative Policy Design to Manage Droughts and Floods in an Arid Region under Changing Climate Scenarios: The Case of Baja California Sur, Mexico",NA,10.3390/su151813547,2023,Imaz-Lamadrid M.A.,Sustainability Switzerland,Article,NA,SCOPUS_ID:85172864630
Scopus,english,Study of Ecosystem Degradation Dynamics in the Peruvian Highlands: Landsat Time-Series Trend Analysis (1985–2022) with ARVI for Different Vegetation Cover Types,NA,10.3390/su152115472,2023,Cano D.,Sustainability Switzerland,Article,NA,SCOPUS_ID:85191754768
Scopus,english,"The Relationship between Climate, Agriculture and Land Cover in Matopiba, Brazil (1985–2020)",NA,10.3390/su16072670,2024,Araújo M.L.S.d.,Sustainability Switzerland,Article,NA,SCOPUS_ID:85190272062
Scopus,english,"Sustainable Urbanization in Valley-Bottom Areas in Urban Settings: The Case of the Jaguaré Stream Basin, São Paulo, Brazil",NA,10.3390/su16073018,2024,de Castro A.C.V.,Sustainability Switzerland,Article,NA,SCOPUS_ID:85190271377
Scopus,english,"Adaptive Grazing of Native Grasslands Provides Ecosystem Services and Reduces Economic Instability for Livestock Systems in the Flooding Pampa, Argentina",NA,10.3390/su16104229,2024,Jacobo E.J.,Sustainability Switzerland,Article,NA,SCOPUS_ID:85194363122
Scopus,english,The Future Sustainability of the São Francisco River Basin in Brazil: A Case Study,NA,10.3390/su16135521,2024,Andrade C.,Sustainability Switzerland,Article,NA,SCOPUS_ID:85198474512
Scopus,english,Under Fire: A Brazilian Perspective on Climate Change and Child Health,NA,10.3390/su17104482,2025,Cabral-Miranda W.,Sustainability Switzerland,Review,NA,SCOPUS_ID:105006483837
Scopus,english,Resilience and Functional Service Life of Modern Heritage Timber Buildings Amid Climate Change in Chile,NA,10.3390/su17104553,2025,Palma D.,Sustainability Switzerland,Article,NA,SCOPUS_ID:105006615746
Scopus,english,Evaluation of Impacts and Sustainability Indicators of Construction in Prefabricated Concrete Houses in Ecuador,NA,10.3390/su17177616,2025,Paredes M.,Sustainability Switzerland,Article,NA,SCOPUS_ID:105016220584
Scopus,english,Climate-Resilient and Sustainable Soil Remediation: Hydrocycloning for Metal Removal in Flood-Prone Brazilian Region,NA,10.3390/su17209083,2025,Sillos M.,Sustainability Switzerland,Article,NA,SCOPUS_ID:105020073355
Scopus,english,Climate Change and Assessing Thermal Comfort in Social Housing of Southeastern Mexico: A Prospective Study Using Machine Learning and Global Sensitivity Analysis,NA,10.3390/su17219596,2025,Romero D.,Sustainability Switzerland,Article,NA,SCOPUS_ID:105021540650
Scopus,english,"Toward New Epidemiological Landscapes of Trypanosoma cruzi (Kinetoplastida, Trypanosomatidae) Transmission under Future Human-Modified Land Cover and Climatic Change in Mexico",NA,10.3390/tropicalmed7090221,2022,González-Salazar C.,Tropical Medicine and Infectious Disease,Article,NA,SCOPUS_ID:85138754525
Scopus,english,Cutaneous Leishmaniasis Emergence in Southeastern Mexico: The Case of the State of Yucatan,NA,10.3390/tropicalmed7120444,2022,Canché-Pool E.B.,Tropical Medicine and Infectious Disease,Review,NA,SCOPUS_ID:85144705942
Scopus,english,"Resilient Urban-Design Strategies for Landslide Risk Mitigation in Huaraz, Peru",NA,10.3390/urbansci8030090,2024,Esenarro D.,Urban Science,Article,NA,SCOPUS_ID:85205062791
Scopus,english,Climate Change and Urban Resilience in Smart Cities: Adaptation and Mitigation Strategies in Brazil and Germany,NA,10.3390/urbansci9050179,2025,Bichueti R.S.,Urban Science,Article,NA,SCOPUS_ID:105006665629
Scopus,english,"Stress resistance and adaptation of the aquatic invasive species tubastraea coccinea (Lesson, 1829) to climate change and ocean acidification",NA,10.3390/w13243645,2021,Strychar K.B.,Water Switzerland,Article,NA,SCOPUS_ID:85121470481
Scopus,english,Effects of Climate Change on Hydrology in the Most Relevant Mining Basin in the Eastern Legal Amazon,NA,10.3390/w14091416,2022,Pontes P.R.M.,Water Switzerland,Article,NA,SCOPUS_ID:85129867363
Scopus,english,An Urgent Dialogue between Urban Design and Regulatory Framework for Urban Rivers: The Case of the Andalién River in Chile,NA,10.3390/w14213444,2022,Álvez A.,Water Switzerland,Article,NA,SCOPUS_ID:85141880062
Scopus,english,Future Changes in Temperature and Precipitation over Northeastern Brazil by CMIP6 Model,NA,10.3390/w14244118,2022,Dantas L.G.,Water Switzerland,Article,NA,SCOPUS_ID:85144607362
Scopus,english,Stakeholder-Informed Hydroclimate Scenario Modeling in the Lower Santa Cruz River Basin for Water Resource Management,NA,10.3390/w15101884,2023,Gupta N.,Water Switzerland,Article,NA,SCOPUS_ID:85160610173
Scopus,english,Evaluation of the Use of Permeable Interlocking Concrete Pavement in Chile: Urban Infrastructure Solution for Adaptation and Mitigation against Climate Change,NA,10.3390/w15244219,2023,Cacciuttolo C.,Water Switzerland,Article,NA,SCOPUS_ID:85180473012
Scopus,english,A Sustainability Approach between the Water–Energy–Food Nexus and Clean Energy,NA,10.3390/w16071017,2024,Herrera-Franco G.,Water Switzerland,Review,NA,SCOPUS_ID:85190367405
Scopus,english,"Modeling Environmental Vulnerability for 2050 Considering Different Scenarios in the Doce River Basin, Brazil",NA,10.3390/w16101459,2024,Campos J.A.,Water Switzerland,Article,NA,SCOPUS_ID:85194066840
Scopus,english,Solutions Based on Nature to Face Water Stress: Lessons from the Past and Present,NA,10.3390/w16162301,2024,Suman D.O.,Water Switzerland,Review,NA,SCOPUS_ID:85202445608
Scopus,english,Improving Urban Flood Resilience: Urban Flood Risk Mitigation Assessment Using a Geospatial Model in the Urban Section of a River Corridor,NA,10.3390/w17071047,2025,Vilca-Campana K.,Water Switzerland,Article,NA,SCOPUS_ID:105002387080
Scopus,english,"Trends, Patterns, and Persistence of Rainfall, Streamflow, and Flooded Area in the Upper Paraguay Basin (Brazil)",NA,10.3390/w17101549,2025,Coelho M.E.M.S.,Water Switzerland,Article,NA,SCOPUS_ID:105006812691
Scopus,english,Water Security with Social Organization and Forest Care in the Megalopolis of Central Mexico,NA,10.3390/w17223245,2025,Oswald-Spring Ú.,Water Switzerland,Article,NA,SCOPUS_ID:105023443545
Scopus,english,Conservation Planning for Climate Change Vulnerability across the Islands of the Californias,NA,10.3398/064.085.0217,2025,Brenner L.J.,Western North American Naturalist,Article,NA,SCOPUS_ID:105013059708
Scopus,english,The defeat of the left in Ecuador in the extractivism-ecology cleavage,NA,10.36367/ntqr.14.2022.e583,2022,Sánchez Á.R.,New Trends in Qualitative Research,Article,NA,SCOPUS_ID:85188915284
Scopus,english,Scarcity of green infrastructure in six Mexican cities,NA,10.36677/legado.v19i36.25799,2024,Reyes-Plata J.A.,Legado De Arquitectura Y Diseno,Article,NA,SCOPUS_ID:85219508153
Scopus,english,Moderate wildfire severity favors seed removal by granivores in a Mexican pine forest,NA,10.3832/ifor4741-018,2025,Cadena-Zamudio D.A.,Iforest,Article,NA,SCOPUS_ID:105007192036
Scopus,english,Influence of ENSO and the urban heat island on climate variation in a growing city of the western Mexico,NA,10.3897/oneeco.9.e125302,2024,Nájera González O.,One Ecosystem,Article,NA,SCOPUS_ID:85197416685
Scopus,english,Climate change in the built environment: Addressing future climates in buildings,NA,10.4018/978-1-7998-9032-4.ch008,2021,Gibberd J.T.,Research Anthology on Environmental and Societal Well Being Considerations in Buildings and Architecture,Book Chapter,NA,SCOPUS_ID:85125156278
Scopus,english,The concept of vulnerability and the importance of the sensitivity index for public health decision-making,NA,10.4018/979-8-3693-6432-1.ch011,2025,da Cunha F.P.,Holistic Approaches to Health Recovery,Book Chapter,NA,SCOPUS_ID:105013917618
Scopus,english,GIS for Sustainable Urban Transformation in Countries With Emerging Economies: The Case of Piura in Peru,NA,10.4018/ijepr.319733,2023,Fernandez T.,International Journal of E Planning Research,Article,NA,SCOPUS_ID:85151854645
Scopus,english,"Assessment of the Risk to Ecosystem Services for Freshwater Regulation and Provision in Isla Grande de Chiloé, Chile, due to Climate Change",NA,10.4067/s0717-92002024000300461,2024,Valenzuela I.L.,Bosque,Article,NA,SCOPUS_ID:86000734573
Scopus,english,Importance of the trees on Paseo Tollocan in the conservation of urban plant diversity in the Metropolitan Zone of the Toluca Valley,NA,10.4067/s0717-92002025000100087,2025,Pérez-Suárez M.,Bosque,Article,NA,SCOPUS_ID:105010436791
Scopus,english,"Identification of priority sites for water conservation and associated biodiversity in the Limarí river basin, northern Chile",NA,10.4067/s0718-34022022000200293,2022,Delgado C.,Revista De Geografia Norte Grande,Article,NA,SCOPUS_ID:85141148829
Scopus,english,Resilient Design Aspects Applied to the Envelope that Determine Thermal Comfort in Social Housing,NA,10.4067/s0718-50732021000200197,2021,Nieto V.,Revista Ingenieria De Construccion,Article,NA,SCOPUS_ID:85117185467
Scopus,english,MEXICAN COMMUNITY FORESTRY AS A GLOBAL MODEL FOR BIODIVERSITY CONSERVATION AND CLIMATE CHANGE ADAPTATION AND MITIGATION,NA,10.4324/9780367488710-38,2022,Bray D.B.,Routledge Handbook of Community Forestry,Book Chapter,NA,SCOPUS_ID:85148319270
Scopus,english,Women in dry and neglected lands in Brazil: An insight on the Caatinga biome,NA,10.4324/9781003190592-11,2023,Estanislau P.,Regional Development and Forgotten Spaces Global Policy Experiences and Implications,Book Chapter,NA,SCOPUS_ID:85175502594
Scopus,english,Towards resilient cooling possibilities for Brazilians' hot and humid climates: Exploring the national thermal comfort database,NA,10.4324/9781003244929-38,2022,Buonocore C.,Routledge Handbook of Resilient Thermal Comfort,Book Chapter,NA,SCOPUS_ID:105004333128
Scopus,english,Creating resilient landscapes in an era of climate change: Global case studies and real-world solutions,NA,10.4324/9781003266440,2022,Rastandeh A.,Creating Resilient Landscapes in an Era of Climate Change Global Case Studies and Real World Solutions,Book,NA,SCOPUS_ID:85143649176
Scopus,english,A Global Environmental History of Coastal Dunes,NA,10.4324/9781003317388,2024,De Freitas J.G.,A Global Environmental History of Coastal Dunes,Book,NA,SCOPUS_ID:85210882679
Scopus,english,GREENING HIGH-DENSITY TEXAS CITIES: Ecological Grounds for an Adaptive Climate Approach,NA,10.4324/9781003318385-7,2024,Raab P.S.,Routledge Handbook on Greening High Density Cities Climate Society and Health,Book Chapter,NA,SCOPUS_ID:85195977726
Scopus,english,"More than a Roof and Four Walls Exploring Principles, Process, and Possibilities for Climate Justice and Resilience through Housing and Land Rights in Cartagena and Beyond",NA,10.4324/9781003471141-20,2025,Lovecchio J.,Resilient Urbanism,Book Chapter,NA,SCOPUS_ID:105007381050
Scopus,english,Form Follows Fuel: 14 Buildings from Antiquity to the Oil Age,NA,10.4324/9781032637174,2025,Urban F.,Form Follows Fuel 14 Buildings from Antiquity to the Oil Age,Book,NA,SCOPUS_ID:105015716103
Scopus,english,Implications of Climate Change for the Brazilian Road Infrastructure,NA,10.4324/9781032643182-8,2023,de Abreu V.H.S.,Covid 19 and Climate Change in Brics Nations Beyond the Paris Agreement and Agenda 2030,Book Chapter,NA,SCOPUS_ID:85191765386
Scopus,english,"The Protection of Green Spaces for Climate Change Adaptation: Planning Systems, Policies and Instruments",NA,10.4324/9781032645407,2025,Nowak M.J.,Protection of Green Spaces for Climate Change Adaptation Planning Systems Policies and Instruments,Book,NA,SCOPUS_ID:105000578120
Scopus,english,Urban planning and the protection of green spaces for climate change adaptation in São Paulo. Lessons and best practices from a megalopolis in the Global South,NA,10.4324/9781032645407-5,2025,Pierri-Daunt A.B.,Protection of Green Spaces for Climate Change Adaptation Planning Systems Policies and Instruments,Book Chapter,NA,SCOPUS_ID:105000576600
Scopus,english,"Urban planning and the protection of green spaces for climate change adaptation in Ciudad Juarez, Chihuahua, Mexico",NA,10.4324/9781032645407-8,2025,Romo-Aguilar M.d.L.,Protection of Green Spaces for Climate Change Adaptation Planning Systems Policies and Instruments,Book Chapter,NA,SCOPUS_ID:105000598018
Scopus,english,Climate Crisis and Its Impact on the Global South: The Case of Brazil and India,NA,10.4324/9781032694337-13,2024,Agarwal P.,Polycrisis and Economic Development in the Global South,Book Chapter,NA,SCOPUS_ID:85210665986
Scopus,english,Environmental displacement and human migration in the most vulnerable nations,NA,10.4337/9781035356348.00020,2025,van der Putte T.,Pathways to Sustainable Development Implementing the Pact for the Future,Book Chapter,NA,SCOPUS_ID:105031640956
Scopus,english,"Climate change, environmental degradation and the reproduction of social inequalities",NA,10.4337/9781789907131.00016,2024,Faist T.,Handbook on Migration and Development A Counter Hegemonic Perspective,Book Chapter,NA,SCOPUS_ID:85206504647
Scopus,english,"Typology of production units and livestock technologies for adaptation to drought in Sinaloa, Mexico",NA,10.47280/revfacagron(luz).v41.n1.06,2023,Cuevas-Reyes V.,Revista De La Facultad De Agronomia,Article,NA,SCOPUS_ID:85185698777
Scopus,english,Impacts of climate change on labor productivity: a narrative review,NA,10.47626/1679-4435-2025-1524,2025,Muntanelli B.R.,Revista Brasileira De Medicina do Trabalho,Review,NA,SCOPUS_ID:105023851711
Scopus,english,Applying the 3-30-300 Guideline to Evaluate Green Equality in a Medium-Sized Brazilian City,NA,10.48044/jauf.2025.031,2025,Silva R.S.,Arboriculture and Urban Forestry,Article,NA,SCOPUS_ID:105020734207
Scopus,english,Nutritional characterization of Larrea divaricata Cav during winter and its potential as cattle and goats feed,NA,10.48162/rev.39.160,2025,Ramirez M.R.,Revista De La Facultad De Ciencias Agrarias,Article,NA,SCOPUS_ID:105009210520
Scopus,english,A Methodological Framework to Assess the Urban Content in Climate Change Policies,NA,10.48264/vvsiev-20212909,2021,Pizzorni M.,Valori E Valutazioni,Article,NA,SCOPUS_ID:85123272399
Scopus,english,"The role of the geophysical exploration in deep aquifers in semi-urban and rural environments in Andean forearc basins, study case in the aquifer of Ñuble river, Central Valley of Chile.",NA,10.5027/andgeov49n1-3370,2022,Aguirre I.,Andean Geology,Article,NA,SCOPUS_ID:85129136745
Scopus,english,"Environmental evaluation, peoples, indigenous and traditional communities dialogical, argumentative hermeneutic proposal: comparative study Brazil-Chile",NA,10.5102/rdi.v22i1.9790,2025,Faundes J.J.,Brazilian Journal of International Law,Article,NA,SCOPUS_ID:105007365272
Scopus,english,"Urban Movements and Climate Change: Loss, Damage and Radical Adaptation",NA,10.5117/9789463726665,2025,Armiero M.,Urban Movements and Climate Change Loss Damage and Radical Adaptation,Book,NA,SCOPUS_ID:105023813218
Scopus,english,CO2and CO temporal variability over Mexico City from ground-based total column and surface measurements,NA,10.5194/acp-24-11823-2024,2024,Taquet N.,Atmospheric Chemistry and Physics,Article,NA,SCOPUS_ID:85207631853
Scopus,english,State of Wildfires 2023-2024,NA,10.5194/essd-16-3601-2024,2024,Jones M.W.,Earth System Science Data,Review,NA,SCOPUS_ID:85201193794
Scopus,english,State of Wildfires 2024–2025,NA,10.5194/essd-17-5377-2025,2025,Kelley D.I.,Earth System Science Data,Review,NA,SCOPUS_ID:105019983962
Scopus,english,"Increasing water stress in Chile revealed by novel datasets of water availability, land use and water use",NA,10.5194/hess-29-5185-2025,2025,Boisier J.P.,Hydrology and Earth System Sciences,Article,NA,SCOPUS_ID:105020012471
Scopus,english,High definition 3D models of small legume seed: a close up application to support ancient plant genomics,NA,10.5194/isprs-archives-xlviii-3-2024-17-2024,2024,Balestra M.,International Archives of the Photogrammetry Remote Sensing and Spatial Information Sciences ISPRS Archives,Conference Paper,NA,SCOPUS_ID:85213341107
Scopus,english,The impact of drought on soil moisture trends across Brazilian biomes,NA,10.5194/nhess-21-879-2021,2021,Ribeiro F.L.,Natural Hazards and Earth System Sciences,Article,NA,SCOPUS_ID:85102291354
Scopus,english,Review article: Analysis of sediment disaster risk assessment surveys in Brazil: a critical review and recommendations,NA,10.5194/nhess-25-4153-2025,2025,dos Santos T.D.,Natural Hazards and Earth System Sciences,Review,NA,SCOPUS_ID:105019774382
Scopus,english,Community-driven natural hazard and physical vulnerability assessment in a disaster-prone urban neighborhood,NA,10.5194/nhess-25-4451-2025,2025,Builes-Jaramillo A.,Natural Hazards and Earth System Sciences,Article,NA,SCOPUS_ID:105021517071
Scopus,english,"ARR ECENT OCCURENCES OF THE GREAT ANTSHRIKE TARABA MAJOR (VIEILLOT, 1816) (AVES: THAMNOPHILIDAE) IN NATURAL ENVIRONMENTS OF THE LARGEST URBAN AREA IN SOUTH AME­ RICA",NA,10.5216/rbn.v22i1.78534,2025,Schunck F.,Revista De Biologia Neotropical Journal of Neotropical Biology,Article,NA,SCOPUS_ID:85218755441
Scopus,english,Environmental Impact of the Talara Space Port Piura: Perspectives and Challenges,NA,10.52202/083092-0080,2025,Duran-Aquino R.C.,Proceedings of the International Astronautical Congress Iac,Conference Paper,NA,SCOPUS_ID:105032985525
Scopus,english,SPACERESCUE BUSINESS: APPLYING SPACE INTELLIGENCE TO CLIMATE AND URBAN CRISIS MANAGEMENT,NA,10.52202/083102-0037,2025,Hsu J.,Proceedings of the International Astronautical Congress Iac,Conference Paper,NA,SCOPUS_ID:105033039441
Scopus,english,"Diversity of Plasmodium vectors and functional traits of trees in the disturbed forest in Tingo María, 2022",NA,10.52808/bmsa.7e6.622.009,2022,Cierto L.E.O.,Boletin De Malariologia Y Salud Ambiental,Article,NA,SCOPUS_ID:85132212945
Scopus,english,Impact of climate change on food security in urban regions of Colombia,NA,10.5281/zenodo.17162818,2025,Castillo P.M.M.,Encuentros Maracaibo,Article,NA,SCOPUS_ID:105025681827
Scopus,english,Protecting Public Health: Stories of Adaptation from Communities Across the Globe,NA,10.5334/aogh.4976,2025,Kumar P.,Annals of Global Health,Note,NA,SCOPUS_ID:105025600473
Scopus,english,Applied Bioanalysis in Maritime Jurisdiction: Linking International Law with Ocean Resource Governance,NA,10.53555/jab.v11i4.442,2025,Ravi Narayana Sarma B.,Journal of Applied Bioanalysis,Article,NA,SCOPUS_ID:105015697228
Scopus,english,"Environmental performance of the urban microclimate in pedestrian zones of Tarija, Bolivia",NA,10.5379/urbani-izziv-en-2021-32-supplement-7,2021,Mansilla M.E.M.,Urbani Izziv,Article,NA,SCOPUS_ID:85122896578
Scopus,english,"Water and sanitation in Brazil: conflicts, appropriation, and climate injustice",NA,10.5380/dma.v62i0.89421,2023,Fracalanza A.P.,Desenvolvimento E Meio Ambiente,Article,NA,SCOPUS_ID:85179380040
Scopus,english,"Climate emergency and urban housing precariousness: guidelines for climate adaptation in the São José neighborhood, João Pessoa - PB",NA,10.5380/dma.v63i0.87786,2024,Araújo R.R.,Desenvolvimento E Meio Ambiente,Article,NA,SCOPUS_ID:85204296305
Scopus,english,"Assessing the Dynamics of Woody Vegetation in the Abo-bral region, southern Pantanal wetland (Brazil): Contributi-ons of Functional Indices Derived from Satellite Image Time Series",NA,10.5380/raega.v63i2.99924,2025,Ribeiro U.M.,Ra E GA O Espaco Geografico Em Analise,Article,NA,SCOPUS_ID:105015956425
Scopus,english,"Assessing the Dynamics of Woody Vegetation in the Abobral region, southern Pantanal wetland (Brazil): Contributions of Functional Indices Derived from Satellite Image Time Series",NA,10.5380/raega.v63i2.99925,2025,Mateus Ribeiro U.,Ra E GA O Espaco Geografico Em Analise,Article,NA,SCOPUS_ID:105015856334
Scopus,english,Reforesting About Music? Auralities of Restoration in Southern Mexico City,NA,10.5406/21567417.69.2.04,2025,Green A.J.,Ethnomusicology,Article,NA,SCOPUS_ID:105014252681
Scopus,english,Phenotypic Variability of Native Guinea Pig (Cavia porcellus) Lines Associated with Productive and Reproductive Variables in the Traditional Production Systems of the Pastos Indigenous Reserve,NA,10.54203/scil.2024.wvj64,2024,Rosero J.,World S Veterinary Journal,Article,NA,SCOPUS_ID:85214358993
Scopus,english,THE URBAN CLIMATIC RECOMMENDATION MAP (UC-REMAP) IN BRAZIL,NA,10.54399/rbgdr.v20i3.6839,2024,Damas P.V.S.,Revista Brasileira De Gestao E Desenvolvimento Regional,Article,NA,SCOPUS_ID:85216318796
Scopus,english,CLIMATE RISK TRANSFER PUBLIC POLICIES: AN ANALYSIS OF THE COLOMBIAN CASE,NA,10.55467/reder.v7i1.112,2023,Fernández Lopera C.C.,Revista De Estudios Latinoamericanos Sobre Reduccion Del Riesgo De Desastres,Article,NA,SCOPUS_ID:85146659844
Scopus,english,From dengue to chikungunya: Guangdong as a sentinel for arboviral threats in East Asia,NA,10.5582/bst.2025.01228,2025,Feng Y.,Bioscience Trends,Editorial,NA,SCOPUS_ID:105015538010
Scopus,english,Sustainable development in São Paulo's Green Belt Biosphere Reserve: between the void of municipal environmental policies and the ecosystem management of the territory,NA,10.5585/2023.22940,2023,Ferreira M.L.,Revista De Gestao Ambiental E Sustentabilidade,Article,NA,SCOPUS_ID:85166628330
Scopus,english,CLIMATE CHANGE AND RISING SEA LEVELS AND THEIR IMPACT ON URBAN AREAS ALONG THE NE/E COAST OF SANTA CATARINA,NA,10.5585/2024.23742,2024,Hodecker-Dietrich A.,Revista De Gestao Ambiental E Sustentabilidade,Article,NA,SCOPUS_ID:85214916100
Scopus,english,CACAO AGROFORESTRY SYSTEMS AND RESILIENCE: POTENTIAL FACTORS IN THE FACE OF THE CLIMATE CHANGE IN MEXICO,NA,10.56369/tsaes.4121,2022,Fisher-Ortíz R.A.,Tropical and Subtropical Agroecosystems,Review,NA,SCOPUS_ID:85135738681
Scopus,english,How do indigenous and local knowledge systems respond to climate change?,NA,10.5751/es-12481-260327,2021,Popovici R.,Ecology and Society,Article,NA,SCOPUS_ID:85119624965
Scopus,english,Secondary forests in Peru: differential provision of ecosystem services compared to other post-deforestation forest transitions,NA,10.5751/es-13446-270312,2022,Tito R.,Ecology and Society,Article,NA,SCOPUS_ID:85136289083
Scopus,english,Productive Complexes and Transforming Rural Landscapes: An Adapted Taxonomy for River Basins in Southern Chile,NA,10.5821/ace.20.58.13403,2025,Fierro V.V.,Architecture City and Environment,Article,NA,SCOPUS_ID:105011147846
Scopus,english,Adaptation strategies for people: mitigating climate-change-related risks in low-income and informal urban communities through co-production,NA,10.5871/jba/009s9.007,2021,Ferrari S.G.,Journal of the British Academy,Article,NA,SCOPUS_ID:85137296996
Scopus,english,Developing climate-responsive cities: exploring the environmental role of interstitial spaces of Santiago de Chile,NA,10.5871/jba/009s9.107,2021,Silva C.,Journal of the British Academy,Article,NA,SCOPUS_ID:85166313576
Scopus,english,PROPOSTA DE ÍNDICE PRELIMINAR DE RESILIÊNCIA PARA OS MUNICÍPIOS BRASILEIROS UTILIZANDO DADOS DO MUNIC/IBGE,NA,10.69469/derb.v46.869,2025,Victalino Galves V.L.,Derbyana,Article,NA,SCOPUS_ID:105039642417
Scopus,english,PROPOSAL FOR INDICATORS AND RESILIENCE INDEX FOR BRAZILIAN MUNICIPALITIES USING MUNIC/IBGE DATA,NA,10.69469/derb.v46.890,2025,Galves V.L.V.,Derbyana,Article,NA,SCOPUS_ID:105028327125
Scopus,english,"Divergent morphological responses to millennia of climate change in two species of bats from halls cave, texas, usa",NA,10.7717/peerj.10856,2021,Moroz M.,Peerj,Article,NA,SCOPUS_ID:85102857166
Scopus,english,Leveraging the potential of nature to meet net zero greenhouse gas emissions in Washington State,NA,10.7717/peerj.11802,2021,Robertson J.C.,Peerj,Article,NA,SCOPUS_ID:85110996883
Scopus,english,Large-scale differences in diversity and functional adaptations of prokaryotic communities from conserved and anthropogenically impacted mangrove sediments in a tropical estuary,NA,10.7717/peerj.12229,2021,de Santana C.O.,Peerj,Article,NA,SCOPUS_ID:85115971099
Scopus,english,Cultivation has selected for a wider niche and large range shifts in maize,NA,10.7717/peerj.14019,2022,Yang R.,Peerj,Article,NA,SCOPUS_ID:85139693924
Scopus,english,"Microbial diversity of the remote Trindade Island, Brazil: a systematic review",NA,10.7717/peerj.19305,2025,García G.J.Y.,Peerj,Article,NA,SCOPUS_ID:105004065637
Scopus,english,Impact of seasonal flooding and hydrological connectivity loss on microbial community dynamics in mangrove sediments of the southern Gulf of Mexico,NA,10.7717/peerj.19371,2025,Vázquez-Rosas-Landa M.,Peerj,Article,NA,SCOPUS_ID:105004436737
Scopus,english,"Revisiting Drymaeus germaini (Ancey, 1892) (Gastropoda, Bulimulidae): ecological niche and first anatomical description of a poorly known land snail species from Brazil",NA,10.7717/peerj.19641,2025,Macedo M.I.P.F.,Peerj,Article,NA,SCOPUS_ID:105018866849
Scopus,english,On the composition and temporal dynamics of a snake community at the Cerrado-Amazonia ecotone,NA,10.7717/peerj.20025,2025,Sena A.,Peerj,Article,NA,SCOPUS_ID:105021055789
Scopus,english,"Caring, Repairing, and Reimagining: Experiences from the Rural World",NA,10.7764/disena.23.article.3,2023,Muñoz F.,Disena,Article,NA,SCOPUS_ID:85175066513
Scopus,english,From Collective Coping Strategies to Post-Traumatic Community Growth: Empowerment’s Mediational Analysis Facing a Climatologic Disaster,NA,10.7764/psykhe.2019.22345,2022,Sandoval-Díaz J.,Psykhe,Article,NA,SCOPUS_ID:85135261100
Scopus,english,The climate agenda & tourism in Brazil: contributions to public policies for adaptation to climate change,NA,10.7784/rbtur.v17.2759,2023,Gil J.,Revista Brasileira De Pesquisa Em Turismo,Article,NA,SCOPUS_ID:85189174680
Scopus,english,Layered network spillovers in China’s new energy governance: Global carbon emission reduction through new energy city pilots,NA,NA,2025,Yu Z.L.,Studies in Science of Science,Article,NA,SCOPUS_ID:105014740223
Scopus,english,"Concrete Mirage: Governance, Equity, and Sustainable Cities in the United States Southwest",NA,NA,2025,Heinz E.,Concrete Mirage Governance Equity and Sustainable Cities in the United States Southwest,Book,NA,SCOPUS_ID:105018651852
Scopus,english,"Agroecological and biocultural practices in the production of sweet potato (Ipomoea batatas) in smallholder family farming in Carchi, Ecuador",NA,NA,2025,Tulcán Enríquez M.,Agroalimentaria,Article,NA,SCOPUS_ID:105024534361
Scopus,english,"Application of Random Forest in the Prediction of Extreme Flows: Evaluation against Deterministic Methods, exper-imental case of the Magdalena River Frío basin in Colombia",NA,NA,2025,Quintero Suárez S.M.,Journal of Maritime Research,Article,NA,SCOPUS_ID:105005722601
Scopus,english,"1st International Conference on Geographic Perspectives on Climate Change Mitigation in Urban and Rural Environments, GCUE 2024",NA,NA,2025,NA,Advances in Science Technology and Innovation,Conference Review,NA,SCOPUS_ID:105020053064
Scopus,english,"1st International Conference on Geographic Perspectives on Climate Change Mitigation in Urban and Rural Environments, GCUE 2024",NA,NA,2025,NA,Advances in Science Technology and Innovation,Conference Review,NA,SCOPUS_ID:105018807300
Scopus,english,"DROUGHT RISK MANAGEMENT IN CLIMATE CHANGE SCENARIOS, THROUGH THE DEVELOPMENT OF A VULNERABILITY INDEX, CASE STUDY: MORELIA CITY, MICHOACÁN MEXICO.",NA,NA,2025,Ponce A.F.,Proceedings of the IAHR World Congress,Conference Paper,NA,SCOPUS_ID:105026265975
Scopus,english,"Environmental health, climate change, and equity: Understanding geographic vulnerabilities",NA,NA,2025,Solomon G.,Field Actions Science Report,Article,NA,SCOPUS_ID:85218721439
Scopus,english,"7th International Conference on Green Urbanism, GU 2023",NA,NA,2025,NA,Advances in Science Technology and Innovation,Conference Review,NA,SCOPUS_ID:105018687518
Scopus,english,"International Conference on BRICS NUs: Water Resources and Pollution Treatment, WRPT 2021",NA,NA,2025,NA,Lecture Notes in Civil Engineering,Conference Review,NA,SCOPUS_ID:105008963264
Scopus,english,"An Interdisciplinary Framework for Conservation Education: Bridging Science, Participatory Design and Management",NA,NA,2025,Navarro-Sanint M.,International Conference the Future of Education,Conference Paper,NA,SCOPUS_ID:105029595834
Scopus,english,Linking urban warming with city life: The case of mobility axes in São Paulo - Brazil,NA,NA,2024,Werneck D.,PLEA 2024 Re Thinking Resilience Proceedings of 37th PLEA Conference Sustainable Architecture and Urban Design the Book of Proceedings,Conference Paper,NA,SCOPUS_ID:105023645770
Scopus,english,"3rd International conference on Climate Change and Environmental Sustainability, CCES 2023",NA,NA,2024,NA,Advances in Science Technology and Innovation,Conference Review,NA,SCOPUS_ID:85205103802
Scopus,english,ADAPTING MODERN PUBLIC SPACE TO ACTUAL NEEDS,NA,NA,2024,Schlack E.,18th International Docomomo Conference and Students Workshop Modern Futures Sustainable Development and Cultural Diversity,Conference Paper,NA,SCOPUS_ID:105013680298
Scopus,english,Retrofitting Schools in Chile: Integration Resilience Criteria,NA,NA,2024,Piderit-Moreno B.,PLEA 2024 Re Thinking Resilience Proceedings of 37th PLEA Conference Sustainable Architecture and Urban Design the Book of Proceedings,Conference Paper,NA,SCOPUS_ID:105023670362
Scopus,english,BEYOND EARTHQUAKE RISK: NATIONAL ATLAS AND MULTIHAZARD RISK ASSESSMENT UNDER A CHANGING CLIMATE,NA,NA,2024,Cardona O.D.,World Conference on Earthquake Engineering Proceedings,Book Chapter,NA,SCOPUS_ID:105027890188
Scopus,english,"6th International Conference on Applied Informatics, ICAI 2023",NA,NA,2024,NA,Communications in Computer and Information Science,Conference Review,NA,SCOPUS_ID:85176016694
Scopus,english,Building and dwelling: Ethics for the city,NA,NA,2023,Sennett R.,Building and Dwelling Ethics for the City,Book,NA,SCOPUS_ID:85169520040
Scopus,english,"INTERUNIVERSITY INTEGRATION FOR SUSTAINABLE DEVELOPMENT, DISASTER RISK REDUCTION AND INFORMATION MANAGEMENT",NA,NA,2023,Segura E.L.M.,Universidad Y Sociedad,Article,NA,SCOPUS_ID:85148427599
Scopus,english,"Genetic resources and breeding priorities in phaseolus beans: Vulnerability, resilience, and future challenges",NA,NA,2023,Parker T.A.,Plant Breeding Reviews Volume 46,Book Chapter,NA,SCOPUS_ID:85148197521
Scopus,english,Space-Based Solutions For Smart Cities,NA,NA,2023,Timmermans R.,Proceedings of the International Astronautical Congress Iac,Conference Paper,NA,SCOPUS_ID:85188013476
Scopus,english,Ecosystem services of blue-green infrastructure (BGI) for climate change adaptation and mitigation in an arid region,NA,NA,2023,Iruri-Ramos C.,Zemch International Conference,Conference Paper,NA,SCOPUS_ID:85194079086
Scopus,english,"'Locking in' Desalination in the U.S.-Mexico Borderlands: Path Dependency, Techno-Optimism and Climate Adaptation",NA,NA,2023,O’Neill B.F.,Water Alternatives,Article,NA,SCOPUS_ID:85162160850
Scopus,english,"Challenges and opportunities of collaborative management and university social responsibility of Adaptation to Climate Change in the community of Mangomarca (oasis of fog) in Lima, Peru",NA,NA,2023,Cabello-Torres R.J.,Proceedings of the Laccei International Multi Conference for Engineering Education and Technology,Conference Paper,NA,SCOPUS_ID:85172351220
Scopus,english,Nature-based Solutions (NbS) for addressing water scarcity in the Mediterranean Ecoregion of Chile,NA,NA,2023,Schneider-Valenzuela I.,Revista De Geografia Norte Grande,Article,NA,SCOPUS_ID:85174210826
Scopus,english,ZEMCH 2023 - 10th Zero Energy Mass Custom Home International Conference,NA,NA,2023,NA,Zemch International Conference,Conference Review,NA,SCOPUS_ID:85194094223
Scopus,english,"CLIMATE CHANGE ANALYSIS FROM THE PERSPECTIVE OF THE FRACTAL MODEL IN CHINGAZA NATIONAL NATURAL PARK, COLOMBIA",NA,NA,2022,Parrado-Torres D.,Arpn Journal of Engineering and Applied Sciences,Article,NA,SCOPUS_ID:85144975535
Scopus,english,Urban food systems and their governance: A viable alternative for Venezuela in the UN sustainable food systems framework?,NA,NA,2022,Anido R.,Agroalimentaria,Article,NA,SCOPUS_ID:85158010701
Scopus,english,The landscape of the Venezuelan Aeolian Plains. Santos Luzardo National Park as a case study,NA,NA,2022,Navarro-González G.,Revista Geografica Venezolana,Article,NA,SCOPUS_ID:85148527775
Scopus,english,"ANALYSIS OF VULNERABILITY TO CLIMATE CHANGE IN SMALL CITIES USING LIVELIHOOD APPROACH. A CASE OF STUDY OF COTACACHI, ECUADOR",NA,NA,2022,Arias-Muñoz P.,Acta Geographica Universitatis Comenianae,Article,NA,SCOPUS_ID:85133566972
Scopus,english,"INCLUSION OF RURAL AND INDIGENOUS COMMUNITIES IN SPACE TECHNOLOGY DEVELOPMENT, THE CASE OF MORAZÁN-SATELLITE",NA,NA,2022,Mejuto J.,Proceedings of the International Astronautical Congress Iac,Conference Paper,NA,SCOPUS_ID:85167581879
Scopus,english,AMBIENT VIBRATION TEST AND MODAL RESPONSE ANALYSIS OF A UNIVERSITY BUILDING IN A SEISMIC REGION,NA,NA,2022,Monzón V.C.H.,9th Iomac International Operational Modal Analysis Conference Proceedings,Conference Paper,NA,SCOPUS_ID:85163967577
Scopus,english,MASSIFICATION OF SILVOPASTORAL SYSTEMS: A LONG AND WINDING ROAD,NA,NA,2021,Apan-Salcedo G.W.,Tropical and Subtropical Agroecosystems,Article,NA,SCOPUS_ID:85126149221
Scopus,english,Administering Agroforestry At The District Level,NA,NA,2021,Arunachalam A.,Current Science,Article,NA,SCOPUS_ID:85113898657
