source_db,query_language,title,abstract,doi_clean,year,authors,journal,doc_type,language,uid,found_in_dbs,n_dbs,doc_type_tag
WoS,english,"A MODIS-based scalable remote sensing method to estimate sowing and harvest dates of soybean crops in Mato Grosso, Brazil",NA,10.1016/j.heliyon.2021.e07436,2021,"Zhang, Minghui | Abrahao, Gabriel | Cohn, Avery | Campolo, Jake | Thompson, Sally",HELIYON,NA,NA,NA,WoS,1,other
Scopus,english,A Methodological Framework to Assess the Urban Content in Climate Change Policies,NA,10.48264/vvsiev-20212909,2021,Pizzorni M.,Valori E Valutazioni,Article,NA,SCOPUS_ID:85123272399,Scopus,1,research_paper
Scopus,english,A methodology for assessing the impact of climate change on building energy consumption,NA,10.1007/978-3-030-65421-4_17,2021,Karlen C.G.,Urban Microclimate Modelling for Comfort and Energy Studies,Book Chapter,NA,SCOPUS_ID:85150738008,Scopus,1,other
WoS,english,A multi-taxonomic framework for assessing relative petrochemical vulnerability of marine biodiversity in the Gulf of Mexico,NA,10.1016/j.scitotenv.2020.142986,2021,"Polidoro, Beth | Matson, Cole W. | Ottinger, Mary Ann | Renegar, D. Abigail | Romero, Isabel C. | Schlenk, Daniel | Wise, John Pierce, Sr. | Beltran Gonzalez, Jesus | Bruns, Peter | Carpenter, Kent | Cobian Rojas, Dorka | Collier, Tracy K. | Duda, Thomas F., Jr. | Gonzalez-Diaz, Patricia | Di Giulio, Richard | Grubbs, R. Dean | Haney, J. Christopher | Incardona, John P. | Horta-Puga, Guillermo | Linardich, Christi | Moore, Jon A. | Pech, Daniel | Perera Valderrama, Susana | Ralph, Gina M. | Strongin, Kyle | Ringwood, Amy H. | Wursig, Bernd",SCIENCE OF THE TOTAL ENVIRONMENT,NA,NA,NA,WoS,1,other
Scopus,english,A raw water security risk model for urban supply based on failure mode analysis,NA,10.1016/j.jhydrol.2020.125843,2021,Carvalho de Melo M.,Journal of Hydrology,Article,NA,SCOPUS_ID:85097800699,Scopus,1,research_paper
WoS,english,A sustainable approach for urban farming based on city logistics concepts for local production and consumption of vegetables,NA,10.1016/j.retrec.2021.101038,2021,"Magalhaes de Oliveira, Renata Lucia | Santos, Igor Vieira | Graciano, Guilherme Fonseca | Cunha Libanio, Andre Augusto | de Oliveira, Leise Kelli | Fontes Pereira Bracarense, Lilian dos Santos",RESEARCH IN TRANSPORTATION ECONOMICS,NA,NA,NA,Scopus; WoS,2,other
WoS,english,Aboveground biomass in secondary montane forests in Peru: Slow carbon recovery in agroforestry legacies,NA,10.1016/j.gecco.2021.e01696,2021,"Aragon, Susan | Salinas, Norma | Nina-Quispe, Alex | Huaman Qquellon, Vicky | Rayme Paucar, Gloria | Huaman, Wilfredo | Chambi Porroa, Percy | Olarte, Juliana C. | Cruz, Rudi | Muniz, Julia G. | Salas Yupayccana, Carlos | Boza Espinoza, Tatiana E. | Tito, Richard | Cosio, Eric G. | Roman-Cuesta, Rosa Maria",GLOBAL ECOLOGY AND CONSERVATION,NA,NA,NA,Scopus; WoS,2,other
Scopus,english,Adaptation strategies for people: mitigating climate-change-related risks in low-income and informal urban communities through co-production,NA,10.5871/jba/009s9.007,2021,Ferrari S.G.,Journal of the British Academy,Article,NA,SCOPUS_ID:85137296996,Scopus,1,research_paper
WoS,english,Adaptive Capacity as Local Sustainable Development: Contextualizing and Comparing Risks and Resilience in Two Chilean Regions,NA,10.3390/su13094660,2021,"Barton, Jonathan R. | Gutierrez-Antinopai, Felipe | Escalona Ulloa, Miguel",SUSTAINABILITY,NA,NA,NA,Scopus; WoS,2,other
Scopus,english,Administering Agroforestry At The District Level,NA,NA,2021,Arunachalam A.,Current Science,Article,NA,SCOPUS_ID:85113898657,Scopus,1,research_paper
WoS,english,Agricultural and Forestry Land and Labor Use under Long-Term Climate Change in Chile,NA,10.3390/atmos12030305,2021,"Melo, Oscar | Foster, William",ATMOSPHERE,NA,NA,NA,Scopus; WoS,2,other
WoS,english,"Agroforestry transitions: The good, the bad and the ugly",NA,10.1016/j.jrurstud.2021.01.016,2021,"Ollinaho, Ossi I. | Kroger, Markus",JOURNAL OF RURAL STUDIES,NA,NA,NA,WoS,1,other
WoS,english,"Air Pollutants in an Intermediate City: Variability and Interactions with Weather and Anthropogenic Elements in Bahia Blanca, Argentina",NA,10.1007/s40710-021-00502-6,2021,"Fernandez, Maria Eugenia | Gentili, Jorge Osvaldo | Campo, Alicia Maria",ENVIRONMENTAL PROCESSES-AN INTERNATIONAL JOURNAL,NA,NA,NA,Scopus; WoS,2,other
WoS,english,Air-conditioning and the adaptation cooling deficit in emerging economies,NA,10.1038/s41467-021-26592-2,2021,"Pavanello, Filippo | De Cian, Enrica | Davide, Marinella | Mistry, Malcolm | Cruz, Talita | Bezerra, Paula | Jagu, Dattakiran | Renner, Sebastian | Schaeffer, Roberto | Lucena, Andre F. P.",NATURE COMMUNICATIONS,NA,NA,NA,WoS,1,other
WoS,english,"An Approach Concerning Climate Change and Timber Building Resilience: Araucania Region, South Chile",NA,10.3390/buildings11100452,2021,"Prieto, Andres J. | Verichev, Konstantin | Silva, Ana",BUILDINGS,NA,NA,NA,Scopus; WoS,2,other
WoS,english,Analysing the Impact of Climate Change on Hydrological Ecosystem Services in Laguna del Sauce (Uruguay) Using the SWAT Model and Remote Sensing Data,NA,10.3390/rs13102014,2021,"Aznarez, Celina | Jimeno-Saez, Patricia | Lopez-Ballesteros, Adrian | Pablo Pacheco, Juan | Senent-Aparicio, Javier",REMOTE SENSING,NA,NA,NA,WoS,1,other
WoS,english,Analyzing water policy impacts on vulnerability: Cases across the rural-urban continuum in the arid Americas,NA,10.1016/j.envdev.2020.100552,2021,"Zuniga-Teran, Adriana A. | Mussetta, Paula C. | Ley, America N. Lutz | Diaz-Caravantes, Rolando E. | Gerlak, Andrea K.",ENVIRONMENTAL DEVELOPMENT,NA,NA,NA,Scopus; WoS,2,other
WoS,english,Anthropogenic climate change contribution to wildfire-prone weather conditions in the Cerrado and Arc of deforestation,NA,10.1088/1748-9326/ac1e3a,2021,"Li, Sihan | Sparrow, Sarah N. | Otto, Friederike E. L. | Rifai, Sami W. | Oliveras, Imma | Krikken, Folmer | Anderson, Liana O. | Malhi, Yadvinder | Wallom, David",ENVIRONMENTAL RESEARCH LETTERS,NA,NA,NA,Scopus; WoS,2,other
Scopus,english,Argentine cities in the context of climate change: Explorations for risk analysis and urban resilience,NA,10.15446/rcdg.v30n2.87584,2021,Zulaica L.,Cuadernos De Geografia Revista Colombiana De Geografia,Article,NA,SCOPUS_ID:85111252655,Scopus,1,research_paper
Scopus,english,"Assessing Future Resilience, Equity, and Sustainability in Scenario Planning",NA,10.1007/978-3-030-63131-4_8,2021,Berbés-Blázquez M.,Urban Book Series,Book Chapter,NA,SCOPUS_ID:85103924869,Scopus,1,other
WoS,english,Assessing climate change risk: An index proposal for Mexico City,NA,10.1016/j.ijdrr.2021.102549,2021,"Fernanda Mac Gregor-Gaona, Maria | Angles-Hernandez, Marisol | Guibrunet, Louise | Zambrano-Gonzalez, Luis",INTERNATIONAL JOURNAL OF DISASTER RISK REDUCTION,NA,NA,NA,Scopus; WoS,2,other
WoS,english,Assessing the economic impacts of future fluvial flooding in six countries under climate change and socio-economic development,NA,10.1007/s10584-021-03059-3,2021,"Yin, Zhiqiang | Hu, Yixin | Jenkins, Katie | He, Yi | Forstenhausler, Nicole | Warren, Rachel | Yang, Lili | Jenkins, Rhosanna | Guan, Dabo",CLIMATIC CHANGE,NA,NA,NA,WoS,1,other
WoS,english,Assessment of Potential Climate Change Impacts on Montane Forests in the Peruvian Andes: Implications for Conservation Prioritization,NA,10.3390/f12030375,2021,"Bax, Vincent | Castro-Nunez, Augusto | Francesconi, Wendy",FORESTS,NA,NA,NA,Scopus; WoS,2,other
WoS,english,Assessment of rainfall variability and future change in Brazil across multiple timescales,NA,10.1002/joc.6818,2021,"Alves, Lincoln M. | Chadwick, Robin | Moise, Aurel | Brown, Josephine | Marengo, Jose A.",INTERNATIONAL JOURNAL OF CLIMATOLOGY,NA,NA,NA,Scopus; WoS,2,other
WoS,english,"Assisted Migration Field Tests in Canada and Mexico: Lessons, Limitations, and Challenges",NA,10.3390/f12010009,2021,"Saenz-Romero, Cuauhtemoc | O'Neill, Greg | Aitken, Sally N. | Lindig-Cisneros, Roberto",FORESTS,NA,NA,NA,WoS,1,other
WoS,english,"Autonomous flood adaptation measures in Amazonian cities (Belem, Brazil)",NA,10.1007/s11069-021-04720-x,2021,"Szlafsztein, Claudio Fabian | Barata de Araujo, Andrea Nazare",NATURAL HAZARDS,NA,NA,NA,WoS,1,other
WoS,english,Biocultural Diversity for Food System Transformation Under Global Environmental Change,NA,10.3389/fsufs.2021.685299,2021,"Argumedo, Alejandro | Song, Yiching | Khoury, Colin K. | Hunter, Danny | Dempewolf, Hannes | Guarino, Luigi | de Haan, Stef",FRONTIERS IN SUSTAINABLE FOOD SYSTEMS,NA,NA,NA,WoS,1,other
WoS,english,Brazilian Semi-Arid Mangroves-Associated Microbiome as Pools of Richness and Complexity in a Changing World,NA,10.3389/fmicb.2021.715991,2021,"Lopes Tavares, Tallita Cruz | Bezerra, Walderly Melgaco | Oliveira Normando, Leonardo Ribeiro | Rosado, Alexandre Soares | Maciel Melo, Vania Maria",FRONTIERS IN MICROBIOLOGY,NA,NA,NA,Scopus; WoS,2,other
WoS,english,Browse from Three Tree Legumes Increases Forage Production for Cattle in a Silvopastoral System in the Southwest Amazon,NA,10.3390/ani11123585,2021,"Dablin, Lucy | Lewis, Simon L. | Milliken, William | Monro, Alexandre | Lee, Mark A.",ANIMALS,NA,NA,NA,WoS,1,other
Scopus,english,Built Environment Resilience to Face Climate Change Effects In Paraguay’s Social Housing,NA,10.1007/978-981-15-8783-2_18,2021,Silvero F.,Smart Innovation Systems and Technologies,Conference Paper,NA,SCOPUS_ID:85098219107,Scopus,1,research_paper
WoS,english,Cabo Pulmo and the Uroboro. A Multiscale Case of Socio-Environmental Perspectives,NA,10.17141/letrasverdes.30.2021.4752,2021,"Torres-Alvarez, Sebastian",LETRAS VERDES,NA,NA,NA,WoS,1,other
WoS,english,Calibrating UTCI'S comfort assessment scale for three Brazilian cities with different climatic conditions,NA,10.1007/s00484-020-01897-x,2021,"Kruger, Eduardo L. | Silva, Thiago Jose Vieira | Hirashima, Simone Queiroz | da Cunha, Eduardo Grala | Rosa, Luisa Alcantara",INTERNATIONAL JOURNAL OF BIOMETEOROLOGY,NA,NA,NA,Scopus; WoS,2,other
WoS,english,Capturing and analysing heterogeneity in residential greywater reuse preferences using a latent class model,NA,10.1016/j.jenvman.2020.111673,2021,"Amaris, Gloria | Gironas, Jorge | Hess, Stephane | Ortuzar, Juan de Dios",JOURNAL OF ENVIRONMENTAL MANAGEMENT,NA,NA,NA,WoS,1,other
Scopus,english,Centering at the Margins: Critical Community Resilience Praxis,NA,10.1177/0022167818825305,2021,Atallah D.G.,Journal of Humanistic Psychology,Article,NA,SCOPUS_ID:85060695850,Scopus,1,research_paper
WoS,english,Challenges and perspectives for the Brazilian semi-arid coast under global environmental changes,NA,10.1016/j.pecon.2021.06.001,2021,"Soares, M. O. | Campos, C. C. | Carneiro, P. B. M. | Barroso, H. S. | Marins, R., V | Teixeira, C. E. P. | Menezes, M. O. B. | Pinheiro, L. S. | Viana, M. B. | Feitosa, C., V | Sanchez-Botero, J., I | Bezerra, L. E. A. | Rocha-Barreira, C. A. | Matthews-Cascon, H. | Matos, F. O. | Gorayeb, A. | Cavalcante, M. S. | Moro, M. F. | Rossi, S. | Belmonte, G. | Melo, V. M. M. | Rosado, A. S. | Ramires, G. | Tavares, T. C. L. | Garcia, T. M.",PERSPECTIVES IN ECOLOGY AND CONSERVATION,NA,NA,NA,Scopus; WoS,2,other
WoS,english,"Challenges to climate change adaptation in coastal small towns: Examples from Ghana, Uruguay, Finland, Denmark, and Alaska",NA,10.1016/j.ocecoaman.2021.105787,2021,"Fitton, James M. | Addo, Kwasi Appeaning | Jayson-Quashigah, Philip-Neri | Nagy, Gustavo J. | Gutierrez, Ofelia | Panario, Daniel | Carro, Inti | Seijo, Leo | Segura, Carolina | Verocai, Jose E. | Luoma, Samrit | Klein, Johannes | Zhang, Ting-Ting | Birchall, Jeff | Stempel, Peter",OCEAN & COASTAL MANAGEMENT,NA,NA,NA,Scopus; WoS,2,other
WoS,english,Classifying climate change perceptions of bean breeders in Santander-Colombia,NA,10.1080/17565529.2020.1848782,2021,"Botero, Hernan | Barnes, Andrew | Perez, Lisset | Rios, David | Ramirez-Villegas, Julian",CLIMATE AND DEVELOPMENT,NA,NA,NA,Scopus; WoS,2,other
Scopus,english,Climate Adaptation by International Multidisciplinary Knowledge Exchange: Sharing Challenges and Solutions in ClimateCafés in the Philippines and Peru,NA,10.1007/978-3-030-57281-5_133,2021,Boogaard F.C.,Handbook of Climate Change Management Research Leadership Transformation,Book Chapter,NA,SCOPUS_ID:85161819452,Scopus,1,other
Scopus,english,"Climate Change, Cultural Manifestation and the Principle of Hope, Based on Ernst Bloch’s Theoretical Proposal",NA,10.1007/978-3-030-57281-5_226,2021,Arredondo-Trapero F.G.,Handbook of Climate Change Management Research Leadership Transformation,Book Chapter,NA,SCOPUS_ID:85161886402,Scopus,1,other
WoS,english,Climate change and risk of arboviral diseases in the state of Rio de Janeiro (Brazil),NA,10.1007/s00704-021-03663-4,2021,"Oscar Junior, Antonio Carlos | Mendonca, Francisco de Assis",THEORETICAL AND APPLIED CLIMATOLOGY,NA,NA,NA,Scopus; WoS,2,other
Scopus,english,Climate change in the built environment: Addressing future climates in buildings,NA,10.4018/978-1-7998-9032-4.ch008,2021,Gibberd J.T.,Research Anthology on Environmental and Societal Well Being Considerations in Buildings and Architecture,Book Chapter,NA,SCOPUS_ID:85125156278,Scopus,1,other
WoS,english,Climate change threatens the woody plant taxonomic and functional diversities of the <i>Restinga</i> vegetation in Brazil,NA,10.1016/j.pecon.2020.12.006,2021,"Inague, Gabriel M. | Zwiener, Victor P. | Marques, Marcia C. M.",PERSPECTIVES IN ECOLOGY AND CONSERVATION,NA,NA,NA,Scopus; WoS,2,other
WoS,english,Climate exposure shows high risk and few climate refugia for Chilean native vegetation,NA,10.1016/j.scitotenv.2021.147399,2021,"Munoz-Saez, Andres | Choe, Hyeyeong | Boynton, Ryan M. | Elsen, Paul R. | Thorne, James H.",SCIENCE OF THE TOTAL ENVIRONMENT,NA,NA,NA,Scopus; WoS,2,other
WoS,english,Coastal Migration Index for Coastal Flooding Events Increased by Sea Level Rise due to Climate Change: Mexico and Cuba Case Studies,NA,10.3390/w13213090,2021,"Jimenez-Hernandez, Sergio B. | Perez Montero, Ofelia | Meza, Eustorgio | Velazquez, Yunior R. | Castellanos, Juan R. | Martinez-Cano, Esperanza | Sosa-Perez, Felipe | Herrera, Juan F. | Zielinski, Seweryn | Cuker, Benjamin | Oliveira, Marcos | Anfuso, Giorgio | Milanes, Celene B.",WATER,NA,NA,NA,WoS,1,other
WoS,english,Community Perception and Adaptation to Climate Change in Coastal Areas of Mexico,NA,10.3390/w13182483,2021,"Escudero, Mireille | Mendoza, Edgar",WATER,NA,NA,NA,WoS,1,other
WoS,english,Community-based conservation strategies to end open access: The case of Fish Refuges in Mexico,NA,10.1111/csp2.283,2021,"Quintana, Anastasia C. E. | Basurto, Xavier",CONSERVATION SCIENCE AND PRACTICE,NA,NA,NA,WoS,1,other
WoS,english,Comparing vulnerability and institutional capacities in three Latin American coastal localities in response to extreme rainfall events,NA,10.1007/s11852-020-00790-4,2021,"Ruiz-Luna, Arturo | Martinez-Peralta, Claudia | Eichler, Patricia P. B. | Teixeira, Leonardo R. | Acosta-Morel, Montserrat | Hernandez Guzman, Rafael | Iwama, Allan Y.",JOURNAL OF COASTAL CONSERVATION,NA,NA,NA,Scopus; WoS,2,other
WoS,english,Conservation and Use of Latin American Maize Diversity: Pillar of Nutrition Security and Cultural Heritage of Humanity,NA,10.3390/agronomy11010172,2021,"Guzzon, Filippo | Arandia Rios, Luis Walquer | Caviedes Cepeda, Galo Mario | Cespedes Polo, Marcia | Chavez Cabrera, Alexander | Muriel Figueroa, Jesus | Medina Hoyos, Alicia Elizabeth | Jara Calvo, Teofilo Wladimir | Molnar, Terence L. | Narro Leon, Luis Alberto | Narro Leon, Teodoro Patricio | Mejia Kerguelen, Sergio Luis | Ospina Rojas, Jose Gabriel | Vazquez, Gricelda | Preciado-Ortiz, Ricardo Ernesto | Zambrano, Jose Luis | Palacios Rojas, Natalia | Pixley, Kevin V.",AGRONOMY-BASEL,NA,NA,NA,WoS,1,other
WoS,english,Crop farming adaptation to droughts in small-scale dryland agriculture in Chile,NA,10.1016/j.wre.2021.100176,2021,"Zuniga, Felipe | Jaime, Marcela | Salazar, Cesar",WATER RESOURCES AND ECONOMICS,NA,NA,NA,WoS,1,other
WoS,english,Croplands intensify regional and global warming according to satellite observations,NA,10.1016/j.rse.2021.112585,2021,"Zhou, Decheng | Xiao, Jingfeng | Frolking, Steve | Liu, Shuguang | Zhang, Liangxia | Cui, Yaoping | Zhou, Guoyi",REMOTE SENSING OF ENVIRONMENT,NA,NA,NA,WoS,1,other
WoS,english,"Data and knowledge matters: Urban adaptation planning in Sao Paulo, Brazil",NA,10.1016/j.uclim.2021.100808,2021,"Torres, Pedro Henrique Campello | Jacobi, Pedro Roberto | Momm, Sandra | Leonel, Ana Lia",URBAN CLIMATE,NA,NA,NA,Scopus; WoS,2,other
WoS,english,Deforestation and climate change are projected to increase heat stress risk in the Brazilian Amazon,NA,10.1038/s43247-021-00275-8,2021,"Alves de Oliveira, Beatriz Fatima | Bottino, Marcus J. | Nobre, Paulo | Nobre, Carlos A.",COMMUNICATIONS EARTH & ENVIRONMENT,NA,NA,NA,Scopus; WoS,2,other
WoS,english,Desertification risk assessment in Northeast Brazil: Current trends and future scenarios,NA,10.1002/ldr.3681,2021,"Vieira, Rita Marcia D. S. P. | Tomasella, Javier | Barbosa, Alexandre A. | Martins, Minella A. | Rodriguez, Daniel A. | Rezende, Fernanda S. D. | Carriello, Felix | Santana, Marcos D. O.",LAND DEGRADATION & DEVELOPMENT,NA,NA,NA,Scopus; WoS,2,other
Scopus,english,Disaster resilience index in the agricultural sector in the state of Mexico,NA,10.1007/978-3-030-67295-9_14,2021,Sánchez-Partida D.,Disaster Risk Reduction in Mexico Methodologies Case Studies and Prospective Views,Book Chapter,NA,SCOPUS_ID:85150817463,Scopus,1,other
WoS,english,Disaster waste: Characterization and quantification applied to an intense rain event,NA,10.5327/z217694781007,2021,"de Mello, Deisy Pereira Paulo | Bringhenti, Jacqueline Rogeria | Bianchi, Dejanyne Paiva Zamprogno | Monte, Lais Selvatici | Gunther, Wanda Maria Risso",REVISTA BRASILEIRA DE CIENCIAS AMBIENTAIS,NA,NA,NA,WoS,1,other
WoS,english,Disentangling the effect of future land use strategies and climate change on streamflow in a Mediterranean catchment dominated by tree plantations,NA,10.1016/j.jhydrol.2021.126047,2021,"Galleguillos, Mauricio | Gimeno, Fernando | Puelma, Cristobal | Zambrano-Bigiarini, Mauricio | Lara, Antonio | Rojas, Maisa",JOURNAL OF HYDROLOGY,NA,NA,NA,Scopus; WoS,2,other
WoS,english,"Distribution shifts, potential refugia, and the performance of protected areas under climate change in the <i>Araucaria</i> moist forests ecoregion",NA,10.1111/avsc.12628,2021,"Saraiva, Daniel Dutra | Esser, Luiz Fernando | Grasel, Daniel | Jarenkow, Joao Andre",APPLIED VEGETATION SCIENCE,NA,NA,NA,WoS,1,other
WoS,english,"Divergent morphological responses to millennia of climate change in two species of bats from Hall's Cave, Texas, USA",NA,10.7717/peerj.10856,2021,"Moroz, Molly | Jackson, Illiam S. C. | Ramirez, Daniel | Kemp, Melissa E.",PEERJ,NA,NA,NA,Scopus; WoS,2,other
WoS,english,"Diversity and niche differentiation of a mixed pine-oak forest in the Sierra Norte, Oaxaca, Mexico",NA,10.1002/ecs2.3475,2021,"Martin, Meredith P. | Peters, Charles M. | Asbjornsen, Heidi | Ashton, Mark S.",ECOSPHERE,NA,NA,NA,WoS,1,other
WoS,english,"Does climate change cause disasters? How citizens, academics, and leaders explain climate-related risk and disasters in Latin America and the Caribbean",NA,10.1016/j.ijdrr.2021.102173,2021,"Lizarralde, Gonzalo | Bornstein, Lisa | Robertson, Melanie | Gould, Kevin | Herazo, Benjamin | Petter, Anne-Marie | Paez, Holmes | Diaz, Julia Helena | Olivera, Andres | Gonzalez, Gonzalo | Lopez, Oswaldo | Lopez, Adriana | Ascui, Hernan | Burdiles, Roberto | Bouchereau, Karine",INTERNATIONAL JOURNAL OF DISASTER RISK REDUCTION,NA,NA,NA,WoS,1,other
WoS,english,Does the simplification of activity systems produce landscape homogenization?,NA,10.1007/s10668-020-00839-2,2021,"Morteo-Montiel, Swany | Simms, Sherie Rae | Porter-Bolland, Luciana | Bonilla-Moheno, Martha",ENVIRONMENT DEVELOPMENT AND SUSTAINABILITY,NA,NA,NA,WoS,1,other
WoS,english,"Dryland Watershed Restoration With Rock Detention Structures: A Nature-based Solution to Mitigate Drought, Erosion, Flooding, and Atmospheric Carbon",NA,10.3389/fenvs.2021.679189,2021,"Gooden, Jennifer | Pritzlaff, Richard",FRONTIERS IN ENVIRONMENTAL SCIENCE,NA,NA,NA,Scopus; WoS,2,other
WoS,english,Ecophysiological Vulnerability to Climate Change in Mexico City's Urban Forest,NA,10.3389/fevo.2021.732250,2021,"Barradas, Victor L. | Esperon-Rodriguez, Manuel",FRONTIERS IN ECOLOGY AND EVOLUTION,NA,NA,NA,WoS,1,other
WoS,english,"Effects of Habitat Loss on the Ecology of <i>Pachyphytum caesium</i> (Crassulaceae), a Specialized Cliff-Dwelling Endemic Species in Central Mexico",NA,10.3390/d13090421,2021,"Clark-Tapia, Ricardo | Gonzalez-Adame, Gabriel | Campos, Jorge E. | Aguirre-Hidalgo, Victor | Pacheco-Cruz, Nelly | Ugalde, Juan Jose Von Thaden | Campista-Leon, Samuel | Peinado-Guevara, Luz Isela | Alfonso-Corrado, Cecilia",DIVERSITY-BASEL,NA,NA,NA,WoS,1,other
WoS,english,Embrapa and the construction of scientific heritage in Brazilian agriculture: Sowing memory,NA,10.1111/dpr.12531,2021,"Cabral, Lidia",DEVELOPMENT POLICY REVIEW,NA,NA,NA,Scopus; WoS,2,other
WoS,english,Enhancing climate change resilience of ecological restoration-A framework for action,NA,10.1016/j.pecon.2021.05.002,2021,"Simonson, William D. | Miller, Ellen | Jones, Alastair | Garcia-Rangel, Shaenandhoa | Thornton, Hazel | McOwen, Chris",PERSPECTIVES IN ECOLOGY AND CONSERVATION,NA,NA,NA,WoS,1,other
WoS,english,Environmental Value for Heritage Conservation and Urban Sustainability: Adaptation in Widely Divergent Climatic Conditions,NA,10.1080/17567505.2021.1991104,2021,"Larrain de Andraca, Isidora | Rodwell, Dennis",HISTORIC ENVIRONMENT-POLICY & PRACTICE,NA,NA,NA,Scopus; WoS,2,other
Scopus,english,"Environmental performance of the urban microclimate in pedestrian zones of Tarija, Bolivia",NA,10.5379/urbani-izziv-en-2021-32-supplement-7,2021,Mansilla M.E.M.,Urbani Izziv,Article,NA,SCOPUS_ID:85122896578,Scopus,1,research_paper
Scopus,english,"Erratum: Water and health seminar and special issue highlight ideas that will change the field (International Journal of Hygiene and Environmental Health (2020) 226, (S1438463920303618), (10.1016/j.ijheh.2020.113529))",NA,10.1016/j.ijheh.2021.113716,2021,Holcomb D.,International Journal of Hygiene and Environmental Health,Erratum,NA,SCOPUS_ID:85101334710,Scopus,1,other
WoS,english,Experience and coping in the face of alluvial risk: A multiple mediation model,NA,10.14718/acp.2021.24.2.12,2021,"Sandoval-Diaz, Jose | Ruiz-Rivera, Naxhelli | Cuadra-Martinez, David",ACTA COLOMBIANA DE PSICOLOGIA,NA,NA,NA,WoS,1,other
WoS,english,Exploring the multidimensional effects of human activity and land cover on fire occurrence for territorial planning,NA,10.1016/j.jenvman.2021.113428,2021,"Carrasco, Jaime | Acuna, Mauricio | Miranda, Alejandro | Alfaro, Gabriela | Pais, Cristobal | Weintraub, Andres",JOURNAL OF ENVIRONMENTAL MANAGEMENT,NA,NA,NA,WoS,1,other
WoS,english,Exposure to changes in climate in Bolivia,NA,10.24850/j-tyca-2021-06-03,2021,"Marcelo Olivera-Villarroel, Sazcha | Andrade-Velazquez, Mercedes | Ramon Medrano-Perez, Ojilve",TECNOLOGIA Y CIENCIAS DEL AGUA,NA,NA,NA,WoS,1,other
WoS,english,Extreme Weather Conditions and Cardiovascular Hospitalizations in Southern Brazil,NA,10.3390/su132112194,2021,"Costa, Iago Turba | Wollmann, Cassio Arthur | Gobo, Joao Paulo Assis | Ikefuti, Priscilla Venancio | Shooshtarian, Salman | Matzarakis, Andreas",SUSTAINABILITY,NA,NA,NA,WoS,1,other
WoS,english,Flood affectedness and household adaptation measures in rural northern Chile: A cross-sectional study in the Upper Huasco Valley,NA,10.1016/j.ijdrr.2021.102499,2021,"Meltzer, Laura | Dame, Juliane | Gabrysch, Sabine",INTERNATIONAL JOURNAL OF DISASTER RISK REDUCTION,NA,NA,NA,WoS,1,other
Scopus,english,Flood risk and adaptation strategies for soybean production systems on the flood-prone pampas under climate change,NA,10.3390/agronomy11061187,2021,Smolenaars W.J.,Agronomy,Article,NA,SCOPUS_ID:85108597449,Scopus,1,research_paper
WoS,english,"Food, energy, and water nexus research in Guatemala-A systematic literature review",NA,10.1016/j.envsci.2021.06.009,2021,"Kondash, A. J. | Herrera, Isabel | Castellanos, Edwin | Baker, Justin | Leiva, Benjamin | Van Houtven, George | Fuentes, Gabriela | Alfaro, Gabriela | Henry, Candise | Wade, Christopher | Redmon, Jennifer Hoponick",ENVIRONMENTAL SCIENCE & POLICY,NA,NA,NA,Scopus; WoS,2,review
WoS,english,Forecasting the CO<sub>2</sub> Emissions at the Global Level: A Multilayer Artificial Neural Network Modelling,NA,10.3390/en14196336,2021,"Jena, Pradyot Ranjan | Managi, Shunsuke | Majhi, Babita",ENERGIES,NA,NA,NA,Scopus; WoS,2,other
WoS,english,From mathematical models to policy design: Predicting greywater reuse scheme effectiveness and water reclamation benefits based on individuals' preferences,NA,10.1016/j.scs.2021.103132,2021,"Amaris, Gloria | Dawson, Richard | Gironas, Jorge | Hess, Stephane | Ortuzar, Juan de Dios",SUSTAINABLE CITIES AND SOCIETY,NA,NA,NA,WoS,1,other
WoS,english,Gap Analysis of the Habitat Interface of Ticks and Wildlife in Mexico,NA,10.3390/pathogens10121541,2021,"Lopez Gonzalez, Carlos A. | Hernandez-Camacho, Norma | Aguilar-Tipacamu, Gabriela | Zamora-Ledesma, Salvador | Olvera-Ramirez, Andrea M. | Jones, Robert W.",PATHOGENS,NA,NA,NA,WoS,1,other
WoS,english,Geographic Distribution of Colombian Spittlebugs (Hemiptera: Cercopidae) <i>via</i> Ecological Niche Modeling: A Prediction for the Main Tropical Forages' Pest in the Neotropics,NA,10.3389/fsufs.2021.725774,2021,"Hernandez, Luis M. | Espitia, Paula | Florian, David | Castiblanco, Valheria | Cardoso, Juan Andres | Gomez-Jimenez, Maria I.",FRONTIERS IN SUSTAINABLE FOOD SYSTEMS,NA,NA,NA,Scopus; WoS,2,other
WoS,english,Global Environmental Engineering for and with Historically Marginalized Communities,NA,10.1089/ees.2021.0103,2021,"Masten, Susan J. | Harris, Angela | Kearns, Joshua | Borrion, Aiduan | Peters, Catherine A. | Gadhamshetty, Venkataramana R.",ENVIRONMENTAL ENGINEERING SCIENCE,NA,NA,NA,Scopus; WoS,2,other
Scopus,english,"Green infrastructure planning for climate emergency: Learning from the “stgo+” project, santiago de chile",NA,10.15446/rcdg.v30n2.88749,2021,Giannotti E.,Cuadernos De Geografia Revista Colombiana De Geografia,Article,NA,SCOPUS_ID:85111905130,Scopus,1,research_paper
WoS,english,Gridlock: Vigilance and early warning in the shadow of climate change,NA,10.1086/715847,2021,"Vaughn, Sarah E.",HAU-JOURNAL OF ETHNOGRAPHIC THEORY,NA,NA,NA,Scopus; WoS,2,other
WoS,english,"Habitat-islands in the coastal Atacama Desert: loss of functional redundancy, but not of functional diversity, with decreased precipitation",NA,10.1093/aob/mcaa206,2021,"Stotz, Gisela C. | Salgado-Luarte, Cristian | Vigil, Alonso T. | De la Cruz, Henry J. | Pasten-Marambio, Victor | Gianoli, Ernesto",ANNALS OF BOTANY,NA,NA,NA,WoS,1,other
Scopus,english,"Hotter, longer and more frequent heatwaves: An observational study for the brazilian city of campinas, sp",NA,10.1590/0102-77863620119,2021,de Oliveira D.S.,Revista Brasileira De Meteorologia,Article,NA,SCOPUS_ID:85110530067,Scopus,1,research_paper
WoS,english,How Co-design of Public Space Contributes to Strengthening Resilience: Lessons from Two Chilean Cases,NA,10.1007/978-3-030-73399-5_7,2021,"Cruz, Macarena Gaete | Ersoy, Aksel | Czischke, Darinka | Van Bueren, Ellen",GOVERNANCE OF CLIMATE RESPONSIVE CITIES,NA,NA,NA,WoS,1,other
WoS,english,How do Indigenous and local knowledge systems respond to climate change?,NA,10.5751/es-12481-260327,2021,"Popovici, Ruxandra | Moraes, Andre G. de L. | Ma, Zhao | Zanotti, Laura | Cherkauer, Keith A. | Erwin, Anna E. | Mazer, Katy E. | Bocardo Delgado, Edwin F. | Pinto Caceres, Jose P. | Ranjan, Pranay | Prokopy, Linda S.",ECOLOGY AND SOCIETY,NA,NA,NA,Scopus; WoS,2,other
WoS,english,How does social capital shape the response to environmental disturbances at the local level? Evidence from case studies in Mexico,NA,10.1016/j.ijdrr.2020.101951,2021,"Cohen-Salgado, Daniel | Garcia-Frapolli, Eduardo | Mora, Francisco | Crick, Florence",INTERNATIONAL JOURNAL OF DISASTER RISK REDUCTION,NA,NA,NA,Scopus; WoS,2,other
WoS,english,How will climate change impact fossorial lizard species? Two examples in the Baja California Peninsula,NA,10.1016/j.jtherbio.2020.102811,2021,"Lara-Resendiz, Rafael A. | Galina-Tessaro, Patricia | Sinervo, Barry | Miles, Donald B. | Valdez-Villavicencio, Jorge H. | Valle-Jimenez, Fernando, I | Mendez-de La Cruz, Fausto R.",JOURNAL OF THERMAL BIOLOGY,NA,NA,NA,Scopus; WoS,2,other
WoS,english,Identifying the Social Urban Spatial Structure of Vulnerability: Towards Climate Change Equity in Bogota,NA,10.17645/up.v6i4.4630,2021,"Barbosa, Vasco | Suarez Pradilla, Monica Marcela",URBAN PLANNING,NA,NA,NA,Scopus; WoS,2,other
WoS,english,Impacts of a warmer world on space cooling demand in Brazilian households,NA,10.1016/j.enbuild.2020.110696,2021,"Bezerra, Paula | da Silva, Fabio | Cruz, Talita | Mistry, Malcolm | Vasquez-Arroyo, Eveline | Magalar, Leticia | De Cian, Enrica | Lucena, Andre F. P. | Schaeffer, Roberto",ENERGY AND BUILDINGS,NA,NA,NA,WoS,1,other
WoS,english,Indigenous peoples' displacement and jaguar survival in a warming planet,NA,10.1017/sus.2021.6,2021,"Craighead, Kimberly A. | Yacelga, Milton",GLOBAL SUSTAINABILITY,NA,NA,NA,Scopus; WoS,2,other
WoS,english,Influence of vegetation type on the ecosystem services provided by urban green areas in an arid zone of northern Mexico,NA,10.1016/j.ufug.2021.127135,2021,"Guillen-Cruz, G. | Rodriguez-Sanchez, A. L. | Fernandez-Luqueno, F. | Flores-Renteria, D.",URBAN FORESTRY & URBAN GREENING,NA,NA,NA,Scopus; WoS,2,other
WoS,english,La Nina weather impacts dietary patterns and dietary diversity among children in the Peruvian Amazon,NA,10.1017/s1368980020003705,2021,"Ambikapathi, Ramya | Kosek, Margaret N. | Lee, Gwenyth O. | Olortegui, Maribel Paredes | Zaitchik, Benjamin | Penataro Yori, Pablo | Bauck, Aubrey | Caulfield, Laura E.",PUBLIC HEALTH NUTRITION,NA,NA,NA,WoS,1,other
Scopus,english,Lacking Policies and Legal Rules on Bio and Agrobiodiversity for adapting Globalized Climate Change: Case Study of Chile,NA,10.1007/978-3-030-57281-5_125,2021,Neira S.P.,Handbook of Climate Change Management Research Leadership Transformation,Book Chapter,NA,SCOPUS_ID:85161926956,Scopus,1,other
WoS,english,Large-scale differences in diversity and functional adaptations of prokaryotic communities from conserved and anthropogenically impacted mangrove sediments in a tropical estuary,NA,10.7717/peerj.12229,2021,"De Santana, Carolina O. | Spealman, Pieter | Melo, Vania | Gresham, David | de Jesus, Taise | Oliveira, Eddy | Chinalia, Fabio Alexandre",PEERJ,NA,NA,NA,Scopus; WoS,2,other
WoS,english,Local Actions to Tackle a Global Problem: A Multidimensional Assessment of the Pollination Crisis in Chile,NA,10.3390/d13110571,2021,"Vieli, Lorena | Murua, Maureen M. | Flores-Prado, Luis | Carvallo, Gaston O. | Valdivia, Carlos E. | Muschett, Giselle | Lopez-Aliste, Manuel | Andia, Constanza | Jofre-Perez, Christian | Fonturbel, Francisco E.",DIVERSITY-BASEL,NA,NA,NA,Scopus; WoS,2,other
WoS,english,Longitudinal resilience building in self-help settlements: Achieving transformations to unlock adaptations,NA,10.1016/j.geoforum.2021.04.005,2021,"Rivero-Villar, Alejandro",GEOFORUM,NA,NA,NA,WoS,1,other
Scopus,english,MASSIFICATION OF SILVOPASTORAL SYSTEMS: A LONG AND WINDING ROAD,NA,NA,2021,Apan-Salcedo G.W.,Tropical and Subtropical Agroecosystems,Article,NA,SCOPUS_ID:85126149221,Scopus,1,research_paper
WoS,english,MITIGATION AND ADAPTATION OF CITIES TO CLIMATE CHANGE: SOCIO-ENVIRONMENTAL VULNERABILITIES AND LEGAL CONFLICTS IN THE PROTECTION OF URBAN PERMANENT PRESERVATION AREAS IN BRAZIL,NA,10.12957/rdc.2021.61081,2021,"Junior, Nelson Novaes Pedroso | dos Santos, Andre de Castro",REVISTA DE DIREITO DA CIDADE-CITY LAW,NA,NA,NA,WoS,1,other
WoS,english,Measuring the effect of improved irrigation technologies on irrigated agriculture. A study case in Central Chile,NA,10.1016/j.agwat.2021.107160,2021,"Jordan, Cristian | Donoso, Guillermo | Speelman, Stijn",AGRICULTURAL WATER MANAGEMENT,NA,NA,NA,Scopus; WoS,2,other
WoS,english,Mechanisms driving plant functional trait variation in a tropical forest,NA,10.1002/ece3.7256,2021,"Hofhansl, Florian | Chacon-Madrigal, Eduardo | Braennstroem, Ake | Dieckmann, Ulf | Franklin, Oskar",ECOLOGY AND EVOLUTION,NA,NA,NA,WoS,1,other
WoS,english,"Mesozooplankton responses to oceanographic conditions across different scales in Salinas Bay, Northern Pacific coast of Costa Rica during 2011-2013",NA,10.15517/rbt.v69is2.48741,2021,"Morales-Ramirez, Alvaro | Pons, Ivana Till | Alfaro, Eric J. | Corrales-Ugalde, Marco | Sheridan-Rodriguez, Carolina",REVISTA DE BIOLOGIA TROPICAL,NA,NA,NA,Scopus; WoS,2,other
WoS,english,Modelling the potential distribution of two tropical freshwater fish species under climate change scenarios,NA,10.1002/aqc.3663,2021,"de Jesus Sauz-Sanchez, Jonathan | Rodiles-Hernandez, Rocio | Andrade-Velazquez, Mercedes | Mendoza-Carranza, Manuel",AQUATIC CONSERVATION-MARINE AND FRESHWATER ECOSYSTEMS,NA,NA,NA,WoS,1,other
WoS,english,Multi-taxa colonisation along the foreland of a vanishing equatorial glacier,NA,10.1111/ecog.05478,2021,"Rosero, Pedro | Crespo-Perez, Veronica | Espinosa, Rodrigo | Andino, Patricio | Barragan, Alvaro | Moret, Pierre | Gobbi, Mauro | Ficetola, Gentile Francesco | Jaramillo, Ricardo | Muriel, Priscilla | Anthelme, Fabien | Jacobsen, Dean | Dangles, Olivier | Condom, Thomas | Gielly, Ludovic | Poulenard, Jerome | Rabatel, Antoine | Basantes, Ruben | Caceres Correa, Bolivar | Cauvy-Fraunie, Sophie",ECOGRAPHY,NA,NA,NA,WoS,1,other
WoS,english,Navigating institutional complexity for the adaptation of urban transport infrastructure,NA,10.1016/j.trd.2021.103073,2021,"Herrera, Juan Sebastian Canavera | MacAskill, Kristen",TRANSPORTATION RESEARCH PART D-TRANSPORT AND ENVIRONMENT,NA,NA,NA,Scopus; WoS,2,other
WoS,english,"New Insights on Land Use, Land Cover, and Climate Change in Human-Environment Dynamics of the Equatorial Andes",NA,10.1080/24694452.2020.1804822,2021,"Lopez, Santiago | Lopez-Sandoval, Maria Fernanda | Jung, Jin-Kyu",ANNALS OF THE AMERICAN ASSOCIATION OF GEOGRAPHERS,NA,NA,NA,Scopus; WoS,2,other
WoS,english,"No more double cropping in Mato Grosso, Brazil? Evaluating the potential impact of climate change on the profitability of farm systems",NA,10.1016/j.agsy.2021.103104,2021,"Carauta, Marcelo | Parussis, Julia | Hampf, Anna | Libera, Affonso | Berger, Thomas",AGRICULTURAL SYSTEMS,NA,NA,NA,WoS,1,other
WoS,english,"Options to Support Sustainable Trajectories in a Rural Landscape: Drivers, Rural Processes, and Local Perceptions in a Colombian Coffee-Growing Region",NA,10.3390/su132313026,2021,"Valbuena, Diego | Chenet, Julien G. | Gaitan-Cremaschi, Daniel",SUSTAINABILITY,NA,NA,NA,WoS,1,other
WoS,english,Perceptions and sustainable actions under land degradation and climate change: the case of a remnant wetland in Mexico City,NA,10.1007/s10668-020-00800-3,2021,"Gomez Alza, Laura | Bedolla Ruiz, Karina | Low-Pfeng, Antonio M. | Vallejos Escalona, Laura M. L. | Massyel Garcia-Meneses, Paola",ENVIRONMENT DEVELOPMENT AND SUSTAINABILITY,NA,NA,NA,WoS,1,other
Scopus,english,Perceptions of health risks due to climate change in Mexico Juan,NA,10.3167/reco.2021.110204,2021,Castro J.A.G.,Regions and Cohesion,Article,NA,SCOPUS_ID:85108785316,Scopus,1,research_paper
WoS,english,"Phenological advance of blossoming over the past century in one of the world's largest urban forests, Gauteng City-Region, South Africa",NA,10.1016/j.ufug.2021.127238,2021,"Fitchett, Jennifer M. | Raik, Kestrel",URBAN FORESTRY & URBAN GREENING,NA,NA,NA,WoS,1,other
Scopus,english,Phenotypic plasticity of Alternanthera philoxeroides in response to simulated daily warming in the Tibet Plateau in introduced vs. native populations,NA,10.17520/biods.2021095,2021,Deng M.,Biodiversity Science,Article,NA,SCOPUS_ID:85122086224,Scopus,1,research_paper
WoS,english,Phylogenetic diversity and conservation of crop wild relatives in Colombia,NA,10.1111/eva.13295,2021,"Gonzalez-Orozco, Carlos E. | Sosa, Chrystian C. | Thornhill, Andrew H. | Laffan, Shawn W.",EVOLUTIONARY APPLICATIONS,NA,NA,NA,WoS,1,other
WoS,english,Place-Based Citizen Science for Assessing Risk Perception and Coping Capacity of Households Affected by Multiple Hazards,NA,10.3390/su13010302,2021,"Alves, Priscila Barros Ramalho | Cordao, Maria Jose de Sousa | Djordjevic, Slobodan | Javadi, Akbar A.",SUSTAINABILITY,NA,NA,NA,WoS,1,other
Scopus,english,Possibilidades e limites da transicao energetica: uma analise a luz da ciencia pos-normal,NA,10.1590/s0103-4014.2021.35103.010,2021,Lampis A.,Estudos Avancados,Article,NA,SCOPUS_ID:85119932531,Scopus,1,research_paper
Scopus,english,Post-glacial chronosequence of the Pastoruri snow-capped and modeling of pioneer plant species,NA,10.18687/laccei2021.1.1.38,2021,Palermo N.A.,Proceedings of the Laccei International Multi Conference for Engineering Education and Technology,Conference Paper,NA,SCOPUS_ID:85122017160,Scopus,1,research_paper
WoS,english,Projected Changes in Climate Extremes Using CMIP6 Simulations Over SREX Regions,NA,10.1007/s41748-021-00250-5,2021,"Almazroui, Mansour | Saeed, Fahad | Saeed, Sajjad | Ismail, Muhammad | Ehsan, Muhammad Azhar | Islam, M. Nazrul | Abid, Muhammad Adnan | O'Brien, Enda | Kamil, Shahzad | Rashid, Irfan Ur | Nadeem, Imran",EARTH SYSTEMS AND ENVIRONMENT,NA,NA,NA,WoS,1,other
WoS,english,Projections of excess cardiovascular mortality related to temperature under different climate change scenarios and regionalized climate model simulations in Brazilian cities,NA,10.1016/j.envres.2021.110995,2021,"Silveira, Ismael Henrique | Cortes, Taisa Rodrigues | Alves de Oliveira, Beatriz Fatima | Junger, Washington Leite",ENVIRONMENTAL RESEARCH,NA,NA,NA,Scopus; WoS,2,other
WoS,english,Recife: A climate action profile,NA,10.1016/j.cities.2021.103270,2021,"de Souza Leao, Eduardo Baltar | Silveira Andrade, Jose Celio | Nascimento, Luis Felipe",CITIES,NA,NA,NA,WoS,1,other
WoS,english,Resilience of vegetation cover in Southwest Mexico to the climate change effects,NA,10.15381/rpb.v28i2.18187,2021,"Santillan Fernandez, Alberto | Vargas Cabrera, Iris Idalia | Pelcastre Ruiz, Luis Marcelino | Carrillo Avila, Eugenio | Alatorre Cobos, Fulgencio | Bautista Ortega, Jaime",REVISTA PERUANA DE BIOLOGIA,NA,NA,NA,Scopus; WoS,2,other
WoS,english,Resilient Design Aspects Applied to the Envelope that Determine Thermal Comfort in Social Housing,NA,na,2021,"Nieto, V. | Cubillos, R. | Barrios, R.",REVISTA INGENIERIA DE CONSTRUCCION,NA,NA,NA,WoS,1,other
WoS,english,Responses of <i>Polylepis</i> birds to patch and landscape attributes in the High Andes,NA,10.1080/23766808.2020.1869900,2021,"Sevillano-Rios, C. Steven | Rodewald, Amanda D.",NEOTROPICAL BIODIVERSITY,NA,NA,NA,WoS,1,other
Scopus,english,Responses of Mangrove Ecosystems to Climate Change in the Anthropocene,NA,10.1007/978-981-16-2494-0_9,2021,Alongi D.M.,Mangroves Ecology Biodiversity and Management,Book Chapter,NA,SCOPUS_ID:85131523640,Scopus,1,other
WoS,english,Resurvey of vascular plants and soil arthropods on the summit of Mount Corazon (Andes of Ecuador) after 140 years,NA,10.1080/23766808.2021.1940056,2021,"Moret, Pierre | Muriel, Priscilla | Jaramillo, Ricardo | Bernardi, Antonella | Romoleroux, Katya | Barragan, Alvaro | Pruna, Washington | Sklenar, Petr",NEOTROPICAL BIODIVERSITY,NA,NA,NA,WoS,1,other
WoS,english,Risk Reduction and Productivity Increase Through Integrating <i>Arachis pintoi</i> in Cattle Production Systems in the Colombian Orinoquia,NA,10.3389/fsufs.2021.666604,2021,"Valencia, Karen Johanna Enciso | Castillo, Alvaro Rincon | Ruden, Daniel Alejandro | Burkart, Stefan",FRONTIERS IN SUSTAINABLE FOOD SYSTEMS,NA,NA,NA,WoS,1,other
Scopus,english,SOLARQUIM: Dual Electric Power Generation System for a Housing,NA,10.1007/978-3-030-63567-1_12,2021,Contreras J.A.,Advances in Science Technology and Innovation,Book Chapter,NA,SCOPUS_ID:85113779754,Scopus,1,other
WoS,english,"Shade coffee and amphibian conservation, a sustainable way forward? Understanding the perceptions and management strategies of coffee growers in Colombia",NA,10.5751/es-12449-260233,2021,"Roach, Nicolette S. | Acosta, Daniela | Lacher, Thomas E., Jr.",ECOLOGY AND SOCIETY,NA,NA,NA,WoS,1,other
WoS,english,Social and environmental dimensions of drought in Mexico: An integrative review,NA,10.1016/j.ijdrr.2021.102067,2021,"Dobler-Morales, Carlos | Bocco, Gerardo",INTERNATIONAL JOURNAL OF DISASTER RISK REDUCTION,NA,NA,NA,Scopus; WoS,2,review
WoS,english,Socio-Ecological Conflicts in a Global South Metropolis: Opportunities and Threats of a Potential Greenway in the Sao Paulo Metropolitan Region,NA,10.3389/frsc.2021.706857,2021,"Moreno, Robson da Silva | Galvao Cesar Braga, Diego Rafael | Xavier, Luis Felipe",FRONTIERS IN SUSTAINABLE CITIES,NA,NA,NA,Scopus; WoS,2,other
WoS,english,Spatiotemporal seed transfer zones as an efficient restoration strategy in response to climate change,NA,10.1002/ecs2.3462,2021,"Marinoni, L. | Parra Quijano, M. | Zabala, J. M. | Pensiero, J. F. | Iriondo, J. M.",ECOSPHERE,NA,NA,NA,WoS,1,other
WoS,english,"Status of the Ex Situ and In Situ Conservation of Brazilian Crop Wild Relatives of Rice, Potato, Sweet Potato, and Finger Millet: Filling the Gaps of Germplasm Collections",NA,10.3390/agronomy11040638,2021,"Medeiros, Marcelo B. | Valls, Jose F. M. | Abreu, Aluana G. | Heiden, Gustavo | Ribeiro-Silva, Suelma | Jose, Solange C. B. R. | Santos, Izulme R. I. | Passos, Alexandre M. A. | Burle, Marilia L.",AGRONOMY-BASEL,NA,NA,NA,WoS,1,other
WoS,english,"Stress Resistance and Adaptation of the Aquatic Invasive Species <i>Tubastraea Coccinea</i> (Lesson, 1829) to Climate Change and Ocean Acidification",NA,10.3390/w13243645,2021,"Strychar, Kevin B. | Hauff-Salas, Briana | Haslun, Joshua A. | DeBoer, Jessica | Cryer, Katherine | Keith, Scott | Wooten, Sam",WATER,NA,NA,NA,Scopus; WoS,2,other
Scopus,english,Surviving Climate Chaos: by Strengthening Communities and Ecosystems,NA,10.1017/9781108878982,2021,Caldecott J.,Surviving Climate Chaos by Strengthening Communities and Ecosystems,Book,NA,SCOPUS_ID:105024989850,Scopus,1,other
WoS,english,Sustainability Analysis of an Urban Basin in Central Brazil,NA,10.1061/(asce)ee.1943-7870.0001912,2021,"Chaves, Henrique Marinho Leite | dos Santos, Thaiane Meira | Juliani, Bruno Henrique Tona | Pompeu, Cassia Rocha | Okawa, Cristhiane Michiko Passos",JOURNAL OF ENVIRONMENTAL ENGINEERING,NA,NA,NA,WoS,1,other
WoS,english,Teaching climate risk for water planning: a pilot training for tertiarystudents and practitioners in Brazil,NA,10.5194/gc-4-527-2021,2021,"de Amorim, Pablo Borges | Chaffe, Pedro Luiz Borges",GEOSCIENCE COMMUNICATION,NA,NA,NA,WoS,1,other
WoS,english,Terminology of natural hazards and disasters: A review and the case of Brazil,NA,10.1016/j.ijdrr.2020.101970,2021,"Omena Monte, Benicio Emanoel | Goldenfum, Joel Avruch | Michel, Gean Paulo | de Albuquerque Cavalcanti, Jose Rafael",INTERNATIONAL JOURNAL OF DISASTER RISK REDUCTION,NA,NA,NA,Scopus; WoS,2,other
WoS,english,The Burden of Dengue in Children by Calculating Spatial Temperature: A Methodological Approach Using Remote Sensing Techniques,NA,10.3390/ijerph18084230,2021,"Mendoza-Cano, Oliver | Rincon-Avalos, Pedro | Watson, Verity | Khouakhi, Abdou | Lopez-de la Cruz, Jesus | Ruiz-Montero, Angelica Patricia | Nava-Garibaldi, Cynthia Monique | Lopez-Rojas, Mario | Murillo-Zamora, Efren",INTERNATIONAL JOURNAL OF ENVIRONMENTAL RESEARCH AND PUBLIC HEALTH,NA,NA,NA,WoS,1,other
WoS,english,The Environmental Impact Assessment in Aquaculture Projects in Chile: A Retrospective and Prospective Review Considering Cultural Aspects,NA,10.3390/su13169006,2021,"Rodriguez-Luna, Dante | Vela, Nuria | Alcala, Francisco Javier | Encina-Montoya, Francisco",SUSTAINABILITY,NA,NA,NA,Scopus; WoS,2,other
WoS,english,The carbon sequestration potential of 'analog' forestry in Ecuador: an alternative strategy for reforestation of degraded pastures,NA,10.1093/forestry/cpaa017,2021,"Ramos Veintimilla, Raul Armando | MacFarlane, David | Cooper, Lauren",FORESTRY,NA,NA,NA,Scopus; WoS,2,other
WoS,english,The determinants of common bean variety selection and diversification in Colombia,NA,10.1016/j.ecolecon.2021.107181,2021,"Botero, Hernan | Barnes, Andrew P. | Perez, Lisset | Rios, David | Ramirez-Villegas, Julian",ECOLOGICAL ECONOMICS,NA,NA,NA,WoS,1,other
WoS,english,The impact of drought on soil moisture trends across Brazilian biomes,NA,10.5194/nhess-21-879-2021,2021,"Ribeiro, Flavio Lopes | Guevara, Mario | Vazquez-Lule, Alma | Cunha, Ana Paula | Zeri, Marcelo | Vargas, Rodrigo",NATURAL HAZARDS AND EARTH SYSTEM SCIENCES,NA,NA,NA,Scopus; WoS,2,other
WoS,english,The role of estuarine macrofaunal patterns for the management of marine protected areas in a changing world,NA,10.1016/j.jnc.2021.126042,2021,"Laurino, Ivan R. A. | Serafini, Thiago Z. | Costa, Tania M. | Christofoletti, Ronaldo A.",JOURNAL FOR NATURE CONSERVATION,NA,NA,NA,Scopus; WoS,2,other
WoS,english,"Thermoregulatory strategies of three reclusive lizards (genus <i>Xantusia</i>) from the Baja California peninsula, Mexico, under current and future microenvironmental temperatures",NA,10.1002/jez.2470,2021,"Arenas-Moreno, Diego M. | Lara-Resendiz, Rafael A. | Dominguez-Guerrero, Saul F. | Perez-Delgadillo, Ana G. | Munoz-Nolasco, Francisco J. | Galina-Tessaro, Patricia | Mendez-de la Cruz, Fausto R.",JOURNAL OF EXPERIMENTAL ZOOLOGY PART A-ECOLOGICAL AND INTEGRATIVE PHYSIOLOGY,NA,NA,NA,Scopus; WoS,2,other
Scopus,english,"Towards Adaptive Water Governance in South America: Lessons from Water Crises in Argentina, Brazil, and Uruguay",NA,10.1007/978-3-030-76624-5_3,2021,Trimble M.,World Sustainability Series,Book Chapter,NA,SCOPUS_ID:85112422592,Scopus,1,other
WoS,english,Tree species dominance in neotropical savanna aboveground biomass and productivity,NA,10.1016/j.foreco.2021.119430,2021,"Nunes Santos Terra, Marcela de Castro | do Prado-Junior, Jamir Afonso | de Souza, Cleber Rodrigo | Rodrigues Pinto, Luiz Otavio | de Oliveira Silveira, Eduarda Martiniano | Cordeiro, Natielle Gomes | Cirne-Silva, Taina Mamede | Mantovani, Vanessa Alves | Soares Scolforo, Jose Roberto | de Mello, Jose Marcio",FOREST ECOLOGY AND MANAGEMENT,NA,NA,NA,Scopus; WoS,2,other
WoS,english,Trends and gaps in climate change and health research in North America,NA,10.1016/j.envres.2021.111205,2021,"Harper, S. L. | Cunsolo, A. | Babujee, A. | Coggins, S. | De Jongh, E. | Rusnak, T. | Wright, C. J. | Dominguez Aguilar, M.",ENVIRONMENTAL RESEARCH,NA,NA,NA,Scopus; WoS,2,other
WoS,english,Tropical Dry Forest Resilience to Fire Depends on Fire Frequency and Climate,NA,10.3389/ffgc.2021.755104,2021,"Hartung, Maximilian | Carreno-Rocabado, Geovana | Pena-Claros, Marielos | van der Sande, Masha T.",FRONTIERS IN FORESTS AND GLOBAL CHANGE,NA,NA,NA,Scopus; WoS,2,other
WoS,english,Urban adaptation index: assessing cities readiness to deal with climate change,NA,10.1007/s10584-021-03113-0,2021,"Neder, Eduardo Alves | Moreira, Fabiano de Araujo | Dalla Fontana, Michele | Torres, Roger Rodrigues | Lapola, David Montenegro | Costa Vasconcellos, Maria da Penha | Barbieri Bedran-Martins, Ana Maria | Philippi Jr, Arlindo | Lemos, Maria Carmen | Di Giulio, Gabriela Marques",CLIMATIC CHANGE,NA,NA,NA,WoS,1,other
WoS,english,"Urban dwellers' adaptive capacity as a socio-psychological process: Insights from Lima, Peru",NA,10.1016/j.crm.2021.100352,2021,"Bossio, Camila Florez | Labbe, Danielle | Ford, James",CLIMATE RISK MANAGEMENT,NA,NA,NA,Scopus; WoS,2,other
WoS,english,Using the Sustainable Development Goals to Evaluate Possible Transport Policies for the City of Curitiba,NA,10.3390/su132112222,2021,"de Almeida, Constanca Martins Leite | Silveira, Semida | Jeneulis, Erik | Fuso-Nerini, Francesco",SUSTAINABILITY,NA,NA,NA,Scopus; WoS,2,other
WoS,english,Vegetation structure drives forest phenological recovery after hurricane,NA,10.1016/j.scitotenv.2021.145651,2021,"Gong, Yuan | Staudhammer, Christina L. | Kenney, Gavin | Wiesner, Susanne | Zhang, Yinlong | Starr, Gregory",SCIENCE OF THE TOTAL ENVIRONMENT,NA,NA,NA,Scopus; WoS,2,other
WoS,english,Vulnerability to climate change of a microendemic lizard species from the central Andes,NA,10.1038/s41598-021-91058-w,2021,"Laspiur, A. | Santos, J. C. | Medina, S. M. | Pizarro, J. E. | Sanabria, E. A. | Sinervo, B. | Ibarguengoytia, N. R.",SCIENTIFIC REPORTS,NA,NA,NA,Scopus; WoS,2,other
WoS,english,Water Availability-Demand Balance under Climate Change Scenarios in an Overpopulated Region of Mexico,NA,10.3390/ijerph18041846,2021,"Bravo-Cadena, Jessica | Pavon, Numa P. | Balvanera, Patricia | Sanchez-Rojas, Gerardo | Razo-Zarate, Ramon",INTERNATIONAL JOURNAL OF ENVIRONMENTAL RESEARCH AND PUBLIC HEALTH,NA,NA,NA,Scopus; WoS,2,other
Scopus,english,"Water Gives, Water Takes Away. Memory, Agency and Resilience in ENSO—Vulnerable Historic Landscapes in Peru",NA,10.1007/978-3-030-77356-4_7,2021,Alvarez-Calderón R.,Urban Book Series,Book Chapter,NA,SCOPUS_ID:85115274422,Scopus,1,other
WoS,english,"Water Status of <i>Polylepis</i> Forests Related to Altitudinal Gradient, Microclimate Variables and Slope",NA,10.12911/22998993/132425,2021,"Yaranga, Raul | Arizapana, Marco | Orellana, Edith | Pariona, Victor | Castaneda, Italo",JOURNAL OF ECOLOGICAL ENGINEERING,NA,NA,NA,Scopus; WoS,2,other
WoS,english,Water management or megadrought: what caused the Chilean Aculeo Lake drying?,NA,10.1007/s10113-021-01750-w,2021,"Barria, Pilar | Chadwick, Cristian | Ocampo-Melgar, Anahi | Galleguillos, Mauricio | Garreaud, Rene | Diaz-Vasconcellos, Raul | Poblete, David | Rubio-Alvarez, Eduardo | Poblete-Caballero, Dagoberto",REGIONAL ENVIRONMENTAL CHANGE,NA,NA,NA,WoS,1,other
Scopus,english,"What do we want to be when we grow up? The political dimensions of climate change in Brazil, China and Mozambique",NA,10.1007/978-3-030-55416-3_6,2021,da Costa Ferreira L.,Environment and Development Challenges Policies and Practices,Book Chapter,NA,SCOPUS_ID:85149155059,Scopus,1,other
WoS,english,Wind and greenery effects in attenuating heat stress: A case study,NA,10.1016/j.jclepro.2021.125919,2021,"Feitosa, Renato Castiglia | Wilkinson, Sara J. | Oliveira, Beatriz | Hacon, Sandra",JOURNAL OF CLEANER PRODUCTION,NA,NA,NA,WoS,1,other
WoS,english,Youth Attitudes and Participation in Climate Protest: An International Cities Comparison Frontiers in Political Science Special Issue: Youth Activism in Environmental Politics,NA,10.3389/fpos.2021.696105,2021,"Prendergast, Kate | Hayward, Bronwyn | Aoyagi, Midori | Burningham, Kate | Hasan, M. Mehedi | Jackson, Tim | Jha, Vimlendu | Kuroki, Larissa | Loukianov, Anastasia | Mattar, Helio | Schudel, Ingrid | Venn, Sue | Yoshida, Aya",FRONTIERS IN POLITICAL SCIENCE,NA,NA,NA,WoS,1,other
OpenAlex,english,NA,NA,https://doi.org/10.1002/ajb2.1615,2021,NA,NA,NA,en,https://openalex.org/W3132909917,OpenAlex,1,other
OpenAlex,english,NA,NA,https://doi.org/10.1002/cli2.15,2021,NA,NA,NA,en,https://openalex.org/W3194888536,OpenAlex,1,other
OpenAlex,english,NA,NA,https://doi.org/10.1002/fsat.3503_2.x,2021,NA,NA,NA,en,https://openalex.org/W4200160973,OpenAlex,1,other
OpenAlex,english,NA,NA,https://doi.org/10.1002/jez.2470,2021,NA,NA,NA,en,https://openalex.org/W3161273461,OpenAlex,1,other
OpenAlex,english,NA,NA,https://doi.org/10.1002/jid.3569,2021,NA,NA,NA,en,https://openalex.org/W3193785425,OpenAlex,1,other
OpenAlex,english,NA,NA,https://doi.org/10.1002/joc.7322,2021,NA,NA,NA,en,https://openalex.org/W3192593584,OpenAlex,1,other
OpenAlex,english,NA,NA,https://doi.org/10.1007/978-3-030-22759-3_226-1,2021,NA,NA,NA,en,https://openalex.org/W4253863216,OpenAlex,1,other
OpenAlex,english,NA,NA,https://doi.org/10.1007/978-3-030-32811-5_121-1,2021,NA,NA,NA,en,https://openalex.org/W3199755643,OpenAlex,1,other
OpenAlex,english,NA,NA,https://doi.org/10.1007/978-3-030-42462-6_121,2021,NA,NA,NA,en,https://openalex.org/W4285526130,OpenAlex,1,other
OpenAlex,english,NA,NA,https://doi.org/10.1007/978-3-030-55416-3_6,2021,NA,NA,NA,en,https://openalex.org/W3121040334,OpenAlex,1,other
OpenAlex,english,NA,NA,https://doi.org/10.1007/978-3-030-57281-5_133,2021,NA,NA,NA,en,https://openalex.org/W4233391052,OpenAlex,1,other
OpenAlex,english,NA,NA,https://doi.org/10.1007/978-3-030-57281-5_226,2021,NA,NA,NA,en,https://openalex.org/W3212152847,OpenAlex,1,other
OpenAlex,english,NA,NA,https://doi.org/10.1007/978-3-030-63131-4_8,2021,NA,NA,NA,en,https://openalex.org/W3141427749,OpenAlex,1,other
OpenAlex,english,NA,NA,https://doi.org/10.1007/978-3-030-63567-1_12,2021,NA,NA,NA,en,https://openalex.org/W3195703016,OpenAlex,1,other
OpenAlex,english,NA,NA,https://doi.org/10.1007/978-3-030-65237-1_11,2021,NA,NA,NA,en,https://openalex.org/W3128754092,OpenAlex,1,other
OpenAlex,english,NA,NA,https://doi.org/10.1007/978-3-030-65421-4_17,2021,NA,NA,NA,en,https://openalex.org/W3156943789,OpenAlex,1,other
OpenAlex,english,NA,NA,https://doi.org/10.1007/978-3-030-67295-9_14,2021,NA,NA,NA,en,https://openalex.org/W3155007825,OpenAlex,1,other
OpenAlex,english,NA,NA,https://doi.org/10.1007/978-3-030-69139-4_4,2021,NA,NA,NA,en,https://openalex.org/W3168238948,OpenAlex,1,other
OpenAlex,english,NA,NA,https://doi.org/10.1007/978-3-030-76624-5_3,2021,NA,NA,NA,en,https://openalex.org/W3195789407,OpenAlex,1,other
OpenAlex,english,NA,NA,https://doi.org/10.1007/978-3-030-77356-4_7,2021,NA,NA,NA,en,https://openalex.org/W3200803136,OpenAlex,1,other
OpenAlex,english,NA,NA,https://doi.org/10.1007/978-3-030-80767-2_17,2021,NA,NA,NA,en,https://openalex.org/W3215147639,OpenAlex,1,other
OpenAlex,english,NA,NA,https://doi.org/10.1007/978-3-030-87794-1,2021,NA,NA,NA,en,https://openalex.org/W4205106467,OpenAlex,1,other
OpenAlex,english,NA,NA,https://doi.org/10.1007/978-981-16-3832-9_1,2021,NA,NA,NA,en,https://openalex.org/W4206070961,OpenAlex,1,other
OpenAlex,english,NA,NA,https://doi.org/10.1007/s00267-021-01471-0,2021,NA,NA,NA,en,https://openalex.org/W3156904632,OpenAlex,1,other
OpenAlex,english,NA,NA,https://doi.org/10.1007/s10584-021-03113-0,2021,NA,NA,NA,en,https://openalex.org/W3163895546,OpenAlex,1,other
OpenAlex,english,NA,NA,https://doi.org/10.1007/s10708-020-10349-3,2021,NA,NA,NA,en,https://openalex.org/W3120161655,OpenAlex,1,other
OpenAlex,english,NA,NA,https://doi.org/10.1007/s13762-021-03558-x,2021,NA,NA,NA,en,https://openalex.org/W3183924531,OpenAlex,1,other
OpenAlex,english,NA,NA,https://doi.org/10.1007/s41748-021-00250-5,2021,NA,NA,NA,en,https://openalex.org/W3195663516,OpenAlex,1,other
OpenAlex,english,NA,NA,https://doi.org/10.1016/j.agwat.2021.107160,2021,NA,NA,NA,en,https://openalex.org/W3199075759,OpenAlex,1,other
OpenAlex,english,NA,NA,https://doi.org/10.1016/j.enbuild.2021.110845,2021,NA,NA,NA,en,https://openalex.org/W3135540239,OpenAlex,1,other
OpenAlex,english,NA,NA,https://doi.org/10.1016/j.envres.2021.110995,2021,NA,NA,NA,en,https://openalex.org/W3135560616,OpenAlex,1,other
OpenAlex,english,NA,NA,https://doi.org/10.1016/j.envres.2021.111205,2021,NA,NA,NA,en,https://openalex.org/W3158795018,OpenAlex,1,other
OpenAlex,english,NA,NA,https://doi.org/10.1016/j.foreco.2021.119430,2021,NA,NA,NA,en,https://openalex.org/W3168385039,OpenAlex,1,other
OpenAlex,english,NA,NA,https://doi.org/10.1016/j.gecco.2021.e01696,2021,NA,NA,NA,en,https://openalex.org/W3174465410,OpenAlex,1,other
OpenAlex,english,NA,NA,https://doi.org/10.1016/j.ijdrr.2021.102067,2021,NA,NA,NA,en,https://openalex.org/W3127293382,OpenAlex,1,other
OpenAlex,english,NA,NA,https://doi.org/10.1016/j.ijdrr.2021.102549,2021,NA,NA,NA,en,https://openalex.org/W3197910948,OpenAlex,1,other
OpenAlex,english,NA,NA,https://doi.org/10.1016/j.jenvman.2021.114035,2021,NA,NA,NA,en,https://openalex.org/W3212701503,OpenAlex,1,other
OpenAlex,english,NA,NA,https://doi.org/10.1016/j.jhydrol.2021.126047,2021,NA,NA,NA,en,https://openalex.org/W3128997113,OpenAlex,1,other
OpenAlex,english,NA,NA,https://doi.org/10.1016/j.jnc.2021.126042,2021,NA,NA,NA,en,https://openalex.org/W3184478897,OpenAlex,1,other
OpenAlex,english,NA,NA,https://doi.org/10.1016/j.landusepol.2021.105519,2021,NA,NA,NA,en,https://openalex.org/W3160349582,OpenAlex,1,other
OpenAlex,english,NA,NA,https://doi.org/10.1016/j.ocecoaman.2021.105787,2021,NA,NA,NA,en,https://openalex.org/W3192615116,OpenAlex,1,other
OpenAlex,english,NA,NA,https://doi.org/10.1016/j.oneear.2021.06.015,2021,NA,NA,NA,en,https://openalex.org/W3183584636,OpenAlex,1,other
OpenAlex,english,NA,NA,https://doi.org/10.1016/j.oneear.2021.07.010,2021,NA,NA,NA,en,https://openalex.org/W3195993244,OpenAlex,1,other
OpenAlex,english,NA,NA,https://doi.org/10.1016/j.pecon.2020.12.006,2021,NA,NA,NA,en,https://openalex.org/W3122337484,OpenAlex,1,other
OpenAlex,english,NA,NA,https://doi.org/10.1016/j.pecon.2021.06.001,2021,NA,NA,NA,en,https://openalex.org/W3175190702,OpenAlex,1,other
OpenAlex,english,NA,NA,https://doi.org/10.1016/j.retrec.2021.101038,2021,NA,NA,NA,en,https://openalex.org/W3130758278,OpenAlex,1,other
OpenAlex,english,NA,NA,https://doi.org/10.1016/j.scitotenv.2021.145651,2021,NA,NA,NA,en,https://openalex.org/W3127522741,OpenAlex,1,other
OpenAlex,english,NA,NA,https://doi.org/10.1016/j.scitotenv.2021.147399,2021,NA,NA,NA,en,https://openalex.org/W3158642634,OpenAlex,1,other
OpenAlex,english,NA,NA,https://doi.org/10.1016/j.scs.2021.103501,2021,NA,NA,NA,en,https://openalex.org/W3210490985,OpenAlex,1,other
OpenAlex,english,NA,NA,https://doi.org/10.1016/j.tplants.2021.03.012,2021,NA,NA,NA,en,https://openalex.org/W3152997226,OpenAlex,1,other
OpenAlex,english,NA,NA,https://doi.org/10.1016/j.trd.2021.103073,2021,NA,NA,NA,en,https://openalex.org/W3209526103,OpenAlex,1,other
OpenAlex,english,NA,NA,https://doi.org/10.1016/j.uclim.2021.100808,2021,NA,NA,NA,en,https://openalex.org/W3131321172,OpenAlex,1,other
OpenAlex,english,NA,NA,https://doi.org/10.1016/j.uclim.2021.101060,2021,NA,NA,NA,en,https://openalex.org/W4200582419,OpenAlex,1,other
OpenAlex,english,NA,NA,https://doi.org/10.1016/s0140-6736(21)02020-1,2021,NA,NA,NA,en,https://openalex.org/W3199065075,OpenAlex,1,other
OpenAlex,english,NA,NA,https://doi.org/10.1016/s2542-5196(20)30299-0,2021,NA,NA,NA,en,https://openalex.org/W3119342585,OpenAlex,1,other
OpenAlex,english,NA,NA,https://doi.org/10.1016/s2542-5196(21)00111-x,2021,NA,NA,NA,en,https://openalex.org/W3153625112,OpenAlex,1,other
OpenAlex,english,NA,NA,https://doi.org/10.1017/sus.2021.6,2021,NA,NA,NA,en,https://openalex.org/W3128560523,OpenAlex,1,other
OpenAlex,english,NA,NA,https://doi.org/10.1029/2020ef001508,2021,NA,NA,NA,en,https://openalex.org/W3176614132,OpenAlex,1,other
OpenAlex,english,NA,NA,https://doi.org/10.1038/s41598-021-91058-w,2021,NA,NA,NA,en,https://openalex.org/W3164493349,OpenAlex,1,other
OpenAlex,english,NA,NA,https://doi.org/10.1038/s43247-021-00275-8,2021,NA,NA,NA,en,https://openalex.org/W3203439288,OpenAlex,1,other
OpenAlex,english,NA,NA,https://doi.org/10.1080/17565529.2020.1848782,2021,NA,NA,NA,en,https://openalex.org/W3119435626,OpenAlex,1,other
OpenAlex,english,NA,NA,https://doi.org/10.1080/17567505.2021.1991104,2021,NA,NA,NA,en,https://openalex.org/W3208704713,OpenAlex,1,other
OpenAlex,english,NA,NA,https://doi.org/10.1080/21711976.2020.1827660,2021,NA,NA,NA,en,https://openalex.org/W3120504374,OpenAlex,1,other
OpenAlex,english,NA,NA,https://doi.org/10.1088/1748-9326/ac1e3a,2021,NA,NA,NA,en,https://openalex.org/W3194902282,OpenAlex,1,other
OpenAlex,english,NA,NA,https://doi.org/10.1088/1755-1315/939/1/011001,2021,NA,NA,NA,en,https://openalex.org/W4200178844,OpenAlex,1,other
OpenAlex,english,NA,NA,https://doi.org/10.1089/ees.2021.0103,2021,NA,NA,NA,en,https://openalex.org/W3147770478,OpenAlex,1,other
OpenAlex,english,NA,NA,https://doi.org/10.1093/acrefore/9780190854584.013.435,2021,NA,NA,NA,en,https://openalex.org/W3190469271,OpenAlex,1,other
OpenAlex,english,NA,NA,https://doi.org/10.1093/icesjms/fsab080,2021,NA,NA,NA,en,https://openalex.org/W3174325672,OpenAlex,1,other
OpenAlex,english,NA,NA,https://doi.org/10.1108/978-1-80043-636-720211038,2021,NA,NA,NA,en,https://openalex.org/W4200081269,OpenAlex,1,other
OpenAlex,english,NA,NA,https://doi.org/10.1108/978-1-80043-664-020211023,2021,NA,NA,NA,en,https://openalex.org/W4232819270,OpenAlex,1,other
OpenAlex,english,NA,NA,https://doi.org/10.1108/978-1-80071-070-220211017,2021,NA,NA,NA,en,https://openalex.org/W4233804671,OpenAlex,1,other
OpenAlex,english,NA,NA,https://doi.org/10.1108/978-1-83867-837-120211014,2021,NA,NA,NA,en,https://openalex.org/W4231392274,OpenAlex,1,other
OpenAlex,english,NA,NA,https://doi.org/10.1111/1365-2664.14059,2021,NA,NA,NA,en,https://openalex.org/W3213093187,OpenAlex,1,other
OpenAlex,english,NA,NA,https://doi.org/10.1111/1469-8676.13026,2021,NA,NA,NA,en,https://openalex.org/W3168745623,OpenAlex,1,other
OpenAlex,english,NA,NA,https://doi.org/10.1111/1751-7915.13912,2021,NA,NA,NA,en,https://openalex.org/W3195222588,OpenAlex,1,other
OpenAlex,english,NA,NA,https://doi.org/10.1111/cuag.12273,2021,NA,NA,NA,en,https://openalex.org/W3186214306,OpenAlex,1,other
OpenAlex,english,NA,NA,https://doi.org/10.1111/cuag.12282,2021,NA,NA,NA,en,https://openalex.org/W4205438972,OpenAlex,1,other
OpenAlex,english,NA,NA,https://doi.org/10.1111/fwb.13798,2021,NA,NA,NA,en,https://openalex.org/W3186400392,OpenAlex,1,other
OpenAlex,english,NA,NA,https://doi.org/10.1111/j.1936-704x.2021.3357.x,2021,NA,NA,NA,en,https://openalex.org/W4200597123,OpenAlex,1,other
OpenAlex,english,NA,NA,https://doi.org/10.1111/johs.12316,2021,NA,NA,NA,en,https://openalex.org/W3151127858,OpenAlex,1,other
OpenAlex,english,NA,NA,https://doi.org/10.1111/nph.17644,2021,NA,NA,NA,en,https://openalex.org/W3217792559,OpenAlex,1,other
OpenAlex,english,NA,NA,https://doi.org/10.1111/obr.13238,2021,NA,NA,NA,en,https://openalex.org/W3159145772,OpenAlex,1,other
OpenAlex,spanish,NA,NA,https://doi.org/10.1111/obr.13343,2021,NA,NA,NA,es,https://openalex.org/W3209759706,OpenAlex,1,other
OpenAlex,english,NA,NA,https://doi.org/10.1111/reel.12411,2021,NA,NA,NA,en,https://openalex.org/W3185533235,OpenAlex,1,other
OpenAlex,english,NA,NA,https://doi.org/10.1111/rsp3.12411,2021,NA,NA,NA,en,https://openalex.org/W3150886221,OpenAlex,1,other
OpenAlex,english,NA,NA,https://doi.org/10.1136/jech-2021-ssmabstracts.114,2021,NA,NA,NA,en,https://openalex.org/W3197567390,OpenAlex,1,other
OpenAlex,english,NA,NA,https://doi.org/10.1136/jech-2021-ssmabstracts.84,2021,NA,NA,NA,en,https://openalex.org/W3197950466,OpenAlex,1,other
OpenAlex,english,NA,NA,https://doi.org/10.1176/appi.pn.2021.8.35,2021,NA,NA,NA,en,https://openalex.org/W3195121543,OpenAlex,1,other
OpenAlex,english,NA,NA,https://doi.org/10.1242/jeb.242381,2021,NA,NA,NA,en,https://openalex.org/W3132707492,OpenAlex,1,other
OpenAlex,english,NA,NA,https://doi.org/10.12911/22998993/132425,2021,NA,NA,NA,en,https://openalex.org/W3128931066,OpenAlex,1,other
OpenAlex,english,NA,NA,https://doi.org/10.12957/rdc.2021.61081,2021,NA,NA,NA,en,https://openalex.org/W3213089751,OpenAlex,1,other
OpenAlex,english,NA,NA,https://doi.org/10.1353/phs.2021.0031,2021,NA,NA,NA,en,https://openalex.org/W4206293835,OpenAlex,1,other
OpenAlex,english,NA,NA,https://doi.org/10.14393/sn-v34-2022-62222,2021,NA,NA,NA,en,https://openalex.org/W4200194868,OpenAlex,1,other
OpenAlex,english,NA,NA,https://doi.org/10.1525/aft.2021.48.4.43,2021,NA,NA,NA,en,https://openalex.org/W4200579691,OpenAlex,1,other
OpenAlex,english,NA,NA,https://doi.org/10.1525/lavc.2021.3.2.1,2021,NA,NA,NA,en,https://openalex.org/W4244515351,OpenAlex,1,other
OpenAlex,spanish,NA,NA,https://doi.org/10.15359/rca.55-2.5,2021,NA,NA,NA,es,https://openalex.org/W3179615560,OpenAlex,1,other
OpenAlex,spanish,NA,NA,https://doi.org/10.15381/rpb.v28i2.18187,2021,NA,NA,NA,es,https://openalex.org/W3172925561,OpenAlex,1,other
OpenAlex,english,NA,NA,https://doi.org/10.15414/afz.2021.24.01.25-34,2021,NA,NA,NA,en,https://openalex.org/W3153063174,OpenAlex,1,other
OpenAlex,english,NA,NA,https://doi.org/10.15414/afz.2021.24.04.301-308,2021,NA,NA,NA,en,https://openalex.org/W4200419591,OpenAlex,1,other
OpenAlex,spanish,NA,NA,https://doi.org/10.15446/cep.v8n2.91581,2021,NA,NA,NA,es,https://openalex.org/W3211928555,OpenAlex,1,other
OpenAlex,spanish,NA,NA,https://doi.org/10.15446/rcdg.v30n2.87584,2021,NA,NA,NA,es,https://openalex.org/W3185021243,OpenAlex,1,other
OpenAlex,spanish,NA,NA,https://doi.org/10.15517/rbt.v69is2.48741,2021,NA,NA,NA,es,https://openalex.org/W3216235378,OpenAlex,1,other
OpenAlex,spanish,NA,NA,https://doi.org/10.15517/rbt.v69isuppl.2.48741,2021,NA,NA,NA,es,https://openalex.org/W4229707844,OpenAlex,1,other
OpenAlex,spanish,NA,NA,https://doi.org/10.15517/rr.v100i2.43115,2021,NA,NA,NA,es,https://openalex.org/W3184721103,OpenAlex,1,other
OpenAlex,english,NA,NA,https://doi.org/10.1590/0102-77863620119,2021,NA,NA,NA,en,https://openalex.org/W3160062585,OpenAlex,1,other
OpenAlex,english,NA,NA,https://doi.org/10.17169/refubium-31787,2021,NA,NA,NA,en,https://openalex.org/W3207951972,OpenAlex,1,other
OpenAlex,english,NA,NA,https://doi.org/10.17345/rcda3047,2021,NA,NA,NA,en,https://openalex.org/W3182019554,OpenAlex,1,other
OpenAlex,english,NA,NA,https://doi.org/10.17645/up.v6i4.4630,2021,NA,NA,NA,en,https://openalex.org/W4200286997,OpenAlex,1,other
OpenAlex,english,NA,NA,https://doi.org/10.18174/536720,2021,NA,NA,NA,en,https://openalex.org/W3157546971,OpenAlex,1,other
OpenAlex,english,NA,NA,https://doi.org/10.18235/0003030,2021,NA,NA,NA,en,https://openalex.org/W3127930661,OpenAlex,1,other
OpenAlex,english,NA,NA,https://doi.org/10.20868/upm.thesis.69126,2021,NA,NA,NA,en,https://openalex.org/W4207081922,OpenAlex,1,other
OpenAlex,english,NA,NA,https://doi.org/10.21203/rs.3.rs-850439/v1,2021,NA,NA,NA,en,https://openalex.org/W3199353253,OpenAlex,1,other
OpenAlex,english,NA,NA,https://doi.org/10.2139/ssrn.3959609,2021,NA,NA,NA,en,https://openalex.org/W3216727077,OpenAlex,1,other
OpenAlex,english,NA,NA,https://doi.org/10.2139/ssrn.4122510,2021,NA,NA,NA,ko,https://openalex.org/W4285545351,OpenAlex,1,other
OpenAlex,english,NA,NA,https://doi.org/10.22004/ag.econ.308578,2021,NA,NA,NA,en,https://openalex.org/W3153078787,OpenAlex,1,other
OpenAlex,english,NA,NA,https://doi.org/10.2458/jpe.2899,2021,NA,NA,NA,en,https://openalex.org/W3178635162,OpenAlex,1,other
OpenAlex,spanish,NA,NA,https://doi.org/10.25009/rua.v14i26.132,2021,NA,NA,NA,es,https://openalex.org/W3185305380,OpenAlex,1,other
OpenAlex,english,NA,NA,https://doi.org/10.25394/pgs.15134970.v1,2021,NA,NA,NA,en,https://openalex.org/W3201864702,OpenAlex,1,other
OpenAlex,portuguese,NA,NA,https://doi.org/10.29183/2447-3073.mix2022.v8.n1.174-175,2021,NA,NA,NA,pt,https://openalex.org/W4285326320,OpenAlex,1,other
OpenAlex,spanish,NA,NA,https://doi.org/10.29393/ur13-3rvjp20003,2021,NA,NA,NA,es,https://openalex.org/W4205553801,OpenAlex,1,other
OpenAlex,english,NA,NA,https://doi.org/10.31223/x5zw36,2021,NA,NA,NA,en,https://openalex.org/W4236610375,OpenAlex,1,other
OpenAlex,english,NA,NA,https://doi.org/10.3133/sir20215138,2021,NA,NA,NA,en,https://openalex.org/W4206473954,OpenAlex,1,other
OpenAlex,english,NA,NA,https://doi.org/10.31390/gradschool_theses.5415,2021,NA,NA,NA,en,https://openalex.org/W4283022515,OpenAlex,1,other
OpenAlex,english,NA,NA,https://doi.org/10.3167/reco.2021.110204,2021,NA,NA,NA,en,https://openalex.org/W3172236848,OpenAlex,1,other
OpenAlex,english,NA,NA,https://doi.org/10.32469/10355/85835,2021,NA,NA,NA,en,https://openalex.org/W3183436744,OpenAlex,1,other
OpenAlex,spanish,NA,NA,https://doi.org/10.33262/concienciadigital.v4i1.2.1623,2021,NA,NA,NA,es,https://openalex.org/W3146810544,OpenAlex,1,other
OpenAlex,spanish,NA,NA,https://doi.org/10.33262/concienciadigital.v4i2.1626,2021,NA,NA,NA,es,https://openalex.org/W3142094420,OpenAlex,1,other
OpenAlex,spanish,NA,NA,https://doi.org/10.33349/2021.104.4993,2021,NA,NA,NA,es,https://openalex.org/W3184231133,OpenAlex,1,other
OpenAlex,english,NA,NA,https://doi.org/10.33448/rsd-v10i1.11814,2021,NA,NA,NA,en,https://openalex.org/W3125247830,OpenAlex,1,other
OpenAlex,english,NA,NA,https://doi.org/10.3389/fenvs.2021.679189,2021,NA,NA,NA,en,https://openalex.org/W3212417646,OpenAlex,1,other
OpenAlex,english,NA,NA,https://doi.org/10.3389/ffgc.2021.755104,2021,NA,NA,NA,en,https://openalex.org/W3216431717,OpenAlex,1,other
OpenAlex,english,NA,NA,https://doi.org/10.3389/ffgc.2021.755104.s001,2021,NA,NA,NA,en,https://openalex.org/W4200549868,OpenAlex,1,other
OpenAlex,english,NA,NA,https://doi.org/10.3389/fmicb.2020.553223,2021,NA,NA,NA,en,https://openalex.org/W3121663470,OpenAlex,1,other
OpenAlex,english,NA,NA,https://doi.org/10.3389/fmicb.2021.715991,2021,NA,NA,NA,en,https://openalex.org/W3195844962,OpenAlex,1,other
OpenAlex,english,NA,NA,https://doi.org/10.3389/frsc.2021.706857,2021,NA,NA,NA,en,https://openalex.org/W4200323277,OpenAlex,1,other
OpenAlex,english,NA,NA,https://doi.org/10.3389/fsufs.2021.725774,2021,NA,NA,NA,en,https://openalex.org/W3215119180,OpenAlex,1,other
OpenAlex,english,NA,NA,https://doi.org/10.3389/fsufs.2021.725774.s001,2021,NA,NA,NA,en,https://openalex.org/W4200114235,OpenAlex,1,other
OpenAlex,english,NA,NA,https://doi.org/10.3390/agronomy11061187,2021,NA,NA,NA,en,https://openalex.org/W3166737121,OpenAlex,1,other
OpenAlex,english,NA,NA,https://doi.org/10.3390/atmos12030305,2021,NA,NA,NA,en,https://openalex.org/W3134405271,OpenAlex,1,other
OpenAlex,english,NA,NA,https://doi.org/10.3390/buildings11100452,2021,NA,NA,NA,en,https://openalex.org/W3201933146,OpenAlex,1,other
OpenAlex,english,NA,NA,https://doi.org/10.3390/d13110571,2021,NA,NA,NA,en,https://openalex.org/W3211458821,OpenAlex,1,other
OpenAlex,english,NA,NA,https://doi.org/10.3390/en14196336,2021,NA,NA,NA,en,https://openalex.org/W3204802647,OpenAlex,1,other
OpenAlex,english,NA,NA,https://doi.org/10.3390/f12030375,2021,NA,NA,NA,en,https://openalex.org/W3139078422,OpenAlex,1,other
OpenAlex,english,NA,NA,https://doi.org/10.3390/iecag2021-10072,2021,NA,NA,NA,en,https://openalex.org/W4205780391,OpenAlex,1,other
OpenAlex,english,NA,NA,https://doi.org/10.3390/ijerph18041846,2021,NA,NA,NA,en,https://openalex.org/W3131792072,OpenAlex,1,other
OpenAlex,english,NA,NA,https://doi.org/10.3390/su132112222,2021,NA,NA,NA,en,https://openalex.org/W3213612367,OpenAlex,1,other
OpenAlex,english,NA,NA,https://doi.org/10.34257/gjhssbvol21is3pg67,2021,NA,NA,NA,en,https://openalex.org/W3206677729,OpenAlex,1,other
OpenAlex,english,NA,NA,https://doi.org/10.35483/acsa.teach.2021.19,2021,NA,NA,NA,en,https://openalex.org/W4386474051,OpenAlex,1,other
OpenAlex,english,NA,NA,https://doi.org/10.35483/acsa.teach.2021.33,2021,NA,NA,NA,en,https://openalex.org/W4386522908,OpenAlex,1,other
OpenAlex,english,NA,NA,https://doi.org/10.35845/kmuj.2021.22288,2021,NA,NA,NA,en,https://openalex.org/W4293418808,OpenAlex,1,other
OpenAlex,spanish,NA,NA,https://doi.org/10.36260/rbr.v10i11.1558,2021,NA,NA,NA,es,https://openalex.org/W4200601608,OpenAlex,1,other
OpenAlex,english,NA,NA,https://doi.org/10.37099/mtu.dc.yeah-conference/april2021/all-events/21,2021,NA,NA,NA,en,https://openalex.org/W3173072082,OpenAlex,1,other
OpenAlex,english,NA,NA,https://doi.org/10.38050/2712-7508-2021-4-4,2021,NA,NA,NA,en,https://openalex.org/W4200075935,OpenAlex,1,other
OpenAlex,english,NA,NA,https://doi.org/10.4018/978-1-7998-9032-4.ch008,2021,NA,NA,NA,en,https://openalex.org/W4246911483,OpenAlex,1,other
OpenAlex,english,NA,NA,https://doi.org/10.4136/ambi-agua.2706,2021,NA,NA,NA,en,https://openalex.org/W3170511955,OpenAlex,1,other
OpenAlex,spanish,NA,NA,https://doi.org/10.4160/9789290606062,2021,NA,NA,NA,es,https://openalex.org/W4205834854,OpenAlex,1,other
OpenAlex,spanish,NA,NA,https://doi.org/10.47230/unesum-ciencias.v4.n3.2020.257,2021,NA,NA,NA,es,https://openalex.org/W3134401554,OpenAlex,1,other
OpenAlex,english,NA,NA,https://doi.org/10.47328/ufvbbt.2021.233,2021,NA,NA,NA,en,https://openalex.org/W4283654736,OpenAlex,1,other
OpenAlex,english,NA,NA,https://doi.org/10.47472/4yz5qduz,2021,NA,NA,NA,en,https://openalex.org/W4214894521,OpenAlex,1,other
OpenAlex,english,NA,NA,https://doi.org/10.5027/andgeov49n1-3370,2021,NA,NA,NA,en,https://openalex.org/W3216652417,OpenAlex,1,other
OpenAlex,english,NA,NA,https://doi.org/10.5194/egusphere-egu21-13929,2021,NA,NA,NA,en,https://openalex.org/W3176865114,OpenAlex,1,other
OpenAlex,english,NA,NA,https://doi.org/10.5194/egusphere-egu21-2477,2021,NA,NA,NA,en,https://openalex.org/W3161056110,OpenAlex,1,other
OpenAlex,english,NA,NA,https://doi.org/10.5194/egusphere-egu21-6781,2021,NA,NA,NA,en,https://openalex.org/W3177385744,OpenAlex,1,other
OpenAlex,english,NA,NA,https://doi.org/10.5194/ems2021-378,2021,NA,NA,NA,en,https://openalex.org/W4254561663,OpenAlex,1,other
OpenAlex,english,NA,NA,https://doi.org/10.5194/nhess-21-879-2021,2021,NA,NA,NA,en,https://openalex.org/W3035201407,OpenAlex,1,other
OpenAlex,english,NA,NA,https://doi.org/10.5204/mcj.2793,2021,NA,NA,NA,en,https://openalex.org/W3202067776,OpenAlex,1,other
OpenAlex,english,NA,NA,https://doi.org/10.52520/masjaps.94,2021,NA,NA,NA,tr,https://openalex.org/W3184411845,OpenAlex,1,other
OpenAlex,english,NA,NA,https://doi.org/10.5327/z217694781007,2021,NA,NA,NA,en,https://openalex.org/W3197879913,OpenAlex,1,other
OpenAlex,english,NA,NA,https://doi.org/10.53846/goediss-8906,2021,NA,NA,NA,en,https://openalex.org/W4212782878,OpenAlex,1,other
OpenAlex,english,NA,NA,https://doi.org/10.54517/ec.v2i1.1839,2021,NA,NA,NA,en,https://openalex.org/W4399981394,OpenAlex,1,other
OpenAlex,english,NA,NA,https://doi.org/10.56369/tsaes.3524,2021,NA,NA,NA,en,https://openalex.org/W4293428424,OpenAlex,1,other
OpenAlex,english,NA,NA,https://doi.org/10.5871/jba/009s9.007,2021,NA,NA,NA,en,https://openalex.org/W3209165233,OpenAlex,1,other
OpenAlex,english,NA,NA,https://doi.org/10.7275/10677221.0,2021,NA,NA,NA,en,https://openalex.org/W2766667334,OpenAlex,1,other
OpenAlex,english,NA,NA,https://doi.org/10.7554/elife.67460.sa1,2021,NA,NA,NA,en,https://openalex.org/W4210606508,OpenAlex,1,other
OpenAlex,english,NA,NA,https://doi.org/10.7554/elife.67460.sa2,2021,NA,NA,NA,en,https://openalex.org/W3191033133,OpenAlex,1,other
OpenAlex,english,NA,NA,https://doi.org/10.7717/peerj.10856,2021,NA,NA,NA,en,https://openalex.org/W3136039589,OpenAlex,1,other
OpenAlex,english,NA,NA,https://doi.org/10.7717/peerj.12229,2021,NA,NA,NA,en,https://openalex.org/W3201307993,OpenAlex,1,other
OpenAlex,english,NA,NA,https://doi.org/10.7916/d8-r796-0j61,2021,NA,NA,NA,en,https://openalex.org/W3177988159,OpenAlex,1,other
OpenAlex,english,NA,NA,https://doi.org/10.82308/34073,2021,NA,NA,NA,en,https://openalex.org/W7162000130,OpenAlex,1,other
OpenAlex,english,NA,NA,NA,2021,NA,NA,NA,en,https://openalex.org/W3186620346,OpenAlex,1,other
OpenAlex,english,NA,NA,NA,2021,NA,NA,NA,en,https://openalex.org/W7113971347,OpenAlex,1,other
OpenAlex,english,NA,NA,NA,2021,NA,NA,NA,en,https://openalex.org/W3157608974,OpenAlex,1,other
OpenAlex,english,NA,NA,NA,2021,NA,NA,NA,pt,https://openalex.org/W7120414844,OpenAlex,1,other
OpenAlex,english,NA,NA,NA,2021,NA,NA,NA,en,https://openalex.org/W7111473700,OpenAlex,1,other
OpenAlex,english,NA,NA,NA,2021,NA,NA,NA,es,https://openalex.org/W3210068825,OpenAlex,1,other
OpenAlex,english,NA,NA,NA,2021,NA,NA,NA,NA,https://openalex.org/W7112442655,OpenAlex,1,other
OpenAlex,english,NA,NA,NA,2021,NA,NA,NA,es,https://openalex.org/W3212754621,OpenAlex,1,other
OpenAlex,english,NA,NA,NA,2021,NA,NA,NA,en,https://openalex.org/W3152659040,OpenAlex,1,other
OpenAlex,english,NA,NA,NA,2021,NA,NA,NA,en,https://openalex.org/W3194658947,OpenAlex,1,other
OpenAlex,english,NA,NA,NA,2021,NA,NA,NA,en,https://openalex.org/W3159864122,OpenAlex,1,other
OpenAlex,english,NA,NA,NA,2021,NA,NA,NA,en,https://openalex.org/W3208220106,OpenAlex,1,other
OpenAlex,english,NA,NA,NA,2021,NA,NA,NA,pt,https://openalex.org/W7119309162,OpenAlex,1,other
OpenAlex,english,NA,NA,NA,2021,NA,NA,NA,NA,https://openalex.org/W7152936599,OpenAlex,1,other
OpenAlex,spanish,NA,NA,NA,2021,NA,NA,NA,es,https://openalex.org/W3213864322,OpenAlex,1,other
OpenAlex,spanish,NA,NA,NA,2021,NA,NA,NA,es,https://openalex.org/W7133064382,OpenAlex,1,other
OpenAlex,spanish,NA,NA,NA,2021,NA,NA,NA,es,https://openalex.org/W7133081755,OpenAlex,1,other
OpenAlex,spanish,NA,NA,NA,2021,NA,NA,NA,es,https://openalex.org/W7126302843,OpenAlex,1,other
OpenAlex,spanish,NA,NA,NA,2021,NA,NA,NA,es,https://openalex.org/W3128953670,OpenAlex,1,other
OpenAlex,spanish,NA,NA,NA,2021,NA,NA,NA,es,https://openalex.org/W3165337743,OpenAlex,1,other
WoS,english,A Systematic Mapping of Artificial Intelligence Solutions for Sustainability Challenges in Latin America and the Caribbean,NA,10.1109/tla.2022.9904756,2022,"Salas, Joaquin | Patterson, Genevieve | Vidal, Flavin de Barros",IEEE LATIN AMERICA TRANSACTIONS,NA,NA,NA,WoS,1,other
WoS,english,A comparison of social vulnerability indices specific to flooding in Ecuador: principal component analysis (PCA) and expert knowledge,NA,10.1016/j.ijdrr.2022.102897,2022,"Bucherie, Agathe | Hultquist, Carolynne | Adamo, Susana | Neely, Colleen | Ayala, Fernanda | Bazo, Juan | Kruczkiewicz, Andrew",INTERNATIONAL JOURNAL OF DISASTER RISK REDUCTION,NA,NA,NA,WoS,1,other
WoS,english,"A comprehensive analysis of observed and projected climate extremes of temperature and precipitation in Belo Monte Hydropower Plant - eastern Amazon, Brazil",NA,10.1002/joc.7859,2022,"Luiz-Silva, Wanderson | Regoto, Pedro | de Vasconcellos, Camila Ferreira | Garcia, Katia Cristina | Foldes Guimaraes, Felipe Bevilaqua",INTERNATIONAL JOURNAL OF CLIMATOLOGY,NA,NA,NA,WoS,1,other
WoS,english,A multi-stakeholder participatory methodology to facilitate socio-ecological climate change vulnerability-adaptation-resilience strategies: application of the Q Method,NA,10.1007/s11027-021-09988-9,2022,"Alfie-Cohen, Miriam | Garcia-Becerra, Flor Yunuen",MITIGATION AND ADAPTATION STRATEGIES FOR GLOBAL CHANGE,NA,NA,NA,Scopus; WoS,2,other
WoS,english,A review of the future impact of climate change in Chile: economic output and other outcomes,NA,10.1007/s11027-022-10034-5,2022,"Madeira, Carlos",MITIGATION AND ADAPTATION STRATEGIES FOR GLOBAL CHANGE,NA,NA,NA,Scopus; WoS,2,other
WoS,english,"A role for municipal governments in leveraging transformative change for urban disaster risk management: The experience of Santa Fe, Argentina, with urban flood risk",NA,10.1016/j.crm.2022.100397,2022,"Filippi, Maria Evangelina",CLIMATE RISK MANAGEMENT,NA,NA,NA,Scopus; WoS,2,other
Scopus,english,AMBIENT VIBRATION TEST AND MODAL RESPONSE ANALYSIS OF A UNIVERSITY BUILDING IN A SEISMIC REGION,NA,NA,2022,Monzón V.C.H.,9th Iomac International Operational Modal Analysis Conference Proceedings,Conference Paper,NA,SCOPUS_ID:85163967577,Scopus,1,research_paper
Scopus,english,"ANALYSIS OF VULNERABILITY TO CLIMATE CHANGE IN SMALL CITIES USING LIVELIHOOD APPROACH. A CASE OF STUDY OF COTACACHI, ECUADOR",NA,NA,2022,Arias-Muñoz P.,Acta Geographica Universitatis Comenianae,Article,NA,SCOPUS_ID:85133566972,Scopus,1,research_paper
WoS,english,Actor-network theory and organizational resilience to climate change in community-based tourism,NA,10.1016/j.jort.2021.100483,2022,"Deason, Ginger | Seekamp, Erin | Barbieri, Carla",JOURNAL OF OUTDOOR RECREATION AND TOURISM-RESEARCH PLANNING AND MANAGEMENT,NA,NA,NA,WoS,1,other
WoS,english,Adaptability and stability of novel eucalypt species and provenances across environments in Brazil at two assessment,NA,10.1007/s11056-021-09886-7,2022,"da Silva, Paulo H. M. | Araujo, Marcio J. | Lee, David J. | Bush, David | Baroni, Gabriel R. | de Paula, Rinaldo C.",NEW FORESTS,NA,NA,NA,Scopus; WoS,2,other
WoS,english,Adaptations of Pre-Columbian Manioc Storage Techniques as Strategies to Adapt to Extreme Climatic Events in Amazonian Floodplains,NA,10.1007/s10745-022-00357-x,2022,"da Cunha Avila, Julia Vieira | Amaral, Anderson Marcio | Steward, Angela May | Braga Junqueira, Andre | dos Santos, Gilton Mendes | Ticktin, Tamara | Clement, Charles R.",HUMAN ECOLOGY,NA,NA,NA,Scopus; WoS,2,other
WoS,english,Adaptive approaches to REDD plus are needed for countries with high forest cover and low deforestation rates,NA,10.1088/1748-9326/ac9827,2022,"Schweikart, Melanie | Mertz, Ole | Mueller, Daniel",ENVIRONMENTAL RESEARCH LETTERS,NA,NA,NA,Scopus; WoS,2,other
WoS,english,"Agriculture, irrigation and drought induced international migration: Evidence from Mexico",NA,10.1016/j.gloenvcha.2022.102548,2022,"Fishman, Ram | Li, Shan",GLOBAL ENVIRONMENTAL CHANGE-HUMAN AND POLICY DIMENSIONS,NA,NA,NA,WoS,1,other
WoS,english,"Agro-ecological urban agriculture and food resilience: The Case of Quito, Ecuador",NA,10.3389/fsufs.2022.550636,2022,"Rodriguez, Alexandra | Jacome-Polit, David | Santandreu, Alain | Paredes, Denisse | alvaro, Nataly Pinto",FRONTIERS IN SUSTAINABLE FOOD SYSTEMS,NA,NA,NA,WoS,1,other
WoS,english,"Agroforestry systems recover tree carbon stock faster than natural succession in Eastern Amazon, Brazil",NA,10.1007/s10457-022-00754-7,2022,"Cardozo, Ernesto Gomez | Celentano, Danielle | Rousseau, Guillaume Xavier | Silva, Hulda Rocha E. | Mavisoy Muchavisoy, Henry | Gehring, Christoph",AGROFORESTRY SYSTEMS,NA,NA,NA,Scopus; WoS,2,other
WoS,english,An Urgent Dialogue between Urban Design and Regulatory Framework for Urban Rivers: The Case of the Andalien River in Chile,NA,10.3390/w14213444,2022,"alvez, Amaya | Espinosa, Paulina | Castillo, Rodrigo | Iglesias, Kimberly | Banales-Seguel, Camila",WATER,NA,NA,NA,Scopus; WoS,2,other
WoS,english,Analysis of commitments of Mexico towards agrobiodiversity in agri-food system,NA,10.21930/rcta.vol23_num1_art:2174,2022,"Escarraga Torres, Laura | Cuevas Sanchez, Jesus Axayacatl | Baca del Moral, Julio | Avalos Vargas, Adriana",REVISTA CORPOICA-CIENCIA Y TECNOLOGIA AGROPECUARIA,NA,NA,NA,WoS,1,other
WoS,english,"Approaches to the Assemblage of Water From the Management of the High Mountains, Case of the Territories of the Chingaza System in Colombia",NA,10.15446/ts.v24n2.98980,2022,"Mendez Polo, Olga Lucia",TRABAJO SOCIAL,NA,NA,NA,WoS,1,other
WoS,english,Arbuscular Mycorrhizal Fungi and Soil Quality Indicators in <i>Eucalyptus</i> genotypes With Different Drought Tolerance Levels,NA,10.3389/ffunb.2022.913570,2022,"Lopes, Bruna Andreia de Bacco | Silva, Antonio Marcos Miranda | Santana, Maiele Cintra | Feiler, Henrique Petry | Pereira, Arthur Prudencio de Araujo | Teixeira, Marcos Ferreira | de Araujo, Victor Lucas Vieira Prudencio | de Avila, Patricia Andressa | Goncalves, Jose Leonardo de Moraes | Staunton, Siobhan | Cardoso, Elke Jurandy Bran Nogueira",FRONTIERS IN FUNGAL BIOLOGY,NA,NA,NA,Scopus; WoS,2,other
WoS,english,Are Citizens Ready for Active Climate Engagement or Stuck in a Game of Blame? Local Perceptions of Climate Action and Citizen Participation in Chilean Patagonia,NA,10.3390/su141912034,2022,"Sapiains, Rodolfo | Azocar, Gabriela | Moraga, Pilar | Valenzuela, Catalina | Aldunce, Paulina | Cornejo, Camilo | Rojas, Maisa | Pulgar, Antonio | Medina, Loreto | Bozkurt, Deniz",SUSTAINABILITY,NA,NA,NA,WoS,1,other
WoS,english,Are leading urban centers predisposed to global risks- An analysis of the global south from COVID-19 perspective,NA,10.1016/j.habitatint.2022.102517,2022,"Shekhar, Himanshu | Rautela, Malvika | Maqsood, Mehmooda | Paris, Ricardo | de Leon, Rafael Maximiliano Flores | Romero-Aguirre, Maria Fernanda | Balinos, Marygrace | Velazquez, Mariana Estrada | Amri, Gita Salehi | Rahman, Tamanna | Asuah, Augustine Yaw | Hosni, Jilan | Rahman, Shahinoor",HABITAT INTERNATIONAL,NA,NA,NA,WoS,1,other
WoS,english,Assessing Urban Vulnerability to Flooding: A Framework to Measure Resilience Using Remote Sensing Approaches,NA,10.3390/su14042276,2022,"Cerbaro, Mercio | Morse, Stephen | Murphy, Richard | Middlemiss, Sarah | Michelakis, Dimitrios",SUSTAINABILITY,NA,NA,NA,WoS,1,other
WoS,english,Assessing tradeoffs in the design of climate change adaptation strategies for water utilities in Chile,NA,10.1016/j.jenvman.2021.114035,2022,"Ricalde, Inigo | Vicuna, Sebastian | Melo, Oscar | Tomlinson, James E. | Harou, Julien J. | Characklis, Greg",JOURNAL OF ENVIRONMENTAL MANAGEMENT,NA,NA,NA,Scopus; WoS,2,other
WoS,english,Assessment of vulnerability to water shortage in the municipalities of Mexico City,NA,10.18268/bsgm2022v74n1a071021,2022,"Huerta-Vergara, Alma R. | Arciniega-Esparza, Saul | Pedrozo-Acuna, Adrian | Matus-Kramer, Arnoldo | Vega-Lopez, Eduardo",BOLETIN DE LA SOCIEDAD GEOLOGICA MEXICANA,NA,NA,NA,WoS,1,other
WoS,english,Becoming a 'good producer' in the agri-environmental project economy,NA,10.1016/j.jrurstud.2022.10.025,2022,"Delucchi, Adriana Suarez | Sachet, Erwan | Chavarro, Monica Juliana | Escobar, Maria Paula",JOURNAL OF RURAL STUDIES,NA,NA,NA,Scopus; WoS,2,other
WoS,english,Biodiversity Research in Central America: A Regional Comparison in Scientific Production Using Bibliometrics and Democracy Indicators,NA,10.3389/frma.2022.898818,2022,"Morales-Marroquin, Jonathan A. | Miranda, Regina Solis | Pinheiro, Jose Baldin | Zucchi, Maria Imaculada",FRONTIERS IN RESEARCH METRICS AND ANALYTICS,NA,NA,NA,Scopus; WoS,2,review
WoS,english,"Biophysical and Biocultural Upheavals in Mesoamerica, a Conservation Perspective: Mountains, Maize-Milpa, and Globalization",NA,10.3389/ffgc.2022.763009,2022,"del Castillo, Rafael F. | Rivera-Garcia, Raul",FRONTIERS IN FORESTS AND GLOBAL CHANGE,NA,NA,NA,Scopus; WoS,2,other
Scopus,english,Brazil and its disarranged climate policy towards COP 27,NA,10.1590/1809-4422asoceditorialvu2022l3edeng,2022,de Arruda Filho M.T.,Ambiente E Sociedade,Article,NA,SCOPUS_ID:85143763496,Scopus,1,research_paper
Scopus,english,CACAO AGROFORESTRY SYSTEMS AND RESILIENCE: POTENTIAL FACTORS IN THE FACE OF THE CLIMATE CHANGE IN MEXICO,NA,10.56369/tsaes.4121,2022,Fisher-Ortíz R.A.,Tropical and Subtropical Agroecosystems,Review,NA,SCOPUS_ID:85135738681,Scopus,1,review
Scopus,english,"CLIMATE CHANGE ANALYSIS FROM THE PERSPECTIVE OF THE FRACTAL MODEL IN CHINGAZA NATIONAL NATURAL PARK, COLOMBIA",NA,NA,2022,Parrado-Torres D.,Arpn Journal of Engineering and Applied Sciences,Article,NA,SCOPUS_ID:85144975535,Scopus,1,research_paper
WoS,english,Can we avert an Amazon tipping point? The economic and environmental costs,NA,10.1088/1748-9326/aca3b8,2022,"Banerjee, Onil | Cicowiez, Martin | Macedo, Marcia N. | Malek, Ziga | Verburg, Peter H. | Goodwin, Sean | Vargas, Renato | Rattis, Ludmila | Bagstad, Kenneth J. | Brando, Paulo M. | Coe, Michael T. | Neill, Christopher | Marti, Octavio Damiani | Murillo, Josue Avila",ENVIRONMENTAL RESEARCH LETTERS,NA,NA,NA,Scopus; WoS,2,other
WoS,english,"Capabilities and social capital in the face of natural hazards in the elderly: the case of the Nevados de Chillan Volcanic Complex, Chile [T1]",NA,10.19053/01233769.13434,2022,"Sandoval Diaz, Jose Sebastian | Monsalves Pena, Saron | Vejar Valles, Viviana",PERSPECTIVA GEOGRAFICA,NA,NA,NA,WoS,1,other
WoS,english,Challenges and opportunities for restoration of high-elevation Andean peatlands in Ecuador,NA,10.1007/s11027-022-10006-9,2022,"Suarez, Esteban | Chimbolema, Segundo | Jaramillo, Ricardo | Zurita-Arthos, Leo | Arellano, Paul | Chimner, Rodney A. | Stanovick, John S. | Lilleskov, Erik A.",MITIGATION AND ADAPTATION STRATEGIES FOR GLOBAL CHANGE,NA,NA,NA,Scopus; WoS,2,other
WoS,english,Challenges for the Construction of Environmental Journalism in Ecuador and the COP26 in Digital Media,NA,10.3390/su142013173,2022,"Medranda-Morales, Narcisa | Sanchez-Montoya, Roberto | Ayuy Cevallos, Josselyn Vanessa | Soria Rojas, Joselyne Andrea",SUSTAINABILITY,NA,NA,NA,Scopus; WoS,2,other
WoS,english,Challenges of Comprehensive Territorial Management for the Implementation of Adaptation Strategies to Climate Change,NA,10.11144/javeriana.cvu15.dgti,2022,"Guerrero, Edwin Segura | Bernal, Oswaldo Lopez | Casas, Apolinar Figueroa",CUADERNOS DE VIVIENDA Y URBANISMO,NA,NA,NA,WoS,1,other
Scopus,english,Changes in global heat waves and its socioeconomic exposure in a warmer future,NA,10.1016/j.crm.2022.100459,2022,Yin C.,Climate Risk Management,Article,NA,SCOPUS_ID:85138017794,Scopus,1,research_paper
WoS,english,Citizen science and the right to research: building local knowledge of climate change impacts,NA,10.1057/s41599-022-01040-8,2022,"Albagli, Sarita | Iwama, Allan Yu",HUMANITIES & SOCIAL SCIENCES COMMUNICATIONS,NA,NA,NA,Scopus; WoS,2,other
Scopus,english,Climate Change Effects on Agricultural Production Systems in México,NA,10.1007/978-3-030-87934-1_19,2022,Michel-Cuello C.,Climate Change Management,Book Chapter,NA,SCOPUS_ID:85128950477,Scopus,1,other
WoS,english,Climate Change Impact on Peruvian Biomes,NA,10.3390/f13020238,2022,"Zevallos, Jose | Lavado-Casimiro, Waldo",FORESTS,NA,NA,NA,Scopus; WoS,2,other
WoS,english,Climate Change Perceptions and Adaptation Strategies: A Mixed Methods Study with Subsistence Farmers in Rural Peru,NA,10.3390/su142316015,2022,"Landaverde, Rafael | Rodriguez, Mary T. | Niewoehner-Green, Jera | Kitchel, Tracy | Chuquillanqui, Jaqueline",SUSTAINABILITY,NA,NA,NA,WoS,1,other
WoS,english,"Climate Change and Its Impact on the Agricultural Calendar of Riverine Farmers in Medio Jurua, Amazonas State, Brazil",NA,10.3390/atmos13122018,2022,"de Vasconcelos, Monica Alves | Veiga, Jose Augusto Paixao | Silva, Josivaldo Lucas Galvao | Guimaraes, David Franklin | Brito, Adriane Lima | dos Santos, Yara Luiza Farias | Lopes, Myriam | Lima, Adriana Lira | de Oliveira, Erilane Teixeira",ATMOSPHERE,NA,NA,NA,Scopus; WoS,2,other
WoS,english,Climate change adaptation in fisheries,NA,10.1111/faf.12595,2022,"Galappaththi, Eranga K. | Susarla, Vasantha B. | Loutet, Samantha J. T. | Ichien, Stephanie T. | Hyman, Amanda A. | Ford, James D.",FISH AND FISHERIES,NA,NA,NA,WoS,1,other
WoS,english,Climate change affects us in the tropics: local perspectives on ecosystem services and well-being sensitivity in Southeast Brazil,NA,10.1007/s10113-022-01938-8,2022,"Pinho, Patricia F. | Canova, Moara T. | Toledo, Peter M. | Gonzalez, Adrian | Lapola, David M. | Ometto, Jean P. | Smith, Mark Stafford",REGIONAL ENVIRONMENTAL CHANGE,NA,NA,NA,Scopus; WoS,2,other
WoS,english,Climate change and rural-urban migration in the Brazilian Northeast region,NA,10.1007/s10708-020-10349-3,2022,"Mendes Delazeri, Linda Marcia | Da Cunha, Denis Antonio | Oliveira, Lais Rosa",GEOJOURNAL,NA,NA,NA,WoS,1,other
Scopus,english,"Climate change vulnerability index in the water resources sector, applied in four locations in Honduras",NA,10.21931/rb/2022.07.03.21,2022,Peña Paz T.,Bionatura,Review,NA,SCOPUS_ID:85139119094,Scopus,1,review
WoS,english,"Climate change, seaports, and coastal management in Brazil: An overview of the policy framework",NA,10.1016/j.rsma.2022.102365,2022,"Lima, Francisco Arenhart da Veiga | de Souza, Danilo Couto",REGIONAL STUDIES IN MARINE SCIENCE,NA,NA,NA,Scopus; WoS,2,other
Scopus,english,Climate smart cities? Technologies of climate governance in Brazil,NA,10.1016/j.ugj.2022.08.002,2022,Mendes V.,Urban Governance,Article,NA,SCOPUS_ID:85163643692,Scopus,1,research_paper
WoS,english,Coastal livelihood resilience to abrupt environmental change: the role of social capital in a Peruvian bay,NA,10.1007/s10113-022-01959-3,2022,"Kriegl, Michael | Kluger, Lotta Clara | Gorris, Philipp | Kochalski, Sophia",REGIONAL ENVIRONMENTAL CHANGE,NA,NA,NA,WoS,1,other
WoS,english,Coffee Yield Stability as a Factor of Food Security,NA,10.3390/foods11193036,2022,"Bacsi, Zsuzsanna | Fekete-Farkas, Maria | Ma'ruf, Muhammad Imam",FOODS,NA,NA,NA,WoS,1,other
WoS,english,Coffee in crisis offers a lesson in resilience: Evidence from Guatemala,NA,10.47872/laer.v31.30,2022,"D'errico, Marco | De Los Rios, Carlos | Serfilippi, Elena",LATIN AMERICAN ECONOMIC REVIEW,NA,NA,NA,WoS,1,other
WoS,english,Comparative Food Web Analysis of Two Peruvian Bay Systems Along a Latitudinal Gradient: Resource Use and the Environmental Envelope,NA,10.3389/fmars.2022.829424,2022,"Del Solar, Alonso | Romagnoni, Giovanni | Kluger, Lotta C. | Salazar Cespedes, Carlos M. | Wolff, Matthias",FRONTIERS IN MARINE SCIENCE,NA,NA,NA,Scopus; WoS,2,other
WoS,english,"Conservation of Soil Organic Carbon in the National Park <i>Santuario de Fauna y Flora Iguaque</i>, Boyaca-Colombia",NA,10.3390/f13081275,2022,"Andrade, Hernan J. | Segura, Milena A. | Canal-Daza, Diana S.",FORESTS,NA,NA,NA,Scopus; WoS,2,other
WoS,english,Coping with environmental constraints: Geographically divergent adaptive evolution and germination plasticity in the transcontinental <i>Populus tremuloides</i>,NA,10.1002/ppp3.10297,2022,"Goessen, Roos | Isabel, Nathalie | Wehenkel, Christian | Pavy, Nathalie | Tischenko, Lisa | Touchette, Lyne | Giguere, Isabelle | Gros-Louis, Marie-Claude | Laroche, Jerome | Boyle, Brian | Soolanayakanahally, Raju | Mock, Karen | Hernandez-Velasco, Javier | Simental-Rodriguez, Sergio Leonel | Bousquet, Jean | Porth, Ilga M.",PLANTS PEOPLE PLANET,NA,NA,NA,Scopus; WoS,2,other
WoS,english,Corporate Social Responsibility and Latin America: A Literature Review,NA,10.19052/eq.vol1.iss40.6,2022,"Herrera Vargas, Lady Johanna | Hernandez Pena, Yolanda Teresa",EQUIDAD & DESARROLLO,NA,NA,NA,WoS,1,review
Scopus,english,Creating resilient landscapes in an era of climate change: Global case studies and real-world solutions,NA,10.4324/9781003266440,2022,Rastandeh A.,Creating Resilient Landscapes in an Era of Climate Change Global Case Studies and Real World Solutions,Book,NA,SCOPUS_ID:85143649176,Scopus,1,other
WoS,english,"Cultural vulnerability, risk reduction and gender equity: two Mexican coastal communities",NA,10.1080/17477891.2021.1945996,2022,"Mirenda, Cloe | Lazos Chavero, Elena",ENVIRONMENTAL HAZARDS-HUMAN AND POLICY DIMENSIONS,NA,NA,NA,WoS,1,other
Scopus,english,DROUGHT AND QUALITY OF LIFE IN AN URBAN-RURAL AREA ACCORDING TO VULNERABLE GROUPS AND HEALTH PROFESSIONALS,NA,10.29393/ce28-2scac40002,2022,Ramirez A.V.,Ciencia Y Enfermeria,Article,NA,SCOPUS_ID:85129458431,Scopus,1,research_paper
WoS,english,Disaster event effects on cat and dog populations within United States animal care facility services: A cross sectional study,NA,10.1371/journal.pclm.0000066,2022,"Rowitt, Janice Baldwin | Brown, Heidi E.",PLOS CLIMATE,NA,NA,NA,WoS,1,other
WoS,english,"Disaster risk management, or adaptation to climate change? The elaboration of climate policies related to agriculture in Colombia",NA,10.1016/j.geoforum.2022.02.012,2022,"Howland, Fanny | Le Coq, Jean Francois",GEOFORUM,NA,NA,NA,Scopus; WoS,2,other
WoS,english,Disaster risk management: competencies for a new hydro-environmental culture,NA,10.15359/ru.36-1.8,2022,"Arauz Munoz, Jeannette | Moreira Segura, Cristian | Charpentier Esquivel, Claudia | Barrantes Castillo, Gustavo",UNICIENCIA,NA,NA,NA,WoS,1,other
WoS,english,Dispersal abilities favor commensalism in animal-plant interactions under climate change,NA,10.1016/j.scitotenv.2022.155157,2022,"Lemes, Priscila | Barbosa, Fabiana G. | Naimi, Babak | Araujo, Miguel B.",SCIENCE OF THE TOTAL ENVIRONMENT,NA,NA,NA,WoS,1,other
WoS,english,Diversity and distribution patterns of Ecuador's dung beetles (Coleoptera: Scarabaeinae),NA,10.3389/fevo.2022.1008477,2022,"Villamarin-Cortez, Santiago | Hankin, Lacey | Coronado, Stephanie | Macdonald, Jacob | Noriega, Jorge Ari",FRONTIERS IN ECOLOGY AND EVOLUTION,NA,NA,NA,Scopus; WoS,2,other
WoS,english,Diversity for Restoration (D4R): Guiding the selection of tree species and seed sources for climate-resilient restoration of tropical forest landscapes,NA,10.1111/1365-2664.14079,2022,"Fremout, Tobias | Thomas, Evert | Taedoumg, Hermann | Briers, Siebe | Elena Gutierrez-Miranda, Claudia | Alcazar-Caicedo, Carolina | Lindau, Antonia | Mounmemi Kpoumie, Hubert | Vinceti, Barbara | Kettle, Chris | Ekue, Marius | Atkinson, Rachel | Jalonen, Riina | Gaisberger, Hannes | Elliott, Stephen | Brechbuhler, Esther | Ceccarelli, Viviana | Krishnan, Smitha | Vacik, Harald | Wiederkehr-Guerra, Gabriela | Salgado-Negret, Beatriz | Adriana Gonzalez, Mailyn | Ramirez, Wilson | Gonzalo Moscoso-Higuita, Luis | Vasquez, Alvaro | Cerron, Jessica | Maycock, Colin | Muys, Bart",JOURNAL OF APPLIED ECOLOGY,NA,NA,NA,WoS,1,other
Scopus,english,"Diversity of Plasmodium vectors and functional traits of trees in the disturbed forest in Tingo María, 2022",NA,10.52808/bmsa.7e6.622.009,2022,Cierto L.E.O.,Boletin De Malariologia Y Salud Ambiental,Article,NA,SCOPUS_ID:85132212945,Scopus,1,research_paper
Scopus,english,"Eco-Feminisms in Theory and Practice in the Global South: India, South Africa, and Ecuador",NA,10.1007/978-981-19-1987-9_14,2022,Madhanagopal D.,Environment Climate and Social Justice Perspectives and Practices from the Global South,Book Chapter,NA,SCOPUS_ID:85144660077,Scopus,1,other
WoS,english,Ecosystem-based management for kelp forest ecosystems,NA,10.1016/j.marpol.2021.104919,2022,"Hamilton, Sara L. | Gleason, Mary G. | Godoy, Natalio | Eddy, Norah | Grorud-Colvert, Kirsten",MARINE POLICY,NA,NA,NA,WoS,1,other
WoS,english,Effect of Storage Technologies on Postharvest Insect Pest Control and Seed Germination in Mexican Maize Landraces,NA,10.3390/insects13100878,2022,"Odjo, Sylvanus | Bongianino, Nicolas | Gonzalez Regalado, Jessica | Cabrera Soto, Maria Luisa | Palacios-Rojas, Natalia | Burgueno, Juan | Verhulst, Nele",INSECTS,NA,NA,NA,WoS,1,other
WoS,english,Effects of Climate Change on Hydrology in the Most Relevant Mining Basin in the Eastern Legal Amazon,NA,10.3390/w14091416,2022,"Pontes, Paulo Rogenes M. | Cavalcante, Rosane B. L. | Giannini, Tereza C. | Costa, Claudia P. W. | Tedeschi, Renata G. | Melo, Adayana M. Q. | Freitas Xavier, Ana Carolina",WATER,NA,NA,NA,Scopus; WoS,2,other
WoS,english,Effects of climate change in the thermal and energy performance of low-income housing in Brazil-assessing design variable sensitivity over the 21st century,NA,10.1016/j.rser.2022.112885,2022,"Nunes, Gustavo | Giglio, Thalita",RENEWABLE & SUSTAINABLE ENERGY REVIEWS,NA,NA,NA,WoS,1,other
Scopus,english,"Evaluation of the ecosystem service protection of water sources in Amazon Piedemont, Caquetá, Colombia",NA,10.31910/rudca.v25.n1.2022.1608,2022,Pardo-Rozo Y.Y.,Revista U D C A Actualidad and Divulgacion Cientifica,Article,NA,SCOPUS_ID:85150168554,Scopus,1,research_paper
WoS,english,Exploring the contribution of climate change policies to integrated coastal zone management in Brazil,NA,10.1016/j.marpol.2022.105180,2022,"de Lima, Andre de Souza | Scherer, Marinez Eymael Garcia | Gandra, Tiago Borges Ribeiro | Bonetti, Jarbas",MARINE POLICY,NA,NA,NA,Scopus; WoS,2,other
WoS,english,Extreme rainfall and its impacts in the Brazilian Minas Gerais state in January 2020: Can we blame climate change?,NA,10.1002/cli2.15,2022,"Dalagnol, Ricardo | Gramcianinov, Carolina B. | Crespo, Natalia Machado | Luiz, Rafael | Chiquetto, Julio Barboza | Marques, Marcia T. A. | Neto, Giovanni Dolif | De Abreu, Rafael C. | Li, Sihan | Lott, Fraser C. | Anderson, Liana O. | Sparrow, Sarah",CLIMATE RESILIENCE AND SUSTAINABILITY,NA,NA,NA,Scopus; WoS,2,other
WoS,english,Flood Modeling in a Coastal Town in Northern Colombia: Comparing MODCEL vs. IBER,NA,10.3390/w14233866,2022,"Perez-Montiel, Jhonny I. | Cardenas-Mercado, Leyner | Nardini, Andrea Gianni Cristoforo",WATER,NA,NA,NA,WoS,1,other
WoS,english,Food Markets and Free Fairs as Contributors for Designing Climate Resilient Cities: A Study Case in Southern Ecuador,NA,10.3390/su14127214,2022,"Iniguez-Gallardo, Veronica | Lojan Cordova, Julia | Ordonez-Leon, Andrea | Reyes-Bueno, Fabian",SUSTAINABILITY,NA,NA,NA,Scopus; WoS,2,other
WoS,english,Framework for incorporating climate projections in the integrated planning and management of urban infrastructure,NA,10.1016/j.uclim.2021.101060,2022,"Caprario, Jakcemara | Tasca, Fabiane Andressa | Santana, Paula Lidia | Azevedo, Larissa Thaina Schmitt | Finotti, Alexandra Rodrigues",URBAN CLIMATE,NA,NA,NA,Scopus; WoS,2,other
Scopus,english,From Collective Coping Strategies to Post-Traumatic Community Growth: Empowerment’s Mediational Analysis Facing a Climatologic Disaster,NA,10.7764/psykhe.2019.22345,2022,Sandoval-Díaz J.,Psykhe,Article,NA,SCOPUS_ID:85135261100,Scopus,1,research_paper
WoS,english,Future Changes in Temperature and Precipitation over Northeastern Brazil by CMIP6 Model,NA,10.3390/w14244118,2022,"Dantas, Leydson G. | dos Santos, Carlos A. C. | Santos, Celso A. G. | Martins, Eduardo S. P. R. | Alves, Lincoln M.",WATER,NA,NA,NA,Scopus; WoS,2,other
Scopus,english,"Genetic Resources and Breeding Priorities in Phaseolus Beans: Vulnerability, Resilience, and Future Challenges",NA,10.1002/9781119874157.ch6,2022,Parker T.A.,Plant Breeding Reviews,Book Chapter,NA,SCOPUS_ID:85176575774,Scopus,1,other
WoS,english,Geoprocessing Applied to the Assessment of Carbon Storage and Sequestration in a Brazilian Medium-Sized City,NA,10.3390/su14148761,2022,"Felix, Norton Barros | de Oliveira Campos, Priscila Celebrini | Paz, Igor | Soares Marques, Maria Esther",SUSTAINABILITY,NA,NA,NA,Scopus; WoS,2,other
WoS,english,Growing a fin: wetland and upland effects on tadpole morphology of <i>Scinax squalirostris</i> (Anura: Hylidae),NA,10.1007/s00435-022-00557-5,2022,"Boelter, Thaise | Bairos Moreira, Leonardo Felipe | Pires, Mateus Marques | Stenert, Cristina | Maltchik, Leonardo",ZOOMORPHOLOGY,NA,NA,NA,Scopus; WoS,2,other
WoS,english,HYDROMETEOROLOGICAL RISKS AND THE INSTITUTIONAL MAP FOR CLIMATE CHANGE IN MEXICO,NA,10.2495/sdp220101,2022,"Moreno-Villanueva, Mildred | Montejano-Castillo, Milton | Makita, Meiko | Garcia-Ferrari, Soledad | Smith, Harry",SUSTAINABLE DEVELOPMENT AND PLANNING XII,NA,NA,NA,Scopus; WoS,2,other
WoS,english,High ambient temperature and risk of hospitalization for gastrointestinal infection in Brazil: A nationwide case-crossover study during 2000-2015,NA,10.1016/j.scitotenv.2022.157836,2022,"Zhao, Qi | Li, Shanshan | Coelho, Micheline S. Z. S. | Saldiva, Paulo H. N. | Huxley, Rachel R. | Guo, Yuming",SCIENCE OF THE TOTAL ENVIRONMENT,NA,NA,NA,Scopus; WoS,2,other
WoS,english,Historical biogeography shapes functional ecology: Inter-continental contrasts in responses of savanna ant communities to stress and disturbance,NA,10.1111/jbi.14343,2022,"Andersen, Alan N. | Vasconcelos, Heraldo L.",JOURNAL OF BIOGEOGRAPHY,NA,NA,NA,Scopus; WoS,2,other
Scopus,english,"INCLUSION OF RURAL AND INDIGENOUS COMMUNITIES IN SPACE TECHNOLOGY DEVELOPMENT, THE CASE OF MORAZÁN-SATELLITE",NA,NA,2022,Mejuto J.,Proceedings of the International Astronautical Congress Iac,Conference Paper,NA,SCOPUS_ID:85167581879,Scopus,1,research_paper
Scopus,english,"Identification of priority sites for water conservation and associated biodiversity in the Limarí river basin, northern Chile",NA,10.4067/s0718-34022022000200293,2022,Delgado C.,Revista De Geografia Norte Grande,Article,NA,SCOPUS_ID:85141148829,Scopus,1,research_paper
WoS,english,Identifying policy approaches to build social-ecological resilience in marine fisheries with differing capacities and contexts,NA,10.1093/icesjms/fsab080,2022,"Kleisner, Kristin M. | Ojea, Elena | Battista, Willow | Burden, Merrick | Cunningham, Erica | Fujita, Rod | Karr, Kendra | Amoros, Samuel | Mason, Julia | Rader, Doug | Rovegno, Nicolas | Thomas-Smyth, Alice",ICES JOURNAL OF MARINE SCIENCE,NA,NA,NA,Scopus; WoS,2,other
WoS,english,Identifying traits that enable lizard adaptation to different habitats,NA,10.1111/jbi.14285,2022,"Lanna, Flavia M. | Colli, Guarino R. | Burbrink, Frank T. | Carstens, Bryan C.",JOURNAL OF BIOGEOGRAPHY,NA,NA,NA,WoS,1,other
WoS,english,Imagined transitions: agrarian capitalism and climate change adaptation in Colombia,NA,10.1080/03066150.2022.2059350,2022,"Camargo, Alejandro",JOURNAL OF PEASANT STUDIES,NA,NA,NA,WoS,1,other
Scopus,english,"Impact of Climate Change on Cassava Yield in Guapimirim, State of Rio de Janeiro, Southeast Brazil",NA,10.11137/1982-3908_2022_45_40817,2022,Santos C.A.M.,Anuario do Instituto De Geociencias,Article,NA,SCOPUS_ID:85139485400,Scopus,1,research_paper
WoS,english,Impact of rainfed and irrigated agriculture systems on soil carbon stock under different climate scenarios in the semi-arid region of Brazil,NA,10.1007/s40333-022-0092-y,2022,"Carvalho, Andre L. | Araujo-Neto, Renato A. | Lyra, Guilherme B. | Cerri, Carlos E. P. | Maia, Stoecio M. F.",JOURNAL OF ARID LAND,NA,NA,NA,WoS,1,other
WoS,english,Impacts of Climate Change in the El Vizcaino Biosphere Reserve (REBIVI): Challenges for Coastal Communities and the Conservation of Biodiversity,NA,10.3390/d14100786,2022,"Ivanova Boncheva, Antonina | Hernandez-Morales, Pablo",DIVERSITY-BASEL,NA,NA,NA,Scopus; WoS,2,other
WoS,english,"Influences of Climate Change and Variability on Estuarine Ecosystems: An Impact Study in Selected European, South American and Asian Countries",NA,10.3390/ijerph19010585,2022,"Leal Filho, Walter | Nagy, Gustavo J. | Martinho, Filipe | Saroar, Mustafa | Erache, Monica Gomez | Primo, Ana Ligia | Pardal, Miguel A. | Li, Chunlan",INTERNATIONAL JOURNAL OF ENVIRONMENTAL RESEARCH AND PUBLIC HEALTH,NA,NA,NA,Scopus; WoS,2,other
WoS,english,Information transfer as a tool to improve the resilience of farmers against the effects of climate change: The case of the Peruvian National Agrarian Innovation System,NA,10.1016/j.agsy.2022.103431,2022,"Blazquez-Soriano, Amparo | Ramos-Sandoval, Rosmery",AGRICULTURAL SYSTEMS,NA,NA,NA,WoS,1,other
Scopus,english,Integrating Climate Change into Land Use and Urban Planning,NA,10.1007/978-3-030-42462-6_121,2022,Pérez de Madrid Utrilla M.,Palgrave Handbook of Climate Resilient Societies Volumes 1 2,Book Chapter,NA,SCOPUS_ID:85160718370,Scopus,1,other
WoS,english,Integrating Urban Planning and Water Management Through Green Infrastructure in the United States-Mexico Border,NA,10.3389/frwa.2022.782922,2022,"Lara-Valencia, Francisco | Garcia, Margaret | Norman, Laura M. | Anides Morales, Alma | Castellanos-Rubio, Edgar E.",FRONTIERS IN WATER,NA,NA,NA,Scopus; WoS,2,other
WoS,english,Inter-sectoral prioritization of climate technologies: insights from a Technology Needs Assessment for mitigation in Brazil,NA,10.1007/s11027-022-10025-6,2022,"da Silva, Fabio T. F. | Szklo, Alexandre | Vinhoza, Amanda | Nogueira, Ana Celia | Lucena, Andre F. P. | Mendonca, Antonio Marcos | Marcolino, Camilla | Nunes, Felipe | Carvalho, Francielle M. | Tagomori, Isabela | Soares, Laura | da Cruz, Marcio Rojas | Rochedo, Pedro | Rajao, Raoni | Rathmann, Regis | Schaeffer, Roberto | Mudrovitsch de Bittencourt, Sonia Regina",MITIGATION AND ADAPTATION STRATEGIES FOR GLOBAL CHANGE,NA,NA,NA,WoS,1,other
Scopus,english,Isolation by distance and past climate resistance shaped the distribution of genealogical lineages of a neotropical lizard,NA,10.1080/14772000.2022.2084470,2022,Camurugi F.,Systematics and Biodiversity,Article,NA,SCOPUS_ID:85132971886,Scopus,1,research_paper
WoS,english,Keeping it cool to take the heat: tropical lizards have greater thermal tolerance in less disturbed habitats,NA,10.1007/s00442-022-05235-3,2022,"Lopera, Diana | Guo, Kimberly Chen | Putman, Breanna J. | Swierk, Lindsey",OECOLOGIA,NA,NA,NA,WoS,1,other
WoS,english,Knowledge Domain and Emerging Trends of Social Vulnerability Research: A Bibliometric Analysis (1991-2021),NA,10.3390/ijerph19148342,2022,"Li, Hua | Wang, Weijun",INTERNATIONAL JOURNAL OF ENVIRONMENTAL RESEARCH AND PUBLIC HEALTH,NA,NA,NA,WoS,1,review
WoS,english,Land Subsidence and Aquifer-System Storage Loss in Central Mexico: A Quasi-Continental Investigation With Sentinel-1 InSAR,NA,10.1029/2022gl098923,2022,"Cigna, F. | Tapete, D.",GEOPHYSICAL RESEARCH LETTERS,NA,NA,NA,Scopus; WoS,2,other
WoS,english,Linking migration to community resilience in the receiving basin of a large-scale water transfer project,NA,10.1016/j.landusepol.2021.105900,2022,"Erwin, Anna | Ma, Zhao | Popovici, Ruxandra | O'Brien, Emma Patricia Salas | Zanotti, Laura A. | Silva, Chelsea | Zeballos, Eliseo Zeballos | Bauchet, Jonathan | Calderon, Nelly Ramirez | Larrea, Glenn Roberto Arce",LAND USE POLICY,NA,NA,NA,WoS,1,other
WoS,english,"Local Society Perception on Ecosystem Services as an Adaptation Strategy in Urban Stream Recovery Programs in the City of Sao Paulo, Brazil",NA,10.1007/s00267-021-01471-0,2022,"de Oliveira Rolo, Daniella Aparecida de Mattos | Gallardo, Amarilis Lucia Casteli Figueiredo | Ribeiro, Andreza Portella | Siqueira-Gay, Juliana",ENVIRONMENTAL MANAGEMENT,NA,NA,NA,Scopus; WoS,2,other
Scopus,english,MEXICAN COMMUNITY FORESTRY AS A GLOBAL MODEL FOR BIODIVERSITY CONSERVATION AND CLIMATE CHANGE ADAPTATION AND MITIGATION,NA,10.4324/9780367488710-38,2022,Bray D.B.,Routledge Handbook of Community Forestry,Book Chapter,NA,SCOPUS_ID:85148319270,Scopus,1,other
WoS,english,Macroinvertebrate Community Composition in Wetlands of the Desert Southwest is Driven by wastewater-associated Nutrient Loading Despite Differences in Salinity,NA,10.1007/s13157-022-01647-2,2022,"Pina, Anna Elisa | Lougheed, Vanessa L.",WETLANDS,NA,NA,NA,Scopus; WoS,2,other
WoS,english,"Maize Landraces and Drought: Seed Systems in San Miguel del Valle, Oaxaca, Mexico",NA,10.2993/0278-0771-42.4.477,2022,"Woodmansee, Adele",JOURNAL OF ETHNOBIOLOGY,NA,NA,NA,WoS,1,other
WoS,english,Managing the forest-water nexus for climate change adaptation,NA,10.1016/j.foreco.2022.120545,2022,"Zhang, Mingfang | Liu, Shirong | Jones, Julia | Sun, Ge | Wei, Xiaohua | Ellison, David | Archer, Emma | McNulty, Steve | Asbjornsen, Heidi | Zhang, Zhiqiang | Serengil, Yusuf | Zhang, Meinan | Yu, Zhen | Li, Qiang | Luan, Junwei | Yurtseven, Ibrahim | Hou, Yiping | Deng, Shiyu | Liu, Zipei",FOREST ECOLOGY AND MANAGEMENT,NA,NA,NA,WoS,1,other
WoS,english,Methodological approaches to assess climate vulnerability and cumulative impacts on coastal landscapes,NA,10.3389/fclim.2022.1018182,2022,"Olivares-Aguilar, Isabel C. | Sanchez-Davila, Gabriel | Wildermann, Natalie Elizabeth | Clark, Dana | Floerl, Lisa | Villamizar, Estrella | Matteucci, Silvia D. | Sevilla, Norma Patricia Munoz | Nagy, Gustavo J.",FRONTIERS IN CLIMATE,NA,NA,NA,Scopus; WoS,2,other
WoS,english,"Modeling Urban Growth and the Impacts of Climate Change: The Case of Esmeraldas City, Ecuador",NA,10.3390/su14084704,2022,"Mena, Carlos F. | Benitez, Fatima L. | Sampedro, Carolina | Martinez, Patricia | Quispe, Alex | Laituri, Melinda",SUSTAINABILITY,NA,NA,NA,WoS,1,other
Scopus,english,"Modeling and mapping of Inselberg habitats for environmental conservation in the Atlantic Forest and Caatinga domains, Brazil",NA,10.1016/j.envadv.2022.100209,2022,da Silveira V.A.,Environmental Advances,Article,NA,SCOPUS_ID:85126725868,Scopus,1,research_paper
WoS,english,Modular Design of Bioretention Systems for Sustainable Stormwater Management under Drivers of Urbanization and Climate Change,NA,10.3390/su14116799,2022,"de Macedo, Marina Batalini | Gomes Junior, Marcus Nobrega | Jochelavicius, Vivian | Pereira de Oliveira, Thalita Raquel | Mendiondo, Eduardo Mario",SUSTAINABILITY,NA,NA,NA,Scopus; WoS,2,other
WoS,english,Monitoring Desertification Using a Small Set of Biophysical Indicators in the Brazilian Semiarid Region,NA,10.3390/su14159735,2022,"Perez-Marin, Aldrin Martin | Vendruscolo, Jhony | Zarate-Salazar, Jhonatan Rafael | De Araujo Queiroz, Heithor Alexandre | Magalhaes, Daniel Lima | Menezes, Romulo S. C. | Fernandes, Izaias Medice",SUSTAINABILITY,NA,NA,NA,WoS,1,other
WoS,english,Morphodynamics of Tropical Atlantic River Mouths and their Adjacent Shorelines,NA,10.53061/ormq3496,2022,"Burningham, Helene | Polizel, Silvia Palotti | Drame, Awa Bousso",CHALLENGES IN ESTUARINE AND COASTAL SCIENCE,NA,NA,NA,WoS,1,other
WoS,english,Mountain freshwater ecosystems and protected areas in the tropical Andes: insights and gaps for climate change adaptation,NA,10.1017/s0376892921000382,2022,"Quenta-Herrera, Estefania | Crespo-Perez, Veronica | Mark, Bryan G. | Gonzales, Ana Lia | Kulonen, Aino",ENVIRONMENTAL CONSERVATION,NA,NA,NA,WoS,1,other
WoS,english,"Non-Stationary Hydrological Regimes Due to Climate Change: The Impact of Future Precipitation in the Spillway Design of a Reservoir, Case Study: Sube y Baja Dam, in Ecuador",NA,10.3390/atmos13050828,2022,"Enrique Herbozo, Jorge | Eduardo Munoz, Luis | Jose Guerra, Maria | Minaya, Veronica | Haro, Patricia | Carrillo, Veronica | Manciati, Carla | Campozano, Lenin",ATMOSPHERE,NA,NA,NA,Scopus; WoS,2,other
WoS,english,Obstacles and opportunities for implementing a policy-mix for ecosystem-based adaptation to climate change in Brazil's Caatinga,NA,10.1016/j.landusepol.2022.106385,2022,"Niemeyer, Julia | Vale, Mariana M.",LAND USE POLICY,NA,NA,NA,Scopus; WoS,2,other
WoS,english,"Optimization of water allocation networks in highly engineered basins: The case of Guandu River basin, Rio de Janeiro State, Brazil",NA,10.1016/j.jclepro.2022.131787,2022,"Saucedo-Ramirez, O. A. | Mahlknecht, Juergen | Gonzalez-Bravo, Ramon",JOURNAL OF CLEANER PRODUCTION,NA,NA,NA,Scopus; WoS,2,other
WoS,english,PRIVATE LOT FLOOD PEAK ATTENUATION BY STORMWATER DETENTION TANKS,NA,10.2495/friar220051,2022,"Schellin, Lucy Marta | Dziedzic, Rebecca Moreira | Dziedzic, Mauricio",URBAN WATER SYSTEMS & FLOODS IV,NA,NA,NA,Scopus; WoS,2,other
WoS,english,Perceptions About Climate Change in the Brazilian Civil Defense Sector,NA,10.1007/s13753-022-00444-z,2022,"Marchezini, Victor | Londe, Luciana de Resende | Loose, Eloisa Beling | Saito, Silvia Midori | Marengo, Jose A.",INTERNATIONAL JOURNAL OF DISASTER RISK SCIENCE,NA,NA,NA,Scopus; WoS,2,other
Scopus,english,Potential Adaptation Responses to Climate Change in Small-Scale Fisheries along the Colombian Pacific,NA,10.18848/1835-7156/cgp/v14i02/149-171,2022,Selvaraj J.J.,International Journal of Climate Change Impacts and Responses,Article,NA,SCOPUS_ID:85178487014,Scopus,1,research_paper
WoS,english,Potential of traditional Chilean blood-fleshed peach to support livelihood opportunities in local agriculture,NA,10.3389/fsufs.2022.820811,2022,"Marchant, Lorena | Campos, Javiera | Luco, Javiera | Ramirez, Cesar | Barrientos, Freddy | Carrasco, Basilio | Silva, Herman",FRONTIERS IN SUSTAINABLE FOOD SYSTEMS,NA,NA,NA,Scopus; WoS,2,other
WoS,english,Projected impacts of 1.5 and 2°C global warming on temperature and precipitation patterns in South America,NA,10.1002/joc.7322,2022,"Torres, Roger Rodrigues | Benassi, Rafael Bitencourt | Martins, Fabrina Bolzan | Lapola, David Montenegro",INTERNATIONAL JOURNAL OF CLIMATOLOGY,NA,NA,NA,Scopus; WoS,2,other
Scopus,english,Promoting Safety Societies with a Non-Stationary Multidimensional Model that Prioritizes Flood Risks under Climate Change Effects,NA,10.3303/cet2290011,2022,Da Silva L.B.L.,Chemical Engineering Transactions,Article,NA,SCOPUS_ID:85131330345,Scopus,1,research_paper
WoS,english,"Public space and urban resilience: children's perspectives. The case of the hills of Valparaiso, Chile",NA,10.1080/14733285.2021.1925633,2022,"Soto Caro, Marcela | Leon Canales, Jorge | Escobar Gueguen, Anne",CHILDRENS GEOGRAPHIES,NA,NA,NA,WoS,1,other
Scopus,english,"Quinoa’s Spreading at Global Level: State of the Art, Trends, and Challenges",NA,10.1007/978-981-16-3832-9_1,2022,Bazile D.,Biology and Biotechnology of Quinoa Super Grain for Food Security,Book Chapter,NA,SCOPUS_ID:85152812263,Scopus,1,review
Scopus,english,"RISK MANAGEMENT AND VULNERABILITY TO SEA LEVEL RISE IN BRAZIL, WITH EMPHASIS TO THE LEGACY OF THE METROPOLE PROJECT IN SANTOS",NA,10.14295/derb.v43.768,2022,Marengo J.A.,Derbyana,Article,NA,SCOPUS_ID:85146353788,Scopus,1,research_paper
WoS,english,Regional variation in responses of a vulnerable bird species to land-use and climate change,NA,10.1111/btp.13142,2022,"Almeida, Ana Claudia | Tourinho, Luara | Ramalho, Quezia | Jenkins, Clinton N. | Almeida-Gomes, Mauricio",BIOTROPICA,NA,NA,NA,Scopus; WoS,2,other
WoS,english,"Relevance of the production system for the sustainability of conservation and breeding programs for the Creole cattle in Pasorapa, Bolivia",NA,10.1007/s43621-022-00085-8,2022,"Bottani-Claros, Gabriela | Jonas, Elisabeth | Strandberg, Erling",DISCOVER SUSTAINABILITY,NA,NA,NA,WoS,1,other
WoS,english,Reparation ecology and climate risk in Latin-America: Experiences from four countries,NA,10.3389/fclim.2022.897424,2022,"Lampis, Andrea | Brink, Ebba | Carrasco-Torrontegui, Amaya | dos Santos, Agni Hevea | Solorzano-Lemus, Estuardo | Vasquez-Arango, Claudia",FRONTIERS IN CLIMATE,NA,NA,NA,Scopus; WoS,2,other
WoS,english,"Restoration priorities for Caatinga dry forests: Landscape resilience, connectivity and biodiversity value",NA,10.1111/1365-2664.14131,2022,"Antongiovanni, Marina | Venticinque, Eduardo M. | Tambosi, Leandro R. | Matsumoto, Marcelo | Metzger, Jean Paul | Fonseca, Carlos Roberto",JOURNAL OF APPLIED ECOLOGY,NA,NA,NA,WoS,1,other
WoS,english,Review on the impact of elevated CO<sub>2</sub> concentrations on fruit species in the face of climate change,NA,10.21930/rcta.vol23_num2_art:2475,2022,"Fischer, Gerhard | Melgarejo, Luz Marina | Balaguera-Lopez, Helber Enrique",REVISTA CORPOICA-CIENCIA Y TECNOLOGIA AGROPECUARIA,NA,NA,NA,WoS,1,other
Scopus,english,"River bank filtration in tropical metropoles: integrated evaluation of physical, geochemical and biochemical interactions in Recife, NE Brazil",NA,10.1007/s13762-021-03558-x,2022,Bertrand G.F.,International Journal of Environmental Science and Technology,Article,NA,SCOPUS_ID:85111274591,Scopus,1,research_paper
WoS,english,"River basin governance enabling pathways for sustainable management: A comparative study between Australia, Brazil, China and France",NA,10.1007/s13280-021-01699-4,2022,"Bouckaert, Frederick Willem | Wei, Yongping | Pittock, James | Vasconcelos, Vitor | Ison, Ray",AMBIO,NA,NA,NA,WoS,1,other
WoS,english,Rural livelihood diversification is associated with lower vulnerability to climate change in the Andean-Amazon foothills,NA,10.1371/journal.pclm.0000051,2022,"Beltran-Tolosa, Lucila Marcela | Cruz-Garcia, Gisella S. | Ocampo, Jhon | Pradhan, Prajal | Quintero, Marcela",PLOS CLIMATE,NA,NA,NA,Scopus; WoS,2,other
WoS,english,Rural outmigration in Northeast Brazil: Evidence from shared socioeconomic pathways and climate change scenarios,NA,10.1016/j.jrurstud.2022.03.004,2022,"Delazeri, Linda Marcia Mendes | Da Cunha, Denis Antonio | Vicerra, Paolo Miguel Manalang | Oliveira, Lais Rosa",JOURNAL OF RURAL STUDIES,NA,NA,NA,Scopus; WoS,2,other
WoS,english,Rural transformation and differential vulnerability: Exploring adaptation strategies to water scarcity in the Aculeo Lake basin (Chile),NA,10.3389/fenvs.2022.955023,2022,"Ocampo-Melgar, Anahi | Barria, Pilar | Chadwick, Cristian | Diaz-Vasconcellos, Raul",FRONTIERS IN ENVIRONMENTAL SCIENCE,NA,NA,NA,Scopus; WoS,2,other
WoS,english,Salvador: Profile of a resilient city?,NA,10.1016/j.cities.2022.103727,2022,"Silva, Angela Marcia de Andrade | Lazaro, Lira Luz Benites | Andrade, Jose Celio Silveira | Monteiro, Bianca Alighieri Luz | Prado, Angelica Fabiola Rodrigues",CITIES,NA,NA,NA,Scopus; WoS,2,other
WoS,english,"Sense of Agency, Affectivity and Social-Ecological Degradation: An Enactive and Phenomenological Approach",NA,10.3389/fpsyg.2022.911092,2022,"Siqueiros-Garcia, Jesus M. | Manuel-Navarrete, David | Eakin, Hallie | Mojica, Laura | Charli-Joseph, Lakshmi | Perez-Belmont, Patricia | Ruizpalacios, Beatriz",FRONTIERS IN PSYCHOLOGY,NA,NA,NA,WoS,1,other
WoS,english,Small ruminant production systems in Mexico and their effect on productive sustainability,NA,10.21897/rmvz.2246,2022,"Chavez-Espinoza, Miguel | Cantu-Silva, Israel | Gonzalez-Rodriguez, Humberto | Dante Montanez-Valdez, Oziel",REVISTA MVZ CORDOBA,NA,NA,NA,WoS,1,other
WoS,english,"Smallholder Coffee in the Global Economy-A Framework to Explore Transformation Alternatives of Traditional Agroforestry for Greater Economic, Ecological, and Livelihood Viability",NA,10.3389/fsufs.2022.808207,2022,"Siles, Pablo | Cerdan, Carlos R. | Staver, Charles",FRONTIERS IN SUSTAINABLE FOOD SYSTEMS,NA,NA,NA,WoS,1,other
WoS,english,Smart cities and climate change in Brazil: debates and tensions in contemporary urban management,NA,10.21056/aec.v22i88.1609,2022,"Silva Melo de Casimiro, Ligia Maria | Jereissati, Lucas Campos",A&C-REVISTA DE DIREITO ADMINISTRATIVO & CONSTITUCIONAL,NA,NA,NA,Scopus; WoS,2,other
WoS,english,"Socio-ecological systems modelling of coastal urban area under a changing climate - Case study for Ubatuba, Brazil",NA,10.1016/j.ecolmodel.2022.109953,2022,"Oliveira, Bruno M. | Boumans, Roelof | Fath, Brian D. | Harari, Joseph",ECOLOGICAL MODELLING,NA,NA,NA,Scopus; WoS,2,other
WoS,english,Sources and discharge of nitrogen pollution from agriculture and wastewater in the Mesoamerican Reef region,NA,10.1016/j.ocecoaman.2022.106269,2022,"Berger, Madeline | Canty, Steven W. J. | Tuholske, Cascade | Halpern, Benjamin S.",OCEAN & COASTAL MANAGEMENT,NA,NA,NA,WoS,1,other
WoS,english,"Species, taxonomic, and functional group diversities of terrestrial mammals at risk under climate change and land-use/cover change scenarios in Mexico",NA,10.1111/gcb.16411,2022,"Ureta, Carolina | Ramirez-Barron, Mercedes | Andres Sanchez-Garcia, Edgar | Cuervo-Robayo, Angela P. | Munguia-Carrara, Mariana | Mendoza-Ponce, Alma | Gay, Carlos | Sanchez-Cordero, Victor",GLOBAL CHANGE BIOLOGY,NA,NA,NA,Scopus; WoS,2,other
WoS,english,Stakeholders' Perceptions of Nature-Based Solutions for Hurricane Risk Reduction Policies in the Mexican Caribbean,NA,10.3390/land11101701,2022,"Moreno, Claudia Shantal | Roman-Cuesta, Rosa Maria | Canty, Steven W. J. | Herrera, Jorge | Teutli, Claudia | Israel Muniz-Castillo, Aaron | McField, Melanie | Soto, Melina | do Amaral, Cibele | Paton, Steven | David Gonzalez-Trujillo, Juan | Poulter, Benjamin | Schumacher, Melissa | Duran-Diaz, Pamela",LAND,NA,NA,NA,Scopus; WoS,2,other
WoS,english,Study of Wetland Soils of the Salar de Atacama with Different Azonal Vegetative Formations Reveals Changes in the Microbiota Associated with Hygrophile Plant Type on the Soil Surface,NA,10.1128/spectrum.00533-22,2022,"Ramos-Tapia, Ignacio | Nunez, Reynaldo | Salinas, Carlos | Salinas, Pamela | Soto, Jorge | Paneque, Manuel",MICROBIOLOGY SPECTRUM,NA,NA,NA,Scopus; WoS,2,other
WoS,english,Sustainability of Costa Rica's water supply under climate change scenarios,NA,10.1016/j.envsci.2022.05.021,2022,"Stan, Kayla D. | Sanchez-Azofeifa, Arturo | Ludwig, Ralf",ENVIRONMENTAL SCIENCE & POLICY,NA,NA,NA,WoS,1,other
Scopus,english,Sustainable Energy Through Design: An Approach to Alleviate Energy Poverty in Vulnerable Communities on the US–Mexico Border Region,NA,10.1007/978-3-030-96866-3_22,2022,Diaz-Barriga V.B.,Urban Book Series,Book Chapter,NA,SCOPUS_ID:85131818050,Scopus,1,other
WoS,english,THE BIOCLIMATE PRESENT AND FUTURE IN THE STATE OF SAO PAULO/BRAZIL: SPACE-TIME ANALYSIS OF HUMAN THERMAL COMFORT,NA,10.1016/j.scs.2021.103611,2022,"Assis Gobo, Joao Paulo | Wollmann, Cassio Arthur | Celuppi, Maria Cristina | Galvani, Emerson | Faria, Marlon Resende | Mendes, David | de Oliveira-Junior, Jose Francisco | Malheiros, Tatiana dos Santos | Riffel, Eduardo Samuel | Teixeira Goncalves, Fabio Luiz",SUSTAINABLE CITIES AND SOCIETY,NA,NA,NA,WoS,1,other
WoS,english,Tackling the implementation gap of climate adaptation strategies: understanding policy translation in Brazil and Colombia,NA,10.1080/14693062.2022.2085650,2022,"Milhorance, Carolina | Howland, Fanny | Sabourin, Eric | Le Coq, Jean-Francois",CLIMATE POLICY,NA,NA,NA,WoS,1,other
Scopus,english,"The Challenges of the Food, Water, and Energy Nexus and Potential Interlinkages with Instruments to Tackle Climate Change: Cases of Brazilian Cities",NA,10.1007/978-3-031-05472-3_16,2022,Jacobi P.R.,Sustainable Development Goals Series,Book Chapter,NA,SCOPUS_ID:85195140331,Scopus,1,other
Scopus,english,The Impact of Climate Change on the Gender Security of Indigenous Women in Latin America,NA,10.1007/978-981-19-1987-9_7,2022,Oswald-Spring Ú.,Environment Climate and Social Justice Perspectives and Practices from the Global South,Book Chapter,NA,SCOPUS_ID:85162625837,Scopus,1,other
WoS,english,The Integration of Local Actors in Policy Implementation: The Case of Organic Farming in Costa Rica,NA,10.3390/su14127265,2022,"Gruber, Mirjam",SUSTAINABILITY,NA,NA,NA,WoS,1,other
WoS,english,The Visibility of Citizen Participation and the Invisibility of Groundwater in Mexico,NA,10.3390/w14091321,2022,"Ramon Medrano-Perez, Ojilve | Fabiola Nava, Luzma | Canez-Cota, Antonio",WATER,NA,NA,NA,WoS,1,other
WoS,english,The agri-food system (re)configuration: the case study of an agroecological network in the Ecuadorian Andes,NA,10.1007/s10460-022-10318-1,2022,"Vallejo-Rojas, Virginia | Rivera-Ferre, Marta G. | Ravera, Federica",AGRICULTURE AND HUMAN VALUES,NA,NA,NA,WoS,1,other
WoS,english,The arid Andean plateau waterscapes and the lithium triangle: flamingos as flagships for conservation of high-altitude wetlands under pressure from mining development,NA,10.1007/s11273-022-09872-6,2022,"Marconi, P. | Arengo, F. | Clark, A.",WETLANDS ECOLOGY AND MANAGEMENT,NA,NA,NA,Scopus; WoS,2,other
WoS,english,The challenge of in subnational governments in multilevel climate governance: the case of mexico,NA,10.1080/1622671.2022.2106298,2022,"Soto-Montes-de-Oca, Gloria | Cruz-Bello, Gustavo M. | Quiroz-Rosas, Laura E. | Flores-Gutierrez, Socorro",TERRITORY POLITICS GOVERNANCE,NA,NA,NA,WoS,1,other
WoS,english,The challenge of urban food production and sustainable water use: Current situation and future perspectives of the urban agriculture in Brazil and Italy,NA,10.1016/j.scs.2022.103961,2022,"Alberti, Marcio Alexandre | Blanco, Ileana | Vox, Giuliano | Scarascia-Mugnozza, Giacomo | Schettini, Evelia | da Silva, Luciene Pimentel",SUSTAINABLE CITIES AND SOCIETY,NA,NA,NA,Scopus; WoS,2,other
Scopus,english,The defeat of the left in Ecuador in the extractivism-ecology cleavage,NA,10.36367/ntqr.14.2022.e583,2022,Sánchez Á.R.,New Trends in Qualitative Research,Article,NA,SCOPUS_ID:85188915284,Scopus,1,research_paper
WoS,english,The impact of COVID-19 on the sustainable intensification of forage-based beef and dairy value chains in Colombia: a blessing and a curse,NA,10.17138/tgft(10)237-248,2022,"Burkart, Stefan | Diaz, Manuel | Enciso, Karen | Charry, Andres | Triana, Natalia | Mena, Martin | Urrea-benitez, Jose Luis | Caro, Irieleth Gallo | van der Hoek, Rein",TROPICAL GRASSLANDS-FORRAJES TROPICALES,NA,NA,NA,Scopus; WoS,2,other
WoS,english,The livestock insurance as a protection mechanism for livestock against catastrophic climatic events,NA,10.19136/era.a9n2.3105,2022,"Santiago-Hernandez, Nancy | Reyes Altamirano-Cardenas, J. | Horacio Santoyo-Cortes, Vinicio | Maria Salas-Gonzalez, Jose",ECOSISTEMAS Y RECURSOS AGROPECUARIOS,NA,NA,NA,WoS,1,other
WoS,english,The risk management tools?role for urban infrastructure resilience building,NA,10.1016/j.uclim.2022.101296,2022,"de Magalhaes, Ruane Fernandes | Danilevicz, Angela de Moura Ferreira | de Souza, Joana Siqueira | Echeveste, Marcia Elisa",URBAN CLIMATE,NA,NA,NA,Scopus; WoS,2,other
WoS,english,"The role of the geophysical exploration in deep aquifers in semi-urban and rural environments in Andean forearc basins, study case in the aquifer of Nuble river, Central Valley of Chile",NA,10.5027/andgeov49n1-3370,2022,"Aguirre, Igor | Maringue, Jose | Santibanez, Isabel | Yanez, Gonzalo",ANDEAN GEOLOGY,NA,NA,NA,Scopus; WoS,2,other
WoS,english,"Toward New Epidemiological Landscapes of <i>Trypanosoma cruzi</i> (Kinetoplastida, Trypanosomatidae) Transmission under Future Human-Modified Land Cover and Climatic Change in Mexico",NA,10.3390/tropicalmed7090221,2022,"Gonzalez-Salazar, Constantino | Meneses-Mosquera, Anny K. | Aguirre-Pena, Alejandra | Fernandez-Castel, Karla Paola J. | Stephens, Christopher R. | Mendoza-Ponce, Alma | Velasco, Julian A. | Calderon-Bustamante, Oscar | Estrada, Francisco",TROPICAL MEDICINE AND INFECTIOUS DISEASE,NA,NA,NA,Scopus; WoS,2,other
Scopus,english,Towards resilient cooling possibilities for Brazilians' hot and humid climates: Exploring the national thermal comfort database,NA,10.4324/9781003244929-38,2022,Buonocore C.,Routledge Handbook of Resilient Thermal Comfort,Book Chapter,NA,SCOPUS_ID:105004333128,Scopus,1,other
WoS,english,Transformative effectiveness: How EIA can transform stakeholders' frames of reference,NA,10.1016/j.envsci.2022.06.007,2022,"Loomis, John J. | Bond, Alan | Dziedzic, Mauricio",ENVIRONMENTAL SCIENCE & POLICY,NA,NA,NA,WoS,1,other
WoS,english,Transforming environmental governance: critical action intellectuals and their praxis in the field,NA,10.1007/s11625-022-01108-z,2022,"Ojha, Hemant | Nightingale, Andrea J. | Gonda, Noemi | Muok, Benard Oula | Eriksen, Siri | Khatri, Dil | Paudel, Dinesh",SUSTAINABILITY SCIENCE,NA,NA,NA,WoS,1,other
WoS,english,Trends in Temperature-associated Mortality in Sao Paulo (Brazil) between 2000 and 2018: an Example of Disparities in Adaptation to Cold and Heat,NA,10.1007/s11524-022-00695-7,2022,"Roca-Barcelo, Aina | Fecht, Daniela | Pirani, Monica | Piel, Frederic B. | Nardocci, Adelaide C. | Vineis, Paolo",JOURNAL OF URBAN HEALTH-BULLETIN OF THE NEW YORK ACADEMY OF MEDICINE,NA,NA,NA,Scopus; WoS,2,other
WoS,english,Unequal Landscapes: Vulnerability Traps in Informal Settlements of the Jacui River Delta (Brazil),NA,10.3390/urbansci6040076,2022,"Pereira Santos, Alexandre | Rodriguez-Lopez, Juan Miguel | Chiarel, Cleiton | Scheffran, Juergen",URBAN SCIENCE,NA,NA,NA,WoS,1,other
WoS,english,Urban Living Labs and Critical Infrastructure Resilience: A Global Match?,NA,10.3390/su14169826,2022,"Reis Amorim, Erick Elysio | Menezes, Monique | Goncalves Fernandes, Karoline Vitoria",SUSTAINABILITY,NA,NA,NA,Scopus; WoS,2,other
Scopus,english,Urban food systems and their governance: A viable alternative for Venezuela in the UN sustainable food systems framework?,NA,NA,2022,Anido R.,Agroalimentaria,Article,NA,SCOPUS_ID:85158010701,Scopus,1,research_paper
Scopus,english,Urban resilience actions in the built environment: An analysis of the city of Salvador - Bahia - Brazil,NA,10.1088/1755-1315/1101/2/022004,2022,Rodrigues Prado A.F.,Iop Conference Series Earth and Environmental Science,Conference Paper,NA,SCOPUS_ID:85144144485,Scopus,1,research_paper
Scopus,english,VULNERABILITIES OF WATER SECURITY FACED WITH CLIMATE CHANGE IN BRAZIL.,NA,10.14295/derb.v43.777,2022,Pereira V.R.,Derbyana,Article,NA,SCOPUS_ID:85146354397,Scopus,1,research_paper
WoS,english,"Water Resources Management in Mexico, Chile and Brazil: Comparative Analysis of Their Progress on SDG 6.5.1 and the Role of Governance",NA,10.3390/su14105814,2022,"Tinoco, Clara | Julio, Natalia | Meirelles, Bruno | Pineda, Raul | Figueroa, Ricardo | Urrutia, Roberto | Parra, Oscar",SUSTAINABILITY,NA,NA,NA,Scopus; WoS,2,other
WoS,english,"Water management infrastructure alters plant species composition, functional diversity and soil condition in a livestock-impaired mosaic of wetlands",NA,10.1111/avsc.12698,2022,"Aquino, Diego Sebastian | Gavier-Pizarro, Gregorio Ignacio | Quintana, Ruben Dario",APPLIED VEGETATION SCIENCE,NA,NA,NA,Scopus; WoS,2,other
WoS,english,"What motivates urban dwellers to adapt to climate-driven water insecurity? An empirical study from Lima, Peru",NA,10.1016/j.envsci.2022.05.009,2022,"Bossio, Camila Florez | Coomes, Oliver T. | Ford, James",ENVIRONMENTAL SCIENCE & POLICY,NA,NA,NA,Scopus; WoS,2,other
WoS,english,"""Listen to us"": small-scale farmers' understandings of social-ecological changes and their drivers in Important Agricultural Heritage Systems",NA,10.1007/s10113-023-02145-9,2023,"Caviedes, Julian | Ibarra, Jose Tomas | Calvet-Mir, Laura | Junqueira, Andre Braga",REGIONAL ENVIRONMENTAL CHANGE,NA,NA,NA,WoS,1,other
Scopus,english,"'Locking in' Desalination in the U.S.-Mexico Borderlands: Path Dependency, Techno-Optimism and Climate Adaptation",NA,NA,2023,O’Neill B.F.,Water Alternatives,Article,NA,SCOPUS_ID:85162160850,Scopus,1,research_paper
WoS,english,2030 Agenda: discussion on Brazilian priorities facing air pollution and climate change challenges,NA,10.1007/s11356-022-24601-5,2023,"de Moura, Fernando Rafael | da Silva Junior, Flavio Manoel Rodrigues",ENVIRONMENTAL SCIENCE AND POLLUTION RESEARCH,NA,NA,NA,WoS,1,other
WoS,english,<i>Candida palmioleophila</i>: A New Emerging Threat in Brazil?,NA,10.3390/jof9070770,2023,"da Costa, Gisela Lara | Negri, Melyssa | de Miranda, Rodrigo Prado Rodrigues | Correa-Moreira, Danielly | Pinto, Tatiana Castro Abreu | Ramos, Livia de Souza | Ferreira, Deisiany Gomes | Salomao, Bruna | Fumian, Tulio Machado | Mannarino, Camille Ferreira | Prado, Tatiana | Miagostovich, Marise Pereira | dos Santos, Andre Luis Souza | Oliveira, Manoel Marques Evangelista",JOURNAL OF FUNGI,NA,NA,NA,Scopus; WoS,2,other
WoS,english,<i>Risk analysis of hydrometeorological disasters: methodological approach applied to medium-sized municipalities</i>,NA,10.1590/2175-3369.015.e20220150,2023,"Pereira, Mariam Trierveiler | Miranda, Yara Campos",URBE-REVISTA BRASILEIRA DE GESTAO URBANA,NA,NA,NA,Scopus; WoS,2,other
WoS,english,A binational social vulnerability index (BSVI) for the San Diego-Tijuana region: mapping trans-boundary exposure to climate change for just and equitable adaptation planning,NA,10.1007/s11027-023-10045-w,2023,"Rosa, Melissa | Haines, Kyle | Cruz, Teddy | Forman, Fonna",MITIGATION AND ADAPTATION STRATEGIES FOR GLOBAL CHANGE,NA,NA,NA,WoS,1,other
WoS,english,A global outlook on increasing wildfire risk: Current policy situation and future pathways,NA,10.1016/j.tfp.2023.100431,2023,"Pandey, Pooja | Huidobro, Gabriela | Lopes, Luis Filipe | Ganteaume, Anne | Ascoli, Davide | Colaco, Conceica | Xanthopoulos, Gavriil | Giannaros, Theodore M. | Gazzard, Rob | Boustras, Georgios | Steelman, Toddi | Charlton, Valerie | Ferguson, Euan | Kirschner, Judith | Little, Kerryn | Stoof, Cathelijne | Nikolakis, William | Fernandez-Blanco, Carmen Rodriguez | Ribotta, Claudio | Lambrechts, Hugo | Fernandez, Marina | Dossi, Simona",TREES FORESTS AND PEOPLE,NA,NA,NA,WoS,1,other
WoS,english,"A reality check for the applicability of comprehensive climate risk assessment and management: Experiences from Peru, India and Austria",NA,10.1016/j.crm.2023.100534,2023,"Hagen, I. | Allen, S. | Bahinipati, C. S. | Frey, H. | Huggel, C. | Karabaczek, V. | Kienberger, S. | Mechler, R. | Petutschnig, L. | Schinko, T.",CLIMATE RISK MANAGEMENT,NA,NA,NA,Scopus; WoS,2,other
WoS,english,A review of applications of remote sensing for drought studies in the Andes region,NA,10.1016/j.ejrh.2023.101483,2023,"Cullen, Kate Altemus",JOURNAL OF HYDROLOGY-REGIONAL STUDIES,NA,NA,NA,Scopus; WoS,2,other
WoS,english,A scientometric review of climate change and research on crabs,NA,10.1016/j.seares.2023.102386,2023,"Thirukanthan, Chandra Segaran | Azra, Mohamad Nor | Abu Seman, Nor Juneta | Agos, Suzanne Mohd | Arifin, Hidir | Aouissi, Hani Amir | Lananan, Fathurrahman | Gao, Huan",JOURNAL OF SEA RESEARCH,NA,NA,NA,Scopus; WoS,2,review
Scopus,english,Agri-silvicultures of Mexican Arid America,NA,10.1186/s13002-023-00612-5,2023,Andablo-Reyes A.d.C.,Journal of Ethnobiology and Ethnomedicine,Article,NA,SCOPUS_ID:85171353295,Scopus,1,research_paper
WoS,english,Agrivoltaics Over Berries in Chile: Potential for Clean Energy Generation and Climate Change Adaption,NA,10.52825/agripv.v2i.1032,2023,"Jung, David | Schonberger, Frederik | Moraga, Francisco",AGRIVOLTAICS WORLD CONFERENCE 2023,NA,NA,NA,WoS,1,other
WoS,english,Amazon climate extremes: Increasing droughts and floods in Brazil's state of Acre,NA,10.1016/j.pecon.2023.10.006,2023,"da Silva, Sonaira Souza | Brown, Foster | Sampaio, Amanda de Oliveira | Silva, Ana Luiza Costa | dos Santos, Nairiane Cherlins Rodrigues Souza | Lima, Aroldo Carvalho | Silva, Paulo Henrique da Costa | Aquino, Antonio Marcos de Souza | Moreira, Jose Genivaldo do Vale | Oliveira, Igor | Costa, Alexandre Araujo | Fearnside, Philip Martin",PERSPECTIVES IN ECOLOGY AND CONSERVATION,NA,NA,NA,WoS,1,other
WoS,english,An intermediate level of disturbance with customary agricultural practices increases species diversity in Maya community forests in Belize,NA,10.1038/s43247-023-01089-6,2023,"Downey, Sean S. | Walker, Matthew | Moschler, Jacob | Penados, Filiberto | Peterman, William | Pop, Juan | Qin, Rongjun | Scaggs, Shane A. | Song, Shuang",COMMUNICATIONS EARTH & ENVIRONMENT,NA,NA,NA,Scopus; WoS,2,other
WoS,english,Anthropogenic drivers of increasing sediment accumulation in contrasting Mexican mangrove ecosystems,NA,10.1016/j.catena.2023.107037,2023,"Jupin, J. L. J. | Ruiz-Fernandez, A. C. | Sifeddine, A. | Sanchez-Cabeza, J. A. | Perez-Bernal, L. H. | Cardoso-Mohedano, J. G. | Gomez-Ponce, M. A. | Flores-Trujillo, J. G.",CATENA,NA,NA,NA,Scopus; WoS,2,other
WoS,english,Application of data science in the prediction of solar energy for the Amazon basin: a study case,NA,10.1093/ce/zkad065,2023,"Marques, Andre Luis Ferreira | Teixeira, Marcio Jose | de Almeida, Felipe Valencia | Correa, Pedro Luiz Pizzigatti",CLEAN ENERGY,NA,NA,NA,Scopus; WoS,2,other
WoS,english,Applied nucleation under high biodiversity silvopastoral system as an adaptive strategy against microclimate extremes in pasture areas,NA,10.1007/s00484-023-02488-2,2023,"Schmitt Filho, Abdon L. | Kretzer, Stefano Gomes | Farley, Joshua | Kazama, Daniele C. | Sinisgalli, Paulo A. | Deniz, Matheus",INTERNATIONAL JOURNAL OF BIOMETEOROLOGY,NA,NA,NA,Scopus; WoS,2,other
WoS,english,"Aquifers and climate: Incentives, information and institutions",NA,10.1016/j.gsd.2022.100900,2023,"Asprilla-Echeverria, John M.",GROUNDWATER FOR SUSTAINABLE DEVELOPMENT,NA,NA,NA,WoS,1,other
WoS,english,"Aridity and chronic anthropogenic disturbances cause a taxonomic, functional, and phylogenetic homogenization of ant communities in a Caatinga dry forest",NA,10.1016/j.biocon.2023.110151,2023,"Ribeiro-Neto, Jose Domingos | Oliveira, Fernanda Maria Pereira | Arcoverde, Gabriela Burle | Tabarelli, Marcelo | Leal, Inara Roberta | Arnan, Xavier",BIOLOGICAL CONSERVATION,NA,NA,NA,Scopus; WoS,2,other
WoS,english,Assessing impacts of climate change on selected foundation species and ecosystem services in the South-Central USA,NA,10.1002/ecs2.4412,2023,"Ansley, R. James | Rivera-Monroy, Victor H. | Griffis-Kyle, Kerry | Hoagland, Bruce | Emert, Amanda | Fagin, Todd | Loss, Scott R. | McCarthy, Heather R. | Smith, Nicholas G. | Waring, Elizabeth F.",ECOSPHERE,NA,NA,NA,Scopus; WoS,2,other
WoS,english,Assessing the drought effect on tree rings' width and xylem traits plasticity in<i> Symplocos</i><i> coccinea</i> and<i> S.</i><i> speciosa:</i> two rare and endemic Neotropical montane oak forest trees from eastern Mexico,NA,10.1007/s00468-022-02371-4,2023,"Rodriguez-Ramirez, E. C. | Ruiz-Santiago, D. | Requena-Rojas, E. J. | Longhi-Santos, T. | Suarez-Islas, A. | Luna-Vega, I.",TREES-STRUCTURE AND FUNCTION,NA,NA,NA,WoS,1,other
WoS,english,Bayesian spatio-temporal model with INLA for dengue fever risk prediction in Costa Rica,NA,10.1007/s10651-023-00580-9,2023,"Chou-Chen, Shu Wei | Barboza, Luis A. | Vasquez, Paola | Garcia, Yury E. | Calvo, Juan G. | Hidalgo, Hugo G. | Sanchez, Fabio",ENVIRONMENTAL AND ECOLOGICAL STATISTICS,NA,NA,NA,Scopus; WoS,2,other
WoS,english,Bibliographic mapping of heat tolerance in farm animals,NA,10.1016/j.livsci.2023.105163,2023,"McManus, Concepta | Pimentel, Felipe | Pimentel, Daniel | Sejian, Veerasamy | Blackburn, Harvey",LIVESTOCK SCIENCE,NA,NA,NA,WoS,1,other
WoS,english,Biocultural Calendars Across Four Ethnolinguistic Communities in Southwestern South America,NA,10.1029/2022gh000623,2023,"Rozzi, Ricardo | Alvarez, Ricardo | Castro, Victoria | Nunez, David | Ojeda, Jaime | Tauro, Alejandra | Massardo, Francisca",GEOHEALTH,NA,NA,NA,WoS,1,other
Scopus,english,"Building Scenarios of Social and Health Vulnerability to Climate Change: A Study for Municipalities in the Mato Grosso do Sul, Brazil",NA,10.1007/978-3-031-38878-1_27,2023,dos Santos R.B.,Global Perspectives on Health Geography,Book Chapter,NA,SCOPUS_ID:105035524909,Scopus,1,other
Scopus,english,Building and dwelling: Ethics for the city,NA,NA,2023,Sennett R.,Building and Dwelling Ethics for the City,Book,NA,SCOPUS_ID:85169520040,Scopus,1,other
WoS,english,"CARBON BALANCE OF LAND USE, LAND-USE CHANGE AND FORESTRY (LULUCF) IN THE BRAZILIAN CHACO",NA,10.1590/1806-908820230000020,2023,"Fidalgo, Elaine Cristina Cardoso | Monteiro, Joyce Maria Guimaraes | Prado, Rachel Bardy | da Silva, Joao dos Santos Vila",REVISTA ARVORE,NA,NA,NA,Scopus; WoS,2,other
WoS,english,CO<sub>2</sub> flux dynamics of exotic and native species in an extensive green roof simulator with hydric deficit,NA,10.1016/j.uclim.2023.101567,2023,"Liliana Perillo, Vanesa | Soledad Brendel, Andrea | Ferrelli, Federico | Gutierrez, Agustina | Jose Vitale, Alejandro | Marinangeli, Pablo | Cintia Piccolo, Maria",URBAN CLIMATE,NA,NA,NA,WoS,1,other
WoS,english,Can conditional cash transfers reduce vulnerability to climate change?,NA,10.1080/14693062.2023.2183174,2023,"Arena, Marco | Guasti, Alessandro | Hussein, Hussam",CLIMATE POLICY,NA,NA,NA,Scopus; WoS,2,other
WoS,english,Carbon storage in a peri-urban neotropical forest: Assessing its potential and patterns of change over half a century,NA,10.1016/j.ufug.2023.128009,2023,"Benitez, Griselda | Ruelas-Monjardin, Laura C. | Von Thaden, Juan | Acosta-Rosado, Israel | Alvarado-Castillo, Gerardo | Equihua, Miguel",URBAN FORESTRY & URBAN GREENING,NA,NA,NA,Scopus; WoS,2,other
Scopus,english,"Caring, Repairing, and Reimagining: Experiences from the Rural World",NA,10.7764/disena.23.article.3,2023,Muñoz F.,Disena,Article,NA,SCOPUS_ID:85175066513,Scopus,1,research_paper
Scopus,english,"Challenges and opportunities of collaborative management and university social responsibility of Adaptation to Climate Change in the community of Mangomarca (oasis of fog) in Lima, Peru",NA,NA,2023,Cabello-Torres R.J.,Proceedings of the Laccei International Multi Conference for Engineering Education and Technology,Conference Paper,NA,SCOPUS_ID:85172351220,Scopus,1,research_paper
WoS,english,Chilean institutional policies and multi-level agents: Challenges from the COVID-19 pandemic and carbon footprint,NA,10.3389/fcomm.2023.1059053,2023,"Bergamini, Kay | Ojeda, Carolina G. | Gutierrez, Patricia | Salazar, Gonzalo | Curillan, Christian",FRONTIERS IN COMMUNICATION,NA,NA,NA,WoS,1,other
WoS,english,Chilean long-term Socio-Ecological Research Network: progresses and challenges towards improving stewardship of unique ecosystems,NA,10.1186/s40693-023-00114-4,2023,"Frene, Cristian | Armesto, Juan J. | Nespolo, Roberto F. | Gaxiola, Aurora | Navarrete, Sergio A. | Troncoso, Alejandra | Munoz, Ariel | Corcuera, Luis J.",REVISTA CHILENA DE HISTORIA NATURAL,NA,NA,NA,Scopus; WoS,2,other
WoS,english,Climate Risk Analysis Using a High-Resolution Spatial Model in Costa Rica,NA,10.3390/cli11060127,2023,"Garro-Quesada, Maria del Milagro | Vargas-Leiva, Martin | Girot, Pascal O. | Quesada-Roman, Adolfo",CLIMATE,NA,NA,NA,WoS,1,other
WoS,english,Climate change in the Central Amazon and its impacts on frog populations,NA,10.1007/s10661-023-11997-x,2023,"Ferrante, Lucas | Rojas-Ahumada, Diana | Menin, Marcelo | Fearnside, Philip Martin",ENVIRONMENTAL MONITORING AND ASSESSMENT,NA,NA,NA,WoS,1,other
WoS,english,Climate change vulnerability hotspots in Costa Rica: constructing a sub-national index,NA,10.1007/s13412-023-00831-y,2023,"Nawrotzki, Raphael J. J. | Tebeck, Marina | Harten, Sven | Blankenagel, Venya",JOURNAL OF ENVIRONMENTAL STUDIES AND SCIENCES,NA,NA,NA,Scopus; WoS,2,other
WoS,english,"Climate projections of precipitation and temperature in cities from ABC Paulista, in the Metropolitan Region of Sao Paulo-Brazil",NA,10.3389/fclim.2023.1127026,2023,"Valverde, Maria Cleofe | Calado, Bianca Nunes | Calado, Gabrielle Gomes | Kuroki, Larissa Yumi | Brambila, Ricardo | de Sousa, Aline Ramos",FRONTIERS IN CLIMATE,NA,NA,NA,Scopus; WoS,2,other
WoS,english,Climate-related migration and the climate-security-migration nexus in the Central American Dry Corridor,NA,10.1007/s10584-023-03549-6,2023,"Huber, Jona | Madurga-Lopez, Ignacio | Murray, Una | McKeown, Peter C. | Pacillo, Grazia | Laderach, Peter | Spillane, Charles",CLIMATIC CHANGE,NA,NA,NA,Scopus; WoS,2,other
WoS,english,Climate-smart agriculture and soil C sequestration in Brazilian Cerrado: a systematic review,NA,10.36783/18069657rbcs20220055,2023,"Oliveira, Dener Marcio da Silva | Tavares, Rose Luiza Moraes | Loss, Arcangelo | Madari, Beata Emoke | Cerri, Carlos Eduardo Pellegrino | Alves, Bruno Jose Rodrigues | Pereira, Marcos Gervasio | Cherubin, Mauricio Roberto",REVISTA BRASILEIRA DE CIENCIA DO SOLO,NA,NA,NA,WoS,1,review
WoS,english,"Coevolution of Flood Dynamics and Economical Production in Tropical Wetlands: Insights From Bayesian Networks in Ayapel Wetland, Colombia",NA,10.1029/2023jg007416,2023,"Herazo, S. | Berrouet, L. | Hernandez-Atilano, E. | Agudelo-Echavarria, D. M.",JOURNAL OF GEOPHYSICAL RESEARCH-BIOGEOSCIENCES,NA,NA,NA,Scopus; WoS,2,other
WoS,english,"Collective memories and previous experiences of older people in the face of disaster risk processes: lessons learned, implication, and social support",NA,10.3389/fclim.2023.1272219,2023,"Sandoval-Diaz, Jose | Navarrete-Valladares, Camila | Suazo-Munoz, Consuelo | Martinez-Labrin, Soledad",FRONTIERS IN CLIMATE,NA,NA,NA,Scopus; WoS,2,other
Scopus,english,Community Resilience Under Contexts of Informal Housing and Climate Change in the Americas,NA,10.1007/978-3-031-36640-6_45,2023,Lopez Barrera S.,Sustainable Development Goals Series,Book Chapter,NA,SCOPUS_ID:85194567727,Scopus,1,other
WoS,english,Community genetics of the key plant species Carex gayana in high Andean wetlands and conservation implications,NA,10.1016/j.gloplacha.2023.104286,2023,"Bertin, Angeline | Petit, Mariangeles | Notte, Ana Maria | Espinosa, Mara I. | Gouin, Nicolas",GLOBAL AND PLANETARY CHANGE,NA,NA,NA,Scopus; WoS,2,other
WoS,english,Comparing species and evolutionary diversity metrics to inform conservation,NA,10.1111/ddi.13660,2023,"Gonzalez-Orozco, Carlos E. | Parra-Quijano, Mauricio",DIVERSITY AND DISTRIBUTIONS,NA,NA,NA,WoS,1,other
WoS,english,"Construction systems, integrated disaster risk management & climate change adaptation- Tiktik Kaanu indigenous community",NA,10.5377/nexo.v36i04.16749,2023,"Flores-Pacheco, Juan Asdrubal | Jo, Socrates Esteban Castro | Urbina, Julio Cesar Arauz | Hodgson, Denis Alejandro Cash | Julian, Leonzo Knight",NEXO REVISTA CIENTIFICA,NA,NA,NA,WoS,1,other
WoS,english,Continuous forest at higher elevation plays a key role in maintaining bird and mammal diversity across an Andean coffee-growing landscape,NA,10.1111/acv.12857,2023,"Bedoya-Duran, M. J. | Jones, H. H. | Malone, K. M. | Branch, L. C.",ANIMAL CONSERVATION,NA,NA,NA,WoS,1,other
Scopus,english,"Controlling Climate, Facilitating Modernization: Comparing Bangladesh and Mexico",NA,10.1007/978-981-99-1798-3_8,2023,Soto-Montes-de-oca G.,Multifaceted Development A Bangladesh Case Study,Book Chapter,NA,SCOPUS_ID:85205153622,Scopus,1,other
WoS,english,"Creating a Virtuous Food Cycle in Monterrey, Mexico",NA,10.3390/su15107858,2023,"Roggema, Rob | Mallet, Ana Elena | Krstikj, Aleksandra",SUSTAINABILITY,NA,NA,NA,WoS,1,other
WoS,english,Criteria for prioritizing selection of Mexican maize landrace accessions for conservation <i>in situ</i> or <i>ex situ</i> based on phylogenetic analysis,NA,10.3389/fevo.2023.1139377,2023,"Martinez, Octavio | Ojeda, Adriana Ceniceros | Hayano-Kanashiro, Corina | Valdes, M. Humberto Reyes | Hernandez, Jose Luis Pons | Simpson, June",FRONTIERS IN ECOLOGY AND EVOLUTION,NA,NA,NA,Scopus; WoS,2,other
WoS,english,"Critical Environmental Education in Latin America from a Socio-Environmental Perspective: Identity, Territory, and Social Innovation",NA,10.3390/su15129410,2023,"da Silva, Rodrigo Florencio | Torres-Rivera, Alma Delia | Alves Pereira, Vilmar | Regis Cardoso, Luciano | Becerra, Melgris Jose",SUSTAINABILITY,NA,NA,NA,WoS,1,other
Scopus,english,Cultural aspects for adaptation to the climate change impacts on the Ecosystem Services in a case study of Central Amazon,NA,10.18472/sustdeb.v14n2.2023.45461,2023,Almeida Canova M.,Sustainability in Debate,Article,NA,SCOPUS_ID:85173660025,Scopus,1,research_paper
WoS,english,Decline in seasonal predictability potentially destabilized Classic Maya societies,NA,10.1038/s43247-023-00717-5,2023,"Braun, Tobias | Breitenbach, Sebastian F. M. | Skiba, Vanessa | Lechleitner, Franziska A. | Ray, Erin E. | Baldini, Lisa M. | Polyak, Victor J. | Baldini, James U. L. | Kennett, Douglas J. | Prufer, Keith M. | Marwan, Norbert",COMMUNICATIONS EARTH & ENVIRONMENT,NA,NA,NA,WoS,1,other
WoS,english,Denaturalizing climate change: Environmental injustice and social vulnerability in contexts of socio-spatial segregation in Mexico,NA,10.1016/j.ijdrr.2023.103802,2023,"Castro, Juan Alberto Gran",INTERNATIONAL JOURNAL OF DISASTER RISK REDUCTION,NA,NA,NA,WoS,1,other
WoS,english,"Deriving targeted intervention packages of nature-based solutions for climate change adaptation and disaster risk reduction: A geospatial multi-criteria approach for building resilience in the Puna region, Peru",NA,10.1016/j.nbsj.2023.100090,2023,"Roa, Oscar Higuera | Cotti, Davide | Aste, Natalia | Bustillos-Ardaya, Alicia | Schneiderbauer, Stefan | Soto, Ignacio Tourino | Roman-Danobeytia, Francisco | Walz, Yvonne",NATURE-BASED SOLUTIONS,NA,NA,NA,Scopus; WoS,2,other
Scopus,english,Development of a Network of Peruvian and Latin American Universities Committed to Risk Management and Adaptation to Climate Change,NA,10.1007/978-3-031-22856-8_31,2023,Espinoza-Molina J.,World Sustainability Series,Book Chapter,NA,SCOPUS_ID:85150194978,Scopus,1,other
WoS,english,"Disproportionate exposure to surface-urban heat islands across vulnerable populations in Lima city, Peru",NA,10.1088/1748-9326/acdca9,2023,"Ascencio, Edson J. | Barja, Antony | Benmarhnia, Tarik | Carrasco-Escobar, Gabriel",ENVIRONMENTAL RESEARCH LETTERS,NA,NA,NA,Scopus; WoS,2,other
WoS,english,"Driving sustainable urban development: Exploring the role of small-scale organic urban agriculture in Bogota, Colombia: A case study",NA,10.1016/j.scs.2023.104919,2023,"Riano-Herrera, Diego Alejandro | Varela-Martinez, Diana Angelica | Chenet, Julien Gwendal | Garcia-Garcia, Diego Armando | Diaz-Verus, Sergio David | Rodriguez-Urrego, Leonardo",SUSTAINABLE CITIES AND SOCIETY,NA,NA,NA,Scopus; WoS,2,other
WoS,english,Drought and water management in ancient Maya society,NA,10.1177/03091333221129784,2023,"Bhattacharya, Tripti | Krause, Samantha | Penny, Dan | Wahl, David",PROGRESS IN PHYSICAL GEOGRAPHY-EARTH AND ENVIRONMENT,NA,NA,NA,WoS,1,other
WoS,english,Ecological Change and Livestock Governance in a Peruvian National Park,NA,10.3390/land12112051,2023,"Young, Kenneth R. | Alata, Eyner | Chimner, Rodney A. | Boone, Randall B. | Bowser, Gillian | Bourgeau-Chavez, Laura | Fuentealba, Beatriz | Gilbert, Jessica | Naupari, Javier A. | Polk, Molly H. | Resh, Sigrid C. | Turin, Cecilia | Zarria-Samanamud, Melody",LAND,NA,NA,NA,Scopus; WoS,2,other
WoS,english,Ecological infrastructure and urban adaptation to climate change. Exploring the potential of green spaces,NA,10.15446/bitacora.v33n3.109527,2023,"Maria Karis, Clara | Magali Mujica, Camila",BITACORA URBANO TERRITORIAL,NA,NA,NA,Scopus; WoS,2,other
WoS,english,Economic potential and management of tropical mixed-species plantations in Central America,NA,10.1007/s11056-022-09937-7,2023,"Pinnschmidt, Arne | Yousefpour, Rasoul | Nolte, Anja | Murillo, Olman | Hanewinkel, Marc",NEW FORESTS,NA,NA,NA,Scopus; WoS,2,other
Scopus,english,Ecosystem and species adaptations in the Andean-Amazonian Region: Traditional land-use systems in Peru,NA,10.1007/978-3-031-44385-5,2023,Sabogal A.,Ecosystem and Species Adaptations in the Andean Amazonian Region Traditional Land Use Systems in Peru,Book,NA,SCOPUS_ID:85194443588,Scopus,1,other
Scopus,english,Ecosystem services of Chilean sclerophyllous forests and shrublands on the verge of collapse: A review,NA,10.1016/j.jaridenv.2022.104927,2023,Smith-Ramírez C.,Journal of Arid Environments,Review,NA,SCOPUS_ID:85146031686,Scopus,1,review
Scopus,english,Ecosystem services of blue-green infrastructure (BGI) for climate change adaptation and mitigation in an arid region,NA,NA,2023,Iruri-Ramos C.,Zemch International Conference,Conference Paper,NA,SCOPUS_ID:85194079086,Scopus,1,research_paper
WoS,english,Effects of Amazonian flying rivers on frog biodiversity and populations in the Atlantic rainforest,NA,10.1111/cobi.14033,2023,"Ferrante, Lucas | Getirana, Augusto | Baccaro, Fabricio Beggiato | Schongart, Jochen | Monteiro Leonel, Ana Cristina | Gaiga, Renato | Garey, Michel Varajao | Fearnside, Philip Martin",CONSERVATION BIOLOGY,NA,NA,NA,WoS,1,other
WoS,english,Effects of land cover and habitat condition on the bird community along a gradient of agricultural development within an arid watershed of Chile,NA,10.1016/j.agee.2023.108635,2023,"Petit, Mariangeles | Celis, Cristian | Weideman, Craig | Gouin, Nicolas | Bertin, Angeline",AGRICULTURE ECOSYSTEMS & ENVIRONMENT,NA,NA,NA,WoS,1,other
WoS,english,Enhancing quinoa cultivation in the Andean highlands of Peru: a breeding strategy for improved yield and early maturity adaptation to climate change using traditional cultivars,NA,10.1007/s10681-023-03155-8,2023,"Lozano-Isla, Flavio | Apaza, Jose-David | Sanchez, Angel Mujica | Sevillano, Raul Blas | Haussmann, Bettina I. G. | Schmid, Karl",EUPHYTICA,NA,NA,NA,WoS,1,other
WoS,english,Environmental education and climate change: bibliometric analysis,NA,10.5380/dma.v61i0.79957,2023,"de Oliveira, Neyla Cristiane Rodrigues | Neto, Vicente Ibiapina | de Oliveira, Francisca Carla Silva | de Carvalho, Denis Barros",DESENVOLVIMENTO E MEIO AMBIENTE,NA,NA,NA,Scopus; WoS,2,review
WoS,english,"Estimating Livelihood Vulnerability and Its Impact on Adaptation Strategies in the Context of Disaster Avoidance Resettlement in Southern Shaanxi, China",NA,10.3390/agriculture13081497,2023,"Liu, Wei | Gao, Jing | Xu, Jie | Li, Cong",AGRICULTURE-BASEL,NA,NA,NA,WoS,1,other
Scopus,english,Evaluation of Coastal Management in the Municipality of Paulista/PE in the Light of the Decalogue,NA,10.11137/1982-3908_2024_47_61160,2023,Maciel A.L.L.d.G.,Anuario do Instituto De Geociencias,Article,NA,SCOPUS_ID:85206566755,Scopus,1,research_paper
WoS,english,Evaluation of the Use of Permeable Interlocking Concrete Pavement in Chile: Urban Infrastructure Solution for Adaptation and Mitigation against Climate Change,NA,10.3390/w15244219,2023,"Cacciuttolo, Carlos | Garrido, Felipe | Painenao, Daniel | Sotil, Andres",WATER,NA,NA,NA,Scopus; WoS,2,other
WoS,english,Expert-based assessment of the climate change vulnerability of amphibians and reptiles of Uruguay,NA,10.1017/s0376892922000418,2023,"Vaz-Canosa, Pablo | Laufer, Gabriel | Borteiro, Claudio | Baldo, Diego | Prigioni, Carlos | Soutullo, Alvaro",ENVIRONMENTAL CONSERVATION,NA,NA,NA,Scopus; WoS,2,other
WoS,english,Family farming systems: An index-based approach to the drivers of agroecological principles in the southern Andes,NA,10.1016/j.ecolind.2023.110640,2023,"Cortes, Josefina | Vieli, Lorena | Ibarra, Jose Tomas",ECOLOGICAL INDICATORS,NA,NA,NA,WoS,1,other
WoS,english,"Forced Emplacement Flood Exposure and Contested Confinements, from the Colony to Climate Migration",NA,10.3167/ares.2023.140102,2023,"Hirsch, Eric",ENVIRONMENT AND SOCIETY-ADVANCES IN RESEARCH,NA,NA,NA,Scopus; WoS,2,other
WoS,english,Fouling of a boat hull by the invasive zooxanthellate coral <i>Oculina patagonica</i>- could shipping be enhancing its unique large-scale spread?,NA,10.12681/mms.30429,2023,"Serrano, Eduard | Ribes, Marta | Bolivar, Manel | Coma, Rafel",MEDITERRANEAN MARINE SCIENCE,NA,NA,NA,WoS,1,other
WoS,english,GIS for Sustainable Urban Transformation in Countries With Emerging Economies: The Case of Piura in Peru,NA,10.4018/ijepr.319733,2023,"Fernandez, Trinidad | Schroeder, Stella",INTERNATIONAL JOURNAL OF E-PLANNING RESEARCH,NA,NA,NA,Scopus; WoS,2,other
Scopus,english,"Genetic resources and breeding priorities in phaseolus beans: Vulnerability, resilience, and future challenges",NA,NA,2023,Parker T.A.,Plant Breeding Reviews Volume 46,Book Chapter,NA,SCOPUS_ID:85148197521,Scopus,1,other
WoS,english,Geographic Isolation and Vulnerability Across Peru's Ecological Regions: The Influence of Regional Contexts of Extraction,NA,10.1080/24694452.2023.2216762,2023,"Roland, Hugh B. | Curtis, Katherine J. | Malecki, Kristen M. C. | Lee, Donghoon | Bazo, Juan | Block, Paul",ANNALS OF THE AMERICAN ASSOCIATION OF GEOGRAPHERS,NA,NA,NA,WoS,1,other
WoS,english,"Governancce for the consrvation of urban Green areas in the face of climate change, Peru; case study",NA,10.5281/zenodo.8075531,2023,"Rodriguez-Rodriguez, Denys W. | Castillo-Santamaria, Bessy | Cueva-Rodriguez, Oscar B. | Cueva-Rodriguez, Medali",ESPACIO ABIERTO,NA,NA,NA,WoS,1,other
Scopus,english,Green Infrastructure Development as a Basis for Climate-Resilient Planning,NA,10.1007/978-3-031-36320-7_33,2023,Jans M.,Sustainable Development Goals Series,Book Chapter,NA,SCOPUS_ID:85193949629,Scopus,1,other
Scopus,english,Green Infrastructure as a solution to mitigate the effects of climate change in a coastal area of social vulnerability in Fortaleza (Brazil),NA,10.1016/j.envadv.2023.100398,2023,Rodrigues B.N.,Environmental Advances,Article,NA,SCOPUS_ID:85164344107,Scopus,1,research_paper
WoS,english,Heat exposure and hospitalisation for epileptic seizures: A nationwide case-crossover study in Brazil,NA,10.1016/j.uclim.2023.101497,2023,"Zhang, Yiwen | Xu, Rongbin | Ye, Tingting | Yu, Wenhua | Yu, Pei | Chen, Zhuying | Mahendran, Rahini | Saldiva, Paulo Hilario Nascimento | Zanotti Stagliorio Coel, Micheline de Sousa | Guo, Yuming | Li, Shanshan",URBAN CLIMATE,NA,NA,NA,Scopus; WoS,2,other
WoS,english,How academic research and news media cover climate change: a case study from Chile,NA,10.3389/fcomm.2023.1226432,2023,"Cortes, Pablo A. | Quiroga, Riva",FRONTIERS IN COMMUNICATION,NA,NA,NA,Scopus; WoS,2,other
WoS,english,How to model the weather-migration link: a machine-learning approach to variable selection in the Mexico-US context,NA,10.1080/1369183x.2022.2100549,2023,"Molina, Mario D. | Chau, Nancy | Rodewald, Amanda D. | Garip, Filiz",JOURNAL OF ETHNIC AND MIGRATION STUDIES,NA,NA,NA,WoS,1,other
WoS,english,Human impacts outpace natural processes in the Amazon,NA,10.1126/science.abo5003,2023,"Albert, James S. | Carnaval, Ana C. | Flantua, Suzette G. A. | Lohmann, Lucia G. | Ribas, Camila C. | Riff, Douglas | Carrillo, Juan D. | Fan, Ying | Figueiredo, Jorge J. P. | Guayasamin, Juan M. | Hoorn, Carina | Melo, Gustavo H. de | Nascimento, Nathalia | Quesada, Carlos A. | Ulloa, Carmen Ulloa | Val, Pedro | Arieira, Julia | Encalada, Andrea C. | Nobre, Carlos A.",SCIENCE,NA,NA,NA,WoS,1,other
Scopus,english,"INTERUNIVERSITY INTEGRATION FOR SUSTAINABLE DEVELOPMENT, DISASTER RISK REDUCTION AND INFORMATION MANAGEMENT",NA,NA,2023,Segura E.L.M.,Universidad Y Sociedad,Article,NA,SCOPUS_ID:85148427599,Scopus,1,research_paper
WoS,english,"Identification of a triatomine infected with <i>Trypanosoma cruzi</i> in an urban area of the state of Veracruz, Mexico: A comprehensive study",NA,10.1111/zph.13038,2023,"Paulina, Ochoa-Martinez | Aracely, Lopez-Monteon | Jaime, Lopez-Dominguez | Jesus, Torres-Montero | Jorge Alberto, Dominguez-Guillen | Angel, Ramos-Ligonio",ZOONOSES AND PUBLIC HEALTH,NA,NA,NA,Scopus; WoS,2,other
Scopus,english,Impacts of the Major Drought in Chile and Mitigation Measures,NA,10.1051/e3sconf/202342402002,2023,Xu N.,E3s Web of Conferences,Conference Paper,NA,SCOPUS_ID:85173491838,Scopus,1,research_paper
Scopus,english,Implications of Climate Change for the Brazilian Road Infrastructure,NA,10.4324/9781032643182-8,2023,de Abreu V.H.S.,Covid 19 and Climate Change in Brics Nations Beyond the Paris Agreement and Agenda 2030,Book Chapter,NA,SCOPUS_ID:85191765386,Scopus,1,other
WoS,english,Incorporating social innovations in the elaboration of disaster risk mitigation policies,NA,10.1016/j.ijdrr.2022.103450,2023,"Trejo-Rangel, Miguel Angel | Marchezini, Victor | Rodriguez, Daniel Andres | dos Santos, Daniel Messias | Gabos, Marina | de Paula, Aloisio Lelis | Santos, Eduardo | do Amaral, Fernando Sampaio",INTERNATIONAL JOURNAL OF DISASTER RISK REDUCTION,NA,NA,NA,WoS,1,other
WoS,english,Increasing Brazilian protected areas network is vital in a changing climate,NA,10.1016/j.biocon.2023.110360,2023,"Malecha, Artur | Vale, Mariana M. | Manes, Stella",BIOLOGICAL CONSERVATION,NA,NA,NA,WoS,1,other
WoS,english,Indigenous filmmaking practices: healing in times of climate crises,NA,10.3389/fclim.2023.1231794,2023,"Ramirez-Loaiza, Viviana",FRONTIERS IN CLIMATE,NA,NA,NA,Scopus; WoS,2,other
WoS,english,Influence of street configuration on human thermal comfort and benefits for climate-sensitive urban planning in Santiago de Chile,NA,10.1016/j.uclim.2022.101361,2023,"Cardenas-Jiron, Luz Alicia | Graw, Kathrin | Gangwisch, Marcel | Matzarakis, Andreas",URBAN CLIMATE,NA,NA,NA,Scopus; WoS,2,other
WoS,english,"Informing adaptation strategy through mapping the dynamics linking climate change, health, and other human systems: Case studies from Georgia, Lebanon, Mozambique and Costa Rica",NA,10.1371/journal.pclm.0000184,2023,"Loffreda, Giulia | Chikovani, Ivdity | Mocumbi, Ana O. | Asmar, Michele Kosremelli | Blanco, Laura C. | Grant, Liz | Ager, Alastair",PLOS CLIMATE,NA,NA,NA,Scopus; WoS,2,other
WoS,english,Integrating climate change into agroforestry conservation: A case study on native plant species in the Brazilian Atlantic Forest,NA,10.1111/1365-2664.14464,2023,"Lima, Valdeir Pereira | de Lima, Renato Ferreira A. | Joner, Fernando | D'Orangeville, Loic | Raes, Niels | Siddique, Ilyas | ter Steege, Hans",JOURNAL OF APPLIED ECOLOGY,NA,NA,NA,WoS,1,other
WoS,english,Investigating biodiversity trends in different mitigation scenarios with a national integrated assessment model,NA,10.1080/1943815x.2023.2239323,2023,"Fiorini, Ana Carolina Oliveira | Rochedo, Pedro Rua Rodriguez | Angelkorte, Gerd | Diuana, Fabio A. | Imperio, Mariana | Carvalho, Lucas Silva | Morais, Taisa Nogueira | Vasquez-Arroyo, Eveline | Schaeffer, Roberto",JOURNAL OF INTEGRATIVE ENVIRONMENTAL SCIENCES,NA,NA,NA,WoS,1,other
WoS,english,La Antigua Guatemala living heritage. Improving governance for sustainable development,NA,10.1108/jchmsd-08-2022-0141,2023,"de Leon, Mario Raul Ramirez | Schwarz, Claudia Blanca Veronica Wolley | Soto, Maria Elena Molina | Ruiz, Olga Edith | Tuc, Maria Magdalena Ixquiaptap | Valdez, Josue Roberto Garcia",JOURNAL OF CULTURAL HERITAGE MANAGEMENT AND SUSTAINABLE DEVELOPMENT,NA,NA,NA,Scopus; WoS,2,other
WoS,english,Linking climate change to urban planning through vulnerability assessment: The case of two cities at the Mexico-US border,NA,10.1016/j.uclim.2023.101674,2023,"Munoz-Pizza, Dalia M. | Sanchez-Rodriguez, Roberto A. | Gonzalez-Manzano, Eduardo",URBAN CLIMATE,NA,NA,NA,Scopus; WoS,2,other
WoS,english,Local governments as key agents in climate change adaptation: challenges and opportunities for institutional capacity-building in Mexico,NA,10.1080/14693062.2022.2163972,2023,"Cid, Abril | Lerner, Amy M. M.",CLIMATE POLICY,NA,NA,NA,Scopus; WoS,2,other
WoS,english,"Making scarcity ""enough"": The hidden household costs of adapting to water scarcity in Mexico City",NA,10.1371/journal.pwat.0000056,2023,"Huberts, Alyssa | Palma, David | Garcia, Ana Cecilia Bernal | Cole, Faith | Roberts, Elizabeth F. S.",PLOS WATER,NA,NA,NA,Scopus; WoS,2,other
WoS,english,Mapping Projected Variations of Temperature and Precipitation Due to Climate Change in Venezuela,NA,10.3390/hydrology10040096,2023,"Viloria, Jesus A. | Olivares, Barlin O. | Garcia, Pedro | Paredes-Trejo, Franklin | Rosales, Anibal",HYDROLOGY,NA,NA,NA,Scopus; WoS,2,other
WoS,english,Marine animal forests in turbid environments are overlooked seascapes in urban areas,NA,10.1590/2675-2824071.22060mos,2023,"Soares, Marcelo de Oliveira | Salani, Sula | Paiva, Sandra Vieira | Paiva, Carolina Cerqueira | Carneiro, Pedro Bastos de Macedo",OCEAN AND COASTAL RESEARCH,NA,NA,NA,Scopus; WoS,2,other
WoS,english,Multidisciplinary Evaluation of Vulnerabilities: Communities in Northern Mexico,NA,10.3390/su151713077,2023,"Valderrey, Francisco | Carreno, Lina | Lucatello, Simone | Giorgi, Emanuele",SUSTAINABILITY,NA,NA,NA,WoS,1,other
WoS,english,Nature as a solution for shoreline protection against coastal risks associated with ongoing sea-level rise,NA,10.1016/j.ocecoaman.2023.106487,2023,"Manes, Stella | Gama-Maia, Danielle | Vaz, Stephanie | Pires, Aliny P. F. | Tardin, Rodrigo H. | Maricato, Guilherme | Bezerra, Denilson da S. | Vale, Mariana M.",OCEAN & COASTAL MANAGEMENT,NA,NA,NA,Scopus; WoS,2,other
WoS,english,Nature for Resilience? The Politics of Governing Urban Nature,NA,10.1080/24694452.2022.2130867,2023,"Tozer, Laura | Bulkeley, Harriet | Kiss, Bernadett | Luque-Ayala, Andres | Palgan, Yuliya Voytenko | McCormick, Kes | Wamsler, Christine",ANNALS OF THE AMERICAN ASSOCIATION OF GEOGRAPHERS,NA,NA,NA,WoS,1,other
Scopus,english,New Risk Assessments Due to Climate Change in Metropolitan Peripheral Areas. The Water Shortage Case in the Region IV of the State of México,NA,10.1007/978-3-031-34211-0_10,2023,Bevilacqua C.,Lecture Notes in Networks and Systems,Conference Paper,NA,SCOPUS_ID:85173557096,Scopus,1,research_paper
WoS,english,On the sustainability of paddy rice cultivation in the Paraiba do Sul river basin (Brazil) under a changing climate,NA,10.1016/j.jclepro.2022.135760,2023,"Martins, Minella A. | Tomasella, Javier | Bassanelli, Helio R. | Paiva, Ana Carolina E. | Vieira, Rita Marcia S. P. | Canamary, Erica A. | Alvarenga, Livia A.",JOURNAL OF CLEANER PRODUCTION,NA,NA,NA,Scopus; WoS,2,other
Scopus,english,"Optimistic Scenario of 0.50 m Mean Sea Level Rise and Possible Environmental Impacts, Resulting from Tidal Variations, in the City of Niterói, Rio de Janeiro—Brazil",NA,10.3390/coasts3030013,2023,Dias Ferreira V.L.,Coasts,Review,NA,SCOPUS_ID:105011398355,Scopus,1,review
Scopus,english,"POTENTIAL OF SOLAR INCIDENCE IN MULTI-FAMILY STUDENTS’ PROJECTS IN LIMA, PERU",NA,10.2495/esus230091,2023,Valdivia-Sisniegas R.H.,Wit Transactions on Ecology and the Environment,Article,NA,SCOPUS_ID:85182354419,Scopus,1,research_paper
WoS,english,Parasitic wasps (Hymenoptera) and Biological Control in Chile: Applications and Potentials,NA,10.25085/rsea.820406,2023,"Fernandez, Ricardo | Araujo, Rodrigo | Herrera, Valentina | Schapheer, Constanza | Villagra, Cristian",REVISTA DE LA SOCIEDAD ENTOMOLOGICA ARGENTINA,NA,NA,NA,Scopus; WoS,2,other
WoS,english,"Participative Policy Design to Manage Droughts and Floods in an Arid Region under Changing Climate Scenarios: The Case of Baja California Sur, Mexico",NA,10.3390/su151813547,2023,"Imaz-Lamadrid, Miguel Angel | Ivanova-Boncheva, Antonina | Flores-Lopez, Maria Z. | Cortes-Martinez, Mara Y.",SUSTAINABILITY,NA,NA,NA,WoS,1,other
WoS,english,Perceptions of Climate Adaptation and Mitigation: An Approach from Societies in Southern Ecuadorian Andes,NA,10.3390/su15021086,2023,"Iniguez-Gallardo, Veronica | Tzanopoulos, Joseph",SUSTAINABILITY,NA,NA,NA,Scopus; WoS,2,other
WoS,english,Planting trees in livestock landscapes to protect soil and water also delivers carbon sequestration,NA,10.1007/s10457-023-00857-9,2023,"Inamagua-Uyaguari, Juan Pablo | Fitton, Nuala | Smith, Pete",AGROFORESTRY SYSTEMS,NA,NA,NA,WoS,1,other
WoS,english,Pleistocene-dated genomic divergence of avocado trees supports cryptic diversity in the Colombian germplasm,NA,10.1007/s11295-023-01616-8,2023,"Berdugo-Cely, Jhon A. | Cortes, Andres J. | Lopez-Hernandez, Felipe | Delgadillo-Duran, Paola | Ceron-Souza, Ivania | Reyes-Herrera, Paula H. | Navas-Arboleda, Alejandro A. | Yockteng, Roxana",TREE GENETICS & GENOMES,NA,NA,NA,Scopus; WoS,2,other
Scopus,english,Policy strategies for climate-resilient infrastructure in climate change adaptation: Jurisdictional comparison between Chile and Indonesia,NA,10.1051/e3sconf/202346705001,2023,Maskun M.,E3s Web of Conferences,Conference Paper,NA,SCOPUS_ID:85182792056,Scopus,1,research_paper
WoS,english,Population and reproductive structure in the endangered and highly endemic freshwater crab <i>Aegla concepcionensis</i> (Decapoda:Pleocyemata:Aeglidae) from Chile,NA,10.1111/azo.12408,2023,"Catchpole, Sam | Barria, Erwin M. | Gonzalez, Pablo S. | Rivera, Reinaldo",ACTA ZOOLOGICA,NA,NA,NA,WoS,1,other
WoS,english,Population-Based Evidence of Climate Change Adaptation in an Endangered Plant Endemic to a Biodiversity Hotspot,NA,10.3390/plants12102017,2023,"Alarcon, Diego | Santos, David | Arroyo, Mary T. K.",PLANTS-BASEL,NA,NA,NA,WoS,1,other
WoS,english,Potential Distribution of <i>Cedrela odorata</i> L. in Mexico according to Its Optimal Thermal Range for Seed Germination under Different Climate Change Scenarios,NA,10.3390/plants12010150,2023,"Sampayo-Maldonado, Salvador | Ordonez-Salanueva, Cesar A. | Mattana, Efisio | Way, Michael | Castillo-Lorenzo, Elena | Davila-Aranda, Patricia D. | Lira-Saade, Rafael | Tellez-Valdes, Oswaldo | Rodriguez-Arevalo, Norma, I | Flores-Ortiz, Cesar M. | Ulian, Tiziana",PLANTS-BASEL,NA,NA,NA,Scopus; WoS,2,other
WoS,english,Predicting seedling development for two commercial forest species under current and future climates: A multi-model assessment,NA,10.1016/j.foreco.2023.120929,2023,"Martins, Fabrina Bolzan | Florencio, Gabriel Wilson Lorena | Ferreira, Mabele de Cassia | Fagundes, Flavia Fernanda Azevedo | de Freitas, Cleverson Henrique",FOREST ECOLOGY AND MANAGEMENT,NA,NA,NA,Scopus; WoS,2,other
WoS,english,"Preferred atmospheric circulations associated with favorable prescribed burns in the Gulf of Mexico coast, USA",NA,10.1186/s42408-023-00169-4,2023,"Kross, Chelsea S. | Rohli, Robert V. | Moon, Jena A. | Fournier, Auriel M. V. | Woodrey, Mark S. | Nyman, J. Andrew",FIRE ECOLOGY,NA,NA,NA,Scopus; WoS,2,other
WoS,english,Productive sustainability of the installation of silvopastoral systems: A systematic review based on the reality of Peru and Colombia,NA,10.21930/rcta.vol24_num2_art:3048,2023,"Saucedo-Uriarte, Jose Americo | Diaz-Quevedo, Clavel | Pino, Manuel Emilio Milla | Chavez, Luz Marlene Durand | Rivera, Jaime Lizardo Linares | Perez, Hector Vladimir Vasquez | Quispe-Ccasa, Hurley Abel",REVISTA CORPOICA-CIENCIA Y TECNOLOGIA AGROPECUARIA,NA,NA,NA,WoS,1,review
WoS,english,Proposal of an Agricultural Vulnerability Stochastic Model for the Rural Population of the Northeastern Region of Brazil,NA,10.3390/cli11100211,2023,"Silva, Bruce Kelly da Nobrega | Costa, Rafaela Lisboa | Silva, Fabricio Daniel dos Santos | Vanderlei, Mario Henrique Guilherme dos Santos | da Silva, Helder Jose Farias | Cabral, Jorio Bezerra | da Costa, Djailson Silva | Pedra, George Ulguim | Perez-Marin, Aldrin Martin | Silva, Claudio Moises Santos e",CLIMATE,NA,NA,NA,WoS,1,other
WoS,english,Prospective scenarios for water sustainability in the Sao Francisco River Basin,NA,10.1007/s40899-023-00845-y,2023,"Bettencourt, Pedro | Fernandes, Pedro Afonso | Fulgencio, Claudia | Canas, Angela | Wasserman, Julio Cesar",SUSTAINABLE WATER RESOURCES MANAGEMENT,NA,NA,NA,WoS,1,other
WoS,english,Responses to heat waves: what can Twitter data tell us?,NA,10.1007/s11069-023-05824-2,2023,"Zander, Kerstin K. | Rieskamp, Jonas | Mirbabaie, Milad | Alazab, Mamoun | Nguyen, Duy",NATURAL HAZARDS,NA,NA,NA,WoS,1,other
WoS,english,Rethinking 'future nature' through a transatlantic research collaboration: climate-adapted urban green infrastructure for human wellbeing and biodiversity,NA,10.1080/01426397.2020.1829573,2023,"Hoyle, Helen E. | Sant'Anna, Camila Gomes",LANDSCAPE RESEARCH,NA,NA,NA,Scopus; WoS,2,other
WoS,english,Revisiting Climate-Related Agricultural Losses across South America and Their Future Perspectives,NA,10.3390/atmos14081303,2023,"Gouveia, Celia M. | Justino, Flavio | Gurjao, Carlos | Zita, Lormido | Alonso, Catarina",ATMOSPHERE,NA,NA,NA,WoS,1,other
Scopus,english,Risk Assessment and Adaptation to Climate Change Impacts in Mexico for Indigenous and Women,NA,10.21926/aeer.2302035,2023,Oswald-Spring Ú.,Advances in Environmental and Engineering Research,Article,NA,SCOPUS_ID:105019797648,Scopus,1,research_paper
WoS,english,SOCIO-ENVIRONMENTAL VULNERABILITY TO DISASTERS: SCENARIOS AND CHALLENGES FOR THE MUNICIPALITY OF BRUSQUE (SC),NA,10.5585/2023.22368,2023,"Mello, Bruno Jandir | Souza, Cristiane Mansur de Moraes | Aumond, Juares Jose | Silva, Jose Irivaldo Alves Oliveira | Langa, Emanuel Devigili | de Novaes, Jessica Marcielly",REVISTA DE GESTAO AMBIENTAL E SUSTENTABILIDADE-GEAS,NA,NA,NA,WoS,1,other
WoS,english,SOIL EROSION DUE TO RAINFALL AND THE IMPACTS OF CLIMATE CHANGE IN AN ANDEAN HIGHLAND IN COLOMBIA,NA,10.18172/cig.5667,2023,"Lamprea-Quiroga, Pedro Simon | Jaramillo-Rodriguez, Omar | Ayala, Wladimir Mejia",CUADERNOS DE INVESTIGACION GEOGRAFICA,NA,NA,NA,Scopus; WoS,2,other
WoS,english,Salinity-induced limits to mangrove canopy height,NA,10.1111/geb.13720,2023,"Perri, Saverio | Detto, Matteo | Porporato, Amilcare | Molini, Annalisa",GLOBAL ECOLOGY AND BIOGEOGRAPHY,NA,NA,NA,WoS,1,other
WoS,english,Seasonal water storage and release dynamics of <i>bofedal</i> wetlands in the Central Andes,NA,10.1002/hyp.14940,2023,"Ross, Anthony C. | Mendoza, Marc Martinez | Drenkhan, Fabian | Montoya, Nilton | Baiker, Jan R. | Mackay, Jonathan D. | Hannah, David M. | Buytaert, Wouter",HYDROLOGICAL PROCESSES,NA,NA,NA,WoS,1,other
WoS,english,Sensitivity of tropical montane birds to anthropogenic disturbance and management strategies for their conservation in agricultural landscapes,NA,10.1111/cobi.14136,2023,"Ausprey, Ian J. | Newell, Felicity L. | Robinson, Scott K.",CONSERVATION BIOLOGY,NA,NA,NA,WoS,1,other
WoS,english,Social-Ecological Knowledge Integration in Co-Design Processes: Lessons From Two Resilient Urban Parks in Chile,NA,10.17645/up.v8i2.6522,2023,"Gaete, Macarena",URBAN PLANNING,NA,NA,NA,Scopus; WoS,2,other
Scopus,english,Space-Based Solutions For Smart Cities,NA,NA,2023,Timmermans R.,Proceedings of the International Astronautical Congress Iac,Conference Paper,NA,SCOPUS_ID:85188013476,Scopus,1,research_paper
WoS,english,"Spatial Dynamics of the Shore Coverage within the Zone of Influence of the Chambo River, Central Ecuador",NA,10.3390/land12010180,2023,"Echeverria-Puertas, Julie | Echeverria, Magdy | Cargua, Franklin | Toulkeridis, Theofilos",LAND,NA,NA,NA,WoS,1,other
WoS,english,Study of Ecosystem Degradation Dynamics in the Peruvian Highlands: Landsat Time-Series Trend Analysis (1985-2022) with ARVI for Different Vegetation Cover Types,NA,10.3390/su152115472,2023,"Cano, Deyvis | Pizarro, Samuel | Cacciuttolo, Carlos | Penaloza, Richard | Yaranga, Raul | Gandini, Marcelo Luciano",SUSTAINABILITY,NA,NA,NA,Scopus; WoS,2,other
WoS,english,"Suitable climate space and genetic diversity of the mountain-affiliated moth <i>Cosmosoma maishei</i> (Erebidae: Arctiinae: Arctiini: Euchromiina) in cloud forests of Chiapas, Mexico",NA,10.1007/s10841-023-00487-7,2023,"Montanez-Reyna, Marytania | Leon-Cortes, Jorge L. | Gomez-Velasco, Anaximandro | Gutierrez-Jimenez, Javier | Schlie-Guzman, Maria Adelina",JOURNAL OF INSECT CONSERVATION,NA,NA,NA,WoS,1,other
WoS,english,Surviving in a hostile landscape: <i>Nothofagus alessandrii</i> remnant forests threatened by mega-fires and exotic pine invasion in the coastal range of central Chile,NA,10.1017/s0030605322000102,2023,"Gonzalez, Mauro E. | Galleguillos, Mauricio | Lopatin, Javier | Leal, Claudia | Becerra-Rodas, Constanza | Lara, Antonio | San Martin, Jose",ORYX,NA,NA,NA,Scopus; WoS,2,other
WoS,english,Sustainable development in Sao Paulo's Green Belt Biosphere Reserve: between the void of municipal environmental policies and the ecosystem management of the territory,NA,10.5585/2023.22940,2023,"Ferreira, Mauricio Lamano | Dalmas, Fabricio Bau | Santanna, Maryly | Rodrigues, Elaine Aparecida | Sodre, Marcelo Gomes",REVISTA DE GESTAO AMBIENTAL E SUSTENTABILIDADE-GEAS,NA,NA,NA,Scopus; WoS,2,other
WoS,english,THE ROLE OF RAISING AWARENESS IN ENSURING THE RESILIENCE OF CITIES,NA,10.33927/hjic-2023-17,2023,"Iskander, Ben rjiba | Sebestyen, Viktor | Toth-Nagy, Georgina",HUNGARIAN JOURNAL OF INDUSTRY AND CHEMISTRY,NA,NA,NA,WoS,1,other
WoS,english,THE SEVEN DEADLY SINS OF THE AGRI-FOOD SECTOR IN MEXICO AND HOW TO NULLIFY THEM,NA,10.22231/asyd.v20i4.1578,2023,"Vargas-Canales, Juan Manuel | Garcia-Melchor, Nicasio | Orozco-Cirilo, Sergio | Camacho-Vera, Joaquin Hutzilihuitl",AGRICULTURA SOCIEDAD Y DESARROLLO,NA,NA,NA,WoS,1,other
WoS,english,"Temporal variation of thermal sensitivity to global warming: Acclimatization in the guitarist beetle,<i> Megelenophorus</i><i> americanus</i> (Coleoptera: Tenebrionidae) from the Monte Desert",NA,10.1016/j.cbpa.2023.111505,2023,"Aragon-Traverso, Juan Hector | Pinero, Mauricio | Segundo Olivares, Juan Pablo | Sanabria, Eduardo Alfredo",COMPARATIVE BIOCHEMISTRY AND PHYSIOLOGY A-MOLECULAR & INTEGRATIVE PHYSIOLOGY,NA,NA,NA,Scopus; WoS,2,other
Scopus,english,Temporary analysis of land use in a Ramsar site (No. 1981) in central Nuevo León,NA,10.29298/rmcf.v14i79.1356,2023,Medina García M.A.,Revista Mexicana De Ciencias Forestales,Article,NA,SCOPUS_ID:85174248586,Scopus,1,research_paper
WoS,english,Territorializing the Climate Policy Agenda in Intermediate Cities of the Andean Region,NA,10.1080/02697459.2022.2026036,2023,"Carrion, Andrea | Ariza-Montobbio, Pere | Calero, Diana",PLANNING PRACTICE AND RESEARCH,NA,NA,NA,WoS,1,other
Scopus,english,The Amphibians of the Mexican Montane Cloud Forest,NA,10.1007/978-3-031-17277-9_17,2023,Soto-Pozos A.F.,Mexican Fauna in the Anthropocene,Book Chapter,NA,SCOPUS_ID:85160119112,Scopus,1,other
Scopus,english,"The Impacts of Climate Change on Water Availability: A Case Study in the Tietê River Basin, Brazil",NA,10.1061/9780784484852.054,2023,Bentes L.V.,World Environmental and Water Resources Congress 2023 Adaptive Planning and Design in an Age of Risk and Uncertainty Selected Papers from World Environmental and Water Resources Congress 2023,Conference Paper,NA,SCOPUS_ID:85160942014,Scopus,1,research_paper
WoS,english,The Time of Emergence (ToE) of the Andean Mediterranean sclerophyllous forest of Quillaja saponaria (Mol.) and Lithraea caustica (mol.) Hox. & Arn,NA,10.1016/j.foreco.2023.121169,2023,"Martinez, David | Chadwick, Cristian | Plaza-Aguilar, Andres",FOREST ECOLOGY AND MANAGEMENT,NA,NA,NA,Scopus; WoS,2,other
WoS,english,The climate agenda & tourism in Brazil: contributions to public policies for adaptation to climate change,NA,10.7784/rbtur.v17.2759,2023,"Gil, Jaqueline | Marques, Nayara Rodrigues | de Andrade, Gabrielle Nunes",REVISTA BRASILEIRA DE PESQUISA EM TURISMO,NA,NA,NA,Scopus; WoS,2,other
WoS,english,The expected impacts of sea level on the Mexican Atlantic coast,NA,10.1016/j.scitotenv.2023.166317,2023,"Sanchez-Garcia, Edgar Abel | Yanez-Arenas, Carlos | Lindig-Cisneros, Roberto | Lira-Noriega, Andres | Ibarra, Roberto Monroy | Moreno-Casasola, Patricia",SCIENCE OF THE TOTAL ENVIRONMENT,NA,NA,NA,WoS,1,other
WoS,english,The future of water in a desert river basin facing climate change and competing demands: A holistic approach to water sustainability in arid and semi-arid regions,NA,10.1016/j.ejrh.2023.101336,2023,"Hargrove, W. L. | Heyman, J. M. | Mayer, A. | Mirchi, A. | Granados-Olivas, A. | Ganjegunte, G. | Gutzler, D. | Pennington, D. D. | Ward, F. A. | Chavira, L. Garnica | Sheng, Z. | Kumar, S. | Villanueva-Rosales, N. | Walker, W. S.",JOURNAL OF HYDROLOGY-REGIONAL STUDIES,NA,NA,NA,Scopus; WoS,2,other
WoS,english,The role of climate change perceptions and sociodemographics on reported mitigation efforts and performance among households in northeastern Mexico,NA,10.1007/s10668-021-02093-6,2023,"Gonzalez-Hernandez, D. Liliana | Aguirre-Gamboa, Raul A. | Meijles, Erik W.",ENVIRONMENT DEVELOPMENT AND SUSTAINABILITY,NA,NA,NA,WoS,1,other
WoS,english,"The role of colonial pasts in shaping climate futures: Adaptive capacity in Georgetown, Guyana",NA,10.1016/j.habitatint.2023.102902,2023,"Robinson, Stacy-ann | Douma, Allison | Poore, Tiffany | Singh, Kabir",HABITAT INTERNATIONAL,NA,NA,NA,WoS,1,other
WoS,english,"Time, Seawalls, and Money Anthropologies of Rising Seas and Eroding Coasts",NA,10.3167/ares.2023.140103,2023,"Anderson, Ryan B.",ENVIRONMENT AND SOCIETY-ADVANCES IN RESEARCH,NA,NA,NA,WoS,1,other
WoS,english,Transformation of tall-tussock grasslands and soil water dynamics in the Flooding Pampa,NA,10.1016/j.scitotenv.2023.165362,2023,"Sirimarco, Ximena | Villarino, Sebastian | Barral, Maria Paula | Puricelli, Marino | Laterra, Pedro",SCIENCE OF THE TOTAL ENVIRONMENT,NA,NA,NA,Scopus; WoS,2,other
WoS,english,"Transitioning to sustainable mobility in Lima, Peru. Are e-scooter sharing initiatives part of the problem or the solution?",NA,10.1016/j.scitotenv.2022.161130,2023,"Echeverria-Su, Mario | Huamanraime-Maquin, Esteffany | Israel Cabrera, Felix | Vazquez-Rowe, Ian",SCIENCE OF THE TOTAL ENVIRONMENT,NA,NA,NA,WoS,1,other
WoS,english,Unprecedented Historical Erosion of US Gulf Coast: A Consequence of Accelerated Sea-Level Rise?,NA,10.1029/2023ef003676,2023,"Anderson, John B. | Wallace, Davin J. | Rodriguez, Antonio B. | Simms, Alexander R.",EARTHS FUTURE,NA,NA,NA,WoS,1,other
Scopus,english,Urban Flooding in Brazil,NA,10.1007/978-3-031-20898-0,2023,Mendonça F.,Urban Flooding in Brazil,Book,NA,SCOPUS_ID:85206031722,Scopus,1,other
Scopus,english,"Urban Flooding in Fortaleza, Northeastern Brazil: Current and Future Risks and Challenges",NA,10.1007/978-3-031-20898-0_8,2023,Zanella M.E.,Urban Flooding in Brazil,Book Chapter,NA,SCOPUS_ID:85206023094,Scopus,1,other
WoS,english,Urban green spaces and variation in cooling in the humid tropics: The case of Paramaribo,NA,10.1016/j.ufug.2023.128111,2023,"Best, L. | Schwarz, N. | Obergh, D. | Teuling, A. J. | Van Kanten, R. | Willemen, L.",URBAN FORESTRY & URBAN GREENING,NA,NA,NA,Scopus; WoS,2,other
WoS,english,Use of Soil Infiltration Capacity and Stream Flow Velocity to Estimate Physical Flood Vulnerability under Land-Use Change Scenarios,NA,10.3390/w15061214,2023,"Hernandez-Atencia, Yelena | Pena, Luis E. | Munoz-Ramos, Jader | Rojas, Isabel | Alvarez, Alexander",WATER,NA,NA,NA,WoS,1,other
WoS,english,Using a futures orientation to enable adaptation of protected areas under climate change,NA,10.1002/pan3.10547,2023,"Munera-Roldan, Claudia | Colloff, Matthew J. | van Kerkhoff, Lorrae | Andrade, German I.",PEOPLE AND NATURE,NA,NA,NA,Scopus; WoS,2,other
WoS,english,Vertical accretion rates of mangroves in northeast Brazil: Implications for future responses and management,NA,10.1016/j.ecss.2023.108382,2023,"Ward, Raymond D. | de Lacerda, Luiz Drude | Cerqueira, Aline da Silva | Silva, Vitor Hugo Miro C. | Hernandez, Omar Celis",ESTUARINE COASTAL AND SHELF SCIENCE,NA,NA,NA,Scopus; WoS,2,other
WoS,english,Vulnerability analysis in complex networks under a flood risk reduction point of view,NA,10.3389/fphy.2023.1064122,2023,"Santos, Leonardo B. L. | Soares, Giovanni G. G. | Garg, Tanishq | Jorge, Aurelienne A. S. | Londe, Luciana R. R. | Reani, Regina T. T. | Bacelar, Roberta B. B. | Oliveira, Carlos E. S. | Freitas, Vander L. S. | Sokolov, Igor M. M.",FRONTIERS IN PHYSICS,NA,NA,NA,Scopus; WoS,2,other
WoS,english,Vulnerability of Estuarine Systems in the Contiguous United States to Water Quality Change Under Future Climate and Land-Use,NA,10.1029/2022ef002884,2023,"Montefiore, L. R. | Nelson, N. G. | Staudinger, M. D. | Terando, A.",EARTHS FUTURE,NA,NA,NA,Scopus; WoS,2,other
Scopus,english,"Water and sanitation in Brazil: conflicts, appropriation, and climate injustice",NA,10.5380/dma.v62i0.89421,2023,Fracalanza A.P.,Desenvolvimento E Meio Ambiente,Article,NA,SCOPUS_ID:85179380040,Scopus,1,research_paper
WoS,english,"Well-to-Wheels emission inventory for the passenger vehicles of Bogota, Colombia",NA,10.1007/s13762-023-04805-z,2023,"Cuellar-Alvarez, Y. | Guevara-Luna, M. A. | Belalcazar-Ceron, L. C. | Clappier, A.",INTERNATIONAL JOURNAL OF ENVIRONMENTAL SCIENCE AND TECHNOLOGY,NA,NA,NA,WoS,1,other
WoS,english,Willingness to pay for improving water supply continuity in case of climatic extreme natural events: an empirical approach for Chile,NA,10.1080/1573062x.2022.2153702,2023,"Maldonado, Luis | Molinos-Senante, Maria | Quiero-Bastias, Maximo | Atal, Gabriela",URBAN WATER JOURNAL,NA,NA,NA,Scopus; WoS,2,other
Scopus,english,Women in dry and neglected lands in Brazil: An insight on the Caatinga biome,NA,10.4324/9781003190592-11,2023,Estanislau P.,Regional Development and Forgotten Spaces Global Policy Experiences and Implications,Book Chapter,NA,SCOPUS_ID:85175502594,Scopus,1,other
Scopus,english,ZEMCH 2023 - 10th Zero Energy Mass Custom Home International Conference,NA,NA,2023,NA,Zemch International Conference,Conference Review,NA,SCOPUS_ID:85194094223,Scopus,1,other
Scopus,english,"3rd International conference on Climate Change and Environmental Sustainability, CCES 2023",NA,NA,2024,NA,Advances in Science Technology and Innovation,Conference Review,NA,SCOPUS_ID:85205103802,Scopus,1,other
Scopus,english,"6th International Conference on Applied Informatics, ICAI 2023",NA,NA,2024,NA,Communications in Computer and Information Science,Conference Review,NA,SCOPUS_ID:85176016694,Scopus,1,other
Scopus,english,A Global Environmental History of Coastal Dunes,NA,10.4324/9781003317388,2024,De Freitas J.G.,A Global Environmental History of Coastal Dunes,Book,NA,SCOPUS_ID:85210882679,Scopus,1,other
WoS,english,A Spatio-Temporal Analysis of the Frequency of Droughts in Mexico's Forest Ecosystems,NA,10.3390/f15071241,2024,"Lopez-Teloxa, Leticia Citlaly | Monterroso-Rivas, Alejandro Ismael",FORESTS,NA,NA,NA,Scopus; WoS,2,other
WoS,english,A Sustainability Approach between the Water-Energy-Food Nexus and Clean Energy,NA,10.3390/w16071017,2024,"Herrera-Franco, Gricelda | Bravo-Montero, Lady | Caicedo-Potosi, Jhon | Carrion-Mero, Paul",WATER,NA,NA,NA,Scopus; WoS,2,other
WoS,english,"A comprehensive assessment of greenhouse gas emissions research in the Cerrado region, Brazil",NA,10.1016/j.catena.2024.108538,2024,"Locatelli, Jorge Luiz | Popin, Gustavo Vicentini | Santos, Rafael Silva | Bieluczyk, Wanderlei | Cipriani, Leticia Thomaz | Cherubin, Mauricio Roberto | Cerri, Carlos Eduardo Pellegrino",CATENA,NA,NA,NA,WoS,1,other
Scopus,english,ADAPTING MODERN PUBLIC SPACE TO ACTUAL NEEDS,NA,NA,2024,Schlack E.,18th International Docomomo Conference and Students Workshop Modern Futures Sustainable Development and Cultural Diversity,Conference Paper,NA,SCOPUS_ID:105013680298,Scopus,1,research_paper
WoS,english,Adaptation and Response in Drylands (ARID): Community Insights for Scoping a NASA Terrestrial Ecology Field Campaign in Drylands,NA,10.1029/2024ef004811,2024,"Feldman, Andrew F. | Reed, Sasha | Amaral, Cibele | Babst-Kostecka, Alicja | Babst, Flurin | Biederman, Joel | Devine, Charles | Fu, Zheng | Green, Julia K. | Guo, Jessica | Hanan, Niall P. | Kokaly, Raymond | Litvak, Marcy | MacBean, Natasha | Moore, David | Ojima, Dennis | Poulter, Benjamin | Scott, Russell L. | Smith, William K. | Swap, Robert | Tucker, Compton J. | Wang, Lixin | Watts, Jennifer | Wessels, Konrad | Zhang, Fangyue | Zhang, Wen",EARTHS FUTURE,NA,NA,NA,WoS,1,other
Scopus,english,Adaptation model to climate change in the traditional homes of the Weenhayek people in Bolivia,NA,10.24294/jipd.v8i8.6042,2024,Rojas-Molina J.M.,Journal of Infrastructure Policy and Development,Article,NA,SCOPUS_ID:85202582109,Scopus,1,research_paper
WoS,english,Adaptation to climate change from the territorial,NA,10.15446/bitacora.v34n2.113232,2024,"Peralta-Mahecha, Gustavo | Santos-Rodriguez, Aura Jeaneth | Rincon-Avellaneda, Maria Patricia | Garzon-Camacho, Juan Carlos | Martinez-Martinez, Luis Joel",BITACORA URBANO TERRITORIAL,NA,NA,NA,Scopus; WoS,2,other
WoS,english,"Adaptive Grazing of Native Grasslands Provides Ecosystem Services and Reduces Economic Instability for Livestock Systems in the Flooding Pampa, Argentina",NA,10.3390/su16104229,2024,"Jacobo, Elizabeth J. | Ortiz, Ulises J. Martinez | Cotroneo, Santiago M. | Rodriguez, Adriana M.",SUSTAINABILITY,NA,NA,NA,Scopus; WoS,2,other
WoS,english,"Advanced technological options for sustainable development of energy, water and environment systems upgrade towards climate neutrality",NA,10.1016/j.ecmx.2024.100528,2024,"Garcia, Davide Astiaso | Dionysis, Giannakopoulos | Raskovic, Predrag | Duic, Neven | Al-Nimr, Moh 'd Ahmad",ENERGY CONVERSION AND MANAGEMENT-X,NA,NA,NA,Scopus; WoS,2,other
WoS,english,Advances and Challenges in Species Ecological Niche Modeling: A Mixed Review,NA,10.3390/earth5040050,2024,"Vasconcelos, Rodrigo N. | Cantillo-Perez, Taimy | Rocha, Washington J. S. Franca | Aguiar, William Moura | Mendes, Deorgia Tayane | de Jesus, Taise Bomfim | de Santana, Carolina Oliveira | de Santana, Mariana M. M. | Oliveira, Reyjane Patricia",EARTH,NA,NA,NA,Scopus; WoS,2,other
WoS,english,Aligning adaptation and sustainability agendas: lessons from protected areas,NA,10.1007/s11027-024-10159-9,2024,"Munera-Roldan, Claudia | Colloff, Matthew J. | Pittock, Jamie | van Kerkhoff, Lorrae",MITIGATION AND ADAPTATION STRATEGIES FOR GLOBAL CHANGE,NA,NA,NA,Scopus; WoS,2,other
WoS,english,An urban rivers <i>renaissance</i>? Stream restoration and green-blue infrastructure in Latin America - Insights from urban planning in Colombia,NA,10.1007/s11252-024-01571-9,2024,"Pradilla, Gonzalo | Hack, Jochen",URBAN ECOSYSTEMS,NA,NA,NA,WoS,1,other
WoS,english,Analysis of Pros and Cons in Using the Water-Energy-Food Nexus Approach to Assess Resource Security: A Review,NA,10.3390/su16072605,2024,"Kalvani, Somayeh Rezaei | Celico, Fulvio",SUSTAINABILITY,NA,NA,NA,WoS,1,other
WoS,english,Anthropogenic effects on flood hazards in a hyper-arid watershed: The 2015 Atacama floods,NA,10.1002/esp.6017,2024,"Contreras, Maria Teresa | Nash, Sebastian | Escauriaza, Cristian",EARTH SURFACE PROCESSES AND LANDFORMS,NA,NA,NA,Scopus; WoS,2,other
WoS,english,Are the rights and knowledge of indigenous peoples and local communities being attended to by climate framework laws?,NA,10.1080/14693062.2023.2262416,2024,"Iocca, Luciana | Fidelis, Teresa",CLIMATE POLICY,NA,NA,NA,Scopus; WoS,2,other
WoS,english,"Assessing Farmers' Perceptions of Climate Change: A Comparison with RCP Scenarios Using Data of Smallholders from Tungurahua, Ecuador",NA,10.21930/rcta.vol25_num1_art:3310,2024,"Franco-Crespo, Christian | Sanchez, Ximena Iglesias | Villamarin, Andrea | Jordan, Issac",REVISTA CORPOICA-CIENCIA Y TECNOLOGIA AGROPECUARIA,NA,NA,NA,WoS,1,other
WoS,english,Assessing the Vulnerability of Endemic Colombian Amphibian Species to Climate Change in an Isolated Montane Ecosystem,NA,10.1177/19400829231225236,2024,"Roach, Nicolette S. | Castellanos, Adrian A. | Lacher Jr, Thomas E.",TROPICAL CONSERVATION SCIENCE,NA,NA,NA,Scopus; WoS,2,other
WoS,english,Assessing the potential risks of climate change on the natural capital of six countries resulting from global warming of 1.5 to 4 °C above pre-industrial levels,NA,10.1007/s10584-023-03650-w,2024,"Price, Jeff | Warren, Rachel | Forstenhausler, Nicole | Jenkins, Rhosanna | Graham, Erin",CLIMATIC CHANGE,NA,NA,NA,Scopus; WoS,2,other
WoS,english,Assessment of public space potential for climate change adaptation in three Colombian cities: nature-based solutions and urban design guidelines,NA,10.2166/wpt.2024.089,2024,"Marino, Raul | Kuller, M. | Zurita, B. | Carrasco, L. | Gosciniak, P. | Kustosik, K. | Riveros, A.",WATER PRACTICE AND TECHNOLOGY,NA,NA,NA,Scopus; WoS,2,other
WoS,english,"Assessment of the Risk to Ecosystem Services for Freshwater Regulation and Provision in Isla Grande de Chiloé, Chile, due to Climate Change",NA,10.4067/s0717-92002024000300461,2024,"Valenzuela, Inti Lefort | Billi, Marco | Galleguillos, Mauricio | Urquiza, Anahi",BOSQUE,NA,NA,NA,Scopus; WoS,2,other
WoS,english,Atopic dermatitis: A global health perspective,NA,10.1111/jdv.19723,2024,"Faye, Ousmane | Flohr, Carsten | Kabashima, Kenji | Ma, Lin | Paller, Amy S. | Rapelanoro, Fahafahantsoa Rabenja | Steinhoff, Martin | Su, John C. | Takaoka, Roberto | Wollenberg, Andreas | Yew, Yik Weng | Postigo, Jose A. Ruiz | Schmid-Grendelmeier, Peter | Taieb, Alain",JOURNAL OF THE EUROPEAN ACADEMY OF DERMATOLOGY AND VENEREOLOGY,NA,NA,NA,Scopus; WoS,2,other
Scopus,english,BEYOND EARTHQUAKE RISK: NATIONAL ATLAS AND MULTIHAZARD RISK ASSESSMENT UNDER A CHANGING CLIMATE,NA,NA,2024,Cardona O.D.,World Conference on Earthquake Engineering Proceedings,Book Chapter,NA,SCOPUS_ID:105027890188,Scopus,1,other
WoS,english,Bias Correction in CMIP6 Models Simulations and Projections for Brazil's Climate Assessment,NA,10.1007/s41748-023-00368-8,2024,"Brumatti, Livia Maria | Commar, Luiz Felipe Sant'Anna | Neumann, Nathan de Oliveira | Pires, Gabrielle Ferreira | Avila-Diaz, Alvaro",EARTH SYSTEMS AND ENVIRONMENT,NA,NA,NA,Scopus; WoS,2,other
WoS,english,Bibliometric Analysis of Urban Coastal Development: Strategies for Climate-Resilient Timber Housing,NA,10.3390/su16041431,2024,"Garcia-Ruiz, Andres | Diez-Minguito, Manuel | Verichev, Konstantin | Carpio, Manuel",SUSTAINABILITY,NA,NA,NA,WoS,1,review
WoS,english,Broadening the Climate Movement: The Marcha das Margaridas' Agenda for the Climate (and Other) Crises,NA,10.1007/s10767-023-09464-z,2024,"Teixeira, Marco Antonio | Motta, Renata",INTERNATIONAL JOURNAL OF POLITICS CULTURE AND SOCIETY,NA,NA,NA,Scopus; WoS,2,other
WoS,english,"Buzzing towards Resilience: Investigating the Spatial Alignment of the Desert Pallid Bee, <i>Centris pallida</i>, and Its Host Plants in Response to Climate Change",NA,10.3390/insects15100793,2024,"Cruz, Terese Maxine P. | Buchmann, Stephen L. | Prudic, Kathleen L.",INSECTS,NA,NA,NA,Scopus; WoS,2,other
Scopus,english,CLIMATE CHANGE AND RISING SEA LEVELS AND THEIR IMPACT ON URBAN AREAS ALONG THE NE/E COAST OF SANTA CATARINA,NA,10.5585/2024.23742,2024,Hodecker-Dietrich A.,Revista De Gestao Ambiental E Sustentabilidade,Article,NA,SCOPUS_ID:85214916100,Scopus,1,research_paper
Scopus,english,CLIMATE PLANNING AND LOCAL GOVERNMENT: ACTORS AND CLIMATE CHANGE MEASURES,NA,10.14455/isec.2024.11(1).pnd-01,2024,Llacas L.,Proceedings of International Structural Engineering and Construction,Conference Paper,NA,SCOPUS_ID:85192757641,Scopus,1,research_paper
WoS,english,CO<sub>2</sub> and CO temporal variability over Mexico City from ground-based total column and surface measurements,NA,10.5194/acp-24-11823-2024,2024,"Taquet, Noemie | Stremme, Wolfgang | del Castillo, Maria Eugenia Gonzalez | Almanza, Victor | Bezanilla, Alejandro | Laurent, Olivier | Alberti, Carlos | Hase, Frank | Ramonet, Michel | Lauvaux, Thomas | Che, Ke | Grutter, Michel",ATMOSPHERIC CHEMISTRY AND PHYSICS,NA,NA,NA,Scopus; WoS,2,other
WoS,english,Can upwelling regions be potential thermal refugia for marine fishes during climate warming?,NA,10.1016/j.jtherbio.2024.103893,2024,"Angeles-Gonzalez, Luis Enrique | Torrejon-Magallanes, Josymar | Escamilla-Ake, Angel | Osorio-Olverano, Luis | Avendano, Otilio | Diaz, Fernando | Rosas, Carlos",JOURNAL OF THERMAL BIOLOGY,NA,NA,NA,WoS,1,other
WoS,english,Challenges for climate change adaptation in Latin America and the Caribbean region,NA,10.3389/fclim.2024.1392033,2024,"Cavazos, Tereza | Bettolli, Maria Laura | Campbell, Donovan | Rodriguez, Roberto A. Sanchez | Mycoo, Michelle | Arias, Paola A. | Rivera, Juan | Reboita, Michelle Simoes | Gulizia, Carla | Hidalgo, Hugo G. | Alfaro, Eric J. | Stephenson, Tannecia S. | Sorensson, Anna A. | Cerezo-Mota, Ruth | Castellanos, Edwin | Ley, Debora | Mahon, Roche",FRONTIERS IN CLIMATE,NA,NA,NA,WoS,1,other
Scopus,english,Cities in the shadow of pandemic and climate crisis: New quality of space and reality,NA,10.31338/uw.9788323563068,2024,Biczynska E.,Cities in the Shadow of Pandemic and Climate Crisis New Quality of Space and Reality,Book,NA,SCOPUS_ID:105003982861,Scopus,1,other
Scopus,english,"Climate Change and Fire: The Case of Cerrado, the Brazilian Savanna",NA,10.1007/978-981-97-3870-0_6,2024,Silva P.S.,Climate Change and Regional Socio Economic Systems in the Global South Resilience Strategies for Sustainable Development,Book Chapter,NA,SCOPUS_ID:105004955328,Scopus,1,other
Scopus,english,Climate Crisis and Its Impact on the Global South: The Case of Brazil and India,NA,10.4324/9781032694337-13,2024,Agarwal P.,Polycrisis and Economic Development in the Global South,Book Chapter,NA,SCOPUS_ID:85210665986,Scopus,1,other
Scopus,english,Climate Racism in Brazil’s Favelas: A Sustainable Discussion,NA,10.1007/978-3-031-56619-6_2,2024,Dias-da-Fé A.,Csr Sustainability Ethics and Governance,Book Chapter,NA,SCOPUS_ID:85200472209,Scopus,1,other
WoS,english,Climate actions in the face of severe drought: The case of rural coastal communities in central Chile,NA,10.17141/iconos.79.2024.5962,2024,"Reyes-Garcia, Pedro | Jofre, David",ICONOS,NA,NA,NA,Scopus; WoS,2,other
WoS,english,Climate adaptation in Brazil: Advancements and challenges,NA,10.1016/j.envsci.2024.103888,2024,"Chiquetto, Julio Barboza | Nolasco, Marcelo Antunes",ENVIRONMENTAL SCIENCE & POLICY,NA,NA,NA,Scopus; WoS,2,other
WoS,english,Climate change and land cover effects on water yield in a subtropical watershed spanning the yungas-chaco transition of Argentina,NA,10.1016/j.jenvman.2024.120808,2024,"Nunez, Joaquin A. | Aguiar, Sebastian | Jobbagy, Esteban G. | Jimenez, Yohana G. | Baldassini, Pablo",JOURNAL OF ENVIRONMENTAL MANAGEMENT,NA,NA,NA,Scopus; WoS,2,other
WoS,english,Climate change impact on energy savings in mixed-mode ventilation office buildings in Brazil,NA,10.1016/j.enbuild.2024.114418,2024,"Veloso, A. C. O. | Souza, R. V. G.",ENERGY AND BUILDINGS,NA,NA,NA,WoS,1,other
WoS,english,"Climate change impacts on renewable groundwater resources in the andosol-dominated Andean highlands, Ecuador",NA,10.1016/j.catena.2023.107766,2024,"Senent-Aparicio, Javier | Penafiel, Lilia | Alcala, Francisco Javier | Jimeno-Saez, Patricia | Perez-Sanchez, Julio",CATENA,NA,NA,NA,Scopus; WoS,2,other
WoS,english,"Climate change research in dry environments of South America: evolution, current state, and future directions",NA,10.1007/s11368-024-03855-1,2024,"Oliveira Filho, Jose de Souza",JOURNAL OF SOILS AND SEDIMENTS,NA,NA,NA,WoS,1,other
WoS,english,Climate defaults and financial adaptation,NA,10.1016/j.euroecorev.2024.104866,2024,"Phan, Toan | Schwartzman, Felipe",EUROPEAN ECONOMIC REVIEW,NA,NA,NA,Scopus; WoS,2,other
WoS,english,"Climate emergency and urban housing precariousness: guidelines for climate adaptation in the Sao Jose neighborhood, Joao Pessoa - PB",NA,10.5380/dma.v63i0.87786,2024,"Araujo, Renato Regis | Perez, Leticia Palazzi | Morais, Marcele Trigueiro | Anjos, Kainara Lira",DESENVOLVIMENTO E MEIO AMBIENTE,NA,NA,NA,Scopus; WoS,2,other
WoS,english,Climate hazards in Latin American cities: Understanding the role of the social and built environments and barriers to adaptation action,NA,10.1016/j.crm.2024.100625,2024,"Slovic, Anne Dorothee | Indvik, Katherine | Martins, Lucas Soriano | Kephart, Josiah L. | Swanson, Sandra | Quistberg, D. Alex | Moran, Mika | Bakhtsiyarava, Maryia | Zavaleta-Cortijo, Carol | Gouveia, Nelson | Roux, Ana V. Diez",CLIMATE RISK MANAGEMENT,NA,NA,NA,WoS,1,other
WoS,english,Climate projections of oceanographic variables in the Exclusive Economic Zone of Ecuador: A 21st century perspective to inform impact and adaptation assessment,NA,10.1016/j.rsma.2024.103612,2024,"Winckler, Patricio | Farias, Laura | Vicuna, Sebastian | Esparza, Cesar | Mora, Javiera | Chubretovic, Rosario | Cabrera, Francisco | Zambrano-Sanchez, Nicolas | Caza, Pablo | Gonzalez, Rosa Ana",REGIONAL STUDIES IN MARINE SCIENCE,NA,NA,NA,Scopus; WoS,2,other
Scopus,english,Coastal Tourism Adaptation to Climate Change in Brazil: Practices and Alternative Solutions,NA,10.1007/978-3-031-59431-1_8,2024,Grimm I.J.,Advances in Spatial Science,Book Chapter,NA,SCOPUS_ID:85200548046,Scopus,1,other
WoS,english,"Coastal evolution and future projections in Conde County, Brazil: A multi-decadal assessment via remote sensing and sea-level rise scenarios",NA,10.1016/j.scitotenv.2023.169829,2024,"Santos, Celso Augusto Guimaraes | do Nascimento, Gleycielle Rodrigues | Freitas, Luccas Matheus Torres | Batista, Leonardo Vidal | Zerouali, Bilel | Mishra, Manoranjan | da Silva, Richarde Marques",SCIENCE OF THE TOTAL ENVIRONMENT,NA,NA,NA,WoS,1,other
WoS,english,Coastal resilience and adaptation strategies: Natural habitats for coastal protection and Atlantic forest restoration on the coast of the Rio de Janeiro state,NA,10.1016/j.ijdrr.2024.104861,2024,"Henud, Igor Rodrigues | Povoa, Alain Alves | Tavares, Mariana Gonsalves | Soares-Gomes, Abilio",INTERNATIONAL JOURNAL OF DISASTER RISK REDUCTION,NA,NA,NA,Scopus; WoS,2,other
WoS,english,Community and governmental perspectives on climate disaster risk finance instruments in Colombia,NA,10.1108/dpm-11-2023-0303,2024,"Fernandez Lopera, Cristian Camilo | Mendes, Jose Manuel | Barata, Eduardo Jorge | Trejo-Rangel, Miguel Angel",DISASTER PREVENTION AND MANAGEMENT,NA,NA,NA,Scopus; WoS,2,other
WoS,english,"Community resilience to socio-environmental disasters in Itajai Valley, Brazil",NA,10.1016/j.ijdrr.2024.104828,2024,"Mello, Bruno Jandir | Souza, Cristiane Mansur de Moraes | Kantamaneni, Komali | Wilhelm, Ivonei Jose | Silva, Jose Irivaldo Alves Oliveira | Martendal, Anandra Gorges | Bhattacharya-Mis, Namrata",INTERNATIONAL JOURNAL OF DISASTER RISK REDUCTION,NA,NA,NA,Scopus; WoS,2,other
WoS,english,Comparison of Conservation Strategies for California Channel Island Oak (<i>Quercus tomentella</i>) Using Climate Suitability Predicted From Genomic Data,NA,10.1111/eva.70057,2024,"Mead, Alayna | Fitz-Gibbon, Sorel | Knapp, John | Sork, Victoria L.",EVOLUTIONARY APPLICATIONS,NA,NA,NA,Scopus; WoS,2,other
Scopus,english,Comparison of future weather files for Brazilian cities,NA,10.1051/e3sconf/202454601017,2024,Martins Vaz I.C.,E3s Web of Conferences,Conference Paper,NA,SCOPUS_ID:85198922795,Scopus,1,research_paper
WoS,english,Current knowledge of Holothuriida (Holothuroidea: Echinodermata) from Brazil,NA,10.3389/fmars.2024.1333253,2024,"Prata, Jessica | Christoffersen, Martin Lindsey",FRONTIERS IN MARINE SCIENCE,NA,NA,NA,Scopus; WoS,2,other
WoS,english,"Deciphering the fiber quality of <i>Gossypium barbadense</i> L. var. <i>brasiliensis </i>in La Convención, Cusco, Perú",NA,10.1186/s42397-024-00184-z,2024,"Morales-Aranibar, Luis | Saenz, Manuel Canto | Morales-Aranibar, Carlos Genaro | Rivera, Marite Yulisa Nieves | Aguilera, Jorge Gonzalez | Steiner, Fabio | Bardiviesso, Diogenes Martins | Zuffo, Alan Mario",JOURNAL OF COTTON RESEARCH,NA,NA,NA,Scopus; WoS,2,other
WoS,english,"Declining glacier cover drives changes in aquatic macroinvertebrate biodiversity in the Cordillera Blanca, Perú",NA,10.1111/gcb.17355,2024,"Palacios-Robles, Edson | Medina, Katy | Loarte, Edwin | Castaneda-Barreto, Alberto | Gamboa-Mendoza, Miriam | Polo-Salazar, Rosario | Tapia, Pedro | Pellicciotti, Francesca | Brown, Lee E.",GLOBAL CHANGE BIOLOGY,NA,NA,NA,Scopus; WoS,2,other
WoS,english,Developing an open-source flood forecasting system adapted to data-scarce regions: A digital twin coupled with hydrologic-hydrodynamic simulations,NA,10.1016/j.jhydrol.2024.131929,2024,"Rapalo, Luis M. C. | Gomes Jr, Marcus N. | Mendiondo, Eduardo M.",JOURNAL OF HYDROLOGY,NA,NA,NA,WoS,1,other
Scopus,english,Displacements induced by rain-related disasters in Brazil between 2013 and 2022,NA,10.1590/1980-858525038800032206,2024,Moreira R.E.d.A.,Revista Interdisciplinar Da Mobilidade Humana,Article,NA,SCOPUS_ID:85212273408,Scopus,1,research_paper
WoS,english,"Diversity and relative abundance of immature mosquitoes (Diptera: Culicidae) in Hohenbergia catingae Ule bromeliads and larvitraps in the Nísia Floresta National Forest, northeast Brazil",NA,10.1093/jme/tjae085,2024,"da Silva, Jose Hilario Tavares | Silva-Inacio, Cassio Lazaro | Gama, Renata Antonaci | Ximenes, Maria de Fatima Freire de Melo",JOURNAL OF MEDICAL ENTOMOLOGY,NA,NA,NA,Scopus; WoS,2,other
WoS,english,Domestic water saving practices and their relationship with metering and the perception of climate change in Mexican households,NA,10.24850/j-tyca-2024-04-01,2024,"Lutz-Ley, America N. | Reyes-Castro, Pablo A.",TECNOLOGIA Y CIENCIAS DEL AGUA,NA,NA,NA,Scopus; WoS,2,other
WoS,english,Drivers of farmers' adaptive behavior to climate change: The 3F-SEC framework,NA,10.1016/j.jrurstud.2024.103343,2024,"Cano, Alexander | Campos, Bente Castro",JOURNAL OF RURAL STUDIES,NA,NA,NA,Scopus; WoS,2,other
Scopus,english,"Editorial: Global Sustainability: Trends, Challenges, and Case Studies",NA,10.1007/978-3-031-57456-6_1,2024,Kulkarni S.,World Sustainability Series,Book Chapter,NA,SCOPUS_ID:85196412609,Scopus,1,other
WoS,english,Education for disaster resilience: Lessons from El Nino,NA,10.1016/j.geoforum.2023.103919,2024,"Bell, Iona | Laurie, Nina | Calle, Oliver | Carmen, Maria | Valdez, Amanda",GEOFORUM,NA,NA,NA,Scopus; WoS,2,other
WoS,english,Effect of street trees shade on perceived thermal comfort in a south temperate climate: The sidewalks of Montevideo (Uruguay),NA,10.1016/j.heliyon.2024.e32762,2024,"Terrani, Emilio | Piccion, Alicia | Bentancur, Oscar | Cruz, Gabriela",HELIYON,NA,NA,NA,Scopus; WoS,2,other
WoS,english,"Effects of urban, peri-urban and rural land covers on plant functional traits around Bogotá, Colombia",NA,10.1007/s11252-023-01429-6,2024,"Salamanca-Fonseca, Mauricio | Aldana, Ana M. | Vargas-Martinez, Valeria | Acero-Gomez, Sam | Fonseca-Tellez, Juliana | Gutierrez, Stivenn | Hoyos, Yessica D. | Leon, Katherin M. | Marquez, Camilo | Molina-R, Laura | Moreno-Abdelnur, Angelica | Pineda, Sara | Pinzon, Juan Jose | Trespalacios, Mariana | Velasco, Liz | Sanchez-Tello, Juan David | Alvarez-Garzon, Carolina | Posada, Juan M. | Sanchez, Adriana",URBAN ECOSYSTEMS,NA,NA,NA,Scopus; WoS,2,other
WoS,english,Elevation and temperature are strong predictors of long-term carbon accumulation across tropical Andean mountain peatlands,NA,10.1007/s11027-023-10089-y,2024,"Hribljan, John A. | Hough, Moira | Lilleskov, Erik A. | Suarez, Esteban | Heckman, Katherine | Planas-Clarke, Ana Maria | Chimner, Rodney A.",MITIGATION AND ADAPTATION STRATEGIES FOR GLOBAL CHANGE,NA,NA,NA,Scopus; WoS,2,other
WoS,english,Endangered Lomas plant communities and their potential on green roofs in Peru,NA,10.1016/j.landurbplan.2024.105061,2024,"Flores, Sofia | Van Meerbeek, Koenraad",LANDSCAPE AND URBAN PLANNING,NA,NA,NA,Scopus; WoS,2,other
WoS,english,Environmental and anthropogenic factors mediating the functional connectivity of the mesquite lizard along the eastern Trans-Mexican Volcanic Belt,NA,10.1111/mec.17469,2024,"Romero-Baez, Oscar | Murphy, Melanie A. | Diaz de la Vega-Perez, Anibal H. | Vazquez-Dominguez, Ella",MOLECULAR ECOLOGY,NA,NA,NA,WoS,1,other
Scopus,english,"Environmental migration, (im)mobility, and adaptation to droughts in the Seridó Potiguar",NA,10.18472/sustdeb.v15n3.2024.55532,2024,Correia I.A.,Sustainability in Debate,Article,NA,SCOPUS_ID:85212945336,Scopus,1,research_paper
WoS,english,Evaluating the impacts of agricultural development and climate change on the water-energy nexus in Santa Elena (Ecuador),NA,10.1016/j.envsci.2023.103656,2024,"Chengot, Rishma | Zylberman, Raphael | Momblanch, Andrea | Salazar, Oswaldo Viteri | Hess, Tim | Knox, Jerry W. | Rey, Dolores",ENVIRONMENTAL SCIENCE & POLICY,NA,NA,NA,WoS,1,other
WoS,english,Evolutionary and ecological trends in the Neotropical cycad genus <i>Dioon</i> (Zamiaceae): An example of success of evolutionary stasis,NA,10.1111/1440-1703.12442,2024,"Gutierrez-Ortega, Jose Said | Perez-Farrera, Miguel Angel | Sato, Mitsuhiko P. | Matsuo, Ayumi | Suyama, Yoshihisa | Vovides, Andrew P. | Molina-Freaner, Francisco | Kajita, Tadashi | Watano, Yasuyuki",ECOLOGICAL RESEARCH,NA,NA,NA,Scopus; WoS,2,other
WoS,english,Evolving Dairy Cattle Systems in Chile: Structural Shifts and Adaptation Strategies,NA,10.3390/ani14152245,2024,"Toro-Mujica, Paula | Vera-Infanzon, Raul",ANIMALS,NA,NA,NA,Scopus; WoS,2,other
Scopus,english,"Examining climate-related indices and landscape connectivity to understand mangrove fragmentation in Campeche, Mexico",NA,10.3097/lo.2024.1129,2024,Halecki W.,Landscape Online,Article,NA,SCOPUS_ID:85217900561,Scopus,1,research_paper
WoS,english,Extreme rain event highlights the lack of governance to face climate change in the Southeastern coast of Brazil,NA,10.1016/j.geosus.2023.11.001,2024,"Ferreira, M. L.",GEOGRAPHY AND SUSTAINABILITY,NA,NA,NA,Scopus; WoS,2,other
WoS,english,"Extreme rainfall and landslides as a response to human-induced climate change: a case study at Baixada Santista, Brazil, 2020",NA,10.1007/s11069-024-06621-1,2024,"de Souza, Danilo Couto | Crespo, Natalia Machado | da Silva, Douglas Vieira | Harada, Lila Mina | de Godoy, Renan Muinos Parrode | Domingues, Leonardo Moreno | Luiz, Rafael | Bortolozo, Cassiano Antonio | Metodiev, Daniel | de Andrade, Marcio Roberto Magalhaes | Hartley, Andrew J. | de Abreu, Rafael Cesario | Li, Sihan | Lott, Fraser C. | Sparrow, Sarah",NATURAL HAZARDS,NA,NA,NA,Scopus; WoS,2,other
WoS,english,Extreme temperatures and school performance of the poor: Evidence from Mexico,NA,10.1016/j.econlet.2024.111700,2024,"Arceo-Gomez, Eva O. | Lopez-Feldman, Alejandro",ECONOMICS LETTERS,NA,NA,NA,Scopus; WoS,2,other
WoS,english,Farmers' perceptions of climate change affect their adoption of sustainable agricultural technologies in the Brazilian Amazon and Atlantic Forest biomes,NA,10.1007/s10584-023-03657-3,2024,"Tanure, Tarik | Campos, Rafael Faria de Abreu | dos Reis, Julio Cesar | Benzeev, Rayna | Newton, Peter | Rodrigues, Renato de Aragao Ribeiro | de Oliveira, Ana Maria Hermeto Camilo",CLIMATIC CHANGE,NA,NA,NA,WoS,1,other
Scopus,english,"Flood risk assessment for the integrated disaster risk management and climate change adaptation action plan: La Mojana Region, Colombia",NA,10.1016/b978-0-443-29802-8.00010-8,2024,Cardona O.D.,Hydrosystem Restoration Handbook Streamflow Recharge and Lake Rehabilitation Volume 1,Book Chapter,NA,SCOPUS_ID:85212887740,Scopus,1,other
WoS,english,From wild to mild and back again: envisioning a new model of crop improvement strategies,NA,10.3389/fhort.2024.1409398,2024,"Pratt, Richard C. | Kantar, Michael Benjamin | Fumia, Nathan | Nankar, Amol N.",FRONTIERS IN HORTICULTURE,NA,NA,NA,WoS,1,other
Scopus,english,GREENING HIGH-DENSITY TEXAS CITIES: Ecological Grounds for an Adaptive Climate Approach,NA,10.4324/9781003318385-7,2024,Raab P.S.,Routledge Handbook on Greening High Density Cities Climate Society and Health,Book Chapter,NA,SCOPUS_ID:85195977726,Scopus,1,other
WoS,english,Genome-Wide Diversity in Lowland and Highland Maize Landraces From Southern South America: Population Genetics Insights to Assist Conservation,NA,10.1111/eva.70047,2024,"Dominguez, Pia Guadalupe | Gutierrez, Angela Veronica | Fass, Monica Irina | Filippi, Carla Valeria | Vera, Pablo | Puebla, Andrea | Defacio, Raquel Alicia | Paniego, Norma Beatriz | Lia, Veronica Viviana",EVOLUTIONARY APPLICATIONS,NA,NA,NA,Scopus; WoS,2,other
WoS,english,"Geodesign and Sustainable Development Goals in the environmental parameterization of the Iron Quadrangle region, Brazil: an academic experience",NA,10.1108/ijbpa-11-2021-0143,2024,"Moura, Ana Clara Mourao | de Morais, Camila Fernandes | Goncalves Mello, Tiago Augusto",INTERNATIONAL JOURNAL OF BUILDING PATHOLOGY AND ADAPTATION,NA,NA,NA,WoS,1,other
Scopus,english,"Georgetown, Guyana, coastal defences, climate change adaptation, design and procurement",NA,10.1680/cmsb.67042.1289,2024,Stewart M.,Coasts Marine Structures and Breakwaters 2023 Resilience and Adaptability in A Changing Climate,Book Chapter,NA,SCOPUS_ID:85190633430,Scopus,1,other
Scopus,english,Global Trend of Urban Mortality: A Comprehensive Bibliometric Analysis,NA,10.1007/978-3-031-57762-8_2,2024,Baidya A.,Public Health and Diseases A Geographical Study of Womens Health Urban Mortality and Health Policies,Book Chapter,NA,SCOPUS_ID:85206037815,Scopus,1,review
WoS,english,Glowing wonders: exploring the diversity and ecological significance of bioluminescent organisms in Brazil,NA,10.1007/s43630-024-00590-x,2024,"Amaral, Danilo T. | Kaplan, Rachel A. | Takishita, Thais Kaori Enoki | de Souza, Daniel R. | Oliveira, Anderson G. | Rosa, Simone Policena",PHOTOCHEMICAL & PHOTOBIOLOGICAL SCIENCES,NA,NA,NA,Scopus; WoS,2,other
WoS,english,Groundwater flow and transport in fractured geological media: a review,NA,10.22201/cgeo.20072902e.2024.1.1772,2024,"Ortega-Guerrero, Marcos Adrian",REVISTA MEXICANA DE CIENCIAS GEOLOGICAS,NA,NA,NA,WoS,1,other
WoS,english,Guatemala soil organic carbon database (GTMSOC),NA,10.1111/ejss.13450,2024,"Vasquez, Alan | Varon-Ramirez, Viviana Marcela | Tobias, Hugo | Guevara, Mario",EUROPEAN JOURNAL OF SOIL SCIENCE,NA,NA,NA,Scopus; WoS,2,other
WoS,english,Guided transformations for communities facing social and ecological change,NA,10.5751/es-15448-290420,2024,"Morgan, Melinda | Webster, Alex J. | Padowski, Julie C. | Morrison, Ryan R. | Flint, Courtney G. | Simmons-Potter, Kelly | Chief, Karletta | Litson, Benita | Neztsosie, Bryan | Karanikola, Vasiliki | Kacira, Murat | Rushforth, Richard R. | Boll, Jan | Stone, Mark B.",ECOLOGY AND SOCIETY,NA,NA,NA,WoS,1,other
WoS,english,High definition 3D models of small legume seed: a close up application to support ancient plant genomics,NA,10.5194/isprs-archives-xlviii-3-2024-17-2024,2024,"Balestra, Mattia | Fattorini, Federico | Angeloni, Renato | Nanni, Laura | Mancini, Adriano | Papa, Roberto | Pierdicca, Roberto","ISPRS TC III MID-TERM SYMPOSIUM BEYOND THE CANOPY: TECHNOLOGIES AND APPLICATIONS OF REMOTE SENSING, VOLUME XLVIII-3-2024",NA,NA,NA,Scopus; WoS,2,other
WoS,english,Holistic evaluation of climate risk to prioritise adaptation measures for ecosystems,NA,10.1016/j.ijdrr.2024.104593,2024,"Norena, Sthefania Grajales | Bernal, Gabriel | Cardona, Omar Dario | Rincon, David Felipe | Carreno, Martha Liliana",INTERNATIONAL JOURNAL OF DISASTER RISK REDUCTION,NA,NA,NA,WoS,1,other
Scopus,english,"IMPACT OF CLIMATE CHANGE ON CROPS: COFFEE, WHEAT, CORN, BEAN AND SOYBEAN IN THE ALTO PARANAPANEMA BASIN",NA,10.15809/irriga.2024v29p236-263,2024,Pereira F.F.S.,Irriga,Article,NA,SCOPUS_ID:105012939147,Scopus,1,research_paper
WoS,english,Identifying local priorities for adaptation to sea level rise via stated preferences: A choice experiment from two coastal cities in Guatemala,NA,10.1016/j.ocecoaman.2024.107389,2024,"Vasquez, William F. | Nazarian, Robert H. | Trudeau, Jennifer M.",OCEAN & COASTAL MANAGEMENT,NA,NA,NA,WoS,1,other
WoS,english,Identifying mindsets for urban sustainability transformation: insights from Urban Labs,NA,10.1007/s11625-023-01437-7,2024,"Guerra, Flavia | Syed, M. Danial",SUSTAINABILITY SCIENCE,NA,NA,NA,WoS,1,other
WoS,english,Identifying the impact of climate extremes on radial growth in young tropical trees: A comparison of inventory and tree-ring based estimates,NA,10.1016/j.dendro.2024.126237,2024,"Dietrich, Viktoria | Skiadaresis, Georgios | Schnabel, Florian | Leban, Jean-Michel | Potvin, Catherine | Bauhus, Juergen | Schwarz, Julia Annick",DENDROCHRONOLOGIA,NA,NA,NA,WoS,1,other
WoS,english,Impact of Future Climate Scenarios and Bias Correction Methods on the Achibueno River Basin,NA,10.3390/w16081138,2024,"Moya, Hector | Althoff, Ingrid | Celis-Diez, Juan L. | Huenchuleo-Pedreros, Carlos | Reggiani, Paolo",WATER,NA,NA,NA,WoS,1,other
WoS,english,Impacts of Climate Change Scenarios on the Corn and Soybean Double-Cropping System in Brazil,NA,10.3390/cli12030042,2024,"Bigolin, Tiago | Talamini, Edson",CLIMATE,NA,NA,NA,WoS,1,other
WoS,english,Impacts of LULC and climate change on runoff and sediment production for the Puyango-Tumbes basin (Ecuador-Peru),NA,10.3389/frsen.2024.1471144,2024,"Pena-Murillo, Robinson | Lavado-Casimiro, Waldo | Bourrel, Luc",FRONTIERS IN REMOTE SENSING,NA,NA,NA,Scopus; WoS,2,other
WoS,english,Impacts of projected urban growth on simulated near-surface temperature in Mexico City Metropolitan Area: Implications for urban vulnerability,NA,10.1371/journal.pclm.0000396,2024,"Miquelajauregui, Yosune | Lopez-Espinoza, Erika Danae | Luna Perez, Erika | Gomez-Priego, Paola | Bojorquez-Tapia, Luis A. | Aquino Martinez, Lourdes P. | Quintanar, Arturo I.",PLOS CLIMATE,NA,NA,NA,WoS,1,other
WoS,english,Implementing a sustainable integrated agroforestry system for the cultivation of <i>Ilex paraguariensis</i>,NA,10.3389/ffgc.2024.1424174,2024,"Comolli, Luis R. | Schegg, Esteban | Infuleski, Cristian | Munareto, Nestor | Fassola, Hugo | von Wallis, Alejandra | Bulfe, Nardia M. | Gonzalez, Paola | Barth, Sara R. | Gauchat, Maria Elena | Wyss, Fabio",FRONTIERS IN FORESTS AND GLOBAL CHANGE,NA,NA,NA,Scopus; WoS,2,other
WoS,english,Indicators of thermal alteration in US waters reveal patterns of climate risk at the energy-water nexus,NA,10.1016/j.ecolind.2024.111755,2024,"Jager, Henriette I. | Manning, Karessa | Welch, Jessica Nicole | Corsi, Fabio | Miara, Ariel | Yoon, Hyun Seok | McManamay, Ryan A. | Kao, Shih-Chieh | Kusnierz, Paul C. | Gangrade, Sudershan",ECOLOGICAL INDICATORS,NA,NA,NA,WoS,1,other
WoS,english,Influence of ENSO and the urban heat island on climate variation in a growing city of the western Mexico,NA,10.3897/oneeco.9.e125302,2024,"Gonzalez, Oyolsi Najera | Gonzalez, Areli Najera | Flores, Susana M. L. Marceleno | Vilchez, Fernando Flores",ONE ECOSYSTEM,NA,NA,NA,Scopus; WoS,2,other
WoS,english,Integral recovery of an urban watershed through the implementation of nature-based solutions,NA,10.3389/frsus.2024.1425732,2024,"Bonilla Brenes, Ricardo | Hack, Jochen | Morales, Martin | Oreamuno, Rafael",FRONTIERS IN SUSTAINABILITY,NA,NA,NA,WoS,1,other
WoS,english,Integrating broad and deep multiple-stressor research: A framework for translating across scales and disciplines,NA,10.1016/j.oneear.2024.09.006,2024,"Santos, Alexandre Pereira | Lopez, Juan Miguel Rodriguez | Peng, Yechennan | Scheffran, Jueurorgen",ONE EARTH,NA,NA,NA,WoS,1,other
Scopus,english,Inter-disciplinary Approaches to Risk Management and Information Sharing for Resilience to the Changing Climate,NA,10.1007/s41976-024-00111-5,2024,Rajesh M.,Remote Sensing in Earth Systems Sciences,Article,NA,SCOPUS_ID:85197932805,Scopus,1,research_paper
WoS,english,Interlinked driving factors for decision-making in sustainable coffee production,NA,10.1007/s10668-022-02821-6,2024,"Brenes-Peralta, Laura | De Menna, Fabio | Vittuari, Matteo",ENVIRONMENT DEVELOPMENT AND SUSTAINABILITY,NA,NA,NA,WoS,1,other
WoS,english,"Is There a ""Green Moral""? How Young People's Moral Attributes Define Engagement with Narratives about Climate Change",NA,10.3390/socsci13030145,2024,"Capoano, Edson | Balbe, Alice Dutra | Costa, Pedro Rodrigues",SOCIAL SCIENCES-BASEL,NA,NA,NA,WoS,1,other
Scopus,english,Land-use and climate change impacts in the Venezuelan Andes at multiple spatial-temporal scales,NA,10.1016/b978-0-443-32824-4.00022-5,2024,Chacón-Moreno E.,Safeguarding Mountain Social Ecological Systems Vol 2 Building Transformative Resilience in Mountain Regions Worldwide,Book Chapter,NA,SCOPUS_ID:85205186813,Scopus,1,other
WoS,english,Landscape Fragmentation and loss oFconnectivity in<i> Polylepis</i> Forests in Peru and its vulnerability to climate change,NA,10.21829/myb.2024.3032593,2024,"Chanove-Manrique, Andrea | Cardenas-Pillco, Berly",MADERA Y BOSQUES,NA,NA,NA,Scopus; WoS,2,other
WoS,english,Large-scale dynamics of extreme precipitation in the tropical Andes: combining weather radar observations and reanalysis data,NA,10.1007/s00703-024-01022-2,2024,"Cordova, Mario | Orellana-Alvear, Johanna | Bendix, Joerg | Rollenbeck, Ruetger | Celleri, Rolando",METEOROLOGY AND ATMOSPHERIC PHYSICS,NA,NA,NA,WoS,1,other
Scopus,english,Leaf Area Estimation of Cenostigma pyramidale: A Native Brazilian Caatinga Species,NA,10.1155/2024/8024418,2024,Pompelli M.F.,International Journal of Forestry Research,Article,NA,SCOPUS_ID:85199884266,Scopus,1,research_paper
Scopus,english,Learning How to Become a Teacher in Climate Changed Geographies: A Powerful Geography Model for Climate Action in Chile,NA,10.1007/978-3-031-54845-1_6,2024,Silva V.S.,Powerful Geography International Perspectives and Applications,Book Chapter,NA,SCOPUS_ID:105002954438,Scopus,1,other
Scopus,english,Learning from a climate disaster: The catastrophic floods in southern Brazil,NA,10.1126/science.adr8356,2024,Pillar V.D.,Science New York N Y,Article,NA,SCOPUS_ID:85203420470,Scopus,1,research_paper
Scopus,english,Linking urban warming with city life: The case of mobility axes in São Paulo - Brazil,NA,NA,2024,Werneck D.,PLEA 2024 Re Thinking Resilience Proceedings of 37th PLEA Conference Sustainable Architecture and Urban Design the Book of Proceedings,Conference Paper,NA,SCOPUS_ID:105023645770,Scopus,1,research_paper
Scopus,english,Livable Cities: Urban Heat Islands Mitigation for Climate Change Adaptation Through Urban Greening,NA,10.1007/978-3-031-51220-9,2024,Aboulnaga M.,Livable Cities Urban Heat Islands Mitigation for Climate Change Adaptation Through Urban Greening,Book,NA,SCOPUS_ID:85214605393,Scopus,1,other
WoS,english,Local adaptation of <i>Pinus leiophylla</i> under climate and land use change models in the Avocado Belt of Michoacán,NA,10.1111/mec.17424,2024,"Izaguirre-Toriz, Vanessa | Aguirre-Liguori, Jonas A. | Latorre-Cardenas, Maria Camila | Arima, Eugenio Y. | Gonzalez-Rodriguez, Antonio",MOLECULAR ECOLOGY,NA,NA,NA,Scopus; WoS,2,other
WoS,english,Local knowledge matters: understanding the decision-making processes of communities under climate change in Suriname,NA,10.3389/fclim.2023.1294271,2024,"Smith, Gwendolyn | Chowenga, Mawie | Karsters, Jethro",FRONTIERS IN CLIMATE,NA,NA,NA,Scopus; WoS,2,other
WoS,english,"Machine learning modeling of lake chlorophyll in a data-scarce region (Northern Patagonia, Chile): insights for environmental monitoring",NA,10.1080/20442041.2024.2359329,2024,"Caputo, Luciano | Molina, Cristian Rios | Ayllon-Arauco, Roxanna | Benavides, Ivan Felipe",INLAND WATERS,NA,NA,NA,Scopus; WoS,2,other
WoS,english,"Maintenance, operational costs, and plant performance in three extensive green roof designs from Northwest Mexico",NA,10.1016/j.ufug.2024.128521,2024,"Lopez-Silva, Diana Veronica | Sigala-Meza, Eric | Bullock, Stephen H. | Hernandez-Perez, Ivan | Sauceda-Carvajal, Daniel | Zavala-Guillen, Ivett | Mendez-Alonzo, Rodrigo",URBAN FORESTRY & URBAN GREENING,NA,NA,NA,Scopus; WoS,2,other
WoS,english,Mapping climate adaptation corridors for biodiversity-A regional-scale case study in Central America,NA,10.1371/journal.pone.0304756,2024,"McCullough, Ian M. | Beirne, Christopher | Soto-Navarro, Carolina | Whitworth, Andrew",PLOS ONE,NA,NA,NA,Scopus; WoS,2,other
WoS,english,Mapping geographic and demographic shifts for container breeding mosquito-borne disease transmission suitability in Central and South America in a warming world,NA,10.1371/journal.pclm.0000312,2024,"Ryan, Sadie J. | Lippi, Catherine A. | Stewart-Ibarra, Anna M.",PLOS CLIMATE,NA,NA,NA,Scopus; WoS,2,other
WoS,english,Meta-learning applied to a multivariate single-step fusion model for greenhouse gas emission forecasting in Brazil,NA,10.2166/wcc.2024.252,2024,"Enamoto, Liriam Michi | Santos, Andre Rufino Arsenio | Li, Weigang | Meneguette, Rodolfo | Rocha Filho, Geraldo P.",JOURNAL OF WATER AND CLIMATE CHANGE,NA,NA,NA,Scopus; WoS,2,other
WoS,english,"Migrating, Adapting in Place or Missing Options? A Systematic Review of Climate Change-Migration Links in Peru",NA,10.1515/9783110752144-007,2024,"Bergmann, Jonas | Escribano, Pablo | Vinke, Kira",DE GRUYTER HANDBOOK OF CLIMATE MIGRATION AND CLIMATE MOBILITY JUSTICE,NA,NA,NA,WoS,1,review
WoS,english,Mobilizing institutional capacities to adapt to climate change: local government collaboration networks for risk management in Mexico City,NA,10.1038/s44168-024-00102-8,2024,"Cid, A. | Siqueiros-Garcia, J. M. | Mazari-Hiriart, M. | Guerra, A. | Lerner, A. M.",NPJ CLIMATE ACTION,NA,NA,NA,WoS,1,other
WoS,english,Modeling Archaic land use and mobility in north-central Belize,NA,10.1016/j.jaa.2024.101583,2024,"Burg, Marieka Brouwer | Harrison-Buck, Eleanor",JOURNAL OF ANTHROPOLOGICAL ARCHAEOLOGY,NA,NA,NA,WoS,1,other
WoS,english,"Modeling Environmental Vulnerability for 2050 Considering Different Scenarios in the Doce River Basin, Brazil",NA,10.3390/w16101459,2024,"Campos, Jasmine Alves | da Silva, Demetrius David | Pires, Gabrielle Ferreira | Filho, Elpidio Inacio Fernandes | Amorim, Ricardo Santos Silva | de Menezes Filho, Frederico Carlos Martins | de Melo Ribeiro, Celso Bandeira | Lorentz, Juliana Ferreira | Aires, Uilson Ricardo Venancio",WATER,NA,NA,NA,Scopus; WoS,2,other
WoS,english,Montane diversification as a mechanism of speciation in neotropical butterflies,NA,10.1002/ece3.11704,2024,"Magaldi, Luiza de Moraes | Gueratto, Patricia Eyng | Ortega-Abboud, Enrique | Sobral-Souza, Thadeu | Joron, Mathieu | de Souza, Anete Pereira | Freitas, Andre Victor Lucci | Silva-Brandao, Karina Lucas",ECOLOGY AND EVOLUTION,NA,NA,NA,WoS,1,other
WoS,english,Multi-dimensional temperature sensitivity of protected tropical mountain rain forests,NA,10.3389/ffgc.2023.1214911,2024,"Finegan, Bryan | Delgado, Diego | Gordillo, Alba Lorena Hernandez | Villalobos, Nelson Zamora | Florez, Rafael Nunez | Santos, Fabio Diaz | Mendoza, Sergio Vilchez",FRONTIERS IN FORESTS AND GLOBAL CHANGE,NA,NA,NA,Scopus; WoS,2,other
WoS,english,Multiscale modeling to optimize thermal performance design for urban social housing: A case study,NA,10.1016/j.applthermaleng.2023.121379,2024,"Sousa Goncalves, Eduarda Lorrany | Braga, Jhonata Lima | Sampaio, Athos de Oliveira | Batista, Vitor dos Santos | da Rocha Menezes, Leonardo Junior | Eli, Leticia Gabriela | Barata, Marcio Santos | Ventura Neto, Raul da Silva | Zemero, Bruno Ramos",APPLIED THERMAL ENGINEERING,NA,NA,NA,Scopus; WoS,2,other
WoS,english,"NOTES ON POLLINATION ECOLOGY OF <i>ALTENSTEINIA</i> <i>FIMBRIATA</i> KUNTH IN THE CITY OF QUITO, ECUADOR",NA,10.26786/1920-7603(2024)786,2024,"Carrera, Martin | Baquero, Luis",JOURNAL OF POLLINATION ECOLOGY,NA,NA,NA,Scopus; WoS,2,other
WoS,english,"Natural disasters related to rainfall trends in Espírito Santo, southeastern Brazil",NA,10.1007/s00704-023-04703-x,2024,"de Oliveira Roza, Mariza Pereira | Cecilio, Roberto Avelino | Zanetti, Sidney Sara | Abreu, Marcel Carvalho | Lyra, Gustavo Bastos | Reis, Guilherme Barbosa",THEORETICAL AND APPLIED CLIMATOLOGY,NA,NA,NA,Scopus; WoS,2,other
WoS,english,Navigating the Uncertain Terrain: Venezuela's Future Using the Shared Socioeconomic Pathways Framework-A Systematic Review,NA,10.3390/cli12070098,2024,"Soto, Isaias Lescher | Villamizar, Alicia | Olivares, Barlin O. | Gutierrez, Maria Eugenia | Nagy, Gustavo J.",CLIMATE,NA,NA,NA,Scopus; WoS,2,review
WoS,english,Negative and positive impacts of climate change on mangroves: two sides of an expensive coin,NA,10.21829/myb.2024.3042623,2024,"Ruiz, Pilar Angelica Gomez",MADERA Y BOSQUES,NA,NA,NA,WoS,1,other
WoS,english,New insights on climate change and adaptation research in Brazil: a bibliometric and bibliographic review,NA,10.1007/s44274-024-00067-9,2024,"Chiquetto, Julio Barboza | Nolasco, Marcelo Antunes",DISCOVER ENVIRONMENT,NA,NA,NA,Scopus; WoS,2,review
WoS,english,Occupation of vacant buildings in central districts by social movements as a means to deal with climate change in an inclusive way: the cases of cities São Paulo and Natal,NA,10.1177/09562478241230814,2024,"Moretti, Julia Azevedo | Cavalcanti, Emanuel Ramos | Brasil, Amiria Bezerra | Moretti, Ricardo De Sousa",ENVIRONMENT AND URBANIZATION,NA,NA,NA,Scopus; WoS,2,other
Scopus,english,Options and strategies for managing droughts: Case studies from agro-ecological regions,NA,10.1016/b978-0-443-21499-8.00016-7,2024,Tripathi P.M.,Water Sustainability and Hydrological Extremes Quantity Quality and Security,Book Chapter,NA,SCOPUS_ID:85211273804,Scopus,1,other
Scopus,english,"PRELIMINARY MODEL OF POTENTIAL AREAS FOR RESTORATION FOR THE INTER-ANDEAN VALLEY OF CAUCA RIVER (COLOMBIA, SOUTH AMERICA) BASED ON HABITAT SUITABILITY MODELS",NA,10.15446/abc.v29n2.103070,2024,Alvarado-Solano D.P.,Acta Biologica Colombiana,Article,NA,SCOPUS_ID:85203602591,Scopus,1,research_paper
WoS,english,"PRELIMINARY MODEL OF POTENTIAL AREAS FOR RESTORATION FOR THE INTER-ANDEAN VALLEY OF CAUCA RIVER (COLOMBIA, SOUTH AMERICA) BASED ON HABITAT SUITABILITY MODELS",NA,10.15446/abc.v29n2.103070--,2024,"Alvarado-Solano, Diana Patricia | Otero, Joel Tupac | Sarapatka, Borivojrivoj",ACTA BIOLOGICA COLOMBIANA,NA,NA,NA,WoS,1,other
WoS,english,Performance and leaf nutritional content of banana cultivars intercropped with lemongrass,NA,10.1590/1983-21252024v3712448rc,2024,"de Jesus, Paulo R. R. | Leonel, Sarita | Leonel, Magali | Candido, Hebert T. | Molha, Nicholas Z. | Domiciano, Vinicius M. | dos Ouros, Lucas F. | Tecchio, Marco A.",REVISTA CAATINGA,NA,NA,NA,WoS,1,other
Scopus,english,Phenotypic Variability of Native Guinea Pig (Cavia porcellus) Lines Associated with Productive and Reproductive Variables in the Traditional Production Systems of the Pastos Indigenous Reserve,NA,10.54203/scil.2024.wvj64,2024,Rosero J.,World S Veterinary Journal,Article,NA,SCOPUS_ID:85214358993,Scopus,1,research_paper
Scopus,english,Polar and Climate Change Education: Citizen Science and Sustainability,NA,10.4324/9781003486961,2024,Arruda G.,Polar and Climate Change Education Citizen Science and Sustainability,Book,NA,SCOPUS_ID:85199850279,Scopus,1,other
Scopus,english,Potential Development of Natural Infrastructure Projects for Water Security,NA,10.21142/ss-0501-2024-e097,2024,Vásquez-Ramírez G.L.,South Sustainability,Article,NA,SCOPUS_ID:105026611046,Scopus,1,research_paper
WoS,english,Predicting the distribution of plant species from southern South America: are the hotspots of genetic diversity threatened by climate change?,NA,10.1007/s10531-023-02770-0,2024,"Soliani, Carolina | Ceccarelli, Viviana | Lantschner, Maria Victoria | Thomas, Evert | Marchelli, Paula",BIODIVERSITY AND CONSERVATION,NA,NA,NA,Scopus; WoS,2,other
WoS,english,Projected Heat Waves in Ecuador under Climate Change: Insights from HadGEM-RegCM4 Coupled Model,NA,10.3390/earth5010005,2024,"Portalanza, Diego | Ortega, Carlos | Garzon, Liliam | Bello, Melissa | Zuluaga, Cristian Felipe | Bresciani, Caroline | Durigon, Angelica | Ferraz, Simone",EARTH,NA,NA,NA,Scopus; WoS,2,other
WoS,english,"Public policy instruments coherence analysis to address coastal risk in Yucatan, Mexico",NA,10.1016/j.marpol.2024.106280,2024,"Vidal-Hernandez, L. | Cuevas-Jimenez, A. | de Yta-Castillo, D. | Avila-Foucat, V. S. | Espejel, Ileana",MARINE POLICY,NA,NA,NA,Scopus; WoS,2,other
WoS,english,Quantifying Soil Loss in the Brazilian Savanna Ecosystem: Current Rates and Anticipated Impact of Climate Changes,NA,10.1002/ldr.5331,2024,"Schwamback, Dimaghi | Brandao, Abderraman R. Amorim | Bertotto, Luis Eduardo | Berndtsson, Ronny | Zhang, Linus | Wendland, Edson | Persson, Magnus",LAND DEGRADATION & DEVELOPMENT,NA,NA,NA,Scopus; WoS,2,other
WoS,english,Quantifying the Carbon Stocks in Urban Trees: The Rio de Janeiro Botanical Garden as an Important Tropical Carbon Sink,NA,10.3390/jzbg5040039,2024,"Kurtz, Bruno Coutinho | de Almeida, Thais Moreira Hidalgo | Coelho, Marcus Alberto Nadruz | Deccache, Lara Serpa Jaegge | Tortorelli, Ricardo Maximo | Gonzaga, Diego Rafael | Madureira, Louise Klein | Guedes-Oliveira, Ramon | Barros, Claudia Franca | de Siqueira, Marinez Ferreira",JOURNAL OF ZOOLOGICAL AND BOTANICAL GARDENS,NA,NA,NA,Scopus; WoS,2,other
Scopus,english,RISKS FROM FLUCTUATIONS IN CYCLICAL CLIMATE OSCILLATIONS IN THE FACE OF CLIMATE CHANGE IN NORTHERN CHILE,NA,10.23854/07199562.2024602.valenzuela,2024,Valenzuela-Heredia D.,Revista Geografica De Chile Terra Australis,Article,NA,SCOPUS_ID:105009867351,Scopus,1,research_paper
WoS,english,Recovery of local agrobiodiversity after an extreme flood in Amazon floodplains,NA,10.1016/j.biocon.2024.110536,2024,"Avila, Julia Vieira da Cunha | Ticktin, Tamara | Steward, Angela May | Giehl, Eduardo Luis Hettwer | Cantor, Mauricio | Clement, Charles Roland",BIOLOGICAL CONSERVATION,NA,NA,NA,WoS,1,other
WoS,english,Relationship between degradation and the structural-functional complexity of subtropical xerophytic forests in the Argentine Wet Chaco,NA,10.1016/j.foreco.2024.121957,2024,"Arnesi, Eugenio Alvarez | Lopez, Dardo R. | Barberis, Ignacio M.",FOREST ECOLOGY AND MANAGEMENT,NA,NA,NA,Scopus; WoS,2,other
Scopus,english,"Resilience aspirations, precarious futures: gender invisibility, racialised risk, and forced displacements in the city of Rio de Janeiro, Brazil",NA,10.1080/13552074.2024.2415247,2024,Barbosa L.M.,Gender and Development,Article,NA,SCOPUS_ID:85217877607,Scopus,1,research_paper
WoS,english,"Resilient Urban-Design Strategies for Landslide Risk Mitigation in Huaraz, Peru",NA,10.3390/urbansci8030090,2024,"Esenarro, Doris | Manosalva, John | Sanchez, Lizeth | Vargas, Carlos | Raymundo, Vanessa | Ccalla, Jimena",URBAN SCIENCE,NA,NA,NA,Scopus; WoS,2,other
WoS,english,Restoring historical grasslands in a desert national park: Resilience or unrecoverable states in an emerging climate?,NA,10.1016/j.biocon.2023.110387,2024,"Chiquoine, Lindsay P. | Abella, Scott R. | Schelz, Charles D. | Medrano, Michael F. | Fisichelli, Nicholas A.",BIOLOGICAL CONSERVATION,NA,NA,NA,WoS,1,other
Scopus,english,Retrofitting Schools in Chile: Integration Resilience Criteria,NA,NA,2024,Piderit-Moreno B.,PLEA 2024 Re Thinking Resilience Proceedings of 37th PLEA Conference Sustainable Architecture and Urban Design the Book of Proceedings,Conference Paper,NA,SCOPUS_ID:105023670362,Scopus,1,research_paper
WoS,english,Rhizospheric bacteria from the Atacama Desert hyper-arid core: cultured community dynamics and plant growth promotion,NA,10.1128/spectrum.00056-24,2024,"Castro-Severyn, Juan | Fortt, Jonathan | Sierralta, Mariela | Alegria, Paola | Donoso, Gabriel | Choque, Alessandra | Avellaneda, Andrea M. | Pardo-Este, Coral | Saavedra, Claudia P. | Stoll, Alexandra | Remonsellez, Francisco",MICROBIOLOGY SPECTRUM,NA,NA,NA,Scopus; WoS,2,other
WoS,english,Risks associated with global warming of 1.5 to 4 °C above pre-industrial levels in human and natural systems in six countries,NA,10.1007/s10584-023-03646-6,2024,"Warren, R. | Price, J. | Forstenhausler, N. | Andrews, O. | Brown, S. | Ebi, K. | Gernaat, D. | Goodwin, P. | Guan, D. | He, Y. | Manful, D. | Yin, Z. | Hu, Y. | Jenkins, K. | Jenkins, R. | Kennedy-Asser, A. | Osborn, T. J. | Vanvuuren, D. | Wallace, C. | Wang, D. | Wright, R.",CLIMATIC CHANGE,NA,NA,NA,Scopus; WoS,2,other
WoS,english,Saltwater intrusion simulations in coastal karstic aquifers related to climate change scenarios,NA,10.1007/s12665-024-11899-2,2024,"Canul-Macario, Cesar | Pacheco-Castro, Roger | Hernandez-Espriu, Antonio | Gonzalez-Herrera, Roger | Salles, Paulo",ENVIRONMENTAL EARTH SCIENCES,NA,NA,NA,Scopus; WoS,2,other
Scopus,english,Scarcity of green infrastructure in six Mexican cities,NA,10.36677/legado.v19i36.25799,2024,Reyes-Plata J.A.,Legado De Arquitectura Y Diseno,Article,NA,SCOPUS_ID:85219508153,Scopus,1,research_paper
WoS,english,"Seed keepers, Ecological Knowledge, and Climate Change Adaptation. Risaralda Colombia",NA,10.24215/15155994e260,2024,"Arenas, Aida Milena Garcia | Montealegre, Juan Sebastian Barrera | Reina, Sara Tabares | Achicanoy-Gomez, Luisa | Gonzalez-Acevedo, Alejandra",MUNDO AGRARIO,NA,NA,NA,Scopus; WoS,2,other
WoS,english,Shared insights for heat health risk adaptation in metropolitan areas of developing countries,NA,10.1016/j.isci.2024.109728,2024,"Yu, Wenbo | Yang, Jun | Sun, Dongqi | Xue, Bing | Sun, Wei | Ren, Jiayi | Yu, Huisheng | Xiao, Xiangming | Xia, Jianhong (Cecilia) | Li, Xueming",ISCIENCE,NA,NA,NA,Scopus; WoS,2,other
WoS,english,"Shoreline Change and Coastal Erosion: An Analysis of Long and Short-Term Alterations and Mitigation Strategies on the Coast of Icapuí, Northeast Brazil",NA,10.20502/rbg.v25i4.2604,2024,"Barros, Eduardo Lacerda | Pinheiro, Lidriana de Souza | Guerra, Renan Gonsalves Pinheiro | de Moura, Francisco Jose Maciel | de Paula, Davis Pereira | Ximenes Neto, Antonio Rodrigues | Leisner, Melvin Moura | de Morais, Jader Onofre",REVISTA BRASILEIRA DE GEOMORFOLOGIA,NA,NA,NA,WoS,1,other
WoS,english,"Shoreline Change and Coastal Erosion: An Analysis of Long and Short-Term Alterations and Mitigation Strategies on the Coast of Icapuí, Northeast Brazil",NA,10.20502/rbgeomorfologia.v25i4.2604,2024,"Barros, Eduardo Lacerda | Pinheiro, Lidriana de Souza | Guerra, Renan Goncalves Pinheiro | de Moura, Francisco Jose Maciel | de Paula, Davis Pereira | Ximenes Neto, Antonio Rodrigues | Leisner, Melvin Moura | de Morais, Jader Onofre",REVISTA BRASILEIRA DE GEOMORFOLOGIA,NA,NA,NA,WoS,1,other
WoS,english,Skepticism in the Recognition of Traditional Knowledge for Public Policy Management Related to Climate Change,NA,10.15359/rgac.72-1.5,2024,"Apaza, Zenon Porfidio Gomel | Oba, Jorge Ishizawa | Carbajal, Rafael Evelio Granados | Gamwell, Adam",REVISTA GEOGRAFICA DE AMERICA CENTRAL,NA,NA,NA,WoS,1,other
WoS,english,Small Municipalities in the Amazon under the Risk of Future Climate Change,NA,10.3390/cli12070095,2024,"de Souza, Everaldo B. | Silva, Brenda C. S. | Serra, Emilene M. F. | Ruiz, Melgris J. Becerra | Cunha, Alan C. | Souza, Paulo J. P. O. | Pezzi, Luciano P. | da Rocha, Edson J. P. | Sousa, Adriano M. L. | Silva, Joao de Athaydes | do Carmo, Alexandre M. C. | Ferreira, Douglas B. S. | Lima, Aline M. M. | dos Santos, Flavio A. A. | Moraes, Bergson C. | Ruivo, Maria de L. P. | Toledo, Peter M. | Ambrizzi, Tercio",CLIMATE,NA,NA,NA,WoS,1,other
WoS,english,"Smallholders' perspectives, motivations, and incentives for restoring the Brazilian Atlantic Forest",NA,10.1111/rec.14270,2024,"Tavares, Mayra F. | Gallo, Patricia | Nascimento, Nathalia | Bauhus, Juergen | Brancalion, Pedro H. S. | Feurer, Melanie",RESTORATION ECOLOGY,NA,NA,NA,WoS,1,other
WoS,english,Social sustainability and genetic biodiversity in Peruvian alpaca production: a review,NA,10.3389/past.2024.13668,2024,"Bello-Bravo, Julia | Pilares, Denis | Brito, Luiz F. | Toro Ospina, Alejandra M. | Sousa Junior, Luis P. B. | Mamani Mamani, Gerardo Cornelio | Schoonmaker, Jon | Richardson, Jennifer",PASTORALISM-RESEARCH POLICY AND PRACTICE,NA,NA,NA,WoS,1,other
WoS,english,"Social-ecological system trajectories of peri-urban watersheds based on a spatial analysis of vulnerability components: A case study in Mexico City, 1999-2039",NA,10.1007/s13280-024-02053-0,2024,"Pedraza-Gama, Alejandra | Perevochtchikova, Maria | Galeana-Pizana, J. Mauricio",AMBIO,NA,NA,NA,Scopus; WoS,2,other
WoS,english,Solutions Based on Nature to Face Water Stress: Lessons from the Past and Present,NA,10.3390/w16162301,2024,"Suman, Daniel O. | Morais, Manuela | Saito, Carlos Hiroo",WATER,NA,NA,NA,Scopus; WoS,2,other
Scopus,english,Solutions for net-zero energy-oriented renovation of buildings: Case of a low apartment building in tropical climate,NA,10.1109/iestec62784.2024.10820253,2024,Gonzalez F.,Proceedings 2024 9th International Engineering Sciences and Technology Conference Iestec 2024,Conference Paper,NA,SCOPUS_ID:85217710876,Scopus,1,research_paper
WoS,english,Space-Time Characterization of Extreme Precipitation Indices for the Semiarid Region of Brazil,NA,10.3390/cli12030043,2024,"dos Santos, Ana Leticia Melo | Goncalves, Weber Andrade | Andrade, Lara de Melo Barbosa | Rodrigues, Daniele Torres | Batista, Flavia Ferreira | Lima, Gizelly Cardoso | Santos e Silva, Claudio Moises",CLIMATE,NA,NA,NA,Scopus; WoS,2,other
WoS,english,Spatio-Temporal Modeling of Land and Pasture Vulnerability in Dairy Basins in Northeastern Brazil,NA,10.3390/agriengineering6030171,2024,"da Silva, Jessica Bruna Alves | de Almeida, Gledson Luiz Pontes | da Silva, Marcos Vinicius | de Oliveira, Jose Francisco | Pandorfi, Heliton | Giongo, Pedro Rogerio | Macedo, Gleidiana Amelia Pontes de Almeida | Guiselini, Cristiane | Marinho, Gabriel Thales Barboza | Bakke, Ivonete Alves | Ferreira, Maria Beatriz",AGRIENGINEERING,NA,NA,NA,WoS,1,other
WoS,english,"Spatio-temporal tendencies of urban land surface temperature on the Andean piedmont under climate change: A case study of Metropolitan Lima, Peru (1986-2024)",NA,10.1016/j.rsase.2024.101378,2024,"Cano, Deyvis | Cacciuttolo, Carlos | Haller, Andreas | Rosario, Ciza | Guerra, Juan Carlos | de Oliveira, Guilherme Garcia",REMOTE SENSING APPLICATIONS-SOCIETY AND ENVIRONMENT,NA,NA,NA,Scopus; WoS,2,other
WoS,english,State of Wildfires 2023-2024,NA,10.5194/essd-16-3601-2024,2024,"Jones, Matthew W. | Kelley, Douglas I. | Burton, Chantelle A. | Di Giuseppe, Francesca | Barbosa, Maria Lucia F. | Brambleby, Esther | Hartley, Andrew J. | Lombardi, Anna | Mataveli, Guilherme | McNorton, Joe R. | Spuler, Fiona R. | Wessel, Jakob B. | Abatzoglou, John T. | Anderson, Liana O. | Andela, Niels | Archibald, Sally | Armenteras, Dolors | Burke, Eleanor | Carmenta, Rachel | Chuvieco, Emilio | Clarke, Hamish | Doerr, Stefan H. | Fernandes, Paulo M. | Giglio, Louis | Hamilton, Douglas S. | Hantson, Stijn | Harris, Sarah | Jain, Piyush | Kolden, Crystal A. | Kurvits, Tiina | Lampe, Seppe | Meier, Sarah | New, Stacey | Parrington, Mark | Perron, Morgane M. G. | Qu, Yuquan | Ribeiro, Natasha S. | Saharjo, Bambang H. | San-Miguel-Ayanz, Jesus | Shuman, Jacquelyn K. | Tanpipat, Veerachai | van der Werf, Guido R. | Veraverbeke, Sander | Xanthopoulos, Gavriil",EARTH SYSTEM SCIENCE DATA,NA,NA,NA,Scopus; WoS,2,other
WoS,english,Susceptibility of the Vegetation to Forest Fires in the Dry Forest of Ocana-Colombia,NA,10.1007/978-3-031-61440-8_15,2024,"Herrera Galviz, Juan David | Hernandez Criado, Juan Carlos | Ocampo Lopez, Olga Lucia","RECENT DEVELOPMENTS IN GEOSPATIAL INFORMATION SCIENCES, IGISC 2023",NA,NA,NA,Scopus; WoS,2,other
WoS,english,Sustainable Agriculture in Peru Based on Agrobiodiversity and Climate-Smart Agriculture - Evaluation of a Case Study with Small Farmers in an Andean Basin,NA,10.12911/22998993/185221,2024,"Aguilar-Luis, Miguel Angel | Sanchez, Jose Miguel | Mercado, Waldemar | Orihuela, Julio Cesar Alegre",JOURNAL OF ECOLOGICAL ENGINEERING,NA,NA,NA,Scopus; WoS,2,other
WoS,english,"Sustainable Urbanization in Valley-Bottom Areas in Urban Settings: The Case of the Jaguaré Stream Basin, São Paulo, Brazil",NA,10.3390/su16073018,2024,"de Castro, Afonso Celso Vanoni | Benatti Alvim, Angelica Tanus",SUSTAINABILITY,NA,NA,NA,Scopus; WoS,2,other
WoS,english,Sustainable land and irrigation management to limit loss of hydropower in the Andes-Amazon headwaters,NA,10.1038/s43247-024-01738-4,2024,"Ding, Zhaowei | Angarita, Hector | Caceres, Christian Albert Montesinos | Lavado-Casimiro, Waldo | Goldstein, Jesse A. | Batista, Natasha | Wu, Tong | Fisher, Dave | Farah, Andrea Baudoin | Zheng, Hua | Schmitt, Rafael J. P.",COMMUNICATIONS EARTH & ENVIRONMENT,NA,NA,NA,WoS,1,other
Scopus,english,THE URBAN CLIMATIC RECOMMENDATION MAP (UC-REMAP) IN BRAZIL,NA,10.54399/rbgdr.v20i3.6839,2024,Damas P.V.S.,Revista Brasileira De Gestao E Desenvolvimento Regional,Article,NA,SCOPUS_ID:85216318796,Scopus,1,research_paper
Scopus,english,"Territorial strategy for climate change adaptation and mitigation in the municipality of Tona, Santander, Colombia",NA,10.18687/laccei2024.1.1.1562,2024,Alberto Amaya Corredor C.,Proceedings of the Laccei International Multi Conference for Engineering Education and Technology,Conference Paper,NA,SCOPUS_ID:85203816351,Scopus,1,research_paper
WoS,english,The 2023 Latin America report of the Lancet Countdown on health and climate change: the imperative for health-centred climate-resilient development,NA,10.1016/j.lana.2024.100746,2024,"Hartinger, Stella M. | Palmeiro-Silva, Yasna K. | Llerena-Cayo, Camila | Blanco-Villafuerte, Luciana | Escobar, Luis E. | Diaz, Avriel | Sarmiento, Juliana Helo | Lescano, Andres G. | Melo, Oscar | Rojas-Rueda, David | Takahashi, Bruno | Callaghan, Max | Chesini, Francisco | Dasgupta, Shouro | Posse, Carolina Gil | Gouveia, Nelson | de Carvalho, Aline Martins | Miranda-Chacon, Zaray | Mohajeri, Nahid | Pantoja, Chrissie | Robinson, Elizabeth J. Z. | Salas, Maria Fernanda | Santiago, Raquel | Sauma, Enzo | Santos-Vega, Mauricio | Scamman, Daniel | Sergeeva, Milena | de Camargo, Tatiana Souza | Sorensen, Cecilia | Umana, Juan D. | Yglesias-Gonzalez, Marisol | Walawender, Maria | Buss, Daniel | Romanello, Marina",LANCET REGIONAL HEALTH-AMERICAS,NA,NA,NA,Scopus; WoS,2,other
WoS,english,The <i>status quo</i> effect in the sociohydrology of floods,NA,10.1080/02626667.2024.2412734,2024,"Leal, Catalina Mendoza | Coloma, Rocio | Ponce, Diego | Alarcon, Benjamin | Guerra, Maricarmen | Stehr, Alejandra | Carrasco, Juan Antonio | Alcayaga, Hernan | Rojas, Octavio | Link, Felipe | Link, Oscar",HYDROLOGICAL SCIENCES JOURNAL,NA,NA,NA,WoS,1,other
WoS,english,The Evolution of Agrarian Landscapes in the Tropical Andes,NA,10.3390/plants13071019,2024,"Shadik, Courtney R. | Bush, Mark B. | Valencia, Bryan G. | Rozas-Davila, Angela | Plekhov, Daniel | Breininger, Robert D. | Davin, Claire | Benko, Lindsay | Peterson, Larry C. | Vanvalkenburgh, Parker",PLANTS-BASEL,NA,NA,NA,Scopus; WoS,2,other
WoS,english,The Future Sustainability of the São Francisco River Basin in Brazil: A Case Study,NA,10.3390/su16135521,2024,"Andrade, Cristina | de Souza, Irving | da Silva, Luiz",SUSTAINABILITY,NA,NA,NA,Scopus; WoS,2,other
WoS,english,"The Growth of Cross-Border Regions Toward ""Two Countries, One Park"": A Case Study of the Mohan-Boten Cross-Border Cooperation Zone",NA,10.1111/grow.70005,2024,"Song, Zhouying | Yao, Qiuhui | Liu, Weidong",GROWTH AND CHANGE,NA,NA,NA,WoS,1,other
WoS,english,The Mogollon Highlands Ecoregion of the American Southwest: A Neglected Center of Ecological Diversity,NA,10.3375/2162-4399-44.2.104,2024,"Fleischner, Thomas L. | Floyd, M. Lisa | Rack, Jessie | Hanna, David | Blevins, Karen | Christman, Bruce | Holycross, Andrew T.",NATURAL AREAS JOURNAL,NA,NA,NA,WoS,1,other
WoS,english,"The Relationship between Climate, Agriculture and Land Cover in Matopiba, Brazil (1985-2020)",NA,10.3390/su16072670,2024,"Araujo, Mayara Lucyanne Santos de | Rufino, Iana Alexandra Alves | Silva, Fabricio Brito | Brito, Higor Costa de | Santos, Jessflan Rafael Nascimento",SUSTAINABILITY,NA,NA,NA,Scopus; WoS,2,other
WoS,english,The Risk of Virus Emergence in South America: A Subtle Balance Between Increasingly Favorable Conditions and a Protective Environment,NA,10.1146/annurev-virology-100422-024648,2024,"de Thoisy, Benoit | Graf, Tiago | Mansur, Daniel Santos | Delfraro, Adriana | dos Santos, Claudia Nunes Duarte",ANNUAL REVIEW OF VIROLOGY,NA,NA,NA,WoS,1,other
WoS,english,The case for a climate bonus: waste pickers' perceptions of climate change in Minas Gerais,NA,10.1177/09562478241230813,2024,"Dias, Sonia Maria | Broto, Vanesa Castan | Cypriano, Breno | Ogando, Ana Carolina | Goncalves, Juliana",ENVIRONMENT AND URBANIZATION,NA,NA,NA,Scopus; WoS,2,other
WoS,english,The challenge of integrating subnational governments in multilevel climate governance: the case of Mexico,NA,10.1080/21622671.2022.2106298,2024,"Soto-Montes-de-Oca, Gloria | Cruz-Bello, Gustavo M. | Quiroz-Rosas, Laura E. | Flores-Gutierrez, Socorro",TERRITORY POLITICS GOVERNANCE,NA,NA,NA,Scopus; WoS,2,other
WoS,english,The future is local? Contextualizing municipal agendas on climate change in Chile,NA,10.1038/s44168-023-00095-w,2024,"Lehmann, Rosa | Rios, Alejandra Irigoyen",NPJ CLIMATE ACTION,NA,NA,NA,WoS,1,other
WoS,english,The race to disasters - is the international relief community ready for future disasters?,NA,10.1186/s13584-024-00657-1,2024,"Peleg, Kobi | Bodas, Moran",ISRAEL JOURNAL OF HEALTH POLICY RESEARCH,NA,NA,NA,Scopus; WoS,2,other
WoS,english,The role of wildfires in the recovery strategy for the endangered southern California steelhead,NA,10.1130/2024.2562(06),2024,"Capelli, Mark Henri",BIOGEOMORPHIC RESPONSES TO WILDFIRE IN FLUVIAL ECOSYSTEMS,NA,NA,NA,Scopus; WoS,2,other
WoS,english,Thermal stress and financial distress: Extreme temperatures and firms' loan defaults in Mexico,NA,10.1016/j.jdeveco.2023.103246,2024,"Aguilar-Gomez, Sandra | Gutierrez, Emilio | Heres, David | Jaume, David | Tobal, Martin",JOURNAL OF DEVELOPMENT ECONOMICS,NA,NA,NA,WoS,1,other
WoS,english,"Transnational city networks, global political economy, and climate governance: C40 in Mexico and Lima",NA,10.1080/09692290.2023.2167849,2024,"Leal, Jose Manuel | Paterson, Matthew",REVIEW OF INTERNATIONAL POLITICAL ECONOMY,NA,NA,NA,Scopus; WoS,2,other
WoS,english,Twenty-first-century demographic and social inequalities of heat-related deaths in Brazilian urban areas,NA,10.1371/journal.pone.0295766,2024,"dos Santos, Djacinto Monteiro | Libonati, Renata | Garcia, Beatriz N. | Geirinhas, Joao L. | Salvi, Barbara Bresani | Silva, Eliane Lima e | Rodrigues, Julia A. | Peres, Leonardo F. | Russo, Ana | Gracie, Renata | Gurgel, Helen | Trigo, Ricardo M.",PLOS ONE,NA,NA,NA,Scopus; WoS,2,other
WoS,english,"Typology of production units and livestock technologies for adaptation to drought in Sinaloa, Mexico",NA,10.47280/revfacagron(luz).v41.n1.06,2024,"Cuevas-Reyes, Venancio | Meza, Alfredo Loaiza | Gutierrez, Obed Gutierrez | Rodriguez, German Buendia | Rosales-Nieto, Cesar",REVISTA DE LA FACULTAD DE AGRONOMIA DE LA UNIVERSIDAD DEL ZULIA,NA,NA,NA,Scopus; WoS,2,other
WoS,english,Understanding the science-policy interface in urban climate governance from a co-production perspective: Insights from the cases of Hamburg and Sao Paulo,NA,10.1016/j.envsci.2024.103750,2024,"Schmidt, Laura | Feital, Marcela | Cortekar, Jorg | di Giulio, Gabriela | Engels, Anita",ENVIRONMENTAL SCIENCE & POLICY,NA,NA,NA,WoS,1,other
WoS,english,"Unraveling the genomic landscape of <i>Campylorhynchus</i> wrens along western Ecuador's precipitation gradient: Insights into hybridization, isolation by distance, and isolation by the environment",NA,10.1002/ece3.11661,2024,"Montalvo, Luis Daniel | Kimball, Rebecca T. | Austin, James D. | Robinson, Scott K.",ECOLOGY AND EVOLUTION,NA,NA,NA,WoS,1,other
WoS,english,Unveiling emerging interdisciplinary research challenges in the highly threatened sclerophyllous forests of central Chile,NA,10.1186/s40693-024-00130-y,2024,"Delpiano, Cristian A. | Vargas, Solange | Ovalle, Juan F. | Caceres, Catalina | Zorondo-Rodriguez, Francisco | Miranda, Alejandro | Pohl, Nelida | Rojas, Claudia | Squeo, Francisco A.",REVISTA CHILENA DE HISTORIA NATURAL,NA,NA,NA,Scopus; WoS,2,other
Scopus,english,Urban Expansion Coupled with Climate Change: The Scenario of Federal District of Brazil,NA,10.1007/978-981-97-3870-0_5,2024,Werneck D.R.,Climate Change and Regional Socio Economic Systems in the Global South Resilience Strategies for Sustainable Development,Book Chapter,NA,SCOPUS_ID:105004976819,Scopus,1,other
Scopus,english,Urban Inequalities and Climate Change: Contributions to the Study of Resilience in Argentine Cities,NA,10.1007/978-3-031-59746-6_7,2024,Zulaica M.L.,Urban Book Series,Book Chapter,NA,SCOPUS_ID:85201399234,Scopus,1,other
Scopus,english,Urban Planning and Climate Adaptation in Peru. Analysis of the Main Methods of Risk Prevention and Mitigation in Cities,NA,10.1007/978-3-031-65088-8_8,2024,Pichihua Y.M.P.,Advances in Science Technology and Innovation,Conference Paper,NA,SCOPUS_ID:85205111700,Scopus,1,research_paper
Scopus,english,"Urban Wetlands as Resilient Landscape Infrastructure—The Case of Llanquihue Green Infrastructure Plan, Chile",NA,10.1007/978-3-031-69590-2_8,2024,Moreno O.,Sustainable Development Goals Series,Book Chapter,NA,SCOPUS_ID:85210024443,Scopus,1,other
WoS,english,Using exploratory modeling to challenge narratives of risk governance in Mexico City,NA,10.1073/pnas.2313191121,2024,"Eakin, Hallie | Bojorquez-Tapia, Luis A. | Miquelajauregui, Yosune | Grave, Ileana | Aguilar, Bertha Hernandez | Janssen, Marco A.",PROCEEDINGS OF THE NATIONAL ACADEMY OF SCIENCES OF THE UNITED STATES OF AMERICA,NA,NA,NA,WoS,1,other
WoS,english,Using the Red List of Ecosystems and the Nature-based Solutions Global Standard as an integrated process for climate change adaptation in the Andean high mountains,NA,10.1098/rstb.2022.0326,2024,"Vasseur, L. | Andrade, A.",PHILOSOPHICAL TRANSACTIONS OF THE ROYAL SOCIETY B-BIOLOGICAL SCIENCES,NA,NA,NA,Scopus; WoS,2,other
Scopus,english,Vulnerability and climate risk. The challenges of Mexico City towards the first third of the 21st Century,NA,10.14350/rig.60844,2024,Graizbord B.,Investigaciones Geograficas,Article,NA,SCOPUS_ID:85201051436,Scopus,1,research_paper
Scopus,english,"WHEN CLIMATE CHANGES, so DOES VIOLENCE: EXAMINING the LINK between WEATHER and CRIME in PERNAMBUCO-NORTHEAST, BRAZIL",NA,10.1142/s2010007823500276,2024,De Souza Sá Á.R.,Climate Change Economics,Article,NA,SCOPUS_ID:85188158376,Scopus,1,research_paper
WoS,english,"Water science library: Nature-based solution to the hydrosocial cycle, La Honda neighborhood, Medellin-Colombia",NA,10.32995/rev180.num-54.(2024).art-1265,2024,"Marin, Luisa Maria Restrepo | Plata, Eneyda Caridad Abreu | Serra, David Jonathan | Lopera, Adolfo Emilio Arboleda | Castro, Diego Alejandro Camargo",REVISTA 180,NA,NA,NA,WoS,1,other
WoS,english,"Water, Ecosystem Services, and Urban Green Spaces in the Anthropocene",NA,10.3390/land13111948,2024,"Olivadese, Marianna | Dindo, Maria Luisa",LAND,NA,NA,NA,Scopus; WoS,2,other
WoS,english,What factors drive municipal climate adaptation policy? The role of risk management capacity and transnational municipal networks,NA,10.1016/j.uclim.2024.101809,2024,"dos Santos, Ana Paula Silva | de Oliveira, Jose A. Puppim",URBAN CLIMATE,NA,NA,NA,WoS,1,other
WoS,english,Why do rural youth migrate? Evidence from Colombia and Guatemala,NA,10.3389/fsoc.2024.1439256,2024,"Baca, Manuel Francisco Diaz | Lerma, Leonardo Moreno | Burkart, Stefan | Angel, Natalia Triana",FRONTIERS IN SOCIOLOGY,NA,NA,NA,Scopus; WoS,2,other
WoS,english,Wild relatives of potato (<i>Solanum</i> L. sec. <i>Petota</i>) poorly sampled and unprotected in Colombia,NA,10.1002/csc2.21143,2024,"Gonzalez-Orozco, Carlos E. | Reyes-Herrera, Paula H. | Sosa, Chrystian C. | Torres, Rosa T. | Manrique-Carpintero, Norma C. | Lasso-Paredes, Zahara | Ceron-Souza, Ivania | Yockteng, Roxana",CROP SCIENCE,NA,NA,NA,WoS,1,other
Scopus,english,"1st International Conference on Geographic Perspectives on Climate Change Mitigation in Urban and Rural Environments, GCUE 2024",NA,NA,2025,NA,Advances in Science Technology and Innovation,Conference Review,NA,SCOPUS_ID:105020053064,Scopus,1,other
Scopus,english,"1st International Conference on Geographic Perspectives on Climate Change Mitigation in Urban and Rural Environments, GCUE 2024",NA,NA,2025,NA,Advances in Science Technology and Innovation,Conference Review,NA,SCOPUS_ID:105018807300,Scopus,1,other
WoS,english,2024 Brazil floods: Mapping the extent and impacts in Eastern Rio Grande do Sul using geospatial techniques,NA,10.1016/j.nhres.2025.03.011,2025,"Rathore, Jitender | Kumari, Sheetal | Tripathy, Pratyush | Mahto, Shanti Shwarup | Lal, Preet",NATURAL HAZARDS RESEARCH,NA,NA,NA,Scopus; WoS,2,other
Scopus,english,"7th International Conference on Green Urbanism, GU 2023",NA,NA,2025,NA,Advances in Science Technology and Innovation,Conference Review,NA,SCOPUS_ID:105018687518,Scopus,1,other
WoS,english,A 40-year assessment of a harvested sandy beach clam population: Environmental and economic drivers of a regime shift,NA,10.1016/j.ocecoaman.2025.107613,2025,"Bozzeda, Fabio | Celentano, Eleonora | Ortega, Leonardo | Defeo, Omar",OCEAN & COASTAL MANAGEMENT,NA,NA,NA,Scopus; WoS,2,other
WoS,english,A Framework for Learning Through Citizen Science: The Case Study of the Big Seaweed Search Mexico,NA,10.5334/cstp.826,2025,"Paredes-Chi, Arely | Vazquez-Delfin, Erika | Benavides-Lahnstein, Ana | Galindo-De Santiago, Carmen | Rios-Vazquez, Ameyalli | Brodie, Juliet",CITIZEN SCIENCE-THEORY AND PRACTICE,NA,NA,NA,Scopus; WoS,2,other
Scopus,english,A agropecuária como parte da solução no enfrentamento das mudanças climáticas globais,NA,10.1590/s0103-4014.202539114.006,2025,Eduardo Pellegrino Cerri C.,Estudos Avancados,Article,NA,SCOPUS_ID:105018358945,Scopus,1,research_paper
WoS,english,A gentle wave before the tsunami: addressing the wicked problem of cities and climate change through a pedagogical evaluation,NA,10.1007/s44243-025-00072-3,2025,"Marin, Marielos Arlen",FRONTIERS OF URBAN AND RURAL PLANNING,NA,NA,NA,WoS,1,other
WoS,english,A multimethod approach for building climate literacy and a climate portal in the context of spatial regional planning in northern Patagonia,NA,10.1016/j.jenvman.2025.125397,2025,"Pineda, Claudio Pareja | Salazar, Alvaro | Acuna, Maria Paz | Melgar, Diego Ocampo | Sepulveda, Maria Ester | Bravo, Francisco",JOURNAL OF ENVIRONMENTAL MANAGEMENT,NA,NA,NA,WoS,1,other
Scopus,english,"ARR ECENT OCCURENCES OF THE GREAT ANTSHRIKE TARABA MAJOR (VIEILLOT, 1816) (AVES: THAMNOPHILIDAE) IN NATURAL ENVIRONMENTS OF THE LARGEST URBAN AREA IN SOUTH AME­ RICA",NA,10.5216/rbn.v22i1.78534,2025,Schunck F.,Revista De Biologia Neotropical Journal of Neotropical Biology,Article,NA,SCOPUS_ID:85218755441,Scopus,1,research_paper
WoS,english,"Adaptation measures for climate change in urban areas, considering drought and excess precipitation risks. case study: morelia city, Mexico",NA,10.2166/wcc.2025.182,2025,"Ponce, Angel Flores | Quispe, Sonia Tatiana Sanchez | Garcia-Romero, Liliana | Avalos, Julio Cesar Orantes | Madrigal, Jaime",JOURNAL OF WATER AND CLIMATE CHANGE,NA,NA,NA,WoS,1,other
WoS,english,Adaptive capacity management in municipalities in the Semiarid region of Brazil: Application of a composite index,NA,10.1016/j.crm.2025.100696,2025,"dos Santos, Yonara Claudia | Pessoa, Zoraide Souza",CLIMATE RISK MANAGEMENT,NA,NA,NA,Scopus; WoS,2,other
WoS,english,Adaptive restoration planning to enhance water security in a changing climate,NA,10.1007/s13280-025-02184-y,2025,"Conrado-Silva, Luiz | de Niemeyer, Julia | Pires, Aliny P. F.",AMBIO,NA,NA,NA,Scopus; WoS,2,other
Scopus,english,"Advancing wetland mapping in Argentina: A probabilistic approach integrating remote sensing, machine learning, and cloud computing towards sustainable ecosystem monitoring",NA,10.1016/j.wsee.2025.04.001,2025,Navarro Rau M.F.,Watershed Ecology and the Environment,Article,NA,SCOPUS_ID:105002307105,Scopus,1,research_paper
WoS,english,Afro-descendant lands in South America contribute to biodiversity conservation and climate change mitigation,NA,10.1038/s43247-025-02339-5,2025,"Sangat, Sushma Shrestha | Rosero, Martha | Olsson, Erik | Nowakowski, A. Justin | Drescher-Lehman, Jonathan | Roehrdanz, Patrick R. | Noon, Monica L. | Mcmanus, Nickolas | Perz, Stephen G. | Angel, Marcela | Krieger, Joana M. | Brock, Cameryn | Coutinho, Bruno | Martinez, Christian | Douglas, Leo R. | Bernard, Curtis | Trustfull, Loes | Raik, Daniela | Troeng, Sebastian | Alie, Kelvin",COMMUNICATIONS EARTH & ENVIRONMENT,NA,NA,NA,Scopus; WoS,2,other
WoS,english,"Against the flow: flooding and its impact on phlebotomine bionomics in the Chaco region, Argentina",NA,10.1016/j.actatropica.2025.107797,2025,"Florencia, Gomez Gallipoliti Sofia | Alejandro, Szelag Enrique | Janinna, Faraone | Miriam, Ellena | Matias, Parras | Daniel, Salomon Oscar | Gabriela, Quintana Maria | Juan, Rosa",ACTA TROPICA,NA,NA,NA,Scopus; WoS,2,other
WoS,english,"Agricultural subsidies augmented tropical deforestation in the state of Campeche, Mexico",NA,10.1016/j.forpol.2025.103525,2025,"Ellis, Edward A. | Castillo, David Chacon | Gomez, Irving Uriel Hernandez | Zubiran, Sergio Madrid | Vega, Sara Maria Cuervo",FOREST POLICY AND ECONOMICS,NA,NA,NA,Scopus; WoS,2,other
Scopus,english,Agriculture and agroecology,NA,10.1016/b978-0-443-40490-0.00019-2,2025,Madeira N.R.,Innovative Conservation Techniques and Perspectives Global Biome Conservation and Global Warming Impacts on Ecology and Biodiversity,Book Chapter,NA,SCOPUS_ID:105011435488,Scopus,1,other
Scopus,english,"Agroecological and biocultural practices in the production of sweet potato (Ipomoea batatas) in smallholder family farming in Carchi, Ecuador",NA,NA,2025,Tulcán Enríquez M.,Agroalimentaria,Article,NA,SCOPUS_ID:105024534361,Scopus,1,research_paper
WoS,english,"Amazon's climate crossroads: analyzing air pollution and health impacts under machine learning-based temperature increase scenarios in Northern Mato Grosso, Brazil",NA,10.1007/s10653-025-02524-7,2025,"de Moura, Fernando Rafael | Buffarini, Romina | Barlem, Edison Luis Devos | Nadaleti, Willian Cezar | Carvalho, Helotonio | da Silva Junior, Flavio Manoel Rodrigues",ENVIRONMENTAL GEOCHEMISTRY AND HEALTH,NA,NA,NA,Scopus; WoS,2,other
WoS,english,Amazonian and Andean tree communities are not tracking current climate warming,NA,10.1073/pnas.2425619122,2025,"Farfan-Rios, William | Feeley, Kenneth J. | Myers, Jonathan A. | Tello, Sebastian | Sallo-Bravo, Jhonatan | Malhi, Yadvinder | Phillips, Oliver L. | Baker, Timothy R. | Nina-Quispe, Alex | Garcia-Cabrera, Karina | Saatchi, Sasan S. | Terborgh, John W. | Pitman, Nigel C. A. | Mendoza, Abel Lorenzo Monteagudo | Vasquez, Rodolfo | Salinas, Norma | Cayola, Leslie | Claros, Alfredo Fuentes | Loza, Maria I. | Vargas, Percy Nunez | Silman, Miles R.",PROCEEDINGS OF THE NATIONAL ACADEMY OF SCIENCES OF THE UNITED STATES OF AMERICA,NA,NA,NA,WoS,1,other
Scopus,english,"An Interdisciplinary Framework for Conservation Education: Bridging Science, Participatory Design and Management",NA,NA,2025,Navarro-Sanint M.,International Conference the Future of Education,Conference Paper,NA,SCOPUS_ID:105029595834,Scopus,1,research_paper
Scopus,english,Analysis of thermal variation and rainfall index in Hydrographic basins in the Brazilian semi-arid rid according to CMIP6 projections,NA,10.26848/rbgf.v18.1.p001-018,2025,de Melo M.H.B.,Revista Brasileira De Geografia Fisica,Article,NA,SCOPUS_ID:85214835756,Scopus,1,research_paper
Scopus,english,"Application of Machine Learning Techniques for Environmental Conservation: Predictive Modeling of Climate Change in the Merenberg Nature Reserve, Huila",NA,10.1109/amitic68284.2025.11214622,2025,Pulido Osorio M.D.,8th Congreso Internacional En Inteligencia Ambiental Ingenieria De Software Y Salud Electronica Y Movil Amitic 2025,Conference Paper,NA,SCOPUS_ID:105025033149,Scopus,1,research_paper
Scopus,english,"Application of Random Forest in the Prediction of Extreme Flows: Evaluation against Deterministic Methods, exper-imental case of the Magdalena River Frío basin in Colombia",NA,NA,2025,Quintero Suárez S.M.,Journal of Maritime Research,Article,NA,SCOPUS_ID:105005722601,Scopus,1,research_paper
Scopus,english,Applied Bioanalysis in Maritime Jurisdiction: Linking International Law with Ocean Resource Governance,NA,10.53555/jab.v11i4.442,2025,Ravi Narayana Sarma B.,Journal of Applied Bioanalysis,Article,NA,SCOPUS_ID:105015697228,Scopus,1,research_paper
WoS,english,Are hurricane-driven forest management decisions coupled with rising urbanization affecting the forest carbon dynamics in the Gulf of Mexico? A case study from Perdido watershed in the Panhandle Florida,NA,10.1016/j.ijdrr.2025.105273,2025,"Alam, Asiful | Dwivedi, Puneet",INTERNATIONAL JOURNAL OF DISASTER RISK REDUCTION,NA,NA,NA,WoS,1,other
WoS,english,Assessing Streamflow Responses to Future Climate and Land Use and Land Cover Change in a Transitional Brazilian Basin Between Semiarid Dry Forest and Humid Tropical Forest Biomes,NA,10.1002/hyp.70316,2025,"De Farias, Vanine Elane Menezes | Montenegro, Suzana Maria Gico Lima | Da Silva, Richarde Marques | Xuan, Yunqing | Ursulino, Bruno E. Silva | Santos, Celso Augusto Guimaraes",HYDROLOGICAL PROCESSES,NA,NA,NA,Scopus; WoS,2,other
WoS,english,Assessing Tsunami vulnerability indicators to enhance coastal resilience in Southern Chile,NA,10.1007/s11069-024-06981-8,2025,"Shahin, Md. Salimul Alam | Villagra, Paula | Mazzorana, Bruno | Rana, Md. Juwel | Khan, Imran | Altuwaijri, Hamad Ahmed | Kafy, Abdulla Al",NATURAL HAZARDS,NA,NA,NA,Scopus; WoS,2,other
Scopus,english,"Assessing the Dynamics of Woody Vegetation in the Abo-bral region, southern Pantanal wetland (Brazil): Contributi-ons of Functional Indices Derived from Satellite Image Time Series",NA,10.5380/raega.v63i2.99924,2025,Ribeiro U.M.,Ra E GA O Espaco Geografico Em Analise,Article,NA,SCOPUS_ID:105015956425,Scopus,1,research_paper
Scopus,english,"Assessing the Dynamics of Woody Vegetation in the Abobral region, southern Pantanal wetland (Brazil): Contributions of Functional Indices Derived from Satellite Image Time Series",NA,10.5380/raega.v63i2.99925,2025,Mateus Ribeiro U.,Ra E GA O Espaco Geografico Em Analise,Article,NA,SCOPUS_ID:105015856334,Scopus,1,research_paper
WoS,english,Assessing the potential distribution of <i>Myracrodruon urundeuva</i> Allemão (Aroeira) in the Caatinga under climate change scenarios,NA,10.3389/ffgc.2025.1519432,2025,"da Costa, Douglas Batista | de Lima, Robson Borges | Ferreira, Rinaldo L. Caraciolo | de Paula, Alessandro | de Oliveira, Cinthia Pereira | da Silva, Jose A. Aleixo | Gomes, Joselane P. | Santana, Mariana M. M. | Pereira, Ana Luisa L.",FRONTIERS IN FORESTS AND GLOBAL CHANGE,NA,NA,NA,Scopus; WoS,2,other
WoS,english,Assessment of Financing for Biodiversity Conservation in Mexico: Links Between Biodiversity and Climate Change Adaptation Funds,NA,10.3390/d17030185,2025,"Sosa, Miriam | Ivanova, Antonina",DIVERSITY-BASEL,NA,NA,NA,Scopus; WoS,2,other
WoS,english,Assessment of soil vulnerability to water erosion in the province of Manabí (Ecuador) through the application of a geospatial model,NA,10.14198/ingeo.27414,2025,"Andrade-Carreno, Isabel | Delgado, Daniel | Vivas, Mirian Guillen",INVESTIGACIONES GEOGRAFICAS-SPAIN,NA,NA,NA,Scopus; WoS,2,other
WoS,english,Attributing a deadly landslide disaster in Southeastern Brazil to human-induced climate change,NA,10.1016/j.wace.2025.100811,2025,"Barbosa, Maria Lucia Ferreira | Veiga, Rafaela Quintella | Quevedo, Renata Pacheco | Dutra, Debora Joana | Moreira, Ana Carolina | Medeiros, Thais Pereira De | Burton, Chantelle | Liu, Yuexiao | Armond, Nubia Beray | Abreu, Rafael C. De | Li, Sihan | Lott, Fraser C. | Bortolozo, Cassiano Antonio | Sparrow, Sarah | Anderson, Liana Oighenstein",WEATHER AND CLIMATE EXTREMES,NA,NA,NA,Scopus; WoS,2,other
WoS,english,"Between catastrophes and politics: Unraveling the web of disasters, climate change, and public strategies for a sustainable future",NA,10.1016/j.ijdrr.2025.105210,2025,"Silva, Bianca Lima | da Silva, Wesley Vieira | da Silva, Luciana Santos Costa Vieira | Aguiar, Joao Carlos Belarmino | Silva, Robson de Farias | da Cruz, Nicholas Joseph Tavares | da Veiga, Claudimar Pereira",INTERNATIONAL JOURNAL OF DISASTER RISK REDUCTION,NA,NA,NA,WoS,1,other
WoS,english,Beyond Global Trends: Two Decades of Climate Data in the World's Highest Equatorial City,NA,10.3390/atmos16091080,2025,"Zalakeviciute, Rasa | Vallejo, Fidel | Erazo, Bolivar | Chimborazo, Oscar | Bonilla-Bedoya, Santiago | Mejia, Danilo | Tapia-Flores, Tobias Isaac | Chuquimarca, Genesis | Rybarczyk, Yves",ATMOSPHERE,NA,NA,NA,Scopus; WoS,2,other
WoS,english,Beyond the agro-export boom: The challenges of land concentration and fragmentation in Chile,NA,10.1016/j.landusepol.2025.107624,2025,"Villavicencio-Pinto, Eduardo",LAND USE POLICY,NA,NA,NA,Scopus; WoS,2,other
WoS,english,Beyond the faucet: social-geographic disparities and trends in intermittent water supply in Peru,NA,10.2166/wh.2025.386,2025,"Hernandez-Vasquez, Akram | Vargas-Fernandez, Rodrigo",JOURNAL OF WATER AND HEALTH,NA,NA,NA,Scopus; WoS,2,other
Scopus,english,Bio-Invasions: Beyond the Biological Weapons Convention?,NA,10.1080/13880292.2025.2619361,2025,de Vries B.,Journal of International Wildlife Law and Policy,Article,NA,SCOPUS_ID:105029537266,Scopus,1,research_paper
WoS,english,Bioclimatic stress index: A tool to evaluate climate change impact on Mediterranean arid ecosystems,NA,10.1016/j.jaridenv.2025.105376,2025,"Santibanez, P. | Zamora, R. | Franchi, J. | Montaner-Fernandez, D. | Santibanez, F.",JOURNAL OF ARID ENVIRONMENTS,NA,NA,NA,Scopus; WoS,2,other
WoS,english,Boosting the adoption of sustainable land-use systems for achieving Colombian land-based climate action and peacebuilding goals,NA,10.1016/j.worlddev.2024.106888,2025,"Perez-Marulanda, Lisset | Jepsen, Martin Rudbeck | Castro-Nunez, Augusto",WORLD DEVELOPMENT,NA,NA,NA,Scopus; WoS,2,other
Scopus,english,Brazilian’s coastal ecosystems: Human impacts and sustainability,NA,10.1016/b978-0-443-15726-4.00036-0,2025,Herrera N.R.,Aquatic Biomes Global Biome Conservation and Global Warming Impacts on Ecology and Biodiversity,Book Chapter,NA,SCOPUS_ID:105005902154,Scopus,1,other
WoS,english,"Bryophytes as Indicators of Disturbance in One of the Last Remnants of the Mountain Forests of El Oro Province, Ecuador",NA,10.3390/plants14020184,2025,"Benitez, Angel | Nagua, Richard | Medina, Jefferson | Lapo, Gregorio | Yangua-Solano, Erika | Andrade-Hidalgo, Rolando",PLANTS-BASEL,NA,NA,NA,Scopus; WoS,2,other
Scopus,english,Building Bridges: Leveraging Science and Livelihood Development for Community-Driven Mangrove Restoration,NA,10.1007/978-3-031-34967-6_178,2025,Canevari-Luzardo L.M.,Handbook of Nature Based Solutions to Mitigation and Adaptation to Climate Change,Book Chapter,NA,SCOPUS_ID:105033412487,Scopus,1,other
Scopus,english,"Carbon composition and storage in palms of the Andean-Amazonian hotspot, Ecuadorian piedmont forest",NA,10.29298/rmcf.v16i89.1529,2025,Reyes-Morán H.,Revista Mexicana De Ciencias Forestales,Article,NA,SCOPUS_ID:105005436792,Scopus,1,research_paper
WoS,english,Challenges for Quantifying Knowledge Shortfalls on Tropical Pollinators in the Face of Global Environmental Change - Brazilian Bees as a Case Study,NA,10.13102/sociobiology.v72i2.11276,2025,"Carvalheiro, Luisa G. | Cordeiro, Guaraci D. | Marques, Bruno F. | Menezes, Poliana P. | Consorte, Patrick M. | Giannini, Tereza C.",SOCIOBIOLOGY,NA,NA,NA,WoS,1,other
Scopus,english,"Changing Urban Riskscapes: Climate Change, Finance, and the Built Environment",NA,10.3138/jccpe-2025-0013,2025,Cox S.,Journal of City Climate Policy and Economy,Review,NA,SCOPUS_ID:105036703432,Scopus,1,review
WoS,english,Changing the paradigm for the development of the Caatinga dry forest region to rescue threatened biodiversity and improve sustainability,NA,10.1111/cobi.70030,2025,"Tabarelli, Marcelo | Leal, Inara R. | Lopes, Ariadna V. | Canassa, Nathalia | Araujo, Helder F. P.",CONSERVATION BIOLOGY,NA,NA,NA,Scopus; WoS,2,other
WoS,english,Characterization of Hyetograms and Rainfall Patterns in Southern Amazonia,NA,10.3390/hydrology12110302,2025,"Buose, Brenda | Borella, Daniela Roberta | Almeida, Frederico Terra De | Souza, Adilson Pacheco De",HYDROLOGY,NA,NA,NA,WoS,1,other
Scopus,english,Charting Livable and Resilient Cities,NA,10.1007/978-3-031-97849-4_1,2025,He B.,Advances in Science Technology and Innovation,Conference Paper,NA,SCOPUS_ID:105020048680,Scopus,1,research_paper
Scopus,english,Citrus Industry of India,NA,10.1201/9781003584599-2,2025,Bhattacharyya S.,Asian Citrus Industry Growth and Sustainability,Book Chapter,NA,SCOPUS_ID:105021784727,Scopus,1,other
WoS,english,Climate Change and Assessing Thermal Comfort in Social Housing of Southeastern Mexico: A Prospective Study Using Machine Learning and Global Sensitivity Analysis,NA,10.3390/su17219596,2025,"Romero, Diana | Torres, Karla A. | Gonzalez, Joanny | Cetina-Quinones, A. J. | Acosta, Cesar | Sadoqi, M. | Bassam, A.",SUSTAINABILITY,NA,NA,NA,Scopus; WoS,2,other
WoS,english,Climate Change and Urban Resilience in Smart Cities: Adaptation and Mitigation Strategies in Brazil and Germany,NA,10.3390/urbansci9050179,2025,"Bichueti, Roberto Schoproni | Leal Filho, Walter | Gomes, Clandia Maffini | Kneipp, Jordana Marques | da Costa, Carlos Rafael Rohrig | Frizzo, Kamila",URBAN SCIENCE,NA,NA,NA,Scopus; WoS,2,other
WoS,english,"Climate Change, Vulnerability, and the Propensity for Climate Migration: Evidence from Guatemala",NA,10.1162/glep_a_00780,2025,"Maboudi, Tofigh | Eisenstadt, Todd A. | Arce, Moises | Feoli, Ludovico | Palacios, Felipe Antonio Giron",GLOBAL ENVIRONMENTAL POLITICS,NA,NA,NA,WoS,1,other
WoS,english,Climate Changes Can Restore Allopatry Between Two Congeneric Birds in the Atlantic Forest,NA,10.3390/birds6030042,2025,"Araujo-Lima, Vitor | Oliveira, Rayane dos Santos | Mageski, Marcio | Ferreira, Rodrigo Barbosa | Duca, Charles",BIRDS,NA,NA,NA,Scopus; WoS,2,other
Scopus,english,"Climate Data Without Borders: AI, Digital Twins, and Collaborative Adaptation in Border Regions",NA,10.4018/979-8-3373-3972-6.ch003,2025,Ravikumar R.N.,Cross Border Cooperation in the Age of Climate Change,Book Chapter,NA,SCOPUS_ID:105023932937,Scopus,1,other
Scopus,english,"Climate change adaptation and mitigation strategy in a rural territory, Vereda Tres Portones, El Playón, Santander, Colombia",NA,10.18687/laccei2025.1.1.1177,2025,Alberto Amaya Corredor C.,Proceedings of the Laccei International Multi Conference for Engineering Education and Technology,Conference Paper,NA,SCOPUS_ID:105019311587,Scopus,1,research_paper
WoS,english,Climate change and agricultural workers in the Michoacan avocado industry: Opportunities and trade-offs in coupling plant and human health for sustainability,NA,10.1525/elementa.2025.00018,2025,"Dhesi, Simerpreet Z. | Jolly, Amber R. | Munoz, Rojelio | Olson, Valerie | Huxman, Travis E.",ELEMENTA-SCIENCE OF THE ANTHROPOCENE,NA,NA,NA,WoS,1,other
WoS,english,Climate change and cancer care: impacts and implications for patients and healthcare professionals,NA,10.3332/ecancer.2025.1973,2025,"Flynn, Calvin R. | de Guzman, Roselle | Ayodele, Olubukola | Schiller, Joan H. | Lichter, Katie | Hwang, E. Shelley | Fox, Lisa | Gosling, Gustavo | Hopkins, Claire | Rogan, Ken | Cazap, Eduardo | O'Reilly, Seamus",ECANCERMEDICALSCIENCE,NA,NA,NA,Scopus; WoS,2,other
Scopus,english,Climate change and freshwater biodiversity refuges in the Chilean Mediterranean Ecoregion,NA,10.1016/j.scitotenv.2025.180815,2025,Bizama G.,Science of the Total Environment,Letter,NA,SCOPUS_ID:105019642819,Scopus,1,research_paper
WoS,english,Climate change and health in the Global South: A scientometric analysis,NA,10.1080/0376835x.2025.2588139,2025,"Ilo, Obianuju | Ilo, Sylvester | Simatele, Mulala",DEVELOPMENT SOUTHERN AFRICA,NA,NA,NA,Scopus; WoS,2,review
WoS,english,"Climate change conflicts and challenges in Tapajós National Forest, Brazil",NA,10.1007/s10113-025-02381-1,2025,"Verjel, Martha Cecilia Vergel | Vieira, Thiago Almeida",REGIONAL ENVIRONMENTAL CHANGE,NA,NA,NA,Scopus; WoS,2,other
WoS,english,Climate change education in semiarid and coastal regions of Mexico: towards an inclusive educational program,NA,10.1080/13504622.2024.2403396,2025,"Bardullas, Ulises | Felix-Anaya, Cesar | Espejel, Ileana | Leyva-Figueroa, Eugenio",ENVIRONMENTAL EDUCATION RESEARCH,NA,NA,NA,Scopus; WoS,2,other
WoS,english,"Climate change resilience of tourism enterprises on the Yucatán coast, Mexico",NA,10.1080/13683500.2025.2504648,2025,"de Yta-Castillo, Diana | Avila-Foucat, V. Sophie | Vidal-Hernandez, Laura E. | Cuevas-Jimenez, Alfonso",CURRENT ISSUES IN TOURISM,NA,NA,NA,WoS,1,other
WoS,english,Climate change scenarios and the increasing severity of thermal extremes in the pampas region,NA,10.1007/s12665-025-12264-7,2025,"Brendel, Andrea Soledad | Ferrelli, Federico | Piccolo, Maria Cintia",ENVIRONMENTAL EARTH SCIENCES,NA,NA,NA,Scopus; WoS,2,other
WoS,english,Climate change-induced shifts in landslide susceptibility in Sao Sebastiao (southeastern Brazil),NA,10.1016/j.nhres.2024.11.005,2025,"Alcantara, Enner | Baiao, Cheila Flavia | Guimaraes, Yasmim Carvalho | Marengo, Jose Antonio | Mantovani, Jose Roberto",NATURAL HAZARDS RESEARCH,NA,NA,NA,WoS,1,other
WoS,english,Climate shelters in the Global South: bridging a critical research gap in urban climate adaptation,NA,10.3389/fbuil.2025.1675897,2025,"Cavaco, Isabela Carmo | Campello Torres, Pedro Henrique",FRONTIERS IN BUILT ENVIRONMENT,NA,NA,NA,WoS,1,other
WoS,english,Climate-Resilient and Sustainable Soil Remediation: Hydrocycloning for Metal Removal in Flood-Prone Brazilian Region,NA,10.3390/su17209083,2025,"Sillos, Marcos | Da Silva, Paula F. | Suhogusoff, Alexandra | Brito, Graca",SUSTAINABILITY,NA,NA,NA,Scopus; WoS,2,other
WoS,english,Climatic zoning and future projections of citrus black spot in Brazil: adaptive strategies for sustainable citrus farming in the face of climate change,NA,10.1007/s42161-025-01976-1,2025,"Torsoni, Guilherme Botega | Aparecido, Lucas Eduardo de Oliveira | Baratti, Ana Claudia Costa | Rossi, Maira Ferreira de Melo | Lorencone, Pedro Antonio | Lorencone, Joao Antonio",JOURNAL OF PLANT PATHOLOGY,NA,NA,NA,Scopus; WoS,2,other
Scopus,english,Climatological Norms and the Effects of Climate Changes on Brazilian Capitals,NA,10.26848/rbgf.v18.3.p2278-2288,2025,E Avila A.C.d.M.,Revista Brasileira De Geografia Fisica,Article,NA,SCOPUS_ID:105002620513,Scopus,1,research_paper
WoS,english,"Coffee agroforestry systems: approaches for the characterization of shade and microclimate in Loja, Ecuador",NA,10.15517/4ssgm196,2025,"Encalada-Cordova, Max | Benavidez-Silva, Cesar | Urgiles-Gomez, Narcisa | Chamba-Caillagua, Klever",AGRONOMIA MESOAMERICANA,NA,NA,NA,WoS,1,other
WoS,english,Collective learning for resilience in Global South cities: a community-based systems mapping approach to integrated climate and health action,NA,10.3389/fpubh.2025.1582550,2025,"Morais, Lidia Maria de Oliveira | Borde, Elis | Tatah, Lambed | Thondoo, Meelan | Wayas, Feyisayo A. | Gordon-Strachan, Georgiana | Obonyo, Charles | Assah, Felix | Oni, Tolu | Caiaffa, Waleska Teixeira | Garcia, Leandro",FRONTIERS IN PUBLIC HEALTH,NA,NA,NA,Scopus; WoS,2,other
WoS,english,Community engagement in groundwater management to enhance climate resilience: A comparative study of California and Baja California,NA,10.1016/j.agwat.2025.109925,2025,"Villada-Canela, Mariana | Quandt, Amy | Munoz-Pizza, Dalia Marcela | Reyna, Andres | Garcia-Searcy, Vanesa",AGRICULTURAL WATER MANAGEMENT,NA,NA,NA,Scopus; WoS,2,other
WoS,english,Community phylogenetics of North American conifers through the lens of fire-adapted traits,NA,10.1002/ajb2.70029,2025,"Turck, Daniel F. | Sparks, Aaron M. | Sullivan, Jack | Tank, David C.",AMERICAN JOURNAL OF BOTANY,NA,NA,NA,WoS,1,other
WoS,english,Community-driven natural hazard and physical vulnerability assessment in a disaster-prone urban neighborhood,NA,10.5194/nhess-25-4451-2025,2025,"Builes-Jaramillo, Alejandro | Winson, Annie E. G. | Bee, Emma | Quiros, Nancy | Uran, Dairo | Rua, James | Rivera-Florez, Luis alejandro | Restrepo-Estrada, Camilo | Gomez-Miranda, Ingry Natalia | Dashwood, Claire | Porto de albuquerque, Joao",NATURAL HAZARDS AND EARTH SYSTEM SCIENCES,NA,NA,NA,Scopus; WoS,2,other
WoS,english,Competitive yields in organic and agroforestry cacao cropping systems: results from 15 years of a long-term systems comparison trial in Bolivia,NA,10.1007/s13593-025-01073-8,2025,"Ruegg, Johanna | Saj, Stephane | Schneidewind, Ulf | Milz, Joachim | Schneider, Monika | Armengot, Laura",AGRONOMY FOR SUSTAINABLE DEVELOPMENT,NA,NA,NA,WoS,1,other
WoS,english,Compressed earth blocks as a sustainable alternative for their integration into conventional construction systems in the city of Liberia,NA,10.18845/tm.v38i7.8291,2025,"Quiros-Ramirez, Esteban Francisco | Castillo-Camacho, Francisco",TECNOLOGIA EN MARCHA,NA,NA,NA,WoS,1,other
WoS,english,Conceptual model of social-ecological resilience in Mexican forests communities,NA,10.3389/ffgc.2025.1490278,2025,"Solis-Mendoza, Lesly Elizabeth | Galicia, Leopoldo | Avila-Foucat, Sophie Veronique | Mwampamba, Tuyeni Heita",FRONTIERS IN FORESTS AND GLOBAL CHANGE,NA,NA,NA,Scopus; WoS,2,other
Scopus,english,"Concrete Mirage: Governance, Equity, and Sustainable Cities in the United States Southwest",NA,NA,2025,Heinz E.,Concrete Mirage Governance Equity and Sustainable Cities in the United States Southwest,Book,NA,SCOPUS_ID:105018651852,Scopus,1,other
Scopus,english,Conservation Planning for Climate Change Vulnerability across the Islands of the Californias,NA,10.3398/064.085.0217,2025,Brenner L.J.,Western North American Naturalist,Article,NA,SCOPUS_ID:105013059708,Scopus,1,research_paper
WoS,english,Conservation genetics of a freshwater turtle (<i>Trachemys hartwegi</i>) in a threatened riverine ecosystem,NA,10.1007/s11033-025-10858-9,2025,"Becerra, Ernesto | Lopez, Bruno Rodriguez | Borja, Miguel | Rico, Yessica",MOLECULAR BIOLOGY REPORTS,NA,NA,NA,WoS,1,other
Scopus,english,"Contribution of trees to carbon stocks in urban–rural ecosystems: Taxonomic, phylogenetic, and functional diversity in response to bioclimatic and geographic factors",NA,10.17268/sci.agropecu.2026.006,2025,Serrano M.,Scientia Agropecuaria,Article,NA,SCOPUS_ID:105020445981,Scopus,1,research_paper
WoS,english,Contributions of Atmospheric Ridging and Low Soil Moisture to the Record-Breaking June 2023 Mexico-Texas Heatwave,NA,10.1029/2025gl114987,2025,"Kalashnikov, Dmitri A. | Singh, Deepti | Ting, Mingfang | Cook, Benjamin I.",GEOPHYSICAL RESEARCH LETTERS,NA,NA,NA,WoS,1,other
WoS,english,Coping with the invisible impacts of COVID-19 in a context of polycrises: wellbeing strategies of marginalised urban and Indigenous Brazilian youth,NA,10.3389/fpsyg.2025.1512893,2025,"Borner, Susanne | Giatti, Leandro | Bizzotto, Luciana | El-Kadri, Michele Rocha | Reis, Ana Elizabeth Sousa | Schweickardt, Julio Cesar | Kraftl, Peter | Andres, Lauren",FRONTIERS IN PSYCHOLOGY,NA,NA,NA,Scopus; WoS,2,other
WoS,english,DENTIFICATION OF CLIMATE-RESILIENT TEOSINTE POPULATIONS TO ASSIST MAIZE ADAPTATION IN THE FUTURE,NA,10.17129/botsci.3680t,2025,"Aguirre-Liguori, Jonas A. | Gongora-Ayora, Alan Ei",BOTANICAL SCIENCES,NA,NA,NA,WoS,1,other
Scopus,english,"DROUGHT RISK MANAGEMENT IN CLIMATE CHANGE SCENARIOS, THROUGH THE DEVELOPMENT OF A VULNERABILITY INDEX, CASE STUDY: MORELIA CITY, MICHOACÁN MEXICO.",NA,NA,2025,Ponce A.F.,Proceedings of the IAHR World Congress,Conference Paper,NA,SCOPUS_ID:105026265975,Scopus,1,research_paper
WoS,english,Dashboard for interpreting future climate files used in the simulation of buildings - An outdoor thermal comfort approach,NA,10.1016/j.enbuild.2024.115059,2025,"Vaz, Igor Cata Martins | Ghisi, Enedir | Thives, Liseane Padilha | Vieira, Abel Silva | Rupp, Ricardo Forgiarini | Schaefer, Aline | Flores, Rafael Almeida | Bastos, Matheus Bruhns | Marinoski, Deivis Luis | Silva, Arthur Santos | Weeber, Max | Invidiata, Andrea",ENERGY AND BUILDINGS,NA,NA,NA,Scopus; WoS,2,other
WoS,english,"Data-Driven Modeling for Urban Flood Warning Systems: A Case Study in the Guarará Basin, Brazil",NA,10.1111/jfr3.70110,2025,"Hossoda, Dario Hachisu | Perez, Raphael Ferreira | Tercini, Joao Rafael Bergamaschi | Bonnecarrere, Joaquin Ignacio Garcia",JOURNAL OF FLOOD RISK MANAGEMENT,NA,NA,NA,Scopus; WoS,2,other
WoS,english,Developing a coastal analysis system: the Guyana coastal analysis system (G-CAS) as an example for small island developing states (SIDS),NA,10.3389/fenvs.2025.1600858,2025,"Oyedotun, Temitope D. Timothy | Poortinga, Ate | Tenneson, Karis | Wafiq, M. Warizmi | Suaruang, Weraphong | Nicolau, Andrea Puzzi | Hamer, Esan A. | Nedd, Gordon A. | Burningham, Helene",FRONTIERS IN ENVIRONMENTAL SCIENCE,NA,NA,NA,Scopus; WoS,2,other
WoS,english,"Developing scientific equity for biodiversity research: a thematic analysis of ecological change impacts on ranchers in Baja California Sur, Mexico",NA,10.1017/s1742170525100100,2025,"Stiner, Eric O. | Vielma, David Canseco | Dyson, Miranda | Esposito, Lauren A. | Gaved, Mark | Taylor, Judith A. | Segobiano, Valeria Bastida | Villavicencio, Bernardo | Herodotou, Christothea",RENEWABLE AGRICULTURE AND FOOD SYSTEMS,NA,NA,NA,WoS,1,other
WoS,english,Development of a climate vulnerability index for community aqueducts in tropical Andean watersheds using fuzzy logic: an application in Colombia,NA,10.1007/s11069-025-07603-7,2025,"Perez-Ortiz, Mayra Alejandra | Vargas-Franco, Viviana | Rosero-Portilla, Diego Fernando",NATURAL HAZARDS,NA,NA,NA,WoS,1,other
WoS,english,Diversity Patterns of Tree Communities Across Multiple Flood Gradients With Separate Fire Histories: Unveiling Patterns in a Wetland Ecosystem,NA,10.1111/jvs.70044,2025,"Souza, Allan H. de Almeida | Pott, Arnildo | Bao, Francielli | Damasceno-Junior, Geraldo Alves",JOURNAL OF VEGETATION SCIENCE,NA,NA,NA,Scopus; WoS,2,other
WoS,english,Do environmental competences in climate risk management make second-cycle students at Excelencia Cahuita Elementary School in Limón more resilient?,NA,10.15359/ru.39-1.5,2025,"Arauz-Munoz, Jeannette | Segura, Cristian Moreira | Castillo, Gustavo Barrantes | Esquivel, Claudia Charpentier",UNICIENCIA,NA,NA,NA,Scopus; WoS,2,other
WoS,english,Dynamic coastal vulnerability index: A machine learning approach to predict future impacts of climate change and human activity on coastal environments,NA,10.1016/j.jsames.2025.105692,2025,"Vadivel, M. | Sundar, Ar S. | Venkataradhakrishnamurty | Soundararajan, M. | Rajan, Dineshkumar | Priya, V.",JOURNAL OF SOUTH AMERICAN EARTH SCIENCES,NA,NA,NA,Scopus; WoS,2,other
WoS,english,ENVIRONMENTALLY DISPLACED PEOPLE: CONCEPTUAL BASES FOR UNDERSTANDING INTERNAL DISPLACEMENT DUE TO ENVIRONMENTAL FACTORS,NA,10.24142/raju.v20n40a10,2025,"Chaves, Ivan Vargas | Marulanda, Diana",RATIO JURIS,NA,NA,NA,WoS,1,other
WoS,english,Ecophysiological traits and root fungal associations of six halophytes under two field saline soil conditions,NA,10.1007/s11756-025-02050-y,2025,"Barajas Gonzalez, Jesus Adrian | Carrillo-Gonzalez, Rogelio | Corona Sanchez, Jesus Eulises | Keller De La Rosa, Yersain Ely | Gonzalez-Chavez, Ma. Del Carmen Angeles",BIOLOGIA,NA,NA,NA,Scopus; WoS,2,other
Scopus,english,Effects of increased temperature on atmospheric pollutant levels and human health in small and medium-sized cities in southern Brazil,NA,10.1016/j.cscee.2025.101170,2025,de Lima Brum R.,Case Studies in Chemical and Environmental Engineering,Article,NA,SCOPUS_ID:85218858443,Scopus,1,research_paper
WoS,english,Effects of recurrent rainfall shocks on poverty and income distribution in rural Ecuador,NA,10.1016/j.worlddev.2025.107107,2025,"Pinto, Maria Cristhina Llerena | Mirzabaev, Alisher | Qaim, Matin",WORLD DEVELOPMENT,NA,NA,NA,WoS,1,other
Scopus,english,Engaging with communities in the Global South to address climate change,NA,10.13031/aim.202501131,2025,Ouellet-Plamondon C.,2025 Asabe Annual International Meeting,Conference Paper,NA,SCOPUS_ID:105015364955,Scopus,1,research_paper
Scopus,english,"Environmental Analysis for the Implementation of Underwater Paths on Sepultura Beach, Southern Brazil: The Case of Palythoa caribaeorum Bleaching Events at the Global Southern Limit of Species Distribution",NA,10.3390/coasts5030026,2025,Schroeder R.,Coasts,Article,NA,SCOPUS_ID:105018113266,Scopus,1,research_paper
Scopus,english,Environmental Impact of the Talara Space Port Piura: Perspectives and Challenges,NA,10.52202/083092-0080,2025,Duran-Aquino R.C.,Proceedings of the International Astronautical Congress Iac,Conference Paper,NA,SCOPUS_ID:105032985525,Scopus,1,research_paper
Scopus,english,Environmental displacement and human migration in the most vulnerable nations,NA,10.4337/9781035356348.00020,2025,van der Putte T.,Pathways to Sustainable Development Implementing the Pact for the Future,Book Chapter,NA,SCOPUS_ID:105031640956,Scopus,1,other
Scopus,english,"Environmental evaluation, peoples, indigenous and traditional communities dialogical, argumentative hermeneutic proposal: comparative study Brazil-Chile",NA,10.5102/rdi.v22i1.9790,2025,Faundes J.J.,Brazilian Journal of International Law,Article,NA,SCOPUS_ID:105007365272,Scopus,1,research_paper
Scopus,english,"Environmental health, climate change, and equity: Understanding geographic vulnerabilities",NA,NA,2025,Solomon G.,Field Actions Science Report,Article,NA,SCOPUS_ID:85218721439,Scopus,1,research_paper
WoS,english,Epidemiological dynamics of dengue in Peru: Temporal and spatial drivers between 2000 and 2022,NA,10.1371/journal.pone.0319708,2025,"Goche, Katherine Susan Rufasto | Castro, Maria Victoria Lizarbe | Zanelly, Glenn Alberto Lozano | Camargo, Washington Melvin Lira | Velasquez, Elizabeth Yovana Ascayo | Carrasco, Alexis G. Murillo | Diaz-Obregon, Daysi",PLOS ONE,NA,NA,NA,Scopus; WoS,2,other
Scopus,english,"Erosion vulnerability and risk on Amazon estuarine beaches (Marajó Island, Brazil)",NA,10.1590/2675-2824073.24020,2025,de Sousa M.B.P.,Ocean and Coastal Research,Article,NA,SCOPUS_ID:105003584075,Scopus,1,research_paper
WoS,english,Establishing Historical Baselines of Arthropod Assemblages Using Rodent Paleomiddens,NA,10.1111/geb.70006,2025,"Braasch, Joseph | Betancourt, Julio | Dezerald, Olivier | Peiris, Udari | Tapia-Rozas, Maura | Villagra, Cristian | Latorre, Claudio | Gonzalez, Angelica L.",GLOBAL ECOLOGY AND BIOGEOGRAPHY,NA,NA,NA,WoS,1,other
WoS,english,Evaluating Public Policies in Fire-affected Conservation Priority Areas of the Brazilian Pantanal,NA,10.1007/s00267-025-02253-8,2025,"Galvanin, Edineia Aparecida dos Santos | Caldas, Marcellus M.",ENVIRONMENTAL MANAGEMENT,NA,NA,NA,WoS,1,other
WoS,english,Evaluating Vegetation Greening and Browning across the Rio Grande Basin,NA,10.1007/s41748-025-00756-2,2025,"Talchabhadel, Rocky | Rhodes, Edward C. | Palmate, Santosh S. | Kumar, Saurav",EARTH SYSTEMS AND ENVIRONMENT,NA,NA,NA,WoS,1,other
WoS,english,Evaluating climate impacts on geographical accessibility to basic services in rural Colombia,NA,10.1016/j.trd.2025.105079,2025,"Cardona-Urrea, Santiago | Gomez, Juan Manuel | Ivarsson, Ellin | Alegre, Xavier Espinet",TRANSPORTATION RESEARCH PART D-TRANSPORT AND ENVIRONMENT,NA,NA,NA,WoS,1,other
WoS,english,Evaluating coastal agroecological dynamics using Landsat-derived vegetation and environmental indices embedded in Decision Support System and Monitoring Tools: insights from Guyana towards achieving SDGs,NA,10.1007/s43621-025-01203-y,2025,"Hamer, Esan Ayeni | Oyedotun, Temitope D. Timothy | Nedd, Gordon A.",DISCOVER SUSTAINABILITY,NA,NA,NA,Scopus; WoS,2,other
WoS,english,Evaluation of Impacts and Sustainability Indicators of Construction in Prefabricated Concrete Houses in Ecuador,NA,10.3390/su17177616,2025,"Paredes, Marcel | Perez, Javier",SUSTAINABILITY,NA,NA,NA,Scopus; WoS,2,other
WoS,english,"Evaluation of agroecological processes implemented in olive production systems: an analysis in Boyacá, Colombia",NA,10.3389/fsufs.2025.1666553,2025,"Barrera-Siabato, Andrea Isabel | Castro-Triana, Ana Maria | Colmenares-Cruz, Ramiro Andres | Moreno-Lopez, Nidia Milena",FRONTIERS IN SUSTAINABLE FOOD SYSTEMS,NA,NA,NA,Scopus; WoS,2,other
WoS,english,"Excess mortality associated with extreme heat in Rio de Janeiro, Brazil, 2023",NA,10.26633/rpsp.2025.76,2025,"Fernandez-Medina, Rita Daniela | Peixoto, Eduardo Mesquita | Rodrigues, Denis | Said, Rodrigo | Holanda, Cleonice Andrade | Freire, Cristina da Silva | de Almeida, Aline Maria | Cardoso, Silvia Cristina de Carvalho | Ribeiro, Mario Sergio | de Mello, Claudia Maria Braga | Rosewell, Alexander | Velasque, Luciane",REVISTA PANAMERICANA DE SALUD PUBLICA-PAN AMERICAN JOURNAL OF PUBLIC HEALTH,NA,NA,NA,Scopus; WoS,2,other
WoS,english,Expanding self-determination theory: Examining the role of nature relatedness in agroforestry adoption among Indigenous landholders in Mexico,NA,10.1016/j.jenvp.2025.102732,2025,"Winkler-Schor, Sophia | van Riper, Carena J. | Ezzine-de-Blas, Driss | Naughton-Treves, Lisa",JOURNAL OF ENVIRONMENTAL PSYCHOLOGY,NA,NA,NA,Scopus; WoS,2,other
Scopus,english,Exploring Climate and Air Pollution Mitigating Benefits of Urban Parks in Sao Paulo Through a Pollution Sensor Network,NA,10.3390/ijerph22020306,2025,Connerton P.,International Journal of Environmental Research and Public Health,Article,NA,SCOPUS_ID:85218874003,Scopus,1,research_paper
WoS,english,Exploring Global Research Trends in Mangrove Ecosystems: A Bibliometric Analysis of Key Issues and Future Directions (1996-2022),NA,10.1002/ldr.5558,2025,"Qin, Yingying | Zhu, Gege | Liang, Mingzhong | Feng, Bingbin",LAND DEGRADATION & DEVELOPMENT,NA,NA,NA,Scopus; WoS,2,review
Scopus,english,"Exploring drought risk scenarios for bioenergy systems for adaptation to climate change in the Upper Tocantins basin, Brazil",NA,10.1016/j.envadv.2025.100631,2025,Zeballos J.C.,Environmental Advances,Article,NA,SCOPUS_ID:105001952586,Scopus,1,research_paper
WoS,english,Exposure to ambient high temperature and increased risk of hospitalisation for non-infectious bowel diseases during 2000-2019: a case-crossover study in 1816 Brazilian cities,NA,10.1136/oemed-2024-109710,2025,"Zhuang, Mengwei | Cao, Yanwen | Coelho, Micheline de Sousa Zanotti Stagliorio | Guo, Yuming | Li, Shanshan | Huang, Tao | Yan, Jie | Zhao, Qi",OCCUPATIONAL AND ENVIRONMENTAL MEDICINE,NA,NA,NA,Scopus; WoS,2,other
WoS,english,Extreme weather events and crop diversification: climate change adaptation in Brazil,NA,10.1007/s11027-025-10211-2,2025,"Piedra-Bonilla, Elena Beatriz | Da Cunha, Denis Antonio | Braga, Marcelo Jose | Oliveira, Lais Rosa",MITIGATION AND ADAPTATION STRATEGIES FOR GLOBAL CHANGE,NA,NA,NA,WoS,1,other
WoS,english,FOUR-DECADE ANALYSIS OF FIRE BEHAVIOR IN THE BRAZILIAN CAATINGA BIOME 1985-2023,NA,10.1590/01047760202531013626,2025,"Perea-Ardila, Mauricio Alejandro",CERNE,NA,NA,NA,WoS,1,other
WoS,english,"Facing oceanographic, fisheries, and governance hotspots: Scientific evidence and policy implications from the southwest South Atlantic Ocean",NA,10.1016/j.marpol.2024.106584,2025,"Defeo, Omar | Franco, Barbara C. | Piola, Alberto R. | Buratti, Claudio C. | Cardoso, Luis Gustavo | Cortes, Federico | Gianelli, Ignacio | Giorgini, Micaela | Jorge-Romero, Gabriela | Lercari, Diego | Meerhoff, Erika | Ortega, Leonardo | Perez, Jose Angel Alvarez | Prandoni, Nicolas | Sant'Ana, Rodrigo",MARINE POLICY,NA,NA,NA,Scopus; WoS,2,other
WoS,english,"Family Agriculture and Socio-Productive Transformations in the Rural-Urban System of the Municipality of Centro, Tabasco, in southern Mexico",NA,10.11144/javeriana.cdr22.afts,2025,"Garcia, Alfonso Juarez | Schmook, Birgit Inge | Gerritsen, Peter Rijnaldus Wilhelmus | Fernandez, Alejandro Casas | Van Der Wal, Johannes Cornelis",CUADERNOS DE DESARROLLO RURAL,NA,NA,NA,Scopus; WoS,2,other
WoS,english,Fertility and carbon stocks in Oxisols under Urochloa pastures and Eucalyptus-based agrosilvopastoral systems established in the Brazilian Cerrado,NA,10.1016/j.still.2025.106663,2025,"de Oliveira, Jaqueline de Cassia | de Freitas, Igor Costa | Duarte, Ana Clara Santos | Moreira, Joao Gabriel Figueiredo | Couto, Alex Jose Silva | Lessa, Marcos Fernando Goncalves | Gontijo Neto, Miguel Marques | Santos, Marcia Vitoria | Cherubin, Mauricio Roberto | Cerri, Carlos Eduardo Pellegrino | Frazao, Leidivan Almeida",SOIL & TILLAGE RESEARCH,NA,NA,NA,WoS,1,other
WoS,english,Fire and Wetlands: How <i>Echinodorus Longiscapus</i> Bounces Back Like It Never Left?,NA,10.1007/s13157-025-01995-9,2025,"Bao, Francielli",WETLANDS,NA,NA,NA,Scopus; WoS,2,other
WoS,english,Fire in Mediterranean Ecosystems of South America,NA,10.1007/978-3-031-89372-8_11,2025,"Gomez-Gonzalez, Susana | Paula, Susana | Miranda, Alejandro | Ortega, Mabel | Ocampo-Zuleta, Korina",FIRE IN THE SOUTH AMERICAN ECOSYSTEMS,NA,NA,NA,WoS,1,other
WoS,english,Fire in the Llanos of the Orinoco River,NA,10.1007/978-3-031-89372-8_6,2025,"Silva, Juan F. | Bilbao, Bibiana A.",FIRE IN THE SOUTH AMERICAN ECOSYSTEMS,NA,NA,NA,WoS,1,other
WoS,english,Fire-Induced Floristic and Structural Degradation Across a Vegetation Gradient in the Southern Amazon,NA,10.3390/f16081218,2025,"da Rocha, Loriene Gomes | Marimon Jr, Ben Hur | Barradas, Amauri de Castro | de Carvalho, Marco Antonio Camillo | Soares, Celia Regina Araujo | Marimon, Beatriz Schwantes | Ribeiro, Gabriel H. P. de Mello | de Oliveira, Edmar A. | Elias, Fernando | Emidio Jr, Carmino | da Silva, Dennis Rodrigues | Garcia, Marcos Leandro | de Rocha Filho, Jesulino Alves | Zortea, Marcelo | Moreira, Edmar Santos | Domingues, Samiele Camargo de Oliveira | Matricardi, Eraldo A. T. | Galbraith, David | Feldpausch, Ted R. | Oliveras, Imma | Phillips, Oliver L.",FORESTS,NA,NA,NA,WoS,1,other
Scopus,english,"First documented record of the Pantanal cat Leopardus braccatus (Cope, 1889) in Paraná State, Brazil",NA,10.31687/saremnms25.1177,2025,Oliveira R.C.,Notas Sobre Mamiferos Sudamericanos,Article,NA,SCOPUS_ID:105030607179,Scopus,1,research_paper
WoS,english,"Floating Urbanism, the Bold Vision of Streetless Cities",NA,10.1007/978-981-96-4569-5_97,2025,"Feldzer, Tania | Liotta, John-Salvator | Dufrasnes, Emmanuel","PROCEEDINGS OF THE FOURTH WORLD CONFERENCE ON FLOATING SOLUTIONS, WCFS 2024",NA,NA,NA,Scopus; WoS,2,other
Scopus,english,Forest Zoning in the Peruvian Amazon: Strategies to mitigate its environmental impacts and strengthen environmental governance in Peru,NA,10.18687/laccei2025.1.1.853,2025,Gabriel Barboza Isla N.,Proceedings of the Laccei International Multi Conference for Engineering Education and Technology,Conference Paper,NA,SCOPUS_ID:105019309140,Scopus,1,research_paper
WoS,english,"Forest, bamboo, and agroforestry systems for climate change adaptation in coffee farms in Colombia",NA,10.19182/bft2025.362.a37432,2025,"Malaver, Juan Carlos Villalba | Guasca, Angela Marcela Camayo | Alvarez, Luisa Fernanda Lupez | Lepine, Mathilde | Solarte, Monica Risueno",BOIS ET FORETS DES TROPIQUES,NA,NA,NA,Scopus; WoS,2,other
Scopus,english,Form Follows Fuel: 14 Buildings from Antiquity to the Oil Age,NA,10.4324/9781032637174,2025,Urban F.,Form Follows Fuel 14 Buildings from Antiquity to the Oil Age,Book,NA,SCOPUS_ID:105015716103,Scopus,1,other
WoS,english,"Fostering leadership and gender equality in climate action among underserved, rural and Indigenous women: a qualitative exploration of opportunities and limitations in Peru",NA,10.1016/j.lana.2025.101109,2025,"Flores, Elaine C. | Flores, Annie F. | Abarca-Diaz, Blenda | Camizan-Castro, Roberto | Mendoza-Lozada, Edinson | Ortiz-Contreras, Floro | Kakuma, Ritsuko",LANCET REGIONAL HEALTH-AMERICAS,NA,NA,NA,Scopus; WoS,2,other
WoS,english,From dengue to chikungunya: Guangdong as a sentinel for arboviral threats in East Asia,NA,10.5582/bst.2025.01228,2025,"Feng, Yong | Chang, Fangfang | Yang, Yang | Lu, Hongzhou",BIOSCIENCE TRENDS,NA,NA,NA,WoS,1,other
WoS,english,Functional safeguards for conservation: Identifying climate change refugia for frugivorous and nectarivorous birds in a degraded area of Colombia,NA,10.1371/journal.pone.0321817,2025,"Saenz-Jimenez, Fausto | Parrado-Vargas, Maria Alejandra | Gonzalez-Maya, Jose F. | Carvajal-Cogollo, Juan Emiro",PLOS ONE,NA,NA,NA,Scopus; WoS,2,other
WoS,english,"Fungi and Myxomycetes of the Tehuacán-Cuicatlán Biosphere Reserve, Mexico: A Comprehensive Review and Future Perspectives",NA,10.1002/iub.70034,2025,"Mena-Portales, Julio | Perez-Llano, Yordanis | Vasquez-Davila, Marco Antonio | Cantillo, Taimy | Manzanero-Medina, Gladys Isabel | del Rayo Sanchez-Carbente, Maria | Batista-Garcia, Ramon Alberto",IUBMB LIFE,NA,NA,NA,Scopus; WoS,2,other
WoS,english,"Gender gaps in knowledge, attitudes, and practices related to environmental degradation in Colombia",NA,10.1088/2752-5295/adcb62,2025,"Aguilar-Gomez, Sandra | Cardenas, Juan Camilo | Galindo, Camila | Rodriguez-Arenas, Jorge | Vlasak-Gonzalez, Daniela",ENVIRONMENTAL RESEARCH-CLIMATE,NA,NA,NA,WoS,1,other
WoS,english,Genomic diversity under the influence of environmental factors highlights the future vulnerability of rare conifers: the case of the southernmost Pilgerodendron uviferum (Cupressaceae),NA,10.1093/botlinnean/boaf091,2025,"Diaz, Dayana G. | Mathiasen, Paula | Premoli, Andrea C.",BOTANICAL JOURNAL OF THE LINNEAN SOCIETY,NA,NA,NA,WoS,1,other
WoS,english,Geodiversity conservation in the Cerrado: Representation of geophysical scenarios in the biome's protected areas network,NA,10.1016/j.biocon.2025.111464,2025,"Silva, Murilo S. | Jardim, Lucas | Terribile, Levi Carina",BIOLOGICAL CONSERVATION,NA,NA,NA,WoS,1,other
WoS,english,Geographies in conflict: Overlapping extractive activities in Peruvian wetlands,NA,10.24850/j-tyca-2025-04-01,2025,"Soto-Ceferino, Rosa | Aponte, Hector | Lopez-Guiop, Ivan | Delgado-Galvan, Camila | Apeno, Antony",TECNOLOGIA Y CIENCIAS DEL AGUA,NA,NA,NA,Scopus; WoS,2,other
Scopus,english,Geospatial neocolonialism and social vulnerability to hydrometeorological events in coastal Michoacán,NA,10.1080/13563475.2025.2451832,2025,Macías-Serrat L.,International Planning Studies,Article,NA,SCOPUS_ID:105002342217,Scopus,1,research_paper
WoS,english,Global Climate Suitability and Economic Risks of the Fall Armyworm Spodoptera frugiperda to Key Crops in Brazil,NA,10.1002/fes3.70120,2025,"Amaro, George Correa | Aidoo, Owusu Fordjour | Souza, Philipe Guilherme Corcino | Nyarko, Eunice Stella | Adjei-Mantey, Kwame | Agboyi, Lakpo Koku | Anderson, Roger Sigismund | Sossah, Frederick Leo | Picanco, Marcelo Coutinho | da Silva, Ricardo Siqueira",FOOD AND ENERGY SECURITY,NA,NA,NA,WoS,1,other
WoS,english,Global determinants of coastal migration under climate change,NA,10.1038/s41467-025-59199-y,2025,"Duijndam, Sem J. | Botzen, W. J. Wouter | Hagedoorn, Liselotte C. | Ton, Marijn | de Bruijn, Jens | Carretero, Silvina | Dachary-Bernard, Jeanne | Rulleau, Benedicte | Aerts, Jeroen C. J. H.",NATURE COMMUNICATIONS,NA,NA,NA,WoS,1,other
WoS,english,Global insights on spatial and temporal assessments of biodiversity and ecosystem services in sustainable agriculture: implications for Brazil,NA,10.1007/s10668-025-06797-x,2025,"Prado, Rachel Bardy | Kleemann, Janina",ENVIRONMENT DEVELOPMENT AND SUSTAINABILITY,NA,NA,NA,WoS,1,other
WoS,english,Global sorghum production dataset for temperate to subtropical regions at subnational scale over 20 0 0-2020,NA,10.1016/j.dib.2025.111935,2025,"Davoudkhani, Mohsen | Guilpart, Nicolas | Makowski, David | Viovy, Nicolas | Ciais, Philippe | Lauerwald, Ronny",DATA IN BRIEF,NA,NA,NA,Scopus; WoS,2,other
WoS,english,Grassland soil carbon dynamics in southern Brazil under different management and edaphoclimatic conditions,NA,10.1016/j.agee.2025.109871,2025,"Daboit, Kelly Tamires Urbano | Rossi, Leticia Sequinatto | Rodrigues, Leonardo Souza | Ciotta, Marlise Nara | Pereira, Gustavo Eduardo | Alves, Carolina Ines Probst | de Sena, Aline Lima | Vieira, Carlos | Bayer, Cimelio | Medeiros, Beatriz Macedo | Baldissera, Tiago Celso",AGRICULTURE ECOSYSTEMS & ENVIRONMENT,NA,NA,NA,Scopus; WoS,2,other
WoS,english,"Gravitational mass movements in Brazil: causes, consequences, and solutions",NA,10.28927/sr.2025.001625,2025,"Coutinho, Roberto Quental | Ehrlich, Mauricio | Futai, Marcos Massao | Bressani, Luiz Antonio | Lacerda, Willy Alvarenga | de Morais, Bruno Diego",SOILS AND ROCKS,NA,NA,NA,Scopus; WoS,2,other
WoS,english,Heat risk in the city of Sao Paulo: Interactions between SUHI and social inequality,NA,10.1016/j.uclim.2025.102568,2025,"Munoz, Luiza Sobhie | Duarte, Denise Helena Silva | Emmanuel, Rohinton",URBAN CLIMATE,NA,NA,NA,Scopus; WoS,2,other
WoS,english,Heat vulnerability index mapping through principal component analysis and equal weight methods: comparing Spatial patterns at a low urban scale and local climate zones in an arid mid-size South American coastal city,NA,10.1007/s11069-025-07326-9,2025,"Olivares, Angelo | Smith, Pamela | Sarricolea, Pablo | Meseguer-Ruiz, Oliver",NATURAL HAZARDS,NA,NA,NA,Scopus; WoS,2,other
WoS,english,High tree diversity exposed to unprecedented macroclimatic conditions even under minimal anthropogenic climate change,NA,10.1073/pnas.2420059122,2025,"Boonman, Coline C. F. | Hoeks, Selwyn | Serra-Diaz, Josep M. | Guo, Wen-Yong | Enquist, Brian J. | Maitner, Brian | Merow, Cory | Svenning, Jens-Christian",PROCEEDINGS OF THE NATIONAL ACADEMY OF SCIENCES OF THE UNITED STATES OF AMERICA,NA,NA,NA,WoS,1,other
WoS,english,How is peri-urban research evolved towards sustainable urban planning in last five decades: a quantitative analysis and systematic review,NA,10.1007/s44243-025-00070-5,2025,"Paul, Sankar | Rout, Sasmita | Behera, Rabi Narayan | Mallick, Suraj Kumar",FRONTIERS OF URBAN AND RURAL PLANNING,NA,NA,NA,WoS,1,review
WoS,english,"How legitimate are urban climate planning processes? A comparative assessment of Accra, Ahmedabad, Bonn and São Paulo",NA,10.1088/2515-7620/ada7cc,2025,"Wagner, Niklas | Pathak, Minal",ENVIRONMENTAL RESEARCH COMMUNICATIONS,NA,NA,NA,Scopus; WoS,2,other
WoS,english,How much time and who will do it? Organizing the toolbox of climate adaptations for small-scale fisheries,NA,10.3389/fmars.2025.1521526,2025,"Bossier, Sieme | Ota, Yoshitaka | Pozas-Franco, Ana Lucia | Cisneros-Montemayor, Andres M.",FRONTIERS IN MARINE SCIENCE,NA,NA,NA,WoS,1,other
Scopus,english,"Hydrological Risk Management in Urban Contexts: Effects of Heavy Rainfall on the Water Balance of Paudalho Municipality, Pernambuco, Northeastern Brazil",NA,10.26848/rbgf.v18.05.p4187-4201,2025,Ferreira M.L.,Revista Brasileira De Geografia Fisica,Article,NA,SCOPUS_ID:105015387406,Scopus,1,research_paper
Scopus,english,"Hydrological-Hydraulic Modeling with climate change impact and influence of the Curve Number (CN) in the Ichu river basin, Huancavelica-Peru",NA,10.18687/laccei2025.1.1.1017,2025,Ayala Bizarro I.,Proceedings of the Laccei International Multi Conference for Engineering Education and Technology,Conference Paper,NA,SCOPUS_ID:105019318217,Scopus,1,research_paper
WoS,english,IDENTIFICATION OF CLIMATE-RESILIENT TEOSINTE POPULATIONS TO ASSIST MAIZE ADAPTATION IN THE FUTURE,NA,10.17129/botsci.3680,2025,"Aguirre-Liguori, Jonas A. | Gongora-Ayora, Alan E.",BOTANICAL SCIENCES,NA,NA,NA,Scopus; WoS,2,other
WoS,english,IMM: An Integrated Maturity Model for enhancing disaster resilience: A comparative analysis and framework proposal,NA,10.1016/j.ijdrr.2025.105781,2025,"Gacitua, Ricardo",INTERNATIONAL JOURNAL OF DISASTER RISK REDUCTION,NA,NA,NA,Scopus; WoS,2,other
WoS,english,IMPACTS OF ECONOMIC GROWTH WITH FOREST PRESERVATION IN THE AMAZON AND CERRADO BIOMES IN BRAZIL,NA,10.1142/s2010007824500088,2025,"Souza, GeSSICA C. P. | Domingues, Edson paulo | Magalhaes, Aline",CLIMATE CHANGE ECONOMICS,NA,NA,NA,WoS,1,other
WoS,english,Impact Webs: a novel conceptual modelling approach for characterising and assessing complex risks,NA,10.5194/hess-29-3297-2025,2025,"Sparkes, Edward | Cotti, Davide | Valdiviezo Ajila, Angel | Werners, Saskia E. | Hagenlocher, Michael",HYDROLOGY AND EARTH SYSTEM SCIENCES,NA,NA,NA,WoS,1,other
Scopus,english,"Impact of carbonation on reinforced concrete structures, considering the increase of CO2 due to climate change in Brazil",NA,10.1590/s1983-41952025000800014,2025,Teodoro C.P.,Revista Ibracon De Estruturas E Materiais,Article,NA,SCOPUS_ID:105001360138,Scopus,1,research_paper
Scopus,english,Impact of climate change on food security in urban regions of Colombia,NA,10.5281/zenodo.17162818,2025,Castillo P.M.M.,Encuentros Maracaibo,Article,NA,SCOPUS_ID:105025681827,Scopus,1,research_paper
WoS,english,Impact of climate change on indoor conditions of social residence in Brazil: assessing occupants' vulnerability,NA,10.1016/j.jobe.2025.113810,2025,"da Guarda, Emeli Lalesca Aparecida | Mizgier, Martin Ordenes | Neto, Alberto Hernadez",JOURNAL OF BUILDING ENGINEERING,NA,NA,NA,Scopus; WoS,2,other
WoS,english,Impacts of climate change on extreme weather indices in Ecuadorian cities: A socioeconomic analysis,NA,10.1016/j.wace.2025.100810,2025,"Portalanza, Diego | Torres-Ulloa, Malena | Alava, Eduardo | Facuy, Jussen | Zuluaga, Cristian | Bucaram, Rina | Durigon, Angelica | Ferraz, Simone",WEATHER AND CLIMATE EXTREMES,NA,NA,NA,Scopus; WoS,2,other
Scopus,english,Impacts of climate change on labor productivity: a narrative review,NA,10.47626/1679-4435-2025-1524,2025,Muntanelli B.R.,Revista Brasileira De Medicina do Trabalho,Review,NA,SCOPUS_ID:105023851711,Scopus,1,review
WoS,english,Impacts of silvopastoral management intensity and forest age on vegetation and soils of dry tropical forests,NA,10.1007/s10457-025-01334-1,2025,"Sanchez-Romero, Rosa | Balvanera, Patricia | Garcia-Barrios, Luis E. | Mora, Francisco | Larsen, John | Maass, Manuel | Gonzalez-Esquivel, Carlos E.",AGROFORESTRY SYSTEMS,NA,NA,NA,WoS,1,other
WoS,english,Implementation Lessons of a Water Insecurity Intervention During a Drought in Mexico,NA,10.5334/aogh.4758,2025,"Gaitan-Rossi, Pablo | Felix-Beltran, Lucia | Garcia-Ruiz, Ximena | Young, Sera l.",ANNALS OF GLOBAL HEALTH,NA,NA,NA,WoS,1,other
WoS,english,Importance of the trees on Paseo Tollocan in the conservationof urban plant diversity in the Metropolitan Zone of the Toluca Valley,NA,10.4067/s0717-92002025000100087,2025,"Perez-Suarez, Marlin | Ramirez-Albores, Jorge E. | Mohedano-Caballero, Leopoldo | Gonzalez-Aranda, Mario | Gonzalez-Perez, Mario",BOSQUE,NA,NA,NA,Scopus; WoS,2,other
WoS,english,Improving Urban Flood Resilience: Urban Flood Risk Mitigation Assessment Using a Geospatial Model in the Urban Section of a River Corridor,NA,10.3390/w17071047,2025,"Vilca-Campana, Karla | Carrasco-Valencia, Lorenzo | Iruri-Ramos, Carla | Cardenas-Pillco, Berly | Escudero, Adrian | Chanove-Manrique, Andrea",WATER,NA,NA,NA,Scopus; WoS,2,other
WoS,english,"In this current wildfire crisis, acknowledge widespread suffering",NA,10.1007/s13280-024-02105-5,2025,"Thacker, Fiona E. Newman | Uyttewaal, Kathleen | Quinones, Tomas | Leemans, Rik | Hannah, Bethany | Stoof, Cathelijne R.",AMBIO,NA,NA,NA,WoS,1,other
Scopus,english,Incidence of Solar Irradiation on Thermal Comfort for the Architectural Design of a Passive Heating System in Urban Housing in a Cold-Dry Climate,NA,10.1007/978-3-031-92651-8_34,2025,Huanca Choquehuanca K.Z.,Smart Innovation Systems and Technologies,Conference Paper,NA,SCOPUS_ID:105010161595,Scopus,1,research_paper
WoS,english,Increasing Sea Surface Temperatures Driving Widespread Tropicalization in South Atlantic Pelagic Fisheries,NA,10.3390/biology14081039,2025,"Sant'Ana, Rodrigo | Tha, Daniel | Henry, Lea-Anne | Schroeder, Rafael | Perez, Jose Angel Alvarez",BIOLOGY-BASEL,NA,NA,NA,WoS,1,other
WoS,english,"Increasing water stress in Chile revealed by novel datasets of water availability, land use and water use",NA,10.5194/hess-29-5185-2025,2025,"Boisier, Juan Pablo | Alvarez-Garreton, Camila | Marinao, Rodrigo | Galleguillos, Mauricio",HYDROLOGY AND EARTH SYSTEM SCIENCES,NA,NA,NA,Scopus; WoS,2,other
Scopus,english,"Indigenous peoples’ Food Systems: Biocultural heritage, sustainability, and contemporary challenges",NA,10.1016/b978-0-443-15976-3.00095-7,2025,Fusar Poli E.,Encyclopedia of Agriculture and Food Systems,Book Chapter,NA,SCOPUS_ID:105028808600,Scopus,1,other
Scopus,english,"Innovations in Green Management: The Influence of the Vuca World on the Sustainable Practices of San Gerardo De Dota, Costa Rica",NA,10.1007/978-3-031-91424-9_15,2025,Chacón F.U.,Studies in Systems Decision and Control,Book Chapter,NA,SCOPUS_ID:105018028279,Scopus,1,other
WoS,english,Insights into landslide susceptibility: a comparative evaluation of multi-criteria analysis and machine learning techniques,NA,10.1080/19475705.2025.2471019,2025,"Ferreira, Zuleide | Almeida, Bruna | Costa, Ana Cristina | do Couto Fernandes, Manoel | Cabral, Pedro",GEOMATICS NATURAL HAZARDS & RISK,NA,NA,NA,WoS,1,other
WoS,english,"Insights on Health Burden, Needs, and Prevention Strategies After the Flood Catastrophe in Southern Brazil",NA,10.1007/s10935-025-00839-w,2025,"Scherer, Juliana Nichterwitz | Dipp, Thiago | Schaefer, Rafaela | Mosmann, Clarisse Pereira | Ornell, Felipe",JOURNAL OF PREVENTION,NA,NA,NA,Scopus; WoS,2,other
Scopus,english,"Integral Study of a Light Green Roof with Draining Organic Material in Gustavo A. Madero, Mexico City",NA,10.1007/978-3-031-34967-6_68,2025,Cervantes-Nájera A.L.,Handbook of Nature Based Solutions to Mitigation and Adaptation to Climate Change,Book Chapter,NA,SCOPUS_ID:105033445410,Scopus,1,other
WoS,english,Integrating Climate and Biodiversity Agendas: The challenge and the opportunity for the COP30 in Brazil,NA,10.1590/s1984-4689.v42.e25092,2025,"Bustamante, Mercedes | Schuler, Jessica",ZOOLOGIA,NA,NA,NA,WoS,1,other
WoS,english,Integrating approaches and methodologies into phenological research in Neotropical dry forests: a systematic review,NA,10.1088/1748-9326/ade9e2,2025,"Pereira Dos Santos, Maria Maraiza | Morellato, Leonor Patricia Cerdeira | Freire da Silva, Thieres George | Jardim, Alexandre Manicoba da Rosa Ferraz | de Souza, Carlos Andre Alves | Dos Santos, Wilma Roberta | Bastos de Souza, Luciana Sandra",ENVIRONMENTAL RESEARCH LETTERS,NA,NA,NA,Scopus; WoS,2,review
WoS,english,"Integrating remote sensing and in-situ data to determine climate diversity and variability in cocoa systems in the provinces of Jae<acute accent>n and San Ignacio, Cajamarca (NW Perú)",NA,10.1016/j.tfp.2024.100749,2025,"Atalaya-Marin, Nilton | Gonas, Malluri | Tineo, Daniel | Chuquibala-Checan, Beimer | Arce-Inga, Marielita | Tarrillo, Ever | Alvarez-Robledo, Yeltsin A. | Tafur-Culqui, Josue | Cabrera-Hoyos, Hector | Gomez-Fernandez, Darwin",TREES FORESTS AND PEOPLE,NA,NA,NA,Scopus; WoS,2,other
Scopus,english,"International Conference on BRICS NUs: Water Resources and Pollution Treatment, WRPT 2021",NA,NA,2025,NA,Lecture Notes in Civil Engineering,Conference Review,NA,SCOPUS_ID:105008963264,Scopus,1,other
WoS,english,"Island communities and sea level rise: Resettlement and maladaptation, the Kuna people of Isberyala, Panama",NA,10.1016/j.ijdrr.2025.105313,2025,"Delgado, Lourdes Galindo | Sanchez, Francisco Garcia",INTERNATIONAL JOURNAL OF DISASTER RISK REDUCTION,NA,NA,NA,Scopus; WoS,2,other
WoS,english,Knock-down resistance to heat stress of Atta cephalotes in urban environments,NA,10.1016/j.actao.2025.104076,2025,"Rengifo-Ruiz, Mauricio | Montoya-Lerma, James | Munoz-Valencia, Vanessa",ACTA OECOLOGICA-INTERNATIONAL JOURNAL OF ECOLOGY,NA,NA,NA,WoS,1,other
Scopus,english,LOCAL COMMUNITY PRACTICES AND ANCIENT KNOWLEDGE AS KEY FACTOR PROMOTING CLIMATE ACTION IN URBAN GOVERNANCE,NA,10.14455/isec.2025.12(1).pnd-04,2025,Llacas-Vicuña L.,Proceedings of International Structural Engineering and Construction,Conference Paper,NA,SCOPUS_ID:105026770113,Scopus,1,research_paper
WoS,english,"Land use transitions and the decline of family farming in Southeastern Brazil: Patterns, pressures, and environmental trade-offs",NA,10.1016/j.landusepol.2025.107802,2025,"de Oliveira, Renata Evangelista | de Magalhaes, Leonardo Pinto | Gallo, Anderson de Souza | de Oliveira, Julia Alves | Sais, Adriana Cavalieri",LAND USE POLICY,NA,NA,NA,Scopus; WoS,2,other
WoS,english,"Landscape change and its environmental justice implications for Indigenous and local communities in Tubará, Colombia",NA,10.1007/s11625-025-01675-x,2025,"Gomez de la Rosa, Carrol | Vogt, Kristiina A. | Aldana-Dominguez, Juanita | Scullion, Jason J.",SUSTAINABILITY SCIENCE,NA,NA,NA,Scopus; WoS,2,other
Scopus,english,Layered network spillovers in China’s new energy governance: Global carbon emission reduction through new energy city pilots,NA,NA,2025,Yu Z.L.,Studies in Science of Science,Article,NA,SCOPUS_ID:105014740223,Scopus,1,research_paper
WoS,english,Learning biodiversity care in everyday life: teacher education in contrasting biocultural contexts,NA,10.1080/13504622.2024.2370998,2025,"Mendez-Herranz, Manuela | Cabello, Valeria",ENVIRONMENTAL EDUCATION RESEARCH,NA,NA,NA,Scopus; WoS,2,other
WoS,english,Lessons From Climate and Pandemic-Induced Disruptions in Building Public Transport Resilience,NA,10.17645/up.i432,2025,"Hirwa, Esperance Munezero | Mostafa, Mohamed M. H.",URBAN PLANNING,NA,NA,NA,WoS,1,other
Scopus,english,Lessons From Climate and Pandemic‐Induced Disruptions in Building Public Transport Resilience,NA,10.17645/up.9943,2025,Hirwa E.M.,Urban Planning,Article,NA,SCOPUS_ID:105022645308,Scopus,1,research_paper
WoS,english,Lithobiomes Heterogeneity and Geographic Distance Shape the Landscape Genomics Within Brazilian Mountain Systems,NA,10.1002/ece3.72476,2025,"Cabrini, Mylena | Trovo, Marcelo | Takahashi, Daiki | Suyama, Yoshihisa | Ramos, Renato | Lira, Catarina",ECOLOGY AND EVOLUTION,NA,NA,NA,WoS,1,other
WoS,english,Long-term lake water levels in central Chile using satellite altimetry and conceptual hydrological modelling approaches,NA,10.1016/j.asr.2025.05.091,2025,"Pedreros-Guarda, M. | Abarca-del-Rio, R. | Cretaux, J. F. | Paris, A.",ADVANCES IN SPACE RESEARCH,NA,NA,NA,Scopus; WoS,2,other
WoS,english,Maladaptive Household Responses to Extreme Weather in Colombia,NA,10.18046/j.estger.2025.176.7308,2025,"Gaviria, Carlos F. | Posada, Hector M.",ESTUDIOS GERENCIALES,NA,NA,NA,WoS,1,other
Scopus,english,Mangroves as a Cornerstone of Nature-Based Solutions for Global Climate Resilience,NA,10.1007/978-3-031-34967-6_18,2025,Ashrafuzzaman M.,Handbook of Nature Based Solutions to Mitigation and Adaptation to Climate Change,Book Chapter,NA,SCOPUS_ID:105033449289,Scopus,1,other
WoS,english,Mapping Priority Areas for Urban Afforestation Based on the Relationship Between Urban Greening and Social Vulnerability Indicators,NA,10.3390/f16060936,2025,"Guerrero, Joao Vitor | Escobar-Silva, Elton Vicente | de Almeida, Claudia Maria | Caiche, Daniel | dos Santos, Alex Mota | Nunes, Fabrizia Gioppo",FORESTS,NA,NA,NA,WoS,1,other
WoS,english,Mapping Resilient Landscapes to Climate Change in a Megadiverse Country,NA,10.1111/gcb.70544,2025,"Rosenfield, Milena Fermina | Jardim, Lucas | Antongiovanni, Marina | Querido, Luciano Carramaschi de Alagao | Ribeiro, Alisson Andre | Sanchez-Tapia, Andrea | Silveira, Priscila | Terribile, Levi Carina | Venticinque, Eduardo M. | Albernaz, Ana Luisa | Garcia, Leticia Couto | Tambosi, Leandro Reverberi | Adami, Marcos | Becker, Fernando Gertum | Benchimol, Maira | Carvalheiro, Luisa Gigante | Cornelius, Cintia | Damasceno-Junior, Geraldo Alves | Dobrovolski, Ricardo | Ferreira, Manuel Eduardo | Fonseca, Carlos Roberto | Fronza, Jose Guilherme | Fushita, Angela Terumi | Garda, Adrian Antonio | Hasenack, Heinrich | Lemes, Priscila | Libonati, Renata | Lugarini, Camile | Marques, Marcia C. M. | Melo, Felipe | de Morais, Alessandro Ribeiro | Mueller, Sandra Cristina | Neri, Andreza Viana | Portela, Rita de Cassia Quitete | Ramos Neto, Mario Barroso | Rezende, Camila Linhares | de Oliveira Roque, Fabio | Sobral-Souza, Thadeu | Vale, Mariana M. | Vasques, Gustavo M. | Velez-Martin, Eduardo | Vieira, Ima | Werneck, Fernanda P. | Garcia, Edenise",GLOBAL CHANGE BIOLOGY,NA,NA,NA,WoS,1,other
WoS,english,Mapping bioclimatic units of Oaxaca in Mexico: A systematic assessment,NA,10.1007/s11629-024-9365-6,2025,"Gonzalez-Perez, Alejandro | Ramirez-Santiago, Gustavo | Quiroz-Ortuno, Yuri | Velazquez, Alejandro | Del Rio, Sara | Mas, Jean F. | Penas, Angel",JOURNAL OF MOUNTAIN SCIENCE,NA,NA,NA,Scopus; WoS,2,other
WoS,english,Mapping shifts in employment patterns in the Northern Gulf of Mexico due to sea-level rise,NA,10.1093/pnasnexus/pgaf165,2025,"Abdelhafez, Mohamed A. | Mahmoud, Hussam N. | Ellingwood, Bruce R.",PNAS NEXUS,NA,NA,NA,Scopus; WoS,2,other
WoS,english,Medium and large mammal responses to fire in a neotropical savanna system in Guyana,NA,10.1111/btp.13397,2025,"Paemelaere, Evi A. D. | Hallett, Matthew T. | de Freitas, Kayla | Balvadore, Susan | Ignace, Maxi | Mandook, Allan | Mandook, Nicholas | Lewis, Matthew | Igancio, Leroy | Joaquim, Mauritio | O'Shea, Brian | van Vliet, Nathalie",BIOTROPICA,NA,NA,NA,Scopus; WoS,2,other
WoS,english,Mitigating climate shocks requires understanding local perceptions: Long-term benefits of regional hurricanes outweigh short-term damages for traditional ranchers in Baja California Sur,NA,10.1016/j.jaridenv.2025.105408,2025,"Macfarlan, Shane J. | Davis, Connor A. | Yerman, Anahi | Higuera, Francisco Javier Landeros | Leon, Sandra Guadalupe Amador | de la Toba, Pablo Romero | Vanderplank, Sula",JOURNAL OF ARID ENVIRONMENTS,NA,NA,NA,WoS,1,other
Scopus,english,Mobilizing Private Finance for Adaptation and Resilience Priorities across Cities: Mexico City Case Study,NA,10.3138/jccpe-2024-0043,2025,González Guerrero A.F.,Journal of City Climate Policy and Economy,Article,NA,SCOPUS_ID:105034097610,Scopus,1,research_paper
WoS,english,Modeling Temperature in the Ecuadorian Paramo Through Deep Learning,NA,10.1109/jstars.2025.3536878,2025,"Cabay, Marco Javier Castelo | Piedra-Fernandez, Jose Antonio | Ayala, Rosa Maria",IEEE JOURNAL OF SELECTED TOPICS IN APPLIED EARTH OBSERVATIONS AND REMOTE SENSING,NA,NA,NA,Scopus; WoS,2,other
WoS,english,Modeling the Spatial Distribution of Wildfire Risk in Chile Under Current and Future Climate Scenarios,NA,10.3390/fire8030113,2025,"Gajardo, John | Yanez, Marco | Padilla, Robert | Espinoza, Sergio | Carrasco-Benavides, Marcos",FIRE-SWITZERLAND,NA,NA,NA,Scopus; WoS,2,other
WoS,english,Modeling the impact of urban climate transformations in low income housing located in critical climate: A case study,NA,10.1016/j.esd.2025.101653,2025,"da Cunha, Luis Filipe Brasil | Machado, Rayner Mauricio e Silva | da Silva Junior, Jose Ary | Farias, Alessandra de Souza | Barata, Marcio Santos | Zemero, Bruno Ramos",ENERGY FOR SUSTAINABLE DEVELOPMENT,NA,NA,NA,Scopus; WoS,2,other
WoS,english,Modelling Resilience: Zooarchaeological Insights into Subsistence Diversity and Land Use Practices of the Ancient Maya in the Upper Belize River Valley,NA,10.1080/14614103.2025.2479326,2025,"Meyer, Brett | Ebert, Claire E. | Hoggarth, Julie A. | Walden, John P. | Roa, Ian | Wisner, Gavin B. | Tappan, Katie K. | Awe, Jaime J.",ENVIRONMENTAL ARCHAEOLOGY,NA,NA,NA,Scopus; WoS,2,other
WoS,english,Moderate wildfire severity favors seed removal by granivores in a Mexican pine forest,NA,10.3832/ifor4741-018,2025,"Cadena-Zamudio, Daniel A. | Cadena-Iniguez, Jorge | Aguirre-Medina, Juan F. | Cadena-Zamudio, Jorge D. | Arispe-Vazquez, Jose L. | Barrera-Guzman, Luis A. | Ayvar-Serna, Sergio | Diaz-Najera, Jose F.",IFOREST-BIOGEOSCIENCES AND FORESTRY,NA,NA,NA,Scopus; WoS,2,other
WoS,english,Monographs on invasive plants in Europe: <i>Ageratina adenophora</i> (Spreng.) RM King & H. Rob,NA,10.1080/23818107.2025.2529890,2025,"Fried, Guillaume | Datta, Arunava | Brundu, Giuseppe | Chapman, Daniel | Follak, Swen | Frohlich, Daniele | Richardson, David M. | van Valkenburg, Johan | Tanner, Rob",BOTANY LETTERS,NA,NA,NA,Scopus; WoS,2,other
Scopus,english,"More than a Roof and Four Walls Exploring Principles, Process, and Possibilities for Climate Justice and Resilience through Housing and Land Rights in Cartagena and Beyond",NA,10.4324/9781003471141-20,2025,Lovecchio J.,Resilient Urbanism,Book Chapter,NA,SCOPUS_ID:105007381050,Scopus,1,other
WoS,english,Movement ecology of captive-bred axolotls in restored and artificial wetlands: Conservation insights for amphibian reintroductions and translocations,NA,10.1371/journal.pone.0314257,2025,"Ramos, Alejandra G. | Mena, Horacio | Schneider, David | Zambrano, Luis",PLOS ONE,NA,NA,NA,WoS,1,other
WoS,english,Municipal structural adjustment: For an institutional analysis of global development finance,NA,10.1177/0308518x251349100,2025,"Hilbrandt, Hanna",ENVIRONMENT AND PLANNING A-ECONOMY AND SPACE,NA,NA,NA,WoS,1,other
WoS,english,Nature-Based Solutions for Stormwater Management: Co-Creating a Multiscalar Proposal in the Global South,NA,10.3390/land14040740,2025,"de Oliveira, Fabiano Lemes | Bezerra, Maria do Carmo de Lima | Nunes, Orlando Vinicius Rangel | Duarte, Enzo D'Angelo Arruda | Castaldo, Anna Giulia | de Almeida, Davi Navarro",LAND,NA,NA,NA,Scopus; WoS,2,other
WoS,english,"Nature-based solutions for climate change adaptation and resilience in urban informal settlements: Insights from kibera, kenya and Villa 20, Argentina",NA,10.1016/j.nbsj.2025.100216,2025,"Kibii, Caroline | Guerra, Flavia | Bananayo, Philip Bonera | Sandholz, Simone",NATURE-BASED SOLUTIONS,NA,NA,NA,Scopus; WoS,2,other
Scopus,english,Navigating Green Public Policy From the Intersection of Urban Heat Islands and Climate Vulnerability in the City of Viña del Mar,NA,10.3138/jccpe-2024-0011,2025,Torreblanca I.V.,Journal of City Climate Policy and Economy,Article,NA,SCOPUS_ID:105036577051,Scopus,1,research_paper
WoS,english,"New tools to uncover old tricks: an update on the knowledge on the most successful invasive freshwater helminth, <i>Schyzocotyle acheilognathi</i>",NA,10.1007/s00436-025-08585-y,2025,"Casanova-Hernandez, Didier | Pinacho-Pinacho, Carlos Daniel | Calixto-Rojas, Miguel | Rubio-Godoy, Miguel | Garcia-Saldana, Essicka A. | Velazquez-Velazquez, Ernesto | Zamora-Briseno, Jesus Alejandro",PARASITOLOGY RESEARCH,NA,NA,NA,Scopus; WoS,2,other
WoS,english,Non-timber forest products and the bioeconomy: linking livelihood security and biodiversity conservation (2015-2025 trends),NA,10.3389/fsufs.2025.1714576,2025,"Boyapati, Tejaswi | Muthukumarappan, Kasiviswanathan",FRONTIERS IN SUSTAINABLE FOOD SYSTEMS,NA,NA,NA,WoS,1,other
WoS,english,Nutrient uptake under combined drought and salinity stress in hexaploid wheat species,NA,10.3389/fpls.2025.1682258,2025,"Khan, Mohd. Kamran",FRONTIERS IN PLANT SCIENCE,NA,NA,NA,WoS,1,other
Scopus,english,Nutritional characterization of Larrea divaricata Cav during winter and its potential as cattle and goats feed,NA,10.48162/rev.39.160,2025,Ramirez M.R.,Revista De La Facultad De Ciencias Agrarias,Article,NA,SCOPUS_ID:105009210520,Scopus,1,research_paper
WoS,english,On the composition and temporal dynamics of a snake community at the Cerrado-Amazonia ecotone,NA,10.7717/peerj.20025,2025,"Sena, Arthur | Colli, Guarino Rinaldi",PEERJ,NA,NA,NA,WoS,1,other
Scopus,english,"One Health in Coastal and Marine Contexts: A Critical Bibliometric Analysis Across Environmental, Animal, and Human Health Dimensions",NA,10.3390/ijerph22101523,2025,Ioannou A.,International Journal of Environmental Research and Public Health,Review,NA,SCOPUS_ID:105020209156,Scopus,1,review
Scopus,english,Opportunities for Leveraging Nature-Based Solutions for Climate Resilience in Guatemala City: A Policy Perspective,NA,10.3138/jccpe-2024-0023,2025,Herrera L.,Journal of City Climate Policy and Economy,Review,NA,SCOPUS_ID:105036558710,Scopus,1,review
WoS,english,Optimizing supply chains of citrus products with analysis across several design configurations,NA,10.1007/s10669-025-10008-3,2025,"Martinez, Maria Emilia Inigo | Fuentes, Rodrigo | Ploper, Aldo | Paz, Dora | Arena, Alejandro Pablo",ENVIRONMENT SYSTEMS & DECISIONS,NA,NA,NA,Scopus; WoS,2,other
WoS,english,Out of flood front areas: Wetland restoration may reduce internal displacement,NA,10.1016/j.envsci.2025.104146,2025,"Moreira, Leonardo Felipe Bairos | Machado, Ibere Farina | Smaniotto, Natalia Paludo | Maltchik, Leonardo",ENVIRONMENTAL SCIENCE & POLICY,NA,NA,NA,Scopus; WoS,2,other
WoS,english,Perceptions of Climate Change and Health Risks Among Urban Older Adults in Mexico City: A Pilot Study,NA,10.3390/atmos16070792,2025,"Lucatello, Simone | Martinez Magana, Josafat Francisco | Fernandez Vivar, Citlali | Orozco Gaytan, Jorge | Camacho Ruiz, Jessica | Figueroa Escamilla, Lorena | Perez Rodriguez, Monica",ATMOSPHERE,NA,NA,NA,Scopus; WoS,2,other
Scopus,english,Perpetuating Protection of Brazil’s Legal Reserve Area and the Future of Tropical Cities in the Brazilian Amazon,NA,10.1007/978-3-031-48012-6_19,2025,Gonzaga C.A.C.,Ecology of Tropical Cities Volume I Natural and Social Sciences Applied to the Conservation of Urban Biodiversity,Book Chapter,NA,SCOPUS_ID:105023337404,Scopus,1,other
Scopus,english,Phenology and Potential Primary Productivity Response to Climate Change in the Andean Mediterranean Forests: A Remote Sensing Analysis,NA,10.1007/978-3-031-80805-0_9,2025,Miranda M.D.,Conservation of Andean Forests,Book Chapter,NA,SCOPUS_ID:105022234269,Scopus,1,other
WoS,english,Policy and Regulatory Frameworks for Sustainable Environmental Practices,NA,10.1007/978-3-031-85327-2_16,2025,"Ogwu, Matthew Chidozie | El Malahi, Soumia | Izah, Sylvester Chibueze",EVALUATING ENVIRONMENTAL PROCESSES AND TECHNOLOGIES,NA,NA,NA,WoS,1,other
WoS,english,Pollination ecology in the tropical Andes: moving towards a cross-scale approach,NA,10.1111/brv.70049,2025,"Rueda-Uribe, Cristina | Chauta, Alexander | Woodman, Tamsin L. | Lasso, Eloisa | Pelayo, Roxibell C. | Manrique-Garzon, Laura Milena | Munoz, Marcia C. | Allgayer, Rebekka | Ashman, Tia-Lynn | Bocedi, Greta | Burslem, David F. R. P. | Camargo-Martinez, Pedro A. | Echeverry-Galvis, Maria angela | Gonzalez-Arango, Catalina | Gubry-Rangin, Cecile | Lancaster, Lesley T. | Layton, Kara K. S. | Manfredini, Fabio | Martel, Carlos | Montti, Lia | Papadopulos, Alexander S. T. | Raguso, Robert A. | Ready, Jonathan | Rico-Guevara, Alejandro | Rocabado, Camila | Travis, Justin M. J.",BIOLOGICAL REVIEWS,NA,NA,NA,Scopus; WoS,2,other
WoS,english,Potential geographic displacement of Chagas disease vectors under climate change,NA,10.1111/mve.12810,2025,"Brasil, Leandro Schlemmer | Silverio, Divino Vicente | Silva, Jose Orlando de Almeida | Santos, Walter Souza | de Melo, Leonardo Viana | Juen, Leandro | Franca, Filipe Machado | Vieira, Thiago Bernardi",MEDICAL AND VETERINARY ENTOMOLOGY,NA,NA,NA,Scopus; WoS,2,other
WoS,english,Predicting air pollution changes due to temperature increases in two Brazilian capitals using machine learning - a necessary perspective for a climate resilient health future,NA,10.1080/09603123.2025.2486598,2025,"Tavella, Ronan Adler | Scursone, Gabriel Fuscald | da Silva, Leopoldo dos Santos | Nadaleti, Willian Cezar | Adamatti, Diana Francisca | Miraglia, Simone Georges El Khouri | da Silva Junior, Flavio Manoel Rodrigues",INTERNATIONAL JOURNAL OF ENVIRONMENTAL HEALTH RESEARCH,NA,NA,NA,WoS,1,other
WoS,english,Predicting the Impact of Global Climate Change on the Geographic Distribution of Anemochoric Species in Protected Areas,NA,10.3390/atmos16040453,2025,"Alves-de-Lima, Larissa | Alves, Douglas Fernandes Rodrigues | Anjos, Diego Vinicius | Valdivia, Fernando Anco | Torezan-Silingardi, Helena Maura",ATMOSPHERE,NA,NA,NA,WoS,1,other
WoS,english,Preserving coastal environments requires an integrated natural and cultural resources management approach,NA,10.1093/pnasnexus/pgaf090,2025,"Mehta, Jayur Madhusudan | Chamberlain, Elizabeth L. | Helmer, Matthew | Haire, Elizabeth | Mccoy, Mark D. | van Beek, Roy | Wang, Haizhong | Yu, Siyu",PNAS NEXUS,NA,NA,NA,WoS,1,other
WoS,english,Prioritisation of native trees for enhancing carbon sequestration in shade-grown coffee plantations in the State of Veracruz (México): linking conservation and ecological traits to community needs,NA,10.1007/s10457-025-01155-2,2025,"Flores-Ortiz, Cesar Mateo | Davila, Patricia | Rodriguez-Arevalo, Isela | Manson, Robert Hunter | Toledo-Garibaldi, Maria | Cabrera-Santos, Daniel | Salguero, Maria Alejandra | Vazquez, Flor Gabriela | Cobos-Silva, Jazmin | Gianella, Maraeva | Bell, Elizabeth | Way, Michael | Mattana, Efisio | Ulian, Tiziana",AGROFORESTRY SYSTEMS,NA,NA,NA,Scopus; WoS,2,other
Scopus,english,Probabilistic multisector and multihazard climate-related disaster risk assessment as a tool for adaptation decision-making: application in Colombia,NA,10.1016/b978-0-443-29993-3.00035-7,2025,Cardona O.D.,Handbook of Nature Based Drought Solutions,Book Chapter,NA,SCOPUS_ID:105019898958,Scopus,1,other
WoS,english,Productive Complexes and Transforming Rural Landscapes: An Adapted Taxonomy for River Basins in Southern Chile,NA,10.5821/ace.20.58.13403,2025,"Fierro, Virginia Vasquez | Morgenstern, Andres Horn | Schueftan, Alejandra | Montenegro, Galo Valdebenito | Rose, Joceline | Hidalgo, Pamela Zambrano",ACE-ARCHITECTURE CITY AND ENVIRONMENT,NA,NA,NA,Scopus; WoS,2,other
WoS,english,Projected impact of climate change on the future distribution of <i>Larrea</i> species in southern South America,NA,10.1007/s10531-025-03023-y,2025,"Vento, Barbara | Rivera, Juan",BIODIVERSITY AND CONSERVATION,NA,NA,NA,Scopus; WoS,2,other
WoS,english,Proteomic and transcriptomic analyses reveal new insights into allergens in Ligustrum lucidum pollen,NA,10.1016/j.jprot.2025.105520,2025,"Vizuet-de-Rueda, Juan Carlos | Montero-Vargas, Josaphat M. | Lopez-Calleja, Alberto C. | Manriquez-Ventura, Maria Z. T. | Teran, Luis M.",JOURNAL OF PROTEOMICS,NA,NA,NA,Scopus; WoS,2,other
WoS,english,"Rainfall shocks push people away from the poverty line, making them poorer: Evidence from urban Ecuador",NA,10.1016/j.ijdrr.2025.105539,2025,"Pinto, Maria Cristhina Llerena | Mirzabaev, Alisher",INTERNATIONAL JOURNAL OF DISASTER RISK REDUCTION,NA,NA,NA,WoS,1,other
WoS,english,Redefining Eucalyptus cultivation in South America: adaptive strategies under future climate scenarios,NA,10.1007/s11056-025-10106-9,2025,"Aparecido, Lucas Eduardo de Oliveira | Torsoni, Guilherme Botega | de Lima, Rafael Fausto | Rolim, Glauco de Souza | Mesquita, Daniel Zimmermann",NEW FORESTS,NA,NA,NA,Scopus; WoS,2,other
Scopus,english,Research Trends on Arabica Coffee: A Bibliometric Analysis,NA,10.25186/.v20i.2388,2025,Nora S.,Coffee Science,Review,NA,SCOPUS_ID:105022847355,Scopus,1,review
WoS,english,Resilience and Functional Service Life of Modern Heritage Timber Buildings Amid Climate Change in Chile,NA,10.3390/su17104553,2025,"Palma, Diego | Riveros, Martin | Verichev, Konstantin | Silva, Ana | Prieto, Andres J.",SUSTAINABILITY,NA,NA,NA,Scopus; WoS,2,other
Scopus,english,Resilience of power grids in the face of climate change: an urgent challenge for engineering,NA,10.32397/tesea.vol6.n2.969,2025,Acevedo O.,Transactions on Energy Systems and Engineering Applications,Editorial,NA,SCOPUS_ID:105036700784,Scopus,1,other
WoS,english,"Resilient people, resilient systems: The essential role of social protection in a polycrisis world",NA,10.1111/issr.70001,2025,"Devereux, Stephen | Solorzano, Ana",INTERNATIONAL SOCIAL SECURITY REVIEW,NA,NA,NA,WoS,1,other
WoS,english,Restoration implications of the germination ecology of six dry-forest woody Fabaceae species in Mexico,NA,10.1007/s00468-025-02606-0,2025,"Aguirre-Salcedo, Citlali | Montano-Arias, Susana Adriana | Jansson, Roland",TREES-STRUCTURE AND FUNCTION,NA,NA,NA,Scopus; WoS,2,other
WoS,english,Rethinking Cities Beyond Climate Neutrality: Justice and Inclusion to Prevent Climate Gentrification,NA,10.3390/app16010259,2025,"Ricci, Laura | Mariano, Carmela | Marino, Marsia",APPLIED SCIENCES-BASEL,NA,NA,NA,WoS,1,other
WoS,english,Review article: Analysis of sediment disaster risk assessment surveys in Brazil: a critical review and recommendations,NA,10.5194/nhess-25-4153-2025,2025,"dos Santos, Thiago D. | Uchida, Taro",NATURAL HAZARDS AND EARTH SYSTEM SCIENCES,NA,NA,NA,Scopus; WoS,2,other
WoS,english,Risk-based stormwater fragility curves for urbanized coastal flooding,NA,10.1016/j.jhydrol.2025.133436,2025,"Shrestha, Ashish | Chini, Christopher M.",JOURNAL OF HYDROLOGY,NA,NA,NA,Scopus; WoS,2,other
Scopus,english,SMART URBAN FARMING WITH SUSTAINABLE MINI-GARDEN AS A TECHNOLOGICAL SOLUTION TO FOOD INSECURITY,NA,10.18687/laccei2025.1.1.2454,2025,Elizabeth Puelles Bulnes M.,Proceedings of the Laccei International Multi Conference for Engineering Education and Technology,Conference Paper,NA,SCOPUS_ID:105019304864,Scopus,1,research_paper
Scopus,english,SPACERESCUE BUSINESS: APPLYING SPACE INTELLIGENCE TO CLIMATE AND URBAN CRISIS MANAGEMENT,NA,10.52202/083102-0037,2025,Hsu J.,Proceedings of the International Astronautical Congress Iac,Conference Paper,NA,SCOPUS_ID:105033039441,Scopus,1,research_paper
WoS,english,Simulating flood situations in urban hydrology using a diffusion model in complex networks,NA,10.1007/s00477-025-03050-9,2025,"Toski, Miguel | Cuevas, Erik | Escobar, Hector | Morales-Castaneda, Bernardo | Perez-Cisneros, Marco",STOCHASTIC ENVIRONMENTAL RESEARCH AND RISK ASSESSMENT,NA,NA,NA,Scopus; WoS,2,other
WoS,english,"Sinkhole Microcosms: Understanding Persistence of Place Through Variable Cultivation Strategies in Northeastern Yucatán, Mexico",NA,10.1007/s10816-025-09746-0,2025,"Dedrick, Maia | McAnany, Patricia A. | Batun Alpuche, Adolfo Ivan | Webb, Elizabeth A. | Hart, Isaac A.",JOURNAL OF ARCHAEOLOGICAL METHOD AND THEORY,NA,NA,NA,WoS,1,other
Scopus,english,Sistemas municipais de saúde e mudanças climáticas: desafios de infraestrutura e resiliência no Brasil,NA,10.1590/s0103-4014.202539114.005,2025,Martins F.P.,Estudos Avancados,Article,NA,SCOPUS_ID:105018096325,Scopus,1,research_paper
WoS,english,Social capital as a policy catalyst: Enhancing municipal investment in climate risk reduction and adaptation,NA,10.1016/j.gloenvcha.2025.103041,2025,"Neudorfer, Pablo | Valdivieso, Patricio",GLOBAL ENVIRONMENTAL CHANGE-HUMAN AND POLICY DIMENSIONS,NA,NA,NA,Scopus; WoS,2,other
WoS,english,Social protection and the climate crisis: The case of Brazil's emergency responses to the 2024 Rio Grande do Sul floods,NA,10.1111/issr.70005,2025,"Tebaldi, Raquel",INTERNATIONAL SOCIAL SECURITY REVIEW,NA,NA,NA,WoS,1,other
WoS,english,"Spatial Variability of Rainfall and Vulnerability Assessment of Water Resources Infrastructure for Adaptive Management Implementation in Ceará, Brazil",NA,10.3390/su17209147,2025,"Reis, Gabriela De Azevedo | Rolim, Larissa Zaira Rafael | Studart, Ticiana Marinho De Carvalho | Da Silva, Samiria Maria Oliveira | De Souza Filho, Francisco De Assis | Rocha, Maria Aparecida Melo",SUSTAINABILITY,NA,NA,NA,WoS,1,other
WoS,english,Spatial and temporal vegetation indices to identify priority areas for biodiversity conservation in the most threatened savanna of the world,NA,10.1007/s10661-025-14528-y,2025,"Ferreira, Ana Isabella Guimaraes | Franca, Luciano Cavalcante de Jesus | Carvalho, Monica Canaan | Rodrigues, Leomar Moreira | de Morais Junior, Vicente Toledo Machado | Acerbi Junior, Fausto Weimar",ENVIRONMENTAL MONITORING AND ASSESSMENT,NA,NA,NA,WoS,1,other
WoS,english,Spatio-Temporal Analysis of Drought with SPEI in the State of Mexico and Mexico City,NA,10.3390/atmos16020202,2025,"Carrillo-Carrillo, Mauricio | Ibanez-Castillo, Laura | Arteaga-Ramirez, Ramon | Arevalo-Galarza, Gustavo",ATMOSPHERE,NA,NA,NA,Scopus; WoS,2,other
WoS,english,Spatiotemporal Land Cover Change and Future Hydrological Impacts Under Climate Scenarios in the Amazonian Andes: A Case Study of the Utcubamba River Basin,NA,10.3390/land14061234,2025,"Rivera-Fernandez, Abner S. | Cotrina-Sanchez, Alexander | Lopez, Rolando Salas | Zabaleta-Santisteban, Jhon A. | Rios, Ney | Medina-Medina, Angel J. | Tuesta-Trauco, Katerin M. | Sanchez-Vega, Jose A. | Silva-Melendez, Teodoro B. | Oliva-Cruz, Manuel | Portocarrero, Cecibel | Barboza, Elgar",LAND,NA,NA,NA,Scopus; WoS,2,other
WoS,english,"Spatiotemporal patterns of secondary vegetation dynamics and potential regional drivers in Para state, Brazilian Amazon",NA,10.1016/j.indic.2025.100993,2025,"Pedrollo, Camilo Tomazini | Bezerra, Francisco Gilney | de Aguiar, Ana Paula Dutra | Stupak, Inge",ENVIRONMENTAL AND SUSTAINABILITY INDICATORS,NA,NA,NA,WoS,1,other
WoS,english,State of Wildfires 2024-2025,NA,10.5194/essd-17-5377-2025,2025,"Kelley, Douglas I. | Burton, Chantelle | Di Giuseppe, Francesca | Jones, Matthew W. | Barbosa, Maria L. F. | Brambleby, Esther | McNorton, Joe R. | Liu, Zhongwei | Bradley, Anna S. I. | Blackford, Katie | Burke, Eleanor | Ciavarella, Andrew | Di Tomaso, Enza | Eden, Jonathan | Ferreira, Igor Jose M. | Fiedler, Lukas | Hartley, Andrew J. | Keeping, Theodore R. | Lampe, Seppe | Lombardi, Anna | Mataveli, Guilherme | Qu, Yuquan | Silva, Patricia S. | Spuler, Fiona R. | Steinmann, Carmen B. | Torres-Vazquez, Miguel Angel | Veiga, Renata | van Wees, Dave | Wessel, Jakob B. | Wright, Emily | Bilbao, Bibiana | Bourbonnais, Mathieu | Gao, Cong | Di Bella, Carlos M. | Dintwe, Kebonye | Donovan, Victoria M. | Harris, Sarah | Kukavskaya, Elena A. | N'Dri, Aya Brigitte | Santin, Cristina | Selaya, Galia | Sjostrom, Johan | Abatzoglou, John T. | Andela, Niels | Carmenta, Rachel | Chuvieco, Emilio | Giglio, Louis | Hamilton, Douglas S. | Hantson, Stijn | Meier, Sarah | Parrington, Mark | Sadegh, Mojtaba | San-Miguel-Ayanz, Jesus | Sedano, Fernando | Turco, Marco | van der Werf, Guido R. | Veraverbeke, Sander | Anderson, Liana O. | Clarke, Hamish | Fernandes, Paulo M. | Kolden, Crystal A.",EARTH SYSTEM SCIENCE DATA,NA,NA,NA,Scopus; WoS,2,other
WoS,english,"Strategies for the Revalorization of the Natural Environment and Landscape Regeneration at La Herradura Beach, Chorrillos, Peru 2024",NA,10.3390/urbansci10010002,2025,"Cobenas, Pablo | Esenarro, Doris | Vilchez Cairo, Jesica | Gomez, Alejandro | Prado, Manuel | Perez Sosa, Alvaro Adrian | Raymundo, Vanessa | Garcia, Fatima Liliana Pinedo | Pena, Jesus | Porras, Emerson | Chang, Lidia",URBAN SCIENCE,NA,NA,NA,WoS,1,other
WoS,english,Surviving the Storm: Maintaining Services during Flooding in the South of Brazil,NA,10.1056/cat.25.0030,2025,"Moraes, Evandro L. | Decker, Sergio R. R. | Silva, Rogerio A. | Rosa, Regis G. | Parrini, Mohamed",NEJM CATALYST INNOVATIONS IN CARE DELIVERY,NA,NA,NA,Scopus; WoS,2,other
Scopus,english,Sustainability and Profitability in Social Housing: Evaluation of a Bioclimatic Envelope for Warm Tropical Climates,NA,10.1175/jcli-d-24-0734.1,2025,Alegria-Lenis H.F.,Journal of Climate,Article,NA,SCOPUS_ID:105035056652,Scopus,1,research_paper
Scopus,english,Sustainable Intensification of Gourd Vegetables in Chile: Challenges and Opportunities,NA,10.1007/978-3-031-70745-2_16,2025,Donoso A.,Studies in Systems Decision and Control,Book Chapter,NA,SCOPUS_ID:86000042578,Scopus,1,other
WoS,english,Sustainable Urban Planning and Environmental Management,NA,10.1007/978-3-031-85327-2_14,2025,"Kosoe, Enoch Akwasi | Ogwu, Matthew Chidozie",EVALUATING ENVIRONMENTAL PROCESSES AND TECHNOLOGIES,NA,NA,NA,WoS,1,other
WoS,english,"Sweating Bullets: Heat, High-Stakes Evaluations, and The Role of Incentives",NA,10.1007/s10640-025-01011-y,2025,"Martinez, Jose Maria | Zuluaga, Victor | Buritica, Alexander",ENVIRONMENTAL & RESOURCE ECONOMICS,NA,NA,NA,WoS,1,other
WoS,english,"Synergies and Trade-Offs Between Biodiversity Conservation, Human Well-Being, and Agricultural Production: Lessons From the Southern Atlantic Forest of Brazil",NA,10.1111/avsc.70047,2025,"Marcilio-silva, Vinicius | Paz, Andrea | Cavender-bares, Jeannine | Marques, Marcia C. M. | Vibrans, Alexander C. | Carnaval, Ana",APPLIED VEGETATION SCIENCE,NA,NA,NA,WoS,1,other
WoS,english,Synoptic patterns and heatwaves: Intensifying urban heat islands in the Mexico Basin,NA,10.1016/j.uclim.2025.102318,2025,"Aquino-Martinez, Lourdes P. | Ortega-Guerrero, Beatriz | Quintanar, Arturo I. | Diaz-Esteban, Yanet",URBAN CLIMATE,NA,NA,NA,Scopus; WoS,2,other
WoS,english,Synthetic biology and climate change: innovations for a sustainable future,NA,10.1590/s1678-3921.pab2025.v60.04148,2025,"da Silva, Estefania Faria | Palmeiras, Mariele de Araujo | Rocha, Amanda Pereira | Pascoal, Patricia Verdugo | Prado, Nicole Vieira | Araujo, Mariana Mathias Conroy | Bonfim, Kenny | Rosinha, Gracia Maria Soares | Bittencourt, Daniela Matias de Carvalho",PESQUISA AGROPECUARIA BRASILEIRA,NA,NA,NA,Scopus; WoS,2,other
WoS,english,TAE Predict: An Ensemble Methodology for Multivariate Time Series Forecasting of Climate Variables in the Context of Climate Change,NA,10.3390/mca30030046,2025,"Solis, Juan Frausto | Estrada-Patino, Erick | Ponce Flores, Mirna | Sanchez-Hernandez, Juan Paulo | Castilla-Valdez, Guadalupe | Gonzalez-Barbosa, Javier",MATHEMATICAL AND COMPUTATIONAL APPLICATIONS,NA,NA,NA,Scopus; WoS,2,other
WoS,english,THE ROLE OF GREEN ROOFS IN CLIMATE CHANGE MITIGATION AND ADAPTATION: ANALYZING PERFORMANCE DURING EXTREME RAINFALL EVENTS,NA,10.18172/cig.6411,2025,"Brendel, Andrea S. | Ferrelli, Federico | Garay, Maximiliano | Gutierrez, Agustina | Perillo, Vanesa | Piccolo, Maria Cintia",CUADERNOS DE INVESTIGACION GEOGRAFICA,NA,NA,NA,Scopus; WoS,2,other
WoS,english,TRADITIONAL GOVERNANCE IN THE COPRODUCTION OF URBAN RESILIENCE: Institutional Enablers and Political Constraints,NA,10.1111/1468-2427.13308,2025,"Rivero-Villar, Alejandro | Vieyra, Antonio",INTERNATIONAL JOURNAL OF URBAN AND REGIONAL RESEARCH,NA,NA,NA,WoS,1,other
WoS,english,Temperature and Precipitation Extremes in the Brazilian Legal Amazon: A Summary of Climatological Patterns and Detected Trends,NA,10.3390/atmos16020222,2025,"Luiz-Silva, Wanderson | Bazzanela, Anna Carolina Fernandes | Dereczynski, Claudine Pereira | Oscar-Junior, Antonio Carlos | Raupp, Igor Pinheiro",ATMOSPHERE,NA,NA,NA,WoS,1,other
WoS,english,Territorialized climate change adaptation analysis: lessons from the Central Valleys of Chile,NA,10.1080/03066150.2024.2431515,2025,"Palmisano, Tomas | Godfrid, Julieta",JOURNAL OF PEASANT STUDIES,NA,NA,NA,Scopus; WoS,2,other
WoS,english,The 'colorblindness' of climate finance: how climate finance advances racial injustice in cities,NA,10.1080/13604813.2024.2348209,2025,"Hofmann, Sahar Zavareh | Ponder, C. S. | Herrera, Hector | De Vera, Manuel | Rodriguez, Akira Drake | Buyana, Kareem",CITY,NA,NA,NA,Scopus; WoS,2,other
WoS,english,"The Moral Foundations on the Environment: Gender and Political Inclination in Portugal, Brazil and Mozambique",NA,10.5350/atoz.v14.92175,2025,"Costa, Pedro Daniel Rodrigues da | Capoano, Edson",ATOZ-NOVAS PRATICAS EM INFORMACAO E CONHECIMENTO,NA,NA,NA,WoS,1,other
Scopus,english,"The Protection of Green Spaces for Climate Change Adaptation: Planning Systems, Policies and Instruments",NA,10.4324/9781032645407,2025,Nowak M.J.,Protection of Green Spaces for Climate Change Adaptation Planning Systems Policies and Instruments,Book,NA,SCOPUS_ID:105000578120,Scopus,1,other
WoS,english,The challenges of climate change and human impacts faced by Mexican coasts: A comprehensive evaluation,NA,10.1371/journal.pone.0320087,2025,"Martinez, Maria Luisa | Silva, Rodolfo | Chavez, Valeria | Lopez-Portillo, Jorge | Salgado, Karla | Marin-Coria, Etzaguery | Perez-Maqueo, Octavio | Maximiliano-Cordova, Carmelo | Landgrave, Rosario | de la Cruz, Victor",PLOS ONE,NA,NA,NA,Scopus; WoS,2,other
Scopus,english,The concept of vulnerability and the importance of the sensitivity index for public health decision-making,NA,10.4018/979-8-3693-6432-1.ch011,2025,da Cunha F.P.,Holistic Approaches to Health Recovery,Book Chapter,NA,SCOPUS_ID:105013917618,Scopus,1,other
WoS,english,The effect of non-optimal ambient temperature on daily mortality in Colombia 2010-2019,NA,10.1007/s11869-025-01782-9,2025,"Borchers-Arriagada, Nicolas | Gasparrini, Antonio | Rodriguez-Villamizar, Laura A.",AIR QUALITY ATMOSPHERE AND HEALTH,NA,NA,NA,WoS,1,other
Scopus,english,The impact of heat waves in allergic diseases: Group Report of the Environmental Committee of the Mexican College of Clinical Immunology and Allergy (CMICA),NA,10.29262/ram.v72i4.1454,2025,de la Luz Cid del Prado Izquierdo M.,Revista Alergia Mexico,Article,NA,SCOPUS_ID:105025371581,Scopus,1,research_paper
WoS,english,The importance of sheep genetics and diversity: a bibliometric review,NA,10.1007/s11250-025-04503-7,2025,"McManus, Concepta | Pimentel, Daniel | Junqueira, Vinicius Silva | Pimentel, Felipe | Peripolli, Vanessa",TROPICAL ANIMAL HEALTH AND PRODUCTION,NA,NA,NA,Scopus; WoS,2,review
WoS,english,The ineffectiveness of current environmental and fire policies in the world's largest wetland,NA,10.1088/1748-9326/adb7f5,2025,"Barros-Rosa, Lucas | Peluso, Luiza Moura | Lemes, Priscila | Johnson, Mark Stephen | Dalmagro, Higo Jose | da Cunha, Catia Nunes | de Arruda, Paulo Henrique Zanella | Mateus, Lucia | Penha, Jerry",ENVIRONMENTAL RESEARCH LETTERS,NA,NA,NA,Scopus; WoS,2,other
WoS,english,The law of the four poles: legal pluralism and resistance in climate adaptation,NA,10.1017/lsr.2024.55,2025,"Brink, Ebba | Falla, Ana Maria Vargas | Boyd, Emily",LAW & SOCIETY REVIEW,NA,NA,NA,Scopus; WoS,2,other
WoS,english,The potential effects of climate change on medicinal plants from the Brazilian Cerrado in South America,NA,10.1007/s10531-025-03188-6,2025,"Guerra dos Santos, Leonardo Almeida | Vilela, Bruno | de Sousa, Fernanda Goncalves | Ferreira Junior, Washington Soares | de Paiva Silva, Daniel",BIODIVERSITY AND CONSERVATION,NA,NA,NA,Scopus; WoS,2,other
WoS,english,The role of family in shaping adaptation and adaptive capacity in small-scale fishing communities: The yellow clam fishers in Uruguay,NA,10.1016/j.jrurstud.2025.103601,2025,"El-Shayeb, Farah | Pittman, Jeremy | Jorge-Romero, Gabriela | Gianelli, Ignacio | Defeo, Omar",JOURNAL OF RURAL STUDIES,NA,NA,NA,Scopus; WoS,2,other
WoS,english,The role of human capital and innovation in reducing carbon emissions in OECD and BRICS countries,NA,10.1016/j.sftr.2025.101475,2025,"Haq, Wajiha | Ahmad, Imtiaz | Arshad, Asma | Alvi, Shahzad",SUSTAINABLE FUTURES,NA,NA,NA,WoS,1,other
WoS,english,Thermal discomfort and adaptation strategies in Brazilian social housing,NA,10.1016/j.buildenv.2024.112368,2025,"Simoes, Gianna Monteiro Farias | Labaki, Lucila Chebel | Leder, Solange Maria",BUILDING AND ENVIRONMENT,NA,NA,NA,Scopus; WoS,2,other
WoS,english,Towards the reference ecosystems for quartzitic<i> campo</i><i> rupestre:</i> Floristic composition and soil relationships,NA,10.1016/j.ecoleng.2024.107463,2025,"Cunha-Blum, Jessica | Ramos, Leticia | Negreiros, Daniel | Paiva, Dario C. | Gomes, Vanessa M. | Borges, Leonardo M. | Teles, Aristonio M. | Fernandes, G. Wilson",ECOLOGICAL ENGINEERING,NA,NA,NA,Scopus; WoS,2,other
WoS,english,Travel-associated international spread of Oropouche virus beyond the Amazon,NA,10.1093/jtm/taaf018,2025,"Iani, Felipe Campos de Melo | Pereira, Felicidade Mota | de Oliveira, Elaine Cristina | Rodrigues, Janete Tayna Nascimento | Machado, Mariza Hoffmann | Fonseca, Vagner | Adelino, Talita Emile Ribeiro | Guimaraes, Natalia Rocha | Tome, Luiz Marcelo Ribeiro | Gomez, Marcela Kelly Astete | Nardy, Vanessa Brandao | Ribeiro, Adriana Aparecida | Rosewell, Alexander | Ferreira, alvaro Gil A. | de Mello, Arabela Leal e Silva | Fernandes, Brenda Machado Moura | de Albuquerque, Carlos Frederico Campelo | Pereira, Dejanira dos Santos | Pimentel, Eline Carvalho | Lima, Fabio Guilherme Mesquita | Silva, Fernanda Viana Moreira | Pereira, Glauco de Carvalho | Tegally, Houriiyah | Almeida, Julia Deffune Profeta Cidin | Moreno, Keldenn Melo Farias | Vasconcelos, Klaucia Rodrigues | Santos, Leandro Cavalcante | Silva, Livia Cristina Machado | Frutuoso, Livia C., V | Lamounier, Ludmila Oliveira | Costa, Mariana Araujo | de Oliveira, Marilia Santini | dos Anjos, Marlei Pickler Dediasi | Ciccozzi, Massimo | Lima, Mauricio Teixeira | Pereira, Maira Alves | Rocha, Marilia Lima Cruz | da Silva, Paulo Eduardo de Souza | Rabinowitz, Peter M. | de Almeida, Priscila Souza | Lessells, Richard | Gazzinelli, Ricardo T. | da Cunha, Rivaldo Venancio | Goncalves, Sabrina | dos Santos, Sara Candida Ferreira | Belettini, Senele Ana de Alcantara | Pedroso, Silvia Helena Sousa Pietra | Araujo, Sofia Isabel Rotulo | da Silva, Stephanni Figueiredo | Croda, Julio | Maciel, Ethel | Van Voorhis, Wes | Martin, Darren P. | Holmes, Edward C. | de Oliveira, Tulio | Lourenco, Jose | Alcantara, Luiz Carlos Junior | Giovanetti, Marta",JOURNAL OF TRAVEL MEDICINE,NA,NA,NA,WoS,1,other
WoS,english,"Trends, Patterns, and Persistence of Rainfall, Streamflow, and Flooded Area in the Upper Paraguay Basin (Brazil)",NA,10.3390/w17101549,2025,"Coelho, Maria Eduarda Moraes Sarmento | Chaves, Henrique Marinho Leite | Fonseca, Maria Rita",WATER,NA,NA,NA,WoS,1,other
WoS,english,"URBAN GROWTH AND VULNERABILITY TO CLIMATE CHANGE OF THE QUEVEDO CONURBATION, ECUADOR",NA,10.22320/07183607.2025.28.51.07,2025,"Nieto-canarte, Carlos | Lozano-mendoza, Pedro Harrys | Guaman-sarango, Victor Manuel | Velez-ruiz, Mayra Carolina | Dominguez-zuniga, Wilmer Mario",URBANO,NA,NA,NA,WoS,1,other
Scopus,english,"URBAN GROWTH AND VULNERABILITY TO CLIMATE CHANGE OF THE QUEVEDO CONURBATION, ECUADOR",NA,10.22320/07183607.2025.28.51.08,2025,Nieto-Cañarte C.,Urbano,Article,NA,SCOPUS_ID:105015088094,Scopus,1,research_paper
WoS,english,Understanding everyday water experiences through flows: A feminist political ecology take on household metabolism,NA,10.1177/25148486241250012,2025,"Fragkou, Maria Christina",ENVIRONMENT AND PLANNING E-NATURE AND SPACE,NA,NA,NA,WoS,1,other
WoS,english,"Unintended consequences of public policies in increasing risk: the safe development paradox in the Revo<acute accent>lver basin, Brazil",NA,10.1016/j.ijdrr.2025.105697,2025,"Fusinato, Emanuel | Han, Sungju | Kobiyama, Masato | de Brito, Mariana Madruga",INTERNATIONAL JOURNAL OF DISASTER RISK REDUCTION,NA,NA,NA,Scopus; WoS,2,other
WoS,english,Unseen scars: Understanding the mental health burdens of climate change on indigenous and rural Peruvian women,NA,10.1371/journal.pclm.0000527,2025,"Flores, Elaine C. | Mascarenas, Claudia | Eaton, Julian | Kakuma, Ritsuko | Flores, Annie F. | Haines, Andrew",PLOS CLIMATE,NA,NA,NA,Scopus; WoS,2,other
WoS,english,"Unveiling the relationships between visibility, information technologies and innovation management for sustainability performance: an empirical study",NA,10.1108/ejim-12-2023-1139,2025,"Lopez-Torres, Gabriela Citlalli | Schiuma, Giovanni | Munoz-Arteaga, Jaime | Alvarez-Torres, Francisco Javier",EUROPEAN JOURNAL OF INNOVATION MANAGEMENT,NA,NA,NA,WoS,1,other
WoS,english,Urban Air Pollution in the Global South: A Never-Ending Crisis?,NA,10.3390/atmos16050487,2025,"Zalakeviciute, Rasa | Lopez-Villada, Jesus | Ochoa, Alejandra | Moreno, Valentina | Byun, Ariana | Proano, Esteban | Mejia, Danilo | Bonilla-Bedoya, Santiago | Rybarczyk, Yves | Vallejo, Fidel",ATMOSPHERE,NA,NA,NA,Scopus; WoS,2,other
Scopus,english,"Urban Movements and Climate Change: Loss, Damage and Radical Adaptation",NA,10.5117/9789463726665,2025,Armiero M.,Urban Movements and Climate Change Loss Damage and Radical Adaptation,Book,NA,SCOPUS_ID:105023813218,Scopus,1,other
Scopus,english,Urban Planning and Resilience: Local Strategies for Risk Management and Anticipatory Measures,NA,10.1088/1755-1315/1536/1/012019,2025,Santos G.d.,Iop Conference Series Earth and Environmental Science,Conference Paper,NA,SCOPUS_ID:105026491279,Scopus,1,research_paper
Scopus,english,"Urban Planning as an Ally for the Regeneration of the Central Canton of Barva De Heredia, Costa Rica in an Intelligent City Adaptable to Climate Change",NA,10.1007/978-3-031-84628-1_29,2025,Chacón F.U.,Studies in Systems Decision and Control,Book Chapter,NA,SCOPUS_ID:105009217050,Scopus,1,other
WoS,english,Urban boundaries are an underexplored frontier for ecological restoration,NA,10.1038/s41598-025-19699-9,2025,"Ferreira, Luciana Schwandner | di Giulio, Gabriela | Chaves, Rafael Barreiro | Lupinetti-Cunha, Artur | Duarte, Denise | Nascimento, Nathalia | Ruggiero, Patricia | Sousa e Silva, Lucia | Victor, Rodrigo Antonio Braga Moraes | Metzger, Jean Paul",SCIENTIFIC REPORTS,NA,NA,NA,WoS,1,other
WoS,english,Urban forests mitigate extreme heat exposure in a vulnerable tropical city,NA,10.1016/j.uclim.2025.102311,2025,"Giraldo-Charria, Diana Lucia | Escobedo, Francisco J. | Clerici, Nicola | Quesada, Benjamin",URBAN CLIMATE,NA,NA,NA,WoS,1,other
Scopus,english,"Urban planning and the protection of green spaces for climate change adaptation in Ciudad Juarez, Chihuahua, Mexico",NA,10.4324/9781032645407-8,2025,Romo-Aguilar M.d.L.,Protection of Green Spaces for Climate Change Adaptation Planning Systems Policies and Instruments,Book Chapter,NA,SCOPUS_ID:105000598018,Scopus,1,other
Scopus,english,Urban planning and the protection of green spaces for climate change adaptation in São Paulo. Lessons and best practices from a megalopolis in the Global South,NA,10.4324/9781032645407-5,2025,Pierri-Daunt A.B.,Protection of Green Spaces for Climate Change Adaptation Planning Systems Policies and Instruments,Book Chapter,NA,SCOPUS_ID:105000576600,Scopus,1,other
WoS,english,Using a robust decision making (RDM) approach to explore current and future vulnerabilities of a semi-arid coastal basin: a case study of the Quilimarí basin in Chile,NA,10.3389/fenvs.2025.1553675,2025,"Poblete, David | Vicuna, Sebastian | Aedo, Sebastian | Molina-Perez, Edmundo | Cortes, Hermilo | Melo, Oscar | Ocampo-Melgar, Anahi | Tesen, Kiara | Suarez, Francisco | Herane, Juan Pablo | Meza, Francisco | Duarte, Katherine | Gonzalez, Diego | Leray, Sarah | Williams, Megan | Gaxiola, Aurora | Alfaro, Gabriela | Morales-Moraga, David",FRONTIERS IN ENVIRONMENTAL SCIENCE,NA,NA,NA,Scopus; WoS,2,other
WoS,english,"Vulnerability and climate risk assessment in the Ecuadorian Amazon Region, based on ecological and socioeconomic infrastructures",NA,10.1016/j.crm.2025.100736,2025,"Quishpe, Miguel | Acosta-Vargas, Irene | Buenano, Adrian | Rosero, Bryan | Reyes, Maria | Duran, Gustavo | Zalakeviciute, Rasa",CLIMATE RISK MANAGEMENT,NA,NA,NA,WoS,1,other
WoS,english,WatAI: AI-Based System for Real-Time Flow Monitoring and Demand Prediction in Water Networks,NA,10.28991/cej-2025-011-07-07,2025,"Ladino-Moreno, E. O.",CIVIL ENGINEERING JOURNAL-TEHRAN,NA,NA,NA,Scopus; WoS,2,other
WoS,english,Water Security with Social Organization and Forest Care in the Megalopolis of Central Mexico,NA,10.3390/w17223245,2025,"Oswald-Spring, Ursula | Jaramillo-Monroy, Fernando",WATER,NA,NA,NA,Scopus; WoS,2,other
Scopus,english,Water in the arid and semi-arid zones of Mexico,NA,10.2174/9789815322439125010006,2025,Gallegos-Neyra E.M.,Soil Improvement and Water Conservation Biotechnology,Book Chapter,NA,SCOPUS_ID:105005900400,Scopus,1,other
Scopus,english,"Wetlands of Mountain Regions of Bolivia: Landscapes, Types, Conservation, and Livelihoods",NA,10.1002/9781394235230.ch10,2025,Domic A.I.,Wetlands of Mountainous Regions Biodiversity Livelihoods and Conservation,Book Chapter,NA,SCOPUS_ID:85218297051,Scopus,1,other
WoS,english,What makes Guatemalan citizens green?,NA,10.1080/09644016.2025.2605805,2025,"Arce, Moises | Feoli, Ludovico | Maboudi, Tofigh | Eisenstadt, Todd A. | Giron, Felipe",ENVIRONMENTAL POLITICS,NA,NA,NA,WoS,1,other
WoS,english,Willingness to pay for rainwater harvesting systems in Mexico City,NA,10.1016/j.wre.2025.100271,2025,"Lara-Pulido, Jose A. | Zorrilla-Ramos, Maria | Posadas-Vazquez, Ximena | Bailon, Ximena | Luna-Flores, Gustavo",WATER RESOURCES AND ECONOMICS,NA,NA,NA,Scopus; WoS,2,other
WoS,english,Wood Anatomy Properties and Global Climate Change Constraints of Forest Species from the Natural Forest of Mozambique,NA,10.3390/f16061018,2025,"Joaquim-Meque, Eugenia | Louzada, Jose | Mady, Francisco Tarcisio Moraes | de Souza, Valquiria Clara Freire | Liberato, Margarida L. R. | Fonseca, Teresa Fidalgo",FORESTS,NA,NA,NA,Scopus; WoS,2,other
WoS,english,XIV International Symposium on Antarctic Earth Sciences: a holistic view of the white continent,NA,10.1080/2154896x.2025.2584941,2025,"Carrasco Cerda, Jorge | Casassa, Gino",POLAR JOURNAL,NA,NA,NA,Scopus; WoS,2,other
OpenAlex,english,NA,NA,https://doi.org/10.1002/9781119988229.ch15,2025,NA,NA,NA,en,https://openalex.org/W4407390324,OpenAlex,1,other
OpenAlex,english,NA,NA,https://doi.org/10.1002/9781394235230.ch10,2025,NA,NA,NA,en,https://openalex.org/W4406509569,OpenAlex,1,other
OpenAlex,english,NA,NA,https://doi.org/10.1002/aqc.70101,2025,NA,NA,NA,en,https://openalex.org/W4408377198,OpenAlex,1,other
OpenAlex,english,NA,NA,https://doi.org/10.1002/bod2.70002,2025,NA,NA,NA,en,https://openalex.org/W4409397912,OpenAlex,1,other
OpenAlex,english,NA,NA,https://doi.org/10.1002/dep2.70001,2025,NA,NA,NA,en,https://openalex.org/W4408387083,OpenAlex,1,other
OpenAlex,english,NA,NA,https://doi.org/10.1002/ece3.70947,2025,NA,NA,NA,en,https://openalex.org/W4407113041,OpenAlex,1,other
OpenAlex,english,NA,NA,https://doi.org/10.1002/fci2.1,2025,NA,NA,NA,en,https://openalex.org/W4409617601,OpenAlex,1,other
OpenAlex,english,NA,NA,https://doi.org/10.1002/hyp.70316,2025,NA,NA,NA,en,https://openalex.org/W4416186770,OpenAlex,1,other
OpenAlex,english,NA,NA,https://doi.org/10.1002/jav.03558,2025,NA,NA,NA,en,https://openalex.org/W4413367482,OpenAlex,1,other
OpenAlex,english,NA,NA,https://doi.org/10.1002/joom.1375,2025,NA,NA,NA,en,https://openalex.org/W4410406161,OpenAlex,1,other
OpenAlex,english,NA,NA,https://doi.org/10.1002/ldr.5558,2025,NA,NA,NA,en,https://openalex.org/W4408306996,OpenAlex,1,other
OpenAlex,english,NA,NA,https://doi.org/10.1002/wwp2.12264,2025,NA,NA,NA,en,https://openalex.org/W4407061084,OpenAlex,1,other
OpenAlex,english,NA,NA,https://doi.org/10.1002/wwp2.70005,2025,NA,NA,NA,en,https://openalex.org/W4410075460,OpenAlex,1,other
OpenAlex,english,NA,NA,https://doi.org/10.1007/978-3-030-98067-2_178-1,2025,NA,NA,NA,en,https://openalex.org/W4413934652,OpenAlex,1,other
OpenAlex,english,NA,NA,https://doi.org/10.1007/978-3-030-98067-2_18-1,2025,NA,NA,NA,en,https://openalex.org/W4413169365,OpenAlex,1,other
OpenAlex,english,NA,NA,https://doi.org/10.1007/978-3-031-34967-6_129,2025,NA,NA,NA,en,https://openalex.org/W4415882427,OpenAlex,1,other
OpenAlex,english,NA,NA,https://doi.org/10.1007/978-3-031-34967-6_178,2025,NA,NA,NA,en,https://openalex.org/W4415882387,OpenAlex,1,other
OpenAlex,english,NA,NA,https://doi.org/10.1007/978-3-031-34967-6_18,2025,NA,NA,NA,en,https://openalex.org/W4415882339,OpenAlex,1,other
OpenAlex,english,NA,NA,https://doi.org/10.1007/978-3-031-34967-6_68,2025,NA,NA,NA,en,https://openalex.org/W4415882439,OpenAlex,1,other
OpenAlex,english,NA,NA,https://doi.org/10.1007/978-3-031-48012-6_19,2025,NA,NA,NA,en,https://openalex.org/W4409481578,OpenAlex,1,other
OpenAlex,english,NA,NA,https://doi.org/10.1007/978-3-031-70745-2_16,2025,NA,NA,NA,en,https://openalex.org/W4407141094,OpenAlex,1,other
OpenAlex,english,NA,NA,https://doi.org/10.1007/978-3-031-76436-3_6,2025,NA,NA,NA,en,https://openalex.org/W4408241405,OpenAlex,1,other
OpenAlex,english,NA,NA,https://doi.org/10.1007/978-3-031-80805-0_9,2025,NA,NA,NA,en,https://openalex.org/W4409735683,OpenAlex,1,other
OpenAlex,english,NA,NA,https://doi.org/10.1007/978-3-031-84359-4_15,2025,NA,NA,NA,en,https://openalex.org/W4410699557,OpenAlex,1,other
OpenAlex,english,NA,NA,https://doi.org/10.1007/978-3-031-84628-1_29,2025,NA,NA,NA,en,https://openalex.org/W4411476147,OpenAlex,1,other
OpenAlex,english,NA,NA,https://doi.org/10.1007/978-3-031-89218-9_8,2025,NA,NA,NA,en,https://openalex.org/W4410125633,OpenAlex,1,other
OpenAlex,english,NA,NA,https://doi.org/10.1007/978-3-031-89372-8_11,2025,NA,NA,NA,en,https://openalex.org/W4411858813,OpenAlex,1,other
OpenAlex,english,NA,NA,https://doi.org/10.1007/978-3-031-91424-9_15,2025,NA,NA,NA,en,https://openalex.org/W4414815514,OpenAlex,1,other
OpenAlex,english,NA,NA,https://doi.org/10.1007/978-3-031-91982-4_13,2025,NA,NA,NA,en,https://openalex.org/W4411859386,OpenAlex,1,other
OpenAlex,english,NA,NA,https://doi.org/10.1007/978-3-031-96251-6_18,2025,NA,NA,NA,en,https://openalex.org/W4415622809,OpenAlex,1,other
OpenAlex,english,NA,NA,https://doi.org/10.1007/978-3-031-98290-3_23,2025,NA,NA,NA,en,https://openalex.org/W4413909037,OpenAlex,1,other
OpenAlex,english,NA,NA,https://doi.org/10.1007/978-3-032-00074-3_18,2025,NA,NA,NA,en,https://openalex.org/W7106222546,OpenAlex,1,other
OpenAlex,english,NA,NA,https://doi.org/10.1007/978-3-032-00074-3_9,2025,NA,NA,NA,en,https://openalex.org/W4416529184,OpenAlex,1,other
OpenAlex,english,NA,NA,https://doi.org/10.1007/978-3-032-06368-7_1,2025,NA,NA,NA,en,https://openalex.org/W7118018169,OpenAlex,1,other
OpenAlex,english,NA,NA,https://doi.org/10.1007/978-3-032-06368-7_2,2025,NA,NA,NA,en,https://openalex.org/W7118010759,OpenAlex,1,other
OpenAlex,english,NA,NA,https://doi.org/10.1007/978-3-032-06368-7_4,2025,NA,NA,NA,en,https://openalex.org/W7117995587,OpenAlex,1,other
OpenAlex,english,NA,NA,https://doi.org/10.1007/978-3-032-06368-7_8,2025,NA,NA,NA,en,https://openalex.org/W7117970658,OpenAlex,1,other
OpenAlex,english,NA,NA,https://doi.org/10.1007/978-981-96-4569-5_97,2025,NA,NA,NA,en,https://openalex.org/W4411606955,OpenAlex,1,other
OpenAlex,english,NA,NA,https://doi.org/10.1007/978-981-97-7521-7_26,2025,NA,NA,NA,en,https://openalex.org/W4406026951,OpenAlex,1,other
OpenAlex,english,NA,NA,https://doi.org/10.1007/978-981-99-4236-7_97-1,2025,NA,NA,NA,en,https://openalex.org/W4412697199,OpenAlex,1,other
OpenAlex,english,NA,NA,https://doi.org/10.1007/s00267-026-02480-7,2025,NA,NA,NA,en,https://openalex.org/W4412718475,OpenAlex,1,other
OpenAlex,english,NA,NA,https://doi.org/10.1007/s00436-025-08585-y,2025,NA,NA,NA,en,https://openalex.org/W4417115691,OpenAlex,1,other
OpenAlex,english,NA,NA,https://doi.org/10.1007/s00468-025-02606-0,2025,NA,NA,NA,en,https://openalex.org/W4407893100,OpenAlex,1,other
OpenAlex,english,NA,NA,https://doi.org/10.1007/s00477-025-03050-9,2025,NA,NA,NA,en,https://openalex.org/W4412842557,OpenAlex,1,other
OpenAlex,english,NA,NA,https://doi.org/10.1007/s10113-025-02381-1,2025,NA,NA,NA,en,https://openalex.org/W4409678221,OpenAlex,1,other
OpenAlex,english,NA,NA,https://doi.org/10.1007/s10113-026-02592-0,2025,NA,NA,NA,en,https://openalex.org/W4416971133,OpenAlex,1,other
OpenAlex,english,NA,NA,https://doi.org/10.1007/s10457-025-01155-2,2025,NA,NA,NA,en,https://openalex.org/W4408032090,OpenAlex,1,other
OpenAlex,english,NA,NA,https://doi.org/10.1007/s10531-025-03023-y,2025,NA,NA,NA,en,https://openalex.org/W4407144749,OpenAlex,1,other
OpenAlex,english,NA,NA,https://doi.org/10.1007/s10531-025-03188-6,2025,NA,NA,NA,en,https://openalex.org/W4415600912,OpenAlex,1,other
OpenAlex,english,NA,NA,https://doi.org/10.1007/s10653-025-02524-7,2025,NA,NA,NA,en,https://openalex.org/W4410381775,OpenAlex,1,other
OpenAlex,english,NA,NA,https://doi.org/10.1007/s10935-025-00839-w,2025,NA,NA,NA,en,https://openalex.org/W4410493453,OpenAlex,1,other
OpenAlex,english,NA,NA,https://doi.org/10.1007/s11069-025-07326-9,2025,NA,NA,NA,en,https://openalex.org/W4410134100,OpenAlex,1,other
OpenAlex,english,NA,NA,https://doi.org/10.1007/s11252-025-01810-7,2025,NA,NA,NA,en,https://openalex.org/W4414351125,OpenAlex,1,other
OpenAlex,english,NA,NA,https://doi.org/10.1007/s11629-024-9365-6,2025,NA,NA,NA,en,https://openalex.org/W4411298045,OpenAlex,1,other
OpenAlex,english,NA,NA,https://doi.org/10.1007/s11756-025-02050-y,2025,NA,NA,NA,en,https://openalex.org/W4416147483,OpenAlex,1,other
OpenAlex,english,NA,NA,https://doi.org/10.1007/s13157-025-01995-9,2025,NA,NA,NA,en,https://openalex.org/W4415762312,OpenAlex,1,other
OpenAlex,english,NA,NA,https://doi.org/10.1007/s41748-025-00819-4,2025,NA,NA,NA,en,https://openalex.org/W4414650305,OpenAlex,1,other
OpenAlex,english,NA,NA,https://doi.org/10.1007/s41810-025-00288-2,2025,NA,NA,NA,en,https://openalex.org/W4406863787,OpenAlex,1,other
OpenAlex,english,NA,NA,https://doi.org/10.1007/s43621-025-01203-y,2025,NA,NA,NA,en,https://openalex.org/W4410187658,OpenAlex,1,other
OpenAlex,english,NA,NA,https://doi.org/10.1007/s44243-025-00070-5,2025,NA,NA,NA,en,https://openalex.org/W4416832770,OpenAlex,1,other
OpenAlex,english,NA,NA,https://doi.org/10.1007/s44243-025-00072-3,2025,NA,NA,NA,en,https://openalex.org/W7116761018,OpenAlex,1,other
OpenAlex,english,NA,NA,https://doi.org/10.1007/s44288-025-00190-x,2025,NA,NA,NA,en,https://openalex.org/W4412167676,OpenAlex,1,other
OpenAlex,english,NA,NA,https://doi.org/10.1007/s44415-025-00052-x,2025,NA,NA,NA,en,https://openalex.org/W4416319724,OpenAlex,1,other
OpenAlex,english,NA,NA,https://doi.org/10.1016/b978-0-443-15726-4.00036-0,2025,NA,NA,NA,en,https://openalex.org/W4409060542,OpenAlex,1,other
OpenAlex,english,NA,NA,https://doi.org/10.1016/b978-0-443-15976-3.00095-7,2025,NA,NA,NA,en,https://openalex.org/W4412615996,OpenAlex,1,other
OpenAlex,english,NA,NA,https://doi.org/10.1016/b978-0-443-29993-3.00035-7,2025,NA,NA,NA,en,https://openalex.org/W4412591028,OpenAlex,1,other
OpenAlex,english,NA,NA,https://doi.org/10.1016/b978-0-443-40292-0.00027-3,2025,NA,NA,NA,en,https://openalex.org/W4415280819,OpenAlex,1,other
OpenAlex,english,NA,NA,https://doi.org/10.1016/b978-0-443-40490-0.00019-2,2025,NA,NA,NA,en,https://openalex.org/W4409373712,OpenAlex,1,other
OpenAlex,english,NA,NA,https://doi.org/10.1016/j.actatropica.2025.107797,2025,NA,NA,NA,en,https://openalex.org/W4413365930,OpenAlex,1,other
OpenAlex,english,NA,NA,https://doi.org/10.1016/j.agee.2025.109871,2025,NA,NA,NA,en,https://openalex.org/W4413099448,OpenAlex,1,other
OpenAlex,english,NA,NA,https://doi.org/10.1016/j.agwat.2025.109925,2025,NA,NA,NA,en,https://openalex.org/W4415657258,OpenAlex,1,other
OpenAlex,english,NA,NA,https://doi.org/10.1016/j.asr.2025.05.091,2025,NA,NA,NA,en,https://openalex.org/W4411088695,OpenAlex,1,other
OpenAlex,english,NA,NA,https://doi.org/10.1016/j.cities.2025.106541,2025,NA,NA,NA,en,https://openalex.org/W4414778501,OpenAlex,1,other
OpenAlex,english,NA,NA,https://doi.org/10.1016/j.crm.2025.100696,2025,NA,NA,NA,en,https://openalex.org/W4407849177,OpenAlex,1,other
OpenAlex,english,NA,NA,https://doi.org/10.1016/j.cscee.2025.101170,2025,NA,NA,NA,en,https://openalex.org/W4407928726,OpenAlex,1,other
OpenAlex,english,NA,NA,https://doi.org/10.1016/j.dib.2025.111935,2025,NA,NA,NA,en,https://openalex.org/W4413099328,OpenAlex,1,other
OpenAlex,english,NA,NA,https://doi.org/10.1016/j.envdev.2025.101317,2025,NA,NA,NA,en,https://openalex.org/W4413043827,OpenAlex,1,other
OpenAlex,english,NA,NA,https://doi.org/10.1016/j.envsci.2025.104146,2025,NA,NA,NA,en,https://openalex.org/W4411475287,OpenAlex,1,other
OpenAlex,english,NA,NA,https://doi.org/10.1016/j.esd.2025.101653,2025,NA,NA,NA,en,https://openalex.org/W4406855992,OpenAlex,1,other
OpenAlex,english,NA,NA,https://doi.org/10.1016/j.forpol.2025.103525,2025,NA,NA,NA,en,https://openalex.org/W4410611456,OpenAlex,1,other
OpenAlex,english,NA,NA,https://doi.org/10.1016/j.geomorph.2025.109970,2025,NA,NA,NA,en,https://openalex.org/W4413176822,OpenAlex,1,other
OpenAlex,english,NA,NA,https://doi.org/10.1016/j.gespch.2025.100004,2025,NA,NA,NA,en,https://openalex.org/W4408252400,OpenAlex,1,other
OpenAlex,english,NA,NA,https://doi.org/10.1016/j.gloenvcha.2025.103041,2025,NA,NA,NA,en,https://openalex.org/W4412533867,OpenAlex,1,other
OpenAlex,english,NA,NA,https://doi.org/10.1016/j.ijdrr.2025.105313,2025,NA,NA,NA,en,https://openalex.org/W4407576498,OpenAlex,1,other
OpenAlex,english,NA,NA,https://doi.org/10.1016/j.ijdrr.2025.105530,2025,NA,NA,NA,en,https://openalex.org/W4409994264,OpenAlex,1,other
OpenAlex,english,NA,NA,https://doi.org/10.1016/j.ijdrr.2025.105697,2025,NA,NA,NA,en,https://openalex.org/W4412467944,OpenAlex,1,other
OpenAlex,english,NA,NA,https://doi.org/10.1016/j.ijdrr.2025.105781,2025,NA,NA,NA,en,https://openalex.org/W4414061767,OpenAlex,1,other
OpenAlex,english,NA,NA,https://doi.org/10.1016/j.ijdrr.2025.105859,2025,NA,NA,NA,en,https://openalex.org/W4415054975,OpenAlex,1,other
OpenAlex,english,NA,NA,https://doi.org/10.1016/j.jaridenv.2025.105376,2025,NA,NA,NA,en,https://openalex.org/W4408748818,OpenAlex,1,other
OpenAlex,english,NA,NA,https://doi.org/10.1016/j.jaridenv.2025.105497,2025,NA,NA,NA,en,https://openalex.org/W4414994955,OpenAlex,1,other
OpenAlex,english,NA,NA,https://doi.org/10.1016/j.jenvman.2025.125397,2025,NA,NA,NA,en,https://openalex.org/W4409867029,OpenAlex,1,other
OpenAlex,english,NA,NA,https://doi.org/10.1016/j.jenvman.2025.128462,2025,NA,NA,NA,en,https://openalex.org/W7117713644,OpenAlex,1,other
OpenAlex,english,NA,NA,https://doi.org/10.1016/j.jenvp.2025.102732,2025,NA,NA,NA,en,https://openalex.org/W4413388502,OpenAlex,1,other
OpenAlex,english,NA,NA,https://doi.org/10.1016/j.jhydrol.2025.133436,2025,NA,NA,NA,en,https://openalex.org/W4410200789,OpenAlex,1,other
OpenAlex,english,NA,NA,https://doi.org/10.1016/j.jobe.2025.113810,2025,NA,NA,NA,en,https://openalex.org/W4413452819,OpenAlex,1,other
OpenAlex,english,NA,NA,https://doi.org/10.1016/j.jprot.2025.105520,2025,NA,NA,NA,en,https://openalex.org/W4413117275,OpenAlex,1,other
OpenAlex,english,NA,NA,https://doi.org/10.1016/j.jrurstud.2025.103601,2025,NA,NA,NA,en,https://openalex.org/W4407864848,OpenAlex,1,other
OpenAlex,english,NA,NA,https://doi.org/10.1016/j.jsames.2025.105692,2025,NA,NA,NA,en,https://openalex.org/W4412429250,OpenAlex,1,other
OpenAlex,english,NA,NA,https://doi.org/10.1016/j.jsames.2025.105767,2025,NA,NA,NA,en,https://openalex.org/W4414011614,OpenAlex,1,other
OpenAlex,english,NA,NA,https://doi.org/10.1016/j.lana.2025.101109,2025,NA,NA,NA,en,https://openalex.org/W4410195747,OpenAlex,1,other
OpenAlex,english,NA,NA,https://doi.org/10.1016/j.landusepol.2025.107802,2025,NA,NA,NA,en,https://openalex.org/W4414860488,OpenAlex,1,other
OpenAlex,english,NA,NA,https://doi.org/10.1016/j.landusepol.2025.107849,2025,NA,NA,NA,en,https://openalex.org/W4416017287,OpenAlex,1,other
OpenAlex,english,NA,NA,https://doi.org/10.1016/j.marpol.2024.106584,2025,NA,NA,NA,en,https://openalex.org/W4406241234,OpenAlex,1,other
OpenAlex,english,NA,NA,https://doi.org/10.1016/j.nbsj.2025.100216,2025,NA,NA,NA,en,https://openalex.org/W4406756795,OpenAlex,1,other
OpenAlex,english,NA,NA,https://doi.org/10.1016/j.nbsj.2025.100298,2025,NA,NA,NA,en,https://openalex.org/W7116875841,OpenAlex,1,other
OpenAlex,english,NA,NA,https://doi.org/10.1016/j.nhres.2025.03.011,2025,NA,NA,NA,en,https://openalex.org/W4408733936,OpenAlex,1,other
OpenAlex,english,NA,NA,https://doi.org/10.1016/j.ocecoaman.2025.107613,2025,NA,NA,NA,en,https://openalex.org/W4408141812,OpenAlex,1,other
OpenAlex,english,NA,NA,https://doi.org/10.1016/j.pce.2025.104267,2025,NA,NA,NA,en,https://openalex.org/W4417483031,OpenAlex,1,other
OpenAlex,english,NA,NA,https://doi.org/10.1016/j.scitotenv.2025.180815,2025,NA,NA,NA,en,https://openalex.org/W4415604866,OpenAlex,1,other
OpenAlex,english,NA,NA,https://doi.org/10.1016/j.scs.2025.106665,2025,NA,NA,NA,en,https://openalex.org/W4412796222,OpenAlex,1,other
OpenAlex,english,NA,NA,https://doi.org/10.1016/j.scs.2025.107047,2025,NA,NA,NA,en,https://openalex.org/W4417178216,OpenAlex,1,other
OpenAlex,english,NA,NA,https://doi.org/10.1016/j.scs.2025.107093,2025,NA,NA,NA,en,https://openalex.org/W7117325923,OpenAlex,1,other
OpenAlex,english,NA,NA,https://doi.org/10.1016/j.sftr.2025.101427,2025,NA,NA,NA,en,https://openalex.org/W4415218736,OpenAlex,1,other
OpenAlex,english,NA,NA,https://doi.org/10.1016/j.teadva.2025.200131,2025,NA,NA,NA,en,https://openalex.org/W4411682762,OpenAlex,1,other
OpenAlex,english,NA,NA,https://doi.org/10.1016/j.ubtr.2025.100017,2025,NA,NA,NA,en,https://openalex.org/W4416822400,OpenAlex,1,other
OpenAlex,english,NA,NA,https://doi.org/10.1016/j.uclim.2025.102311,2025,NA,NA,NA,en,https://openalex.org/W4407027535,OpenAlex,1,other
OpenAlex,english,NA,NA,https://doi.org/10.1016/j.uclim.2025.102318,2025,NA,NA,NA,en,https://openalex.org/W4406887579,OpenAlex,1,other
OpenAlex,english,NA,NA,https://doi.org/10.1016/j.uclim.2025.102487,2025,NA,NA,NA,en,https://openalex.org/W4411010342,OpenAlex,1,other
OpenAlex,english,NA,NA,https://doi.org/10.1016/j.uclim.2025.102568,2025,NA,NA,NA,en,https://openalex.org/W4413181962,OpenAlex,1,other
OpenAlex,english,NA,NA,https://doi.org/10.1016/j.wace.2025.100810,2025,NA,NA,NA,en,https://openalex.org/W4414871804,OpenAlex,1,other
OpenAlex,english,NA,NA,https://doi.org/10.1016/j.wsee.2025.04.001,2025,NA,NA,NA,en,https://openalex.org/W4409202354,OpenAlex,1,other
OpenAlex,english,NA,NA,https://doi.org/10.1017/lsr.2024.55,2025,NA,NA,NA,en,https://openalex.org/W4407623919,OpenAlex,1,other
OpenAlex,english,NA,NA,https://doi.org/10.1017/s0014479725000110,2025,NA,NA,NA,en,https://openalex.org/W4410996920,OpenAlex,1,other
OpenAlex,english,NA,NA,https://doi.org/10.1021/acsestwater.5c00088,2025,NA,NA,NA,en,https://openalex.org/W4407591210,OpenAlex,1,other
OpenAlex,english,NA,NA,https://doi.org/10.1021/cen-10323-polcon1,2025,NA,NA,NA,en,https://openalex.org/W7115193028,OpenAlex,1,other
OpenAlex,english,NA,NA,https://doi.org/10.1038/s41467-025-63156-0,2025,NA,NA,NA,en,https://openalex.org/W4413914833,OpenAlex,1,other
OpenAlex,english,NA,NA,https://doi.org/10.1038/s41467-025-66603-0,2025,NA,NA,NA,en,https://openalex.org/W4416625076,OpenAlex,1,other
OpenAlex,english,NA,NA,https://doi.org/10.1038/s41598-025-05678-7,2025,NA,NA,NA,en,https://openalex.org/W4411861867,OpenAlex,1,other
OpenAlex,english,NA,NA,https://doi.org/10.1038/s43247-025-02339-5,2025,NA,NA,NA,en,https://openalex.org/W4412552486,OpenAlex,1,other
OpenAlex,english,NA,NA,https://doi.org/10.1080/03066150.2025.2476003,2025,NA,NA,NA,en,https://openalex.org/W4409309279,OpenAlex,1,other
OpenAlex,english,NA,NA,https://doi.org/10.1080/13563475.2025.2451832,2025,NA,NA,NA,en,https://openalex.org/W4406406406,OpenAlex,1,other
OpenAlex,english,NA,NA,https://doi.org/10.1088/1748-9326/adb7f5,2025,NA,NA,NA,en,https://openalex.org/W4407732320,OpenAlex,1,other
OpenAlex,english,NA,NA,https://doi.org/10.1088/1748-9326/ade9e2,2025,NA,NA,NA,en,https://openalex.org/W4411795942,OpenAlex,1,other
OpenAlex,english,NA,NA,https://doi.org/10.1088/1755-1315/1536/1/012019,2025,NA,NA,NA,en,https://openalex.org/W4414410209,OpenAlex,1,other
OpenAlex,english,NA,NA,https://doi.org/10.1088/2515-7620/ada7cc,2025,NA,NA,NA,en,https://openalex.org/W4406160353,OpenAlex,1,other
OpenAlex,english,NA,NA,https://doi.org/10.1093/jpe/rtaf226,2025,NA,NA,NA,en,https://openalex.org/W7117691502,OpenAlex,1,other
OpenAlex,english,NA,NA,https://doi.org/10.1093/obo/9780197768709-0007,2025,NA,NA,NA,en,https://openalex.org/W4411398733,OpenAlex,1,other
OpenAlex,english,NA,NA,https://doi.org/10.1093/oso/9780198883203.003.0010,2025,NA,NA,NA,en,https://openalex.org/W4412646059,OpenAlex,1,other
OpenAlex,english,NA,NA,https://doi.org/10.1098/rstb.2023.0460,2025,NA,NA,NA,en,https://openalex.org/W4409520940,OpenAlex,1,other
OpenAlex,english,NA,NA,https://doi.org/10.1101/2025.04.14.648749,2025,NA,NA,NA,en,https://openalex.org/W4409727344,OpenAlex,1,other
OpenAlex,english,NA,NA,https://doi.org/10.1101/2025.05.16.654316,2025,NA,NA,NA,en,https://openalex.org/W4410457148,OpenAlex,1,other
OpenAlex,english,NA,NA,https://doi.org/10.1101/2025.10.22.684033,2025,NA,NA,NA,en,https://openalex.org/W4415488940,OpenAlex,1,other
OpenAlex,english,NA,NA,https://doi.org/10.1108/caer-08-2025-461,2025,NA,NA,NA,en,https://openalex.org/W7104938521,OpenAlex,1,other
OpenAlex,english,NA,NA,https://doi.org/10.1108/qrfm-11-2025-372,2025,NA,NA,NA,en,https://openalex.org/W4416941964,OpenAlex,1,other
OpenAlex,english,NA,NA,https://doi.org/10.1109/amitic68284.2025.11214622,2025,NA,NA,NA,NA,https://openalex.org/W4415970396,OpenAlex,1,other
OpenAlex,english,NA,NA,https://doi.org/10.1109/igarss55030.2025.11243213,2025,NA,NA,NA,NA,https://openalex.org/W4416728938,OpenAlex,1,other
OpenAlex,english,NA,NA,https://doi.org/10.1109/jstars.2025.3536878,2025,NA,NA,NA,en,https://openalex.org/W4406983198,OpenAlex,1,other
OpenAlex,english,NA,NA,https://doi.org/10.1111/1751-7915.70141,2025,NA,NA,NA,en,https://openalex.org/W4409191144,OpenAlex,1,other
OpenAlex,english,NA,NA,https://doi.org/10.1111/acv.70000,2025,NA,NA,NA,en,https://openalex.org/W4408333166,OpenAlex,1,other
OpenAlex,english,NA,NA,https://doi.org/10.1111/brv.70049,2025,NA,NA,NA,en,https://openalex.org/W4412487171,OpenAlex,1,other
OpenAlex,english,NA,NA,https://doi.org/10.1111/cobi.70011,2025,NA,NA,NA,en,https://openalex.org/W4409076275,OpenAlex,1,other
OpenAlex,english,NA,NA,https://doi.org/10.1111/cobi.70030,2025,NA,NA,NA,en,https://openalex.org/W4410895303,OpenAlex,1,other
OpenAlex,english,NA,NA,https://doi.org/10.1111/cobi.70063,2025,NA,NA,NA,en,https://openalex.org/W4410939144,OpenAlex,1,other
OpenAlex,english,NA,NA,https://doi.org/10.1111/cobi.70161,2025,NA,NA,NA,en,https://openalex.org/W4415377348,OpenAlex,1,other
OpenAlex,english,NA,NA,https://doi.org/10.1111/gcb.70199,2025,NA,NA,NA,en,https://openalex.org/W4410674777,OpenAlex,1,other
OpenAlex,english,NA,NA,https://doi.org/10.1111/gcb.70357,2025,NA,NA,NA,en,https://openalex.org/W4412361665,OpenAlex,1,other
OpenAlex,english,NA,NA,https://doi.org/10.1111/gcb.70589,2025,NA,NA,NA,en,https://openalex.org/W4415569545,OpenAlex,1,other
OpenAlex,english,NA,NA,https://doi.org/10.1111/gcb.70681,2025,NA,NA,NA,en,https://openalex.org/W7117299141,OpenAlex,1,other
OpenAlex,english,NA,NA,https://doi.org/10.1111/jan.70247,2025,NA,NA,NA,en,https://openalex.org/W4414487974,OpenAlex,1,other
OpenAlex,english,NA,NA,https://doi.org/10.1111/jfr3.70060,2025,NA,NA,NA,en,https://openalex.org/W4409894107,OpenAlex,1,other
OpenAlex,english,NA,NA,https://doi.org/10.1111/jfr3.70110,2025,NA,NA,NA,en,https://openalex.org/W4412771708,OpenAlex,1,other
OpenAlex,english,NA,NA,https://doi.org/10.1111/jvs.70044,2025,NA,NA,NA,en,https://openalex.org/W4411457553,OpenAlex,1,other
OpenAlex,english,NA,NA,https://doi.org/10.1111/mec.70210,2025,NA,NA,NA,en,https://openalex.org/W7117300270,OpenAlex,1,other
OpenAlex,english,NA,NA,https://doi.org/10.1111/mve.12810,2025,NA,NA,NA,en,https://openalex.org/W4410550282,OpenAlex,1,other
OpenAlex,english,NA,NA,https://doi.org/10.1111/nph.70007,2025,NA,NA,NA,en,https://openalex.org/W4411078066,OpenAlex,1,other
OpenAlex,english,NA,NA,https://doi.org/10.1136/oemed-2024-109710,2025,NA,NA,NA,en,https://openalex.org/W4407131923,OpenAlex,1,other
OpenAlex,portuguese,NA,NA,https://doi.org/10.11606/t.106.2025.tde-06062025-224737,2025,NA,NA,NA,pt,https://openalex.org/W4411585593,OpenAlex,1,other
OpenAlex,english,NA,NA,https://doi.org/10.11606/t.44.2025.tde-09022026-111808,2025,NA,NA,NA,pt,https://openalex.org/W7128544594,OpenAlex,1,other
OpenAlex,portuguese,NA,NA,https://doi.org/10.11606/t.6.2025.tde-27012026-160657,2025,NA,NA,NA,pt,https://openalex.org/W7125802236,OpenAlex,1,other
OpenAlex,english,NA,NA,https://doi.org/10.1242/bio.062413,2025,NA,NA,NA,en,https://openalex.org/W4417506002,OpenAlex,1,other
OpenAlex,english,NA,NA,https://doi.org/10.12691/jfnr-13-8-6,2025,NA,NA,NA,en,https://openalex.org/W4413671909,OpenAlex,1,other
OpenAlex,english,NA,NA,https://doi.org/10.13016/uhkp-hegh,2025,NA,NA,NA,en,https://openalex.org/W7125961281,OpenAlex,1,other
OpenAlex,english,NA,NA,https://doi.org/10.1371/journal.pclm.0000527,2025,NA,NA,NA,en,https://openalex.org/W4411599245,OpenAlex,1,other
OpenAlex,english,NA,NA,https://doi.org/10.1371/journal.pclm.0000527.t001,2025,NA,NA,NA,NA,https://openalex.org/W7111090147,OpenAlex,1,other
OpenAlex,english,NA,NA,https://doi.org/10.1371/journal.pone.0319708,2025,NA,NA,NA,en,https://openalex.org/W4408591863,OpenAlex,1,other
OpenAlex,english,NA,NA,https://doi.org/10.1371/journal.pone.0321817,2025,NA,NA,NA,en,https://openalex.org/W4410769899,OpenAlex,1,other
OpenAlex,english,NA,NA,https://doi.org/10.14393/ufu.di.2025.5007,2025,NA,NA,NA,pt,https://openalex.org/W4407887822,OpenAlex,1,other
OpenAlex,english,NA,NA,https://doi.org/10.14455/isec.2025.12(1).pnd-04,2025,NA,NA,NA,en,https://openalex.org/W4416969565,OpenAlex,1,other
OpenAlex,english,NA,NA,https://doi.org/10.1515/9783839475355-017,2025,NA,NA,NA,en,https://openalex.org/W4408192975,OpenAlex,1,other
OpenAlex,english,NA,NA,https://doi.org/10.1525/gfc.2025.25.4.107,2025,NA,NA,NA,en,https://openalex.org/W4415621985,OpenAlex,1,other
OpenAlex,english,NA,NA,https://doi.org/10.15359/ru.39-1.5,2025,NA,NA,NA,en,https://openalex.org/W4408319257,OpenAlex,1,other
OpenAlex,spanish,NA,NA,https://doi.org/10.15658/cesmag25.19060106,2025,NA,NA,NA,NA,https://openalex.org/W7105995185,OpenAlex,1,other
OpenAlex,english,NA,NA,https://doi.org/10.1590/1518-8345.0000.4680,2025,NA,NA,NA,pt,https://openalex.org/W4410964321,OpenAlex,1,other
OpenAlex,english,NA,NA,https://doi.org/10.1590/s1678-3921.pab2025.v60.04148,2025,NA,NA,NA,en,https://openalex.org/W4415814626,OpenAlex,1,other
OpenAlex,english,NA,NA,https://doi.org/10.1590/s1983-41952025000800014,2025,NA,NA,NA,en,https://openalex.org/W4406607868,OpenAlex,1,other
OpenAlex,english,NA,NA,https://doi.org/10.1596/43737,2025,NA,NA,NA,en,https://openalex.org/W4414366752,OpenAlex,1,other
OpenAlex,spanish,NA,NA,https://doi.org/10.17129/botsci.3680,2025,NA,NA,NA,es,https://openalex.org/W4412704572,OpenAlex,1,other
OpenAlex,english,NA,NA,https://doi.org/10.17268/sci.agropecu.2026.006,2025,NA,NA,NA,es,https://openalex.org/W4415592719,OpenAlex,1,other
OpenAlex,english,NA,NA,https://doi.org/10.17271/1980082721320256223,2025,NA,NA,NA,NA,https://openalex.org/W7124458130,OpenAlex,1,other
OpenAlex,english,NA,NA,https://doi.org/10.17271/23178604134020255617,2025,NA,NA,NA,en,https://openalex.org/W4412370062,OpenAlex,1,other
OpenAlex,english,NA,NA,https://doi.org/10.17271/23178604134020255620,2025,NA,NA,NA,en,https://openalex.org/W4412370080,OpenAlex,1,other
OpenAlex,english,NA,NA,https://doi.org/10.17271/23178604134420255987,2025,NA,NA,NA,NA,https://openalex.org/W4417336684,OpenAlex,1,other
OpenAlex,english,NA,NA,https://doi.org/10.17271/23178604134420255992,2025,NA,NA,NA,NA,https://openalex.org/W7115190748,OpenAlex,1,other
OpenAlex,english,NA,NA,https://doi.org/10.17271/23178604134420255993,2025,NA,NA,NA,NA,https://openalex.org/W4417336665,OpenAlex,1,other
OpenAlex,english,NA,NA,https://doi.org/10.17271/6e4g7v51,2025,NA,NA,NA,NA,https://openalex.org/W7117415677,OpenAlex,1,other
OpenAlex,english,NA,NA,https://doi.org/10.17271/b34x8w14,2025,NA,NA,NA,NA,https://openalex.org/W7117436742,OpenAlex,1,other
OpenAlex,english,NA,NA,https://doi.org/10.17615/74ce-nb85,2025,NA,NA,NA,en,https://openalex.org/W4414523773,OpenAlex,1,other
OpenAlex,english,NA,NA,https://doi.org/10.17645/up.9943,2025,NA,NA,NA,en,https://openalex.org/W4415102991,OpenAlex,1,other
OpenAlex,english,NA,NA,https://doi.org/10.17921/2448-2129.2024v25n2p131-139,2025,NA,NA,NA,pt,https://openalex.org/W4406950463,OpenAlex,1,other
OpenAlex,english,NA,NA,https://doi.org/10.18046/j.estger.2025.176.7308,2025,NA,NA,NA,en,https://openalex.org/W7125145788,OpenAlex,1,other
OpenAlex,english,NA,NA,https://doi.org/10.18172/cig.6411,2025,NA,NA,NA,en,https://openalex.org/W4411282658,OpenAlex,1,other
OpenAlex,english,NA,NA,https://doi.org/10.18174/679652,2025,NA,NA,NA,en,https://openalex.org/W4406348326,OpenAlex,1,other
OpenAlex,english,NA,NA,https://doi.org/10.18174/681616,2025,NA,NA,NA,en,https://openalex.org/W4416364817,OpenAlex,1,other
OpenAlex,english,NA,NA,https://doi.org/10.18607/es20251419985,2025,NA,NA,NA,en,https://openalex.org/W4413304908,OpenAlex,1,other
OpenAlex,spanish,NA,NA,https://doi.org/10.18845/tm.v38i7.8291,2025,NA,NA,NA,es,https://openalex.org/W4415819073,OpenAlex,1,other
OpenAlex,spanish,NA,NA,https://doi.org/10.18846/renaysoc.2025.11.11.02.0013,2025,NA,NA,NA,NA,https://openalex.org/W7160057559,OpenAlex,1,other
OpenAlex,english,NA,NA,https://doi.org/10.19180/2177-4560.v19n12025p44-62,2025,NA,NA,NA,en,https://openalex.org/W4409433307,OpenAlex,1,other
OpenAlex,english,NA,NA,https://doi.org/10.19182/bft2025.362.a37432,2025,NA,NA,NA,en,https://openalex.org/W4411495737,OpenAlex,1,other
OpenAlex,english,NA,NA,https://doi.org/10.20944/preprints202501.1094.v1,2025,NA,NA,NA,en,https://openalex.org/W4406409224,OpenAlex,1,other
OpenAlex,english,NA,NA,https://doi.org/10.20944/preprints202506.1288.v1,2025,NA,NA,NA,en,https://openalex.org/W4411392822,OpenAlex,1,other
OpenAlex,english,NA,NA,https://doi.org/10.20944/preprints202509.0386.v1,2025,NA,NA,NA,en,https://openalex.org/W4414030164,OpenAlex,1,other
OpenAlex,english,NA,NA,https://doi.org/10.20944/preprints202510.0807.v1,2025,NA,NA,NA,en,https://openalex.org/W4415053715,OpenAlex,1,other
OpenAlex,english,NA,NA,https://doi.org/10.20944/preprints202510.1446.v1,2025,NA,NA,NA,en,https://openalex.org/W4415371153,OpenAlex,1,other
OpenAlex,english,NA,NA,https://doi.org/10.21203/rs.3.rs-5917994/v1,2025,NA,NA,NA,en,https://openalex.org/W4408156073,OpenAlex,1,other
OpenAlex,english,NA,NA,https://doi.org/10.21203/rs.3.rs-6497889/v1,2025,NA,NA,NA,en,https://openalex.org/W4410203322,OpenAlex,1,other
OpenAlex,english,NA,NA,https://doi.org/10.21203/rs.3.rs-6579639/v1,2025,NA,NA,NA,en,https://openalex.org/W4410238575,OpenAlex,1,other
OpenAlex,english,NA,NA,https://doi.org/10.21203/rs.3.rs-7011493/v1,2025,NA,NA,NA,en,https://openalex.org/W4414448130,OpenAlex,1,other
OpenAlex,english,NA,NA,https://doi.org/10.21203/rs.3.rs-7686968/v1,2025,NA,NA,NA,en,https://openalex.org/W4415209661,OpenAlex,1,other
OpenAlex,english,NA,NA,https://doi.org/10.21203/rs.3.rs-7706720/v1,2025,NA,NA,NA,NA,https://openalex.org/W4415587158,OpenAlex,1,other
OpenAlex,english,NA,NA,https://doi.org/10.21203/rs.3.rs-7982748/v1,2025,NA,NA,NA,NA,https://openalex.org/W4416169903,OpenAlex,1,other
OpenAlex,english,NA,NA,https://doi.org/10.21203/rs.3.rs-8013212/v1,2025,NA,NA,NA,NA,https://openalex.org/W4416764709,OpenAlex,1,other
OpenAlex,english,NA,NA,https://doi.org/10.21203/rs.3.rs-8408713/v1,2025,NA,NA,NA,NA,https://openalex.org/W7117545938,OpenAlex,1,other
OpenAlex,english,NA,NA,https://doi.org/10.2139/ssrn.5099427,2025,NA,NA,NA,en,https://openalex.org/W4406430403,OpenAlex,1,other
OpenAlex,english,NA,NA,https://doi.org/10.2139/ssrn.5152418,2025,NA,NA,NA,en,https://openalex.org/W4407895759,OpenAlex,1,other
OpenAlex,english,NA,NA,https://doi.org/10.2139/ssrn.5175966,2025,NA,NA,NA,en,https://openalex.org/W4410318741,OpenAlex,1,other
OpenAlex,english,NA,NA,https://doi.org/10.2139/ssrn.5215360,2025,NA,NA,NA,en,https://openalex.org/W4409384428,OpenAlex,1,other
OpenAlex,english,NA,NA,https://doi.org/10.2139/ssrn.5269371,2025,NA,NA,NA,en,https://openalex.org/W4410843991,OpenAlex,1,other
OpenAlex,english,NA,NA,https://doi.org/10.2139/ssrn.5373996,2025,NA,NA,NA,en,https://openalex.org/W4412807050,OpenAlex,1,other
OpenAlex,english,NA,NA,https://doi.org/10.2139/ssrn.5560612,2025,NA,NA,NA,en,https://openalex.org/W4414792590,OpenAlex,1,other
OpenAlex,english,NA,NA,https://doi.org/10.21625/archive-sr.v9i1,2025,NA,NA,NA,NA,https://openalex.org/W4407014207,OpenAlex,1,other
OpenAlex,english,NA,NA,https://doi.org/10.21625/archive-sr.v9i1.1094,2025,NA,NA,NA,en,https://openalex.org/W4407013207,OpenAlex,1,other
OpenAlex,english,NA,NA,https://doi.org/10.2166/wcc.2025.182,2025,NA,NA,NA,en,https://openalex.org/W7119467651,OpenAlex,1,other
OpenAlex,english,NA,NA,https://doi.org/10.2166/wh.2025.386,2025,NA,NA,NA,en,https://openalex.org/W4406694029,OpenAlex,1,other
OpenAlex,english,NA,NA,https://doi.org/10.2174/9789815322439125010006,2025,NA,NA,NA,en,https://openalex.org/W4408419614,OpenAlex,1,other
OpenAlex,english,NA,NA,https://doi.org/10.21892/2422085x.700,2025,NA,NA,NA,pt,https://openalex.org/W4414246904,OpenAlex,1,other
OpenAlex,spanish,NA,NA,https://doi.org/10.22201/igeof.9786075875842e.2025,2025,NA,NA,NA,NA,https://openalex.org/W7105523941,OpenAlex,1,other
OpenAlex,spanish,NA,NA,https://doi.org/10.22320/07183607.2025.28.51.08,2025,NA,NA,NA,es,https://openalex.org/W4413315615,OpenAlex,1,other
OpenAlex,spanish,NA,NA,https://doi.org/10.22463/0122820x.5165,2025,NA,NA,NA,es,https://openalex.org/W4415174713,OpenAlex,1,other
OpenAlex,english,NA,NA,https://doi.org/10.22517/23447214.25744,2025,NA,NA,NA,en,https://openalex.org/W4409632048,OpenAlex,1,other
OpenAlex,english,NA,NA,https://doi.org/10.22541/au.174970641.10333386/v1,2025,NA,NA,NA,en,https://openalex.org/W4411223824,OpenAlex,1,other
OpenAlex,english,NA,NA,https://doi.org/10.22541/au.176599468.88578746/v1,2025,NA,NA,NA,NA,https://openalex.org/W4417438255,OpenAlex,1,other
OpenAlex,english,NA,NA,https://doi.org/10.24124/2025/30583,2025,NA,NA,NA,en,https://openalex.org/W4414225148,OpenAlex,1,other
OpenAlex,spanish,NA,NA,https://doi.org/10.24215/2346898xe176,2025,NA,NA,NA,es,https://openalex.org/W4411585274,OpenAlex,1,other
OpenAlex,english,NA,NA,https://doi.org/10.24275/uama.6341.13003,2025,NA,NA,NA,es,https://openalex.org/W4417253590,OpenAlex,1,other
OpenAlex,english,NA,NA,https://doi.org/10.24451/arbor.12703,2025,NA,NA,NA,en,https://openalex.org/W7127616358,OpenAlex,1,other
OpenAlex,spanish,NA,NA,https://doi.org/10.24850/j-tyca-2025-04-01,2025,NA,NA,NA,es,https://openalex.org/W4411730918,OpenAlex,1,other
OpenAlex,english,NA,NA,https://doi.org/10.24857/rgsa.v19n1-169,2025,NA,NA,NA,en,https://openalex.org/W4407120446,OpenAlex,1,other
OpenAlex,english,NA,NA,https://doi.org/10.24857/rgsa.v19n3-061,2025,NA,NA,NA,en,https://openalex.org/W4408558555,OpenAlex,1,other
OpenAlex,english,NA,NA,https://doi.org/10.24857/rgsa.v19n6-072,2025,NA,NA,NA,en,https://openalex.org/W4411593856,OpenAlex,1,other
OpenAlex,english,NA,NA,https://doi.org/10.24857/rgsa.v19n6-085,2025,NA,NA,NA,en,https://openalex.org/W4411636617,OpenAlex,1,other
OpenAlex,english,NA,NA,https://doi.org/10.24857/rgsa.v19n9-004,2025,NA,NA,NA,en,https://openalex.org/W4414146968,OpenAlex,1,other
OpenAlex,english,NA,NA,https://doi.org/10.26633/rpsp.2025.76,2025,NA,NA,NA,en,https://openalex.org/W4412657123,OpenAlex,1,other
OpenAlex,english,NA,NA,https://doi.org/10.26868/25222708.2025.1352,2025,NA,NA,NA,NA,https://openalex.org/W4416704929,OpenAlex,1,other
OpenAlex,english,NA,NA,https://doi.org/10.28927/sr.2025.001625,2025,NA,NA,NA,en,https://openalex.org/W4412532898,OpenAlex,1,other
OpenAlex,english,NA,NA,https://doi.org/10.28991/cej-2025-011-07-07,2025,NA,NA,NA,en,https://openalex.org/W4413220068,OpenAlex,1,other
OpenAlex,spanish,NA,NA,https://doi.org/10.29057/prepa1.v7i14.12762,2025,NA,NA,NA,es,https://openalex.org/W4406075581,OpenAlex,1,other
OpenAlex,english,NA,NA,https://doi.org/10.29121/shodhkosh.v5.i4.2024.5666,2025,NA,NA,NA,en,https://openalex.org/W4412140056,OpenAlex,1,other
OpenAlex,english,NA,NA,https://doi.org/10.29183/2596-237x.ensus2025.v13.n1.p32-43,2025,NA,NA,NA,en,https://openalex.org/W4412939319,OpenAlex,1,other
OpenAlex,spanish,NA,NA,https://doi.org/10.29298/rmcf.v16i89.1529,2025,NA,NA,NA,es,https://openalex.org/W4410061122,OpenAlex,1,other
OpenAlex,portuguese,NA,NA,https://doi.org/10.29327/7561254,2025,NA,NA,NA,pt,https://openalex.org/W4410886008,OpenAlex,1,other
OpenAlex,english,NA,NA,https://doi.org/10.31224/5169,2025,NA,NA,NA,en,https://openalex.org/W4413499325,OpenAlex,1,other
OpenAlex,english,NA,NA,https://doi.org/10.31234/osf.io/k362q_v1,2025,NA,NA,NA,en,https://openalex.org/W4412603904,OpenAlex,1,other
OpenAlex,english,NA,NA,https://doi.org/10.3138/jccpe-2024-0011,2025,NA,NA,NA,en,https://openalex.org/W4408649911,OpenAlex,1,other
OpenAlex,english,NA,NA,https://doi.org/10.3138/jccpe-2024-0023,2025,NA,NA,NA,en,https://openalex.org/W4408650032,OpenAlex,1,other
OpenAlex,english,NA,NA,https://doi.org/10.3138/jccpe-2024-0043,2025,NA,NA,NA,en,https://openalex.org/W4417246943,OpenAlex,1,other
OpenAlex,english,NA,NA,https://doi.org/10.32782/bses.92-35,2025,NA,NA,NA,en,https://openalex.org/W4411036308,OpenAlex,1,other
OpenAlex,english,NA,NA,https://doi.org/10.33017/reveciperu2025.0004/,2025,NA,NA,NA,en,https://openalex.org/W4412005096,OpenAlex,1,other
OpenAlex,spanish,NA,NA,https://doi.org/10.33262/concienciadigital.v8i4.3567,2025,NA,NA,NA,NA,https://openalex.org/W7115176981,OpenAlex,1,other
OpenAlex,english,NA,NA,https://doi.org/10.33271/ebdut/90.039,2025,NA,NA,NA,en,https://openalex.org/W4412659016,OpenAlex,1,other
OpenAlex,english,NA,NA,https://doi.org/10.3332/ecancer.2025.1973,2025,NA,NA,NA,en,https://openalex.org/W4413427701,OpenAlex,1,other
OpenAlex,spanish,NA,NA,https://doi.org/10.33448/rsd-v14i7.49243,2025,NA,NA,NA,es,https://openalex.org/W4412636179,OpenAlex,1,other
OpenAlex,spanish,NA,NA,https://doi.org/10.33448/rsd-v14i9.49452,2025,NA,NA,NA,es,https://openalex.org/W4414072200,OpenAlex,1,other
OpenAlex,english,NA,NA,https://doi.org/10.33584/rps.18.2025.3800,2025,NA,NA,NA,NA,https://openalex.org/W4417001125,OpenAlex,1,other
OpenAlex,english,NA,NA,https://doi.org/10.3389/fcimb.2025.1623374,2025,NA,NA,NA,en,https://openalex.org/W4410836941,OpenAlex,1,other
OpenAlex,english,NA,NA,https://doi.org/10.3389/fclim.2025.1623663,2025,NA,NA,NA,en,https://openalex.org/W4410729252,OpenAlex,1,other
OpenAlex,english,NA,NA,https://doi.org/10.3389/fcosc.2025.1579174,2025,NA,NA,NA,en,https://openalex.org/W4408580848,OpenAlex,1,other
OpenAlex,english,NA,NA,https://doi.org/10.3389/fcosc.2025.1743981,2025,NA,NA,NA,en,https://openalex.org/W4416896259,OpenAlex,1,other
OpenAlex,english,NA,NA,https://doi.org/10.3389/feart.2025.1636075,2025,NA,NA,NA,en,https://openalex.org/W4411842009,OpenAlex,1,other
OpenAlex,english,NA,NA,https://doi.org/10.3389/fenvs.2025.1553675,2025,NA,NA,NA,en,https://openalex.org/W4412765756,OpenAlex,1,other
OpenAlex,english,NA,NA,https://doi.org/10.3389/fenvs.2025.1553675.s001,2025,NA,NA,NA,NA,https://openalex.org/W7111310944,OpenAlex,1,other
OpenAlex,english,NA,NA,https://doi.org/10.3389/fenvs.2025.1600858,2025,NA,NA,NA,en,https://openalex.org/W4414219048,OpenAlex,1,other
OpenAlex,english,NA,NA,https://doi.org/10.3389/fenvs.2025.1613491,2025,NA,NA,NA,en,https://openalex.org/W4410379743,OpenAlex,1,other
OpenAlex,english,NA,NA,https://doi.org/10.3389/fevo.2024.1539173,2025,NA,NA,NA,en,https://openalex.org/W4406188832,OpenAlex,1,other
OpenAlex,english,NA,NA,https://doi.org/10.3389/ffgc.2025.1377026,2025,NA,NA,NA,en,https://openalex.org/W4407181784,OpenAlex,1,other
OpenAlex,english,NA,NA,https://doi.org/10.3389/ffgc.2025.1490278,2025,NA,NA,NA,en,https://openalex.org/W4410013643,OpenAlex,1,other
OpenAlex,english,NA,NA,https://doi.org/10.3389/ffgc.2025.1519432,2025,NA,NA,NA,en,https://openalex.org/W4408635913,OpenAlex,1,other
OpenAlex,english,NA,NA,https://doi.org/10.3389/finsc.2025.1734377,2025,NA,NA,NA,en,https://openalex.org/W4416596710,OpenAlex,1,other
OpenAlex,english,NA,NA,https://doi.org/10.3389/fitd.2024.1540632,2025,NA,NA,NA,en,https://openalex.org/W4406543049,OpenAlex,1,other
OpenAlex,english,NA,NA,https://doi.org/10.3389/fitd.2025.1717661,2025,NA,NA,NA,en,https://openalex.org/W4416771973,OpenAlex,1,other
OpenAlex,english,NA,NA,https://doi.org/10.3389/fmars.2025.1552817,2025,NA,NA,NA,en,https://openalex.org/W4407149366,OpenAlex,1,other
OpenAlex,english,NA,NA,https://doi.org/10.3389/fmars.2025.1684348,2025,NA,NA,NA,en,https://openalex.org/W4413793980,OpenAlex,1,other
OpenAlex,english,NA,NA,https://doi.org/10.3389/fnut.2025.1564950,2025,NA,NA,NA,en,https://openalex.org/W4407323963,OpenAlex,1,other
OpenAlex,english,NA,NA,https://doi.org/10.3389/fpls.2025.1607207,2025,NA,NA,NA,en,https://openalex.org/W4413971161,OpenAlex,1,other
OpenAlex,english,NA,NA,https://doi.org/10.3389/fpsyg.2025.1512893,2025,NA,NA,NA,en,https://openalex.org/W4413193367,OpenAlex,1,other
OpenAlex,english,NA,NA,https://doi.org/10.3389/fpsyg.2025.1675673,2025,NA,NA,NA,en,https://openalex.org/W4414341883,OpenAlex,1,other
OpenAlex,english,NA,NA,https://doi.org/10.3389/fpsyt.2025.1672597,2025,NA,NA,NA,en,https://openalex.org/W4414397994,OpenAlex,1,other
OpenAlex,english,NA,NA,https://doi.org/10.3389/fpubh.2025.1582550,2025,NA,NA,NA,en,https://openalex.org/W4410508441,OpenAlex,1,other
OpenAlex,english,NA,NA,https://doi.org/10.3389/fpubh.2025.1582550.s001,2025,NA,NA,NA,NA,https://openalex.org/W7111317401,OpenAlex,1,other
OpenAlex,english,NA,NA,https://doi.org/10.3389/fpubh.2025.1706563,2025,NA,NA,NA,en,https://openalex.org/W4414619212,OpenAlex,1,other
OpenAlex,english,NA,NA,https://doi.org/10.3389/fpubh.2025.1738710,2025,NA,NA,NA,en,https://openalex.org/W4416976886,OpenAlex,1,other
OpenAlex,english,NA,NA,https://doi.org/10.3389/frbee.2025.1667590,2025,NA,NA,NA,en,https://openalex.org/W4413766950,OpenAlex,1,other
OpenAlex,english,NA,NA,https://doi.org/10.3389/frsc.2025.1699681,2025,NA,NA,NA,en,https://openalex.org/W4415836672,OpenAlex,1,other
OpenAlex,english,NA,NA,https://doi.org/10.3389/frsen.2025.1714525,2025,NA,NA,NA,NA,https://openalex.org/W4417357372,OpenAlex,1,other
OpenAlex,english,NA,NA,https://doi.org/10.3389/frwa.2025.1666770,2025,NA,NA,NA,en,https://openalex.org/W4413379887,OpenAlex,1,other
OpenAlex,english,NA,NA,https://doi.org/10.3389/frwa.2025.1725770,2025,NA,NA,NA,en,https://openalex.org/W4416170492,OpenAlex,1,other
OpenAlex,english,NA,NA,https://doi.org/10.3389/fsufs.2025.1641032,2025,NA,NA,NA,en,https://openalex.org/W4416515828,OpenAlex,1,other
OpenAlex,english,NA,NA,https://doi.org/10.3389/fsufs.2025.1666553,2025,NA,NA,NA,en,https://openalex.org/W4414660365,OpenAlex,1,other
OpenAlex,english,NA,NA,https://doi.org/10.3389/fsufs.2025.1691198,2025,NA,NA,NA,en,https://openalex.org/W4414773637,OpenAlex,1,other
OpenAlex,english,NA,NA,https://doi.org/10.3390/app16010259,2025,NA,NA,NA,en,https://openalex.org/W7117449303,OpenAlex,1,other
OpenAlex,english,NA,NA,https://doi.org/10.3390/atmos16020202,2025,NA,NA,NA,en,https://openalex.org/W4407352495,OpenAlex,1,other
OpenAlex,english,NA,NA,https://doi.org/10.3390/atmos16040453,2025,NA,NA,NA,en,https://openalex.org/W4409461739,OpenAlex,1,other
OpenAlex,english,NA,NA,https://doi.org/10.3390/atmos16050487,2025,NA,NA,NA,en,https://openalex.org/W4409667923,OpenAlex,1,other
OpenAlex,english,NA,NA,https://doi.org/10.3390/atmos16070792,2025,NA,NA,NA,en,https://openalex.org/W4411874195,OpenAlex,1,other
OpenAlex,english,NA,NA,https://doi.org/10.3390/atmos16091080,2025,NA,NA,NA,en,https://openalex.org/W4414184440,OpenAlex,1,other
OpenAlex,english,NA,NA,https://doi.org/10.3390/atmos16121332,2025,NA,NA,NA,en,https://openalex.org/W4416667094,OpenAlex,1,other
OpenAlex,english,NA,NA,https://doi.org/10.3390/birds6030042,2025,NA,NA,NA,en,https://openalex.org/W4413176301,OpenAlex,1,other
OpenAlex,english,NA,NA,https://doi.org/10.3390/books978-3-7258-4176-9,2025,NA,NA,NA,en,https://openalex.org/W4416278683,OpenAlex,1,other
OpenAlex,english,NA,NA,https://doi.org/10.3390/coasts5030026,2025,NA,NA,NA,en,https://openalex.org/W4412699743,OpenAlex,1,other
OpenAlex,english,NA,NA,https://doi.org/10.3390/d17030185,2025,NA,NA,NA,en,https://openalex.org/W4408219167,OpenAlex,1,other
OpenAlex,english,NA,NA,https://doi.org/10.3390/f16061018,2025,NA,NA,NA,en,https://openalex.org/W4411369191,OpenAlex,1,other
OpenAlex,english,NA,NA,https://doi.org/10.3390/f16111640,2025,NA,NA,NA,en,https://openalex.org/W4415615456,OpenAlex,1,other
OpenAlex,english,NA,NA,https://doi.org/10.3390/fire8030113,2025,NA,NA,NA,en,https://openalex.org/W4408532488,OpenAlex,1,other
OpenAlex,english,NA,NA,https://doi.org/10.3390/ijerph22020306,2025,NA,NA,NA,en,https://openalex.org/W4407695006,OpenAlex,1,other
OpenAlex,english,NA,NA,https://doi.org/10.3390/ijerph22101523,2025,NA,NA,NA,en,https://openalex.org/W4414848055,OpenAlex,1,other
OpenAlex,english,NA,NA,https://doi.org/10.3390/land14040740,2025,NA,NA,NA,en,https://openalex.org/W4408996937,OpenAlex,1,other
OpenAlex,english,NA,NA,https://doi.org/10.3390/land14061234,2025,NA,NA,NA,en,https://openalex.org/W4411158624,OpenAlex,1,other
OpenAlex,english,NA,NA,https://doi.org/10.3390/mca30030046,2025,NA,NA,NA,en,https://openalex.org/W4409806086,OpenAlex,1,other
OpenAlex,english,NA,NA,https://doi.org/10.3390/plants14020184,2025,NA,NA,NA,en,https://openalex.org/W4406334090,OpenAlex,1,other
OpenAlex,english,NA,NA,https://doi.org/10.3390/proceedings2025113004,2025,NA,NA,NA,en,https://openalex.org/W4405996088,OpenAlex,1,other
OpenAlex,english,NA,NA,https://doi.org/10.3390/su17104482,2025,NA,NA,NA,en,https://openalex.org/W4410360400,OpenAlex,1,other
OpenAlex,english,NA,NA,https://doi.org/10.3390/su17104553,2025,NA,NA,NA,en,https://openalex.org/W4410444379,OpenAlex,1,other
OpenAlex,english,NA,NA,https://doi.org/10.3390/su17177616,2025,NA,NA,NA,en,https://openalex.org/W4413480407,OpenAlex,1,other
OpenAlex,english,NA,NA,https://doi.org/10.3390/su17209083,2025,NA,NA,NA,en,https://openalex.org/W4415296633,OpenAlex,1,other
OpenAlex,english,NA,NA,https://doi.org/10.3390/su17219596,2025,NA,NA,NA,en,https://openalex.org/W4415685102,OpenAlex,1,other
OpenAlex,english,NA,NA,https://doi.org/10.3390/urbansci9050179,2025,NA,NA,NA,en,https://openalex.org/W4410563533,OpenAlex,1,other
OpenAlex,english,NA,NA,https://doi.org/10.3390/w17071047,2025,NA,NA,NA,en,https://openalex.org/W4409088803,OpenAlex,1,other
OpenAlex,english,NA,NA,https://doi.org/10.3390/w17223245,2025,NA,NA,NA,en,https://openalex.org/W4416230193,OpenAlex,1,other
OpenAlex,spanish,NA,NA,https://doi.org/10.3398/064.085.0217,2025,NA,NA,NA,en,https://openalex.org/W4413029162,OpenAlex,1,other
OpenAlex,spanish,NA,NA,https://doi.org/10.33996/revistaalfa.v9i26.351,2025,NA,NA,NA,es,https://openalex.org/W4410886757,OpenAlex,1,other
OpenAlex,english,NA,NA,https://doi.org/10.35188/unu-wider/gddi3581,2025,NA,NA,NA,en,https://openalex.org/W4408413697,OpenAlex,1,other
OpenAlex,english,NA,NA,https://doi.org/10.35376/10324/77019,2025,NA,NA,NA,en,https://openalex.org/W4412832057,OpenAlex,1,other
OpenAlex,english,NA,NA,https://doi.org/10.36560/18320252062,2025,NA,NA,NA,en,https://openalex.org/W4409677432,OpenAlex,1,other
OpenAlex,spanish,NA,NA,https://doi.org/10.37811/cl_rcm.v9i1.16014,2025,NA,NA,NA,es,https://openalex.org/W4407355506,OpenAlex,1,other
OpenAlex,portuguese,NA,NA,https://doi.org/10.37885/250920126,2025,NA,NA,NA,pt,https://openalex.org/W4414278403,OpenAlex,1,other
OpenAlex,english,NA,NA,https://doi.org/10.37885/978-65-5360-838-2,2025,NA,NA,NA,en,https://openalex.org/W4412434070,OpenAlex,1,other
OpenAlex,portuguese,NA,NA,https://doi.org/10.37885/978-65-5360-987-7,2025,NA,NA,NA,pt,https://openalex.org/W4414278397,OpenAlex,1,other
OpenAlex,portuguese,NA,NA,https://doi.org/10.37885/978-65-6155-006-2,2025,NA,NA,NA,NA,https://openalex.org/W7124718495,OpenAlex,1,other
OpenAlex,english,NA,NA,https://doi.org/10.3832/ifor4741-018,2025,NA,NA,NA,en,https://openalex.org/W4410708574,OpenAlex,1,other
OpenAlex,english,NA,NA,https://doi.org/10.3897/arphapreprints.e150220,2025,NA,NA,NA,en,https://openalex.org/W4407546975,OpenAlex,1,other
OpenAlex,english,NA,NA,https://doi.org/10.3897/biss.9.181958,2025,NA,NA,NA,en,https://openalex.org/W7116754699,OpenAlex,1,other
OpenAlex,english,NA,NA,https://doi.org/10.3929/ethz-c-000786294,2025,NA,NA,NA,en,https://openalex.org/W7105179800,OpenAlex,1,other
OpenAlex,english,NA,NA,https://doi.org/10.4018/979-8-3693-6432-1.ch011,2025,NA,NA,NA,en,https://openalex.org/W4412717327,OpenAlex,1,other
OpenAlex,english,NA,NA,https://doi.org/10.4103/jahs_20250603_1,2025,NA,NA,NA,en,https://openalex.org/W7117373801,OpenAlex,1,other
OpenAlex,spanish,NA,NA,https://doi.org/10.4206/aus.2025.n38-05,2025,NA,NA,NA,NA,https://openalex.org/W7136839582,OpenAlex,1,other
OpenAlex,english,NA,NA,https://doi.org/10.4324/9781003471141-20,2025,NA,NA,NA,en,https://openalex.org/W4409160846,OpenAlex,1,other
OpenAlex,english,NA,NA,https://doi.org/10.4324/9781032637174,2025,NA,NA,NA,en,https://openalex.org/W4412912644,OpenAlex,1,other
OpenAlex,english,NA,NA,https://doi.org/10.4324/9781032645407-5,2025,NA,NA,NA,en,https://openalex.org/W4406956795,OpenAlex,1,other
OpenAlex,english,NA,NA,https://doi.org/10.4324/9781032645407-8,2025,NA,NA,NA,en,https://openalex.org/W4406956794,OpenAlex,1,other
OpenAlex,english,NA,NA,https://doi.org/10.46421/encacelacac.v18i1.7108,2025,NA,NA,NA,en,https://openalex.org/W4413302723,OpenAlex,1,other
OpenAlex,portuguese,NA,NA,https://doi.org/10.46421/euroelecs.v6.7737,2025,NA,NA,NA,NA,https://openalex.org/W7117123404,OpenAlex,1,other
OpenAlex,english,NA,NA,https://doi.org/10.47328/ufvbbt.2025.137,2025,NA,NA,NA,en,https://openalex.org/W4409738169,OpenAlex,1,other
OpenAlex,english,NA,NA,https://doi.org/10.47328/ufvbbt.2025.496,2025,NA,NA,NA,en,https://openalex.org/W4413684254,OpenAlex,1,other
OpenAlex,portuguese,NA,NA,https://doi.org/10.47401/revisea.v12.21619,2025,NA,NA,NA,pt,https://openalex.org/W4414583801,OpenAlex,1,other
OpenAlex,english,NA,NA,https://doi.org/10.47611/jsrhs.v14i1.8902,2025,NA,NA,NA,en,https://openalex.org/W4413567568,OpenAlex,1,other
OpenAlex,english,NA,NA,https://doi.org/10.47626/1679-4435-2025-1524,2025,NA,NA,NA,en,https://openalex.org/W4416802760,OpenAlex,1,other
OpenAlex,english,NA,NA,https://doi.org/10.47772/ijriss.2025.90400125,2025,NA,NA,NA,en,https://openalex.org/W4410041150,OpenAlex,1,other
OpenAlex,english,NA,NA,https://doi.org/10.48044/jauf.2025.031,2025,NA,NA,NA,en,https://openalex.org/W4415009601,OpenAlex,1,other
OpenAlex,english,NA,NA,https://doi.org/10.48162/rev.39.160,2025,NA,NA,NA,en,https://openalex.org/W4411956175,OpenAlex,1,other
OpenAlex,spanish,NA,NA,https://doi.org/10.48204/j.tecno.v27n1.a6640,2025,NA,NA,NA,es,https://openalex.org/W4406050450,OpenAlex,1,other
OpenAlex,spanish,NA,NA,https://doi.org/10.48204/reicit.v5n1.7683,2025,NA,NA,NA,es,https://openalex.org/W4412565742,OpenAlex,1,other
OpenAlex,english,NA,NA,https://doi.org/10.48547/202604-001,2025,NA,NA,NA,en,https://openalex.org/W7156123095,OpenAlex,1,other
OpenAlex,english,NA,NA,https://doi.org/10.4995/heritage2025.2025.19343,2025,NA,NA,NA,en,https://openalex.org/W4414442181,OpenAlex,1,other
OpenAlex,english,NA,NA,https://doi.org/10.5040/9781978749108,2025,NA,NA,NA,en,https://openalex.org/W4412576312,OpenAlex,1,other
OpenAlex,english,NA,NA,https://doi.org/10.5061/dryad.3tx95x6rj,2025,NA,NA,NA,en,https://openalex.org/W7118894108,OpenAlex,1,other
OpenAlex,english,NA,NA,https://doi.org/10.5194/egusphere-2024-2255,2025,NA,NA,NA,en,https://openalex.org/W4407103193,OpenAlex,1,other
OpenAlex,english,NA,NA,https://doi.org/10.5194/egusphere-2024-2255-ac1,2025,NA,NA,NA,en,https://openalex.org/W4409363275,OpenAlex,1,other
OpenAlex,english,NA,NA,https://doi.org/10.5194/egusphere-2024-2255-ac2,2025,NA,NA,NA,en,https://openalex.org/W4409962841,OpenAlex,1,other
OpenAlex,english,NA,NA,https://doi.org/10.5194/egusphere-2024-2255-ac4,2025,NA,NA,NA,en,https://openalex.org/W4410020516,OpenAlex,1,other
OpenAlex,english,NA,NA,https://doi.org/10.5194/egusphere-2024-2255-ac5,2025,NA,NA,NA,en,https://openalex.org/W4410221551,OpenAlex,1,other
OpenAlex,english,NA,NA,https://doi.org/10.5194/egusphere-2024-2255-rc1,2025,NA,NA,NA,en,https://openalex.org/W4409199078,OpenAlex,1,other
OpenAlex,english,NA,NA,https://doi.org/10.5194/egusphere-2024-2255-rc2,2025,NA,NA,NA,en,https://openalex.org/W4409942541,OpenAlex,1,other
OpenAlex,english,NA,NA,https://doi.org/10.5194/egusphere-2024-2255-rc3,2025,NA,NA,NA,en,https://openalex.org/W4410016108,OpenAlex,1,other
OpenAlex,english,NA,NA,https://doi.org/10.5194/egusphere-2024-2255-rc4,2025,NA,NA,NA,en,https://openalex.org/W4410016107,OpenAlex,1,other
OpenAlex,english,NA,NA,https://doi.org/10.5194/egusphere-2024-2255-rc5,2025,NA,NA,NA,en,https://openalex.org/W4410186334,OpenAlex,1,other
OpenAlex,english,NA,NA,https://doi.org/10.5194/egusphere-2024-2695-ac1,2025,NA,NA,NA,en,https://openalex.org/W4409023633,OpenAlex,1,other
OpenAlex,english,NA,NA,https://doi.org/10.5194/egusphere-2024-2695-ac2,2025,NA,NA,NA,en,https://openalex.org/W4409023786,OpenAlex,1,other
OpenAlex,english,NA,NA,https://doi.org/10.5194/egusphere-2024-2695-ac3,2025,NA,NA,NA,en,https://openalex.org/W4409059071,OpenAlex,1,other
OpenAlex,english,NA,NA,https://doi.org/10.5194/egusphere-2024-2695-rc1,2025,NA,NA,NA,en,https://openalex.org/W4407193923,OpenAlex,1,other
OpenAlex,english,NA,NA,https://doi.org/10.5194/egusphere-2024-2695-rc2,2025,NA,NA,NA,en,https://openalex.org/W4408111829,OpenAlex,1,other
OpenAlex,english,NA,NA,https://doi.org/10.5194/egusphere-egu25-11257,2025,NA,NA,NA,en,https://openalex.org/W4408434836,OpenAlex,1,other
OpenAlex,english,NA,NA,https://doi.org/10.5194/egusphere-egu25-12454,2025,NA,NA,NA,en,https://openalex.org/W4408431454,OpenAlex,1,other
OpenAlex,english,NA,NA,https://doi.org/10.5194/egusphere-egu25-12640,2025,NA,NA,NA,en,https://openalex.org/W4408427947,OpenAlex,1,other
OpenAlex,english,NA,NA,https://doi.org/10.5194/egusphere-egu25-12692,2025,NA,NA,NA,en,https://openalex.org/W4408431268,OpenAlex,1,other
OpenAlex,english,NA,NA,https://doi.org/10.5194/egusphere-egu25-13855,2025,NA,NA,NA,en,https://openalex.org/W4408430828,OpenAlex,1,other
OpenAlex,english,NA,NA,https://doi.org/10.5194/egusphere-egu25-1586,2025,NA,NA,NA,en,https://openalex.org/W4408446050,OpenAlex,1,other
OpenAlex,english,NA,NA,https://doi.org/10.5194/egusphere-egu25-15950,2025,NA,NA,NA,en,https://openalex.org/W4408486876,OpenAlex,1,other
OpenAlex,english,NA,NA,https://doi.org/10.5194/egusphere-egu25-17022,2025,NA,NA,NA,en,https://openalex.org/W4408490190,OpenAlex,1,other
OpenAlex,english,NA,NA,https://doi.org/10.5194/egusphere-egu25-18064,2025,NA,NA,NA,en,https://openalex.org/W4408486193,OpenAlex,1,other
OpenAlex,english,NA,NA,https://doi.org/10.5194/egusphere-egu25-20588,2025,NA,NA,NA,en,https://openalex.org/W4408483802,OpenAlex,1,other
OpenAlex,english,NA,NA,https://doi.org/10.5194/egusphere-egu25-21077,2025,NA,NA,NA,en,https://openalex.org/W4408483391,OpenAlex,1,other
OpenAlex,english,NA,NA,https://doi.org/10.5194/egusphere-egu25-21905,2025,NA,NA,NA,en,https://openalex.org/W4408483038,OpenAlex,1,other
OpenAlex,english,NA,NA,https://doi.org/10.5194/egusphere-egu25-2687,2025,NA,NA,NA,en,https://openalex.org/W4408443407,OpenAlex,1,other
OpenAlex,english,NA,NA,https://doi.org/10.5194/egusphere-egu25-4199,2025,NA,NA,NA,en,https://openalex.org/W4408440238,OpenAlex,1,other
OpenAlex,english,NA,NA,https://doi.org/10.5194/egusphere-egu25-5333,2025,NA,NA,NA,en,https://openalex.org/W4408439067,OpenAlex,1,other
OpenAlex,english,NA,NA,https://doi.org/10.5194/egusphere-egu25-9159,2025,NA,NA,NA,en,https://openalex.org/W4408475341,OpenAlex,1,other
OpenAlex,english,NA,NA,https://doi.org/10.5194/essd-17-5377-2025,2025,NA,NA,NA,en,https://openalex.org/W4415203241,OpenAlex,1,other
OpenAlex,english,NA,NA,https://doi.org/10.5194/essd-2025-483,2025,NA,NA,NA,en,https://openalex.org/W4413467299,OpenAlex,1,other
OpenAlex,english,NA,NA,https://doi.org/10.5194/essd-2025-483-ac1,2025,NA,NA,NA,en,https://openalex.org/W4414838720,OpenAlex,1,other
OpenAlex,english,NA,NA,https://doi.org/10.5194/essd-2025-483-rc1,2025,NA,NA,NA,en,https://openalex.org/W4413655648,OpenAlex,1,other
OpenAlex,english,NA,NA,https://doi.org/10.5194/essd-2025-483-rc2,2025,NA,NA,NA,en,https://openalex.org/W4414364913,OpenAlex,1,other
OpenAlex,english,NA,NA,https://doi.org/10.5194/essd-2025-483-rc3,2025,NA,NA,NA,en,https://openalex.org/W4414488119,OpenAlex,1,other
OpenAlex,english,NA,NA,https://doi.org/10.5194/hess-29-5185-2025,2025,NA,NA,NA,en,https://openalex.org/W4415230444,OpenAlex,1,other
OpenAlex,english,NA,NA,https://doi.org/10.5194/icuc12-394,2025,NA,NA,NA,en,https://openalex.org/W4410558053,OpenAlex,1,other
OpenAlex,english,NA,NA,https://doi.org/10.5194/icuc12-430,2025,NA,NA,NA,en,https://openalex.org/W4410557865,OpenAlex,1,other
OpenAlex,english,NA,NA,https://doi.org/10.5194/icuc12-490,2025,NA,NA,NA,en,https://openalex.org/W4410557925,OpenAlex,1,other
OpenAlex,english,NA,NA,https://doi.org/10.5194/icuc12-530,2025,NA,NA,NA,en,https://openalex.org/W4410557655,OpenAlex,1,other
OpenAlex,english,NA,NA,https://doi.org/10.5194/icuc12-541,2025,NA,NA,NA,en,https://openalex.org/W4410557653,OpenAlex,1,other
OpenAlex,english,NA,NA,https://doi.org/10.5194/icuc12-800,2025,NA,NA,NA,en,https://openalex.org/W4410551988,OpenAlex,1,other
OpenAlex,english,NA,NA,https://doi.org/10.5194/nhess-2024-221,2025,NA,NA,NA,en,https://openalex.org/W4406679367,OpenAlex,1,other
OpenAlex,english,NA,NA,https://doi.org/10.5194/nhess-2024-221-ac1,2025,NA,NA,NA,en,https://openalex.org/W4413596317,OpenAlex,1,other
OpenAlex,english,NA,NA,https://doi.org/10.5194/nhess-2024-221-ac2,2025,NA,NA,NA,en,https://openalex.org/W4413596337,OpenAlex,1,other
OpenAlex,english,NA,NA,https://doi.org/10.5194/nhess-2024-221-rc1,2025,NA,NA,NA,en,https://openalex.org/W4412061005,OpenAlex,1,other
OpenAlex,english,NA,NA,https://doi.org/10.5194/nhess-25-4153-2025,2025,NA,NA,NA,en,https://openalex.org/W4415497711,OpenAlex,1,other
OpenAlex,english,NA,NA,https://doi.org/10.5194/nhess-25-4451-2025,2025,NA,NA,NA,en,https://openalex.org/W4416131138,OpenAlex,1,other
OpenAlex,english,NA,NA,https://doi.org/10.5194/oos2025-1362,2025,NA,NA,NA,en,https://openalex.org/W4408823361,OpenAlex,1,other
OpenAlex,english,NA,NA,https://doi.org/10.5194/oos2025-1419,2025,NA,NA,NA,en,https://openalex.org/W4408817428,OpenAlex,1,other
OpenAlex,english,NA,NA,https://doi.org/10.5194/oos2025-1420,2025,NA,NA,NA,en,https://openalex.org/W4408817413,OpenAlex,1,other
OpenAlex,english,NA,NA,https://doi.org/10.5194/oos2025-1529,2025,NA,NA,NA,en,https://openalex.org/W4408823136,OpenAlex,1,other
OpenAlex,english,NA,NA,https://doi.org/10.5194/oos2025-157,2025,NA,NA,NA,en,https://openalex.org/W4408815553,OpenAlex,1,other
OpenAlex,english,NA,NA,https://doi.org/10.5194/oos2025-545,2025,NA,NA,NA,en,https://openalex.org/W4408816309,OpenAlex,1,other
OpenAlex,english,NA,NA,https://doi.org/10.5194/oos2025-742,2025,NA,NA,NA,en,https://openalex.org/W4408816248,OpenAlex,1,other
OpenAlex,english,NA,NA,https://doi.org/10.5216/rbn.v22i1.78534,2025,NA,NA,NA,en,https://openalex.org/W4411162880,OpenAlex,1,other
OpenAlex,spanish,NA,NA,https://doi.org/10.52226/revista.v33i118.396,2025,NA,NA,NA,es,https://openalex.org/W4412839075,OpenAlex,1,other
OpenAlex,english,NA,NA,https://doi.org/10.52278/4805,2025,NA,NA,NA,NA,https://openalex.org/W7161735046,OpenAlex,1,other
OpenAlex,english,NA,NA,https://doi.org/10.5281/zenodo.16783758,2025,NA,NA,NA,NA,https://openalex.org/W7134135071,OpenAlex,1,other
OpenAlex,english,NA,NA,https://doi.org/10.5281/zenodo.16783759,2025,NA,NA,NA,NA,https://openalex.org/W7134135279,OpenAlex,1,other
OpenAlex,english,NA,NA,https://doi.org/10.5281/zenodo.17536759,2025,NA,NA,NA,en,https://openalex.org/W7104014833,OpenAlex,1,other
OpenAlex,english,NA,NA,https://doi.org/10.5281/zenodo.17536760,2025,NA,NA,NA,en,https://openalex.org/W7104052540,OpenAlex,1,other
OpenAlex,english,NA,NA,https://doi.org/10.5281/zenodo.17715360,2025,NA,NA,NA,en,https://openalex.org/W7106649563,OpenAlex,1,other
OpenAlex,english,NA,NA,https://doi.org/10.5281/zenodo.17715361,2025,NA,NA,NA,en,https://openalex.org/W7106705829,OpenAlex,1,other
OpenAlex,english,NA,NA,https://doi.org/10.5281/zenodo.17834237,2025,NA,NA,NA,es,https://openalex.org/W7109196783,OpenAlex,1,other
OpenAlex,english,NA,NA,https://doi.org/10.5281/zenodo.17834238,2025,NA,NA,NA,es,https://openalex.org/W7109107791,OpenAlex,1,other
OpenAlex,english,NA,NA,https://doi.org/10.5281/zenodo.17869456,2025,NA,NA,NA,en,https://openalex.org/W7111424929,OpenAlex,1,other
OpenAlex,english,NA,NA,https://doi.org/10.5281/zenodo.17869457,2025,NA,NA,NA,en,https://openalex.org/W7111087845,OpenAlex,1,other
OpenAlex,spanish,NA,NA,https://doi.org/10.5281/zenodo.18079464,2025,NA,NA,NA,es,https://openalex.org/W7117579448,OpenAlex,1,other
OpenAlex,spanish,NA,NA,https://doi.org/10.5281/zenodo.18079465,2025,NA,NA,NA,es,https://openalex.org/W7117563944,OpenAlex,1,other
OpenAlex,english,NA,NA,https://doi.org/10.5281/zenodo.19041143,2025,NA,NA,NA,es,https://openalex.org/W7143384631,OpenAlex,1,other
OpenAlex,english,NA,NA,https://doi.org/10.5281/zenodo.19041144,2025,NA,NA,NA,es,https://openalex.org/W7143327659,OpenAlex,1,other
OpenAlex,english,NA,NA,https://doi.org/10.5281/zenodo.20181041,2025,NA,NA,NA,NA,https://openalex.org/W7161157564,OpenAlex,1,other
OpenAlex,english,NA,NA,https://doi.org/10.5281/zenodo.20181042,2025,NA,NA,NA,NA,https://openalex.org/W7161173145,OpenAlex,1,other
OpenAlex,english,NA,NA,https://doi.org/10.5287/ora-8npqdvgeg,2025,NA,NA,NA,en,https://openalex.org/W7156710801,OpenAlex,1,other
OpenAlex,english,NA,NA,https://doi.org/10.53010/nys12.02,2025,NA,NA,NA,en,https://openalex.org/W4410631853,OpenAlex,1,other
OpenAlex,english,NA,NA,https://doi.org/10.53010/nys13.04,2025,NA,NA,NA,en,https://openalex.org/W4413395772,OpenAlex,1,other
OpenAlex,english,NA,NA,https://doi.org/10.53550/eec.2025.v31i02.061,2025,NA,NA,NA,en,https://openalex.org/W4411476961,OpenAlex,1,other
OpenAlex,spanish,NA,NA,https://doi.org/10.5377/calera.v25i45.21428,2025,NA,NA,NA,es,https://openalex.org/W4416150050,OpenAlex,1,other
OpenAlex,spanish,NA,NA,https://doi.org/10.5377/recientec.v8i3.21873,2025,NA,NA,NA,NA,https://openalex.org/W7115591401,OpenAlex,1,other
OpenAlex,spanish,NA,NA,https://doi.org/10.5377/umh-s.v6i1.21649,2025,NA,NA,NA,NA,https://openalex.org/W4417442329,OpenAlex,1,other
OpenAlex,spanish,NA,NA,https://doi.org/10.53897/revaia.25.29.52,2025,NA,NA,NA,es,https://openalex.org/W4417440015,OpenAlex,1,other
OpenAlex,english,NA,NA,https://doi.org/10.54097/92cehy72,2025,NA,NA,NA,NA,https://openalex.org/W7117832964,OpenAlex,1,other
OpenAlex,spanish,NA,NA,https://doi.org/10.54767/ad.v5i1.444,2025,NA,NA,NA,NA,https://openalex.org/W4415401320,OpenAlex,1,other
OpenAlex,english,NA,NA,https://doi.org/10.55041/isjem03928,2025,NA,NA,NA,en,https://openalex.org/W4410977004,OpenAlex,1,other
OpenAlex,english,NA,NA,https://doi.org/10.55366/suse.v3i1.9,2025,NA,NA,NA,NA,https://openalex.org/W4415742168,OpenAlex,1,other
OpenAlex,portuguese,NA,NA,https://doi.org/10.55388/paic.v26i.643,2025,NA,NA,NA,NA,https://openalex.org/W7147344877,OpenAlex,1,other
OpenAlex,english,NA,NA,https://doi.org/10.55408/eawag:35587,2025,NA,NA,NA,en,https://openalex.org/W4415265670,OpenAlex,1,other
OpenAlex,portuguese,NA,NA,https://doi.org/10.55905/cuadv17n8-057,2025,NA,NA,NA,NA,https://openalex.org/W7128215059,OpenAlex,1,other
OpenAlex,english,NA,NA,https://doi.org/10.55905/revconv.18n.7-018,2025,NA,NA,NA,en,https://openalex.org/W4411984332,OpenAlex,1,other
OpenAlex,english,NA,NA,https://doi.org/10.55905/revconv.18n.9-260,2025,NA,NA,NA,en,https://openalex.org/W4414431373,OpenAlex,1,other
OpenAlex,english,NA,NA,https://doi.org/10.56238/arev7n7-074,2025,NA,NA,NA,en,https://openalex.org/W4412054671,OpenAlex,1,other
OpenAlex,portuguese,NA,NA,https://doi.org/10.56238/levv16n54-124,2025,NA,NA,NA,NA,https://openalex.org/W7106569395,OpenAlex,1,other
OpenAlex,english,NA,NA,https://doi.org/10.56557/jogee/2025/v21i39333,2025,NA,NA,NA,en,https://openalex.org/W4410377920,OpenAlex,1,other
OpenAlex,spanish,NA,NA,https://doi.org/10.56712/latam.v6i1.3492,2025,NA,NA,NA,es,https://openalex.org/W4407775682,OpenAlex,1,other
OpenAlex,spanish,NA,NA,https://doi.org/10.57201/interfaz.2025.4.2.5892,2025,NA,NA,NA,NA,https://openalex.org/W7118454038,OpenAlex,1,other
OpenAlex,spanish,NA,NA,https://doi.org/10.58011/mfhg-j523,2025,NA,NA,NA,es,https://openalex.org/W7117150953,OpenAlex,1,other
OpenAlex,english,NA,NA,https://doi.org/10.5821/dissertation-2117-426506,2025,NA,NA,NA,en,https://openalex.org/W4408496660,OpenAlex,1,other
OpenAlex,english,NA,NA,https://doi.org/10.5821/dissertation-2117-447260,2025,NA,NA,NA,es,https://openalex.org/W4416775444,OpenAlex,1,other
OpenAlex,english,NA,NA,https://doi.org/10.5935/1808-2785/rem.v22n2p.178-205,2025,NA,NA,NA,NA,https://openalex.org/W4417231419,OpenAlex,1,other
OpenAlex,spanish,NA,NA,https://doi.org/10.59410/preprint-uea-vfor2424-ep01-284,2025,NA,NA,NA,en,https://openalex.org/W4408047541,OpenAlex,1,other
OpenAlex,spanish,NA,NA,https://doi.org/10.59410/preprint-uea-vfor2424ep01-284,2025,NA,NA,NA,en,https://openalex.org/W4408938911,OpenAlex,1,other
OpenAlex,english,NA,NA,https://doi.org/10.6073/pasta/e12933dfb8819bbe456090e9ded2ac98,2025,NA,NA,NA,en,https://openalex.org/W7104278522,OpenAlex,1,other
OpenAlex,english,NA,NA,https://doi.org/10.6084/m9.figshare.29619344,2025,NA,NA,NA,NA,https://openalex.org/W7161239543,OpenAlex,1,other
OpenAlex,english,NA,NA,https://doi.org/10.6084/m9.figshare.29619344.v1,2025,NA,NA,NA,NA,https://openalex.org/W7111245567,OpenAlex,1,other
OpenAlex,english,NA,NA,https://doi.org/10.6084/m9.figshare.30734933,2025,NA,NA,NA,NA,https://openalex.org/W7107880196,OpenAlex,1,other
OpenAlex,english,NA,NA,https://doi.org/10.6084/m9.figshare.30734933.v1,2025,NA,NA,NA,NA,https://openalex.org/W7107867833,OpenAlex,1,other
OpenAlex,english,NA,NA,https://doi.org/10.6084/m9.figshare.30735026,2025,NA,NA,NA,NA,https://openalex.org/W7107867709,OpenAlex,1,other
OpenAlex,english,NA,NA,https://doi.org/10.6084/m9.figshare.30735026.v1,2025,NA,NA,NA,NA,https://openalex.org/W7107876961,OpenAlex,1,other
OpenAlex,english,NA,NA,https://doi.org/10.6084/m9.figshare.c.8184263,2025,NA,NA,NA,NA,https://openalex.org/W7108665151,OpenAlex,1,other
OpenAlex,english,NA,NA,https://doi.org/10.6084/m9.figshare.c.8184263.v1,2025,NA,NA,NA,NA,https://openalex.org/W7108744205,OpenAlex,1,other
OpenAlex,english,NA,NA,https://doi.org/10.61164/rmnm.v1i1.3433,2025,NA,NA,NA,en,https://openalex.org/W4406444840,OpenAlex,1,other
OpenAlex,spanish,NA,NA,https://doi.org/10.61368/r.s.d.h.v6i2.678,2025,NA,NA,NA,es,https://openalex.org/W4412439640,OpenAlex,1,other
OpenAlex,spanish,NA,NA,https://doi.org/10.61616/rvdc.v6i2.854,2025,NA,NA,NA,es,https://openalex.org/W4414225409,OpenAlex,1,other
OpenAlex,english,NA,NA,https://doi.org/10.61673/ren.2025.1695,2025,NA,NA,NA,en,https://openalex.org/W4412807602,OpenAlex,1,other
OpenAlex,english,NA,NA,https://doi.org/10.61978/foodsecure.v1i1.625,2025,NA,NA,NA,NA,https://openalex.org/W7113897795,OpenAlex,1,other
OpenAlex,english,NA,NA,https://doi.org/10.62321/issn.1000-1298.2025.4.2,2025,NA,NA,NA,en,https://openalex.org/W4410177068,OpenAlex,1,other
OpenAlex,spanish,NA,NA,https://doi.org/10.62451/rep.v3i1.69,2025,NA,NA,NA,es,https://openalex.org/W4408419865,OpenAlex,1,other
OpenAlex,spanish,NA,NA,https://doi.org/10.62602/rigirr3.1.3.1125,2025,NA,NA,NA,NA,https://openalex.org/W4416705258,OpenAlex,1,other
OpenAlex,english,NA,NA,https://doi.org/10.62872/gkatx768,2025,NA,NA,NA,en,https://openalex.org/W4410529076,OpenAlex,1,other
OpenAlex,english,NA,NA,https://doi.org/10.63544/ijss.v4i2.135,2025,NA,NA,NA,en,https://openalex.org/W4412057676,OpenAlex,1,other
OpenAlex,portuguese,NA,NA,https://doi.org/10.63595/remea.v42i2.19419,2025,NA,NA,NA,pt,https://openalex.org/W4413324259,OpenAlex,1,other
OpenAlex,english,NA,NA,https://doi.org/10.64706/g3c3tk77,2025,NA,NA,NA,en,https://openalex.org/W4413813911,OpenAlex,1,other
OpenAlex,spanish,NA,NA,https://doi.org/10.65835/aph.2025.1.4,2025,NA,NA,NA,NA,https://openalex.org/W7135417941,OpenAlex,1,other
OpenAlex,english,NA,NA,https://doi.org/10.69469/derb.v46.890,2025,NA,NA,NA,pt,https://openalex.org/W7113901143,OpenAlex,1,other
OpenAlex,spanish,NA,NA,https://doi.org/10.70577/reg.v4i2.124,2025,NA,NA,NA,es,https://openalex.org/W4410585871,OpenAlex,1,other
OpenAlex,spanish,NA,NA,https://doi.org/10.70625/rmis/634,2025,NA,NA,NA,NA,https://openalex.org/W7154892746,OpenAlex,1,other
OpenAlex,english,NA,NA,https://doi.org/10.71846/18-wcee-0374,2025,NA,NA,NA,en,https://openalex.org/W7115705095,OpenAlex,1,other
OpenAlex,spanish,NA,NA,https://doi.org/10.7764/tesisuc/arq/105060,2025,NA,NA,NA,es,https://openalex.org/W4413892117,OpenAlex,1,other
OpenAlex,spanish,NA,NA,https://doi.org/10.7773/cm.y2025.3534,2025,NA,NA,NA,es,https://openalex.org/W4414403160,OpenAlex,1,other
OpenAlex,english,NA,NA,https://doi.org/10.9734/ijecc/2025/v15i125189,2025,NA,NA,NA,en,https://openalex.org/W7117105520,OpenAlex,1,other
OpenAlex,english,NA,NA,https://doi.org/10.9734/jaeri/2025/v26i3675,2025,NA,NA,NA,en,https://openalex.org/W4410413483,OpenAlex,1,other
OpenAlex,english,NA,NA,NA,2025,NA,NA,NA,en,https://openalex.org/W7137734134,OpenAlex,1,other
OpenAlex,english,NA,NA,NA,2025,NA,NA,NA,en,https://openalex.org/W7112008446,OpenAlex,1,other
OpenAlex,english,NA,NA,NA,2025,NA,NA,NA,en,https://openalex.org/W7153412225,OpenAlex,1,other
OpenAlex,english,NA,NA,NA,2025,NA,NA,NA,NA,https://openalex.org/W7112923125,OpenAlex,1,other
OpenAlex,english,NA,NA,NA,2025,NA,NA,NA,en,https://openalex.org/W7116592271,OpenAlex,1,other
OpenAlex,english,NA,NA,NA,2025,NA,NA,NA,en,https://openalex.org/W7111516840,OpenAlex,1,other
OpenAlex,english,NA,NA,NA,2025,NA,NA,NA,en,https://openalex.org/W7116214235,OpenAlex,1,other
OpenAlex,english,NA,NA,NA,2025,NA,NA,NA,NA,https://openalex.org/W7112432433,OpenAlex,1,other
OpenAlex,english,NA,NA,NA,2025,NA,NA,NA,en,https://openalex.org/W7115971762,OpenAlex,1,other
OpenAlex,english,NA,NA,NA,2025,NA,NA,NA,en,https://openalex.org/W7134222529,OpenAlex,1,other
OpenAlex,english,NA,NA,NA,2025,NA,NA,NA,NA,https://openalex.org/W7112384734,OpenAlex,1,other
OpenAlex,english,NA,NA,NA,2025,NA,NA,NA,en,https://openalex.org/W7135884709,OpenAlex,1,other
OpenAlex,english,NA,NA,NA,2025,NA,NA,NA,en,https://openalex.org/W7112802788,OpenAlex,1,other
OpenAlex,english,NA,NA,NA,2025,NA,NA,NA,pt,https://openalex.org/W7120769147,OpenAlex,1,other
OpenAlex,english,NA,NA,NA,2025,NA,NA,NA,NA,https://openalex.org/W7161355889,OpenAlex,1,other
OpenAlex,english,NA,NA,NA,2025,NA,NA,NA,NA,https://openalex.org/W7124230333,OpenAlex,1,other
OpenAlex,english,NA,NA,NA,2025,NA,NA,NA,pt,https://openalex.org/W7120492415,OpenAlex,1,other
OpenAlex,english,NA,NA,NA,2025,NA,NA,NA,en,https://openalex.org/W7110651569,OpenAlex,1,other
OpenAlex,english,NA,NA,NA,2025,NA,NA,NA,NA,https://openalex.org/W7111649605,OpenAlex,1,other
OpenAlex,english,NA,NA,NA,2025,NA,NA,NA,en,https://openalex.org/W7153681050,OpenAlex,1,other
OpenAlex,english,NA,NA,NA,2025,NA,NA,NA,en,https://openalex.org/W7158424362,OpenAlex,1,other
OpenAlex,english,NA,NA,NA,2025,NA,NA,NA,en,https://openalex.org/W7128983574,OpenAlex,1,other
OpenAlex,english,NA,NA,NA,2025,NA,NA,NA,pt,https://openalex.org/W7120546377,OpenAlex,1,other
OpenAlex,english,NA,NA,NA,2025,NA,NA,NA,en,https://openalex.org/W7112549327,OpenAlex,1,other
OpenAlex,english,NA,NA,NA,2025,NA,NA,NA,en,https://openalex.org/W7113027035,OpenAlex,1,other
OpenAlex,english,NA,NA,NA,2025,NA,NA,NA,es,https://openalex.org/W7155277830,OpenAlex,1,other
OpenAlex,english,NA,NA,NA,2025,NA,NA,NA,en,https://openalex.org/W7137741220,OpenAlex,1,other
OpenAlex,english,NA,NA,NA,2025,NA,NA,NA,es,https://openalex.org/W7111911264,OpenAlex,1,other
OpenAlex,english,NA,NA,NA,2025,NA,NA,NA,NA,https://openalex.org/W7112320299,OpenAlex,1,other
OpenAlex,english,NA,NA,NA,2025,NA,NA,NA,en,https://openalex.org/W7128752040,OpenAlex,1,other
OpenAlex,english,NA,NA,NA,2025,NA,NA,NA,en,https://openalex.org/W7116212062,OpenAlex,1,other
OpenAlex,spanish,NA,NA,NA,2025,NA,NA,NA,es,https://openalex.org/W7115028929,OpenAlex,1,other
OpenAlex,spanish,NA,NA,NA,2025,NA,NA,NA,es,https://openalex.org/W7113557354,OpenAlex,1,other
OpenAlex,spanish,NA,NA,NA,2025,NA,NA,NA,es,https://openalex.org/W7141776909,OpenAlex,1,other
OpenAlex,spanish,NA,NA,NA,2025,NA,NA,NA,es,https://openalex.org/W7155260325,OpenAlex,1,other
OpenAlex,spanish,NA,NA,NA,2025,NA,NA,NA,es,https://openalex.org/W7155278128,OpenAlex,1,other
OpenAlex,spanish,NA,NA,NA,2025,NA,NA,NA,es,https://openalex.org/W7160469124,OpenAlex,1,other
OpenAlex,spanish,NA,NA,NA,2025,NA,NA,NA,es,https://openalex.org/W7135277052,OpenAlex,1,other
OpenAlex,spanish,NA,NA,NA,2025,NA,NA,NA,es,https://openalex.org/W7113665965,OpenAlex,1,other
OpenAlex,spanish,NA,NA,NA,2025,NA,NA,NA,es,https://openalex.org/W7160365170,OpenAlex,1,other
OpenAlex,spanish,NA,NA,NA,2025,NA,NA,NA,es,https://openalex.org/W7135320379,OpenAlex,1,other
OpenAlex,spanish,NA,NA,NA,2025,NA,NA,NA,es,https://openalex.org/W7140961809,OpenAlex,1,other
OpenAlex,spanish,NA,NA,NA,2025,NA,NA,NA,es,https://openalex.org/W7116222246,OpenAlex,1,other
OpenAlex,spanish,NA,NA,NA,2025,NA,NA,NA,en,https://openalex.org/W7134144547,OpenAlex,1,other
OpenAlex,portuguese,NA,NA,NA,2025,NA,NA,NA,pt,https://openalex.org/W7120719185,OpenAlex,1,other
OpenAlex,portuguese,NA,NA,NA,2025,NA,NA,NA,pt,https://openalex.org/W7120711744,OpenAlex,1,other
OpenAlex,portuguese,NA,NA,NA,2025,NA,NA,NA,pt,https://openalex.org/W7126002193,OpenAlex,1,other
OpenAlex,portuguese,NA,NA,NA,2025,NA,NA,NA,pt,https://openalex.org/W7125086555,OpenAlex,1,other
WoS,english,"Adaptation strategies in vulnerable communities to heat waves: Social influential factors, challenges, and opportunities from citizens and stakeholders' perspectives",NA,10.1016/j.scs.2025.107047,2026,"Munoz-Pizza, Dalia M. | Sanchez-Rodriguez, Roberto A. | de Luca-Zuria, Ana | Ramos, Alejandra G. | Gonzalez, David J. X.",SUSTAINABLE CITIES AND SOCIETY,NA,NA,NA,WoS,1,other
WoS,english,Analyzing Maximum Temperature Trends and Extremes in Brazil: A Study of Climate Variability and Anthropogenic Influences from 1960 to 2020,NA,10.1007/s41810-025-00288-2,2026,"de Souza, Amaury | de Medeiros, Elias Silva | de Oliveira-Junior, Jose Francisco | Kumar, Vikram | Gautam, Sneha | Bezerra, Aline Pessoa",AEROSOL SCIENCE AND ENGINEERING,NA,NA,NA,WoS,1,other
WoS,english,"Confined to stay: Migration restrictions, natural disasters, and poverty",NA,10.1016/j.jdeveco.2025.103605,2026,"Cinque, Andrea | Gehrke, Esther | Reiners, Lennart",JOURNAL OF DEVELOPMENT ECONOMICS,NA,NA,NA,WoS,1,other
WoS,english,Contested mangroves: land struggles and the gendered and racialized geographies of climate change,NA,10.1080/03066150.2025.2476003,2026,"Manrique, Catalina Quiroga | Ojeda, Diana Ojeda | Camargo, Alejandro",JOURNAL OF PEASANT STUDIES,NA,NA,NA,WoS,1,other
WoS,english,"Corymbia: Taxonomy, productivity, resistance, and potential contributions to resilient plantation forestry",NA,10.1016/j.foreco.2025.123444,2026,"Silva, Paulo Henrique Muller | de Assis, Teotonio Francisco | Alvares, Clayton Alcarde | Reis, Cristiane Aparecida Fioravante | da Rocha, Guilherme Nichele | Lee, David John",FOREST ECOLOGY AND MANAGEMENT,NA,NA,NA,WoS,1,other
WoS,english,"From Latent Endophyte to Global Threat: Climate Change, Pathogenicity Mechanisms, and Ecological Impacts of Biscogniauxia mediterranea",NA,10.1127/nova_hedwigia/2025/1194,2026,"Azimi, Pouriya | Alizadeh, Mehrdad",NOVA HEDWIGIA,NA,NA,NA,WoS,1,other
WoS,english,From structure to strategy: A remote sensing-based approach for sustainable use planning in Neltuma flexuosa DC. forests of Argentina's Monte,NA,10.1016/j.jaridenv.2025.105497,2026,"Laudecina, Anabela | Alvarez, Juan A. | Guida-Johnson, Barbara | Torres, Laura M.",JOURNAL OF ARID ENVIRONMENTS,NA,NA,NA,WoS,1,other
WoS,english,Global evolution of ecosystem services research in watersheds: Insights from large language models,NA,10.1016/j.landusepol.2025.107849,2026,"Zhang, Zhonghao | He, Zegui | Su, Kexin | Wu, Shuyao | Liu, Lumeng",LAND USE POLICY,NA,NA,NA,WoS,1,other
WoS,english,Governance as a determinant of land use decisions in strategic basins of the Colombian Andes,NA,10.1016/j.landusepol.2025.107889,2026,"Diez-Echavarria, Luisa | Villegas-Palacio, Clara | Arango-Aramburo, Santiago",LAND USE POLICY,NA,NA,NA,WoS,1,other
WoS,english,Gully erosion assessment in mountainous regions: a RUSLE-based methodology for the Central Peruvian Andes,NA,10.1080/02626667.2025.2580578,2026,"Paucar-Y-Montenegro, Clifton | Rosas, Miluska A. | Arancibia, Ada",HYDROLOGICAL SCIENCES JOURNAL,NA,NA,NA,WoS,1,other
WoS,english,How are we choosing species for direct seeding restoration in megadiverse neotropical landscapes? Recommendations from projects implemented in Brazil,NA,10.1111/rec.70280,2026,"Inocente, Mariane C. | Santos, Mario | De Oliveira, Andreliza R. T. | Dutra, Felipe B. | Shiguehara, Ana P. P. | Cipriano, Aline B. V. | Pina-rodrigues, Fatima C. M.",RESTORATION ECOLOGY,NA,NA,NA,WoS,1,other
WoS,english,"Impact of rural credit on sustainable transformation of Brazilian agriculture: The case of the Low Carbon Agriculture (LCA) Program in Minas Gerais, Brazil",NA,10.1016/j.envdev.2025.101317,2026,"de Campos, Marcelo Odorizzi | de Camargo, Regina Aparecida Leite | Bassetto, Camila Fernanda | Pissarra, Teresa Cristina Tarle | Cerri, Carlos Eduardo Pellegrino | La Scala Jr, Newton | da Silva, Rouverson Pereira",ENVIRONMENTAL DEVELOPMENT,NA,NA,NA,WoS,1,other
WoS,english,Late Miocene climate change and orogenies jointly shaped the diversity patterns and evolution of a Neotropical cycad,NA,10.1016/j.palaeo.2025.113459,2026,"Liu, Jian | Long, Shuai | Lindstrom, Anders J. | Gong, Yi-Qing | Dong, Shan-Shan | Pan, Yue-Zhi | Zhang, Shouzhou",PALAEOGEOGRAPHY PALAEOCLIMATOLOGY PALAEOECOLOGY,NA,NA,NA,WoS,1,other
WoS,english,Mining-induced land use change and ecological restoration: Lessons from three developing economies,NA,10.1016/j.pce.2025.104267,2026,"Li, Shuai | Dan, Zhenyu | Yin, Tubing",PHYSICS AND CHEMISTRY OF THE EARTH,NA,NA,NA,WoS,1,other
WoS,english,Multivariate statistical analysis of rainfall variability in Brazil: Assessing climatic and environmental drivers of precipitation,NA,10.1016/j.rsase.2025.101849,2026,"Amaral e Silva, Arthur | de Assis, Leonardo Campos | de Andrade, Laura Coelho | Lorentz, Juliana Ferreira | de Oliveira, Julio Cesar | Calijuri, Maria Lucia | Ferreira, Italo Oliveira",REMOTE SENSING APPLICATIONS-SOCIETY AND ENVIRONMENT,NA,NA,NA,WoS,1,other
WoS,english,Night-time urban heat exposure: Overheating and thermal resilience of South American bedrooms,NA,10.1016/j.buildenv.2025.113757,2026,"Flores-Larsen, Silvana | Bre, Facundo",BUILDING AND ENVIRONMENT,NA,NA,NA,WoS,1,other
WoS,english,"Participatory scenario planning for sustainable development in San Pedro de Atacama, Chile: Addressing water scarcity and cultural preservation",NA,10.1016/j.envdev.2025.101316,2026,"Salas-Bravo, Sonia | Bodini-Salas, Andres | Araya-Pinones, Angelo",ENVIRONMENTAL DEVELOPMENT,NA,NA,NA,WoS,1,other
WoS,english,Reframing affordable housing in Latin America through public health and climate resilience,NA,10.1016/j.cities.2025.106541,2026,"Reis, Rodrigo Siqueira | Leao, Ana Luiza Favarao | Silva, Milena Franco | Neto, Paulo Nascimento | da Silva, Alexandre de Paula | Wang, Yi | Florindo, Alex Antonio",CITIES,NA,NA,NA,WoS,1,other
WoS,english,Simulating climate change impacts on soil carbon storage in agroecosystems from Brazilian drylands,NA,10.1016/j.jenvman.2025.128462,2026,"Greschuk, Lucas T. | Ogle, Stephen | Locatelli, Jorge L. | Gurung, Ram B. | Schiebelbein, Bruna E. | Signor, Diana | Tonucci, Rafael G. | Frazao, Leidivan A. | Cherubin, Mauricio R.",JOURNAL OF ENVIRONMENTAL MANAGEMENT,NA,NA,NA,WoS,1,other
WoS,english,"The AFOLU sector's role in national decarbonization: a comparative analysis of low-GHG development pathways in Brazil, India and Indonesia",NA,10.1080/14693062.2024.2391048,2026,"Svensson, Johannes | Avashia, Vidhee | Boer, Rizaldi | Chaturvedi, Rajiv Kumar | Cotta, Michele | Dubeux, Carolina | Immanuel, Gito Sugih | La Rovere, Emilio Lebre | Patange, Omkar | Rossita, Annuri | Vishwanathan, Saritha Sudharmma",CLIMATE POLICY,NA,NA,NA,WoS,1,other
WoS,english,Tourism enterprises capacities to face coastal exposure in Yucatan coast of Mexico,NA,10.1016/j.ijdrr.2025.105964,2026,"de Yta-Castillo, D. | Cuevas-Jimenez, A. | Vidal-Hernandez, L. | Avila-Foucat, V. S.",INTERNATIONAL JOURNAL OF DISASTER RISK REDUCTION,NA,NA,NA,WoS,1,other
