source_db,query_language,title,abstract,doi_clean,year,authors,journal,doc_type,language,uid,found_in_dbs,n_dbs,doc_type_tag,screen_country,screen_country_context,screen_country_weak,screen_concept,screen_pass,screen_pass_strict,exclude_reason
Scopus,english,A Methodological Framework to Assess the Urban Content in Climate Change Policies; [Valutare il contenuto urbano nelle politiche di adattamento al cambiamento climatico: una proposta metodologica],"By 2050, people in urbanized areas will account for 68% of the world’s population, 80% of which will be concentrated in Asia and Africa. The United Nations Framework Convention on Climate Change (UNFCCC) introduced in 2011 the National Adaptation Plan (NAP) under the Cancun Adaptation Framework (CAF). Countries of the non-Annex I, described by the UN-General Assembly as especially vulnerable to the impacts of climate change, are invited to develop NAPs to identify adaptation challenges and devise appropriate climate adaptation responses. Recognizing the increasing vulnerability of urban systems to the effects of climate change, in 2019, UN-Habitat defined the supplement of the NAP process’s technical guidelines for addressing urban and human settlement issues in NAPs. This paper aims to propose a methodology to assess the urban content of the NAPs after ten years from that the CAF comes into force. The evaluation is based, adapting and expanding, on the methodology used to assess the urban content of Nationally Determined Contributions (NDC) published by UN-Habitat in 2017. The methodology aims to analyse both key adaptation challenges and responses explicitly or implicitly related to urban systems. Moreover, it aims at understanding the interlinkage of urban content in NAP in relation to other key policies, such as NDCs and National Urban Policies (NUPs). In this perspective, 172 indicators were selected and clustered into nine groups: (i) Geographic Indicators; (ii) General Indicators; (iii) NAPs General Indicators; (iv) NAPs Urban Indicators; (v) NDCs Indicators; (vi) NUPs Indicators; (vii) Urban content in National Policies Indicators; (viii) International policy linkages (including SDGs, Sendai Framework for Disaster Risk Reduction, Paris Agreement and New Urban agenda); (ix) National plans/policy/strategies/reports linkages. The methodology was tested on Brazil’s NAP, trying to find general considerations to apply to the countries that officially submitted their NAPs between 2014 to 2020. The test showed that: there is a stronger focus on defining climate adaptation challenges more than responses; climate adaptation challenges and responses are predominantly identified at the national scale, with a focus on policies and strategies at the national level; among the Brazilian NAP, there is “cities strategy”, and it means that the NAP has a high urban content. In conclusion, the paper will highlight critical issues and improvements for each of the nine indices analysed. © 2021, Dei Tipografia del Genio Civile. All rights reserved.",10.48264/vvsiev-20212909,2021,Pizzorni M.; Caldarice O.; Tollin N.,Scopus,Article,NA,2-s2.0-85123272399,Scopus,1,research_paper,TRUE,FALSE,TRUE,TRUE,TRUE,FALSE,NA
Scopus,english,A methodology for assessing the impact of climate change on building energy consumption,"Global average surface-air temperatures over land and oceans have been increasing over the past 100 years mainly because of anthropogenic climate change. Cities, due to the concentration of population, economic activities, and built infrastructures, are high-risk and potential damage areas in global warming scenarios. Specific microclimate conditions, which occur in urban areas, are expected to change with almost certainly disadvantageous effects on the energy consumption of buildings and the quality of life at outdoor spaces. Most buildings have a life span of several decades, during which the urban microclimate will continue to change gradually. Building energy simulation (BES) programs are capable of predicting building energy performance in detail in a dynamic model. These models should ensure that new buildings will adapt to future conditions. Nevertheless, the meteorological data used as input, even if it is in situ-measured urban microclimatic data, are generally based on current or past weather conditions and do not attend future scenarios. The objective of this chapter is to present a parameterization of the impact of urban microclimatic conditions on energy performance of buildings in the current situation (2020), and in three tentative future scenarios assuming the microclimatic conditions from RCP 4.5 (2015-2039) and RCP 8.5 in two time lapses (2015-2039 and 2075-2099) from the fifth IPCC report. As application example, a case study in the city of Mendoza, Argentina, is presented. First, the model is run in the BES program EnergyPlus with the current urban microclimatic conditions, calibrated with on-site measured data. Then, the same model is run for microclimatic RCP scenarios. Meteorological conditions are adopted from a predictive mathematical model of the IPCC using EPW files as input. Based on the obtained results, the impact of climate change on urban microclimate and expected changes in energy consumption of buildings during the next century are discussed. © Springer Nature Switzerland AG 2021. All rights reserved.",10.1007/978-3-030-65421-4_17,2021,Karlen C.G.; Barea Paci G.J.,Scopus,Book chapter,NA,2-s2.0-85150738008,Scopus,1,other,TRUE,FALSE,TRUE,TRUE,TRUE,FALSE,NA
Scopus,english,"Air Pollutants in an Intermediate City: Variability and Interactions with Weather and Anthropogenic Elements in Bahía Blanca, Argentina","We analyzed the temporal variability of air pollutants in Bahía Blanca and their relationship with anthropogenic elements and weather conditions in the urban atmosphere for the period 2010–2017. We used public access official data of pollutants (CO, NOX, SO2, O3 and PM10) and weather elements. Pollutants were analyzed considering air quality regulations, human activity cycles, and atmospheric processes and weather elements at different scales. The obtained results highlight the relation between air pollutants and climate processes at zonal, regional and local scales. The analysis included the study of foreign sources of pollution, such as volcanic eruptions with global effects, which affect the urban air quality related to zonal atmospheric circulation (westerly winds). The study underlines the interest for South America of the strong winds and dust storms related with high PM10 concentrations. Dust storms are associated with droughts, wind erosion processes and soil desertification, a problem linked to the global climate change process and unsustainable policies for the use and management of soils. For all this, the paper underlines the multicausality or air pollution in urban atmospheres and highlights the importance of comprehensive solutions in terms of sustainable development, mitigation policies and adaptation to global climate change. Highlights • Air pollution is linked with atmospheric processes and human activities. • Zonal, regional and local climate processes influence air quality. • Lithometeors affect the concentration of pollutants in the city. © 2021, The Author(s), under exclusive licence to Springer Nature Switzerland AG part of Springer Nature.",10.1007/s40710-021-00502-6,2021,Fernández M.E.; Gentili J.O.; Campo A.M.,Scopus,Article,NA,2-s2.0-85100784480,Scopus; WoS,2,research_paper,TRUE,FALSE,TRUE,TRUE,TRUE,FALSE,NA
WoS,english,Air-conditioning and the adaptation cooling deficit in emerging; economies,"Increasing temperatures will make space cooling a necessity for maintain comfort and protecting human health, and rising income levels will allow more people to purchase and run air conditioners. Here we show that, in Brazil, India, Indonesia, and Mexico income and humidity-adjusted temperature are common determinants for adopting air-conditioning, but their relative contribution varies in relation to household characteristics. Adoption rates are higher among households living in higher quality dwellings in urban areas, and among those with higher levels of education. Air-conditioning is unevenly distributed across income levels, making evident the existence of a disparity in access to cooling devices. Although the adoption of air-conditioning could increase between twofold and sixteen-fold by 2040, from 64 to 100 million families with access to electricity will not be able to adequately satisfy their demand for thermal comfort. The need to sustain electricity expenditure in response to higher temperatures can also create unequal opportunities to adapt.; Adaptation to heat stress through the use of air conditioners has received increasing attention. Here the authors show that income and humidity adjusted temperature are common determinants for adopting air conditioning, but their relative contribution varies in relation to household characteristics.",10.1038/s41467-021-26592-2,2021,"Pavanello, F; De Cian, E; Davide, M; Mistry, M; Cruz, T; Bezerra, P; Jagu, D; Renner, S; Schaeffer, R; Lucena, AFP",NATURE COMMUNICATIONS,Article,NA,WOS:000716589100001,WoS,1,research_paper,TRUE,FALSE,TRUE,TRUE,TRUE,FALSE,NA
Scopus,english,Analyzing water policy impacts on vulnerability: Cases across the rural-urban continuum in the arid Americas,"Climate change is posing emerging threats to people and the environment, particularly in arid regions. However, some groups are more vulnerable than others, depending on their levels of exposure, sensitivity and adaptive capacity, which are determined by climatic and non-climatic factors. In water-scarce environments, water policies become key non-climatic factors that affect vulnerability yet enable modifications if their impacts unintentionally exacerbate vulnerability. Therefore, it is necessary to analyze the impacts of water policies on vulnerability, particularly for disadvantaged groups. In this paper, we analyze four cases in the arid Americas that illustrate an array of challenges at different scales and across the rural-urban continuum: (1) irrigated oases in Mendoza, Argentina, where groundwater and surface water management are disconnected; (2) rural communities in central Sonora, Mexico, where local water rights have been transferred to large scale mining; (3) peri-urban marginalized neighborhoods in Hermosillo, Mexico, where competition for water is driving changes in land use; and (4) underserved communities in Tucson, Arizona, USA who are left behind in a rainwater harvesting movement. Our analysis shows that water policies in arid regions interact with land and neoliberal policies between sectors across different scales, exacerbating vulnerabilities disproportionately in less privileged groups and enhancing disparities. Here, we offer recommendations for more inclusive policymaking processes that can build capacity, protect the livelihoods of disadvantaged groups, and reduce their vulnerability to climate change. © 2020",10.1016/j.envdev.2020.100552,2021,Zuniga-Teran A.A.; Mussetta P.C.; Lutz Ley A.N.; Díaz-Caravantes R.E.; Gerlak A.K.,Scopus,Article,NA,2-s2.0-85089585429,Scopus; WoS,2,research_paper,TRUE,FALSE,TRUE,TRUE,TRUE,FALSE,NA
Scopus,english,"Assessing Future Resilience, Equity, and Sustainability in Scenario Planning","In the absence of strong international agreements, many municipal governments are leading efforts to build resilience to climate change in general and to extreme weather events in particular. However, it is notoriously difficult to guide and activate processes of change in complex adaptive systems such as cities. Participatory scenario planning with city professionals and members of civil society provides an opportunity to coproduce positive visions of the future. Yet, not all visions are created equal. In this chapter, we introduce the Resilience, Equity, and Sustainability Qualitative (RESQ) assessment tool that we have applied to compare positive scenario visions for cities in the USA and Latin America. We use the tool to examine the visions of the two desert cities in the Urban Resilience to Extreme Events Sustainability Research Network (UREx SRN), which are Hermosillo (Mexico) and Phoenix (United States). © 2021, This is a U.S. government work and not under copyright protection in the U.S.; foreign copyright protection may apply.",10.1007/978-3-030-63131-4_8,2021,Berbés-Blázquez M.; Grimm N.B.; Cook E.M.; Iwaniec D.M.; Muñoz-Erickson T.A.; Hobbins V.; Wahl D.,Scopus,Book chapter,NA,2-s2.0-85103924869,Scopus,1,other,TRUE,FALSE,TRUE,TRUE,TRUE,FALSE,NA
Scopus,english,Biophilic Institutions and Governance: Biophilic Urbanism Initiatives (BUIs) Fostering Green Urban Features in Emerging and Developing Cities,"One of the goals promoted by the ‘2030 Agenda for Sustainable Development’ is to make cities more inclusive, safe, resilient, and sustainable, responding to the challenges that cities face today, including the increase of urban temperature because of climate change effects, and the deficit of urban green spaces. Within this context, green urbanism aims to create more sustainable cities in terms of greenness, compactness, energy efficiency, zero emissions, and waste production, having as a result sustainable places, communities, and lifestyles. The approach arises to address some of the challenges mentioned above, through seven features expressed in emerging archetypal cities, where the ‘biophilic city’ is one of them. Biophilic cities are the materialization of the biophilic urbanism approach, which pursues the strategic integration of nature in cities through planning and design to achieve more livable cities in terms of the well-being and health of their inhabitants, as well as the creation of resilient urban environments. Firstly, this research compiled initiatives performed under the biophilic urbanism, defined here as biophilic urbanism initiatives (BUIs), where the main differences in its implementation can be traced back to income differences between countries. Secondly, it presents opportunities, as well as challenges for greening emerging and developing cities, based on one of the five categories of indicators associated with biophilic cities, ‘biophilic institutions and governance.’ The indicators comprising this group aim to describe the extent to which local governments are involved in encouraging green features and biophilic design. Finally, this research draws contributions already implemented by a group of Latin American cities located in Argentina, Chile, Colombia, and Peru. One of our main findings is that these initiatives have not yet been widely implemented in emerging and developing countries, compared with advanced economies, such as the USA, Germany, and Singapore, among others. © 2021, The Author(s), under exclusive license to Springer Nature Switzerland AG.",10.1007/978-3-030-65181-7_29,2021,Carter V.; Henríquez C.,Scopus,Book chapter,NA,2-s2.0-85097096533,Scopus,1,other,TRUE,FALSE,TRUE,TRUE,TRUE,FALSE,NA
Scopus,english,Built Environment Resilience to Face Climate Change Effects In Paraguay’s Social Housing,"Currently, the implementation of measures to improve buildings energy efficiency beyond being an opportunity to improve their thermal performance is a strategy of mitigation and adaptation to climate change effects. This paper aims to evaluate different thermal envelope constructive solutions of a type of social housing that is used in Paraguay to improve its energy efficiency and thermal performance. Two options for the roofs and three options for the walls were evaluated. Finally, the best roof option with the best wall option was assessed. A total of six different options were considered. For the original state of the dwelling, the results of the energy dynamic simulations revealed very high annual thermal discomfort rates. With the changes introduced, significant improvements were achieved, reducing considerably the annual overheating rates, improving the quality of life and the social housing inhabitants’ resilience facing climate changes. © 2021, The Author(s), under exclusive license to Springer Nature Singapore Pte Ltd.",10.1007/978-981-15-8783-2_18,2021,Silvero F.; Goiris M.; Montelpare S.; Rodrigues F.,Scopus,Conference paper,NA,2-s2.0-85098219107,Scopus,1,research_paper,TRUE,FALSE,TRUE,TRUE,TRUE,FALSE,NA
WoS,english,Capturing and analysing heterogeneity in residential greywater reuse; preferences using a latent class model,"To legally permit greywater reuse as a management strategy, it is necessary to establish allowed uses, as well as guarantee legitimacy, safety and maintain public trust. Cities with previous experience in greywater reuse have reconfigured their regulations according to their own evidence with decentralized water reuse systems. This has allowed them to encourage or restrict certain indoor uses of treated greywater. However, cities starting to use these residential schemes lack the experience to reconfigure their water and sanitation regulation, and thus need ""blindly"" decide on the type of greywater uses to allow in order to achieve a balance between users' acceptability and avoiding public health problems.; In this research, we analyse hypothetical situations of greywater reuse based on real evidence related to decentralized water systems. The main objective of this study is to evaluate the heterogeneity of individuals' preferences regarding residential greywater reuse for six intended indoor uses, using stated choice experiments and a latent class model. Hence, we obtain preliminary evidence about the direction that the regulation or pilot tests should take. We use the context of Santiago (Chile) as a reference, where although allowed, greywater reuse is not taking place widely. Our results show that survey respondents can be classified into four classes (enthusiasts, greywater sceptics, appearance conscious and water expenditure conscious), according to the preferences for the different types of indoor greywater reuse and the appearance of the treated greywater. From a policy perspective, our results show differences across classes as a function of socioeconomic characteristics and previous greywater reuse knowledge, as well as wider household characteristics, including the presence of sensitive individuals (under 15 and over 74 years old), number of residents, number of sanitary devices, and location and type of garden.",10.1016/j.jenvman.2020.111673,2021,"Amaris, G; Gironás, J; Hess, S; Ortúzar, JD",JOURNAL OF ENVIRONMENTAL MANAGEMENT,Article,NA,WOS:000608232900006,WoS,1,research_paper,TRUE,FALSE,TRUE,TRUE,TRUE,FALSE,NA
Scopus,english,Climate change in the built environment: Addressing future climates in buildings,"Despite a growing awareness of climate change, there is little evidence that this is being addressed in cities and built environments. Events such as flooding in Houston, USA; landslides in Free Town, Sierra Leone; and water shortages in La Paz, Bolivia and Cape Town in South Africa demonstrate that it is increasingly important that climate change is understood and addressed in built environments to ensure that they become more resilient. This chapter introduces climate change and outlines the implications of this for built environments. It describes measures that can be incorporated into built environments to enable them to adapt to projected climate changes. Understanding climate change and preparing for this by developing built environments that are more resilient will be an increasingly valuable and important skill. Reading this chapter will support the development and refinement of skills and knowledge in this area and it is an essential reference for built environment students and practitioners. © 2021 by IGI Global. All rights reserved.",10.4018/978-1-7998-9032-4.ch008,2021,Gibberd J.T.,Scopus,Book chapter,NA,2-s2.0-85125156278,Scopus,1,other,TRUE,FALSE,TRUE,TRUE,TRUE,FALSE,NA
Scopus,english,Decrescimento na perspectiva das cidades em transição: Resiliência e ética socioambiental,"In the wake of socioeconomic instability and destruction of ecosystems, certain social and ecological dynamics emerge anchored in the principles of Degrowth and Transition Towns. The purpose of this article is to present the state of the art of Degrowth and to advance its correlation with emblematic cases of Transition Towns. Methodologically, a literature review was carried out with critical analysis and narrative description and descriptive and exploratory research on initiatives in transition in Brazil and in the world. The results lead us to believe that the main challenge of these initiatives revolves around the creation of popular networks capable of transforming communities into sustainable models, integrated with nature. In addition to demonstrating that Transition Tows in the light of Degrowth is configured as a viable development alternative when deployed in small scale population groups. It was noticed that the analyzed movements present an environmental ethical discussion, which can effectively reduce the carbon footprint and increase the resilience of urban communities in the face of the socioeconomic and environmental crisis. Copyright: © 2021 by the authors.",10.21664/2238-8869.2021v10i2.p81-96,2021,Alcântara L.C.S.; Sampaio C.A.C.,Scopus,Review,NA,2-s2.0-85114683560,Scopus,1,review,TRUE,FALSE,TRUE,TRUE,TRUE,FALSE,NA
WoS,english,Deforestation and climate change are projected to increase heat stress; risk in the Brazilian Amazon,"Complete savannization of the Amazon Basin would enhance the effects of climate change on local heat exposure and pose a risk to human health, according to climate model projections.; Land use change and deforestation can influence local temperature and climate. Here we use a coupled ocean-atmosphere model to assess the impact of savannization of the Amazon Basin on the wet-bulb globe temperature heat stress index under two climate change scenarios (RCP4.5 and RCP8.5). We find that heat stress exposure due to deforestation was comparable to the effect of climate change under RCP8.5. Our findings suggest that heat stress index could exceed the human adaptation limit by 2100 under the combined effects of Amazon savannization and climate change. Moreover, we find that risk of heat stress exposure was highest in Northern Brazil and among the most socially vulnerable. We suggest that by 2100, savannization of the Amazon will lead to more than 11 million people will be exposed heat stress that poses an extreme risk to human health under a high emission scenario.",10.1038/s43247-021-00275-8,2021,"de Oliveira, BFA; Bottino, MJ; Nobre, P; Nobre, CA",COMMUNICATIONS EARTH & ENVIRONMENT,Article,NA,WOS:000702675600001,Scopus; WoS,2,research_paper,TRUE,FALSE,TRUE,TRUE,TRUE,FALSE,NA
Scopus,english,Desertification risk assessment in Northeast Brazil: Current trends and future scenarios,"Desertification is one of the major environmental problems that humanity faces today, since it reduces the availability of ecosystem services, increases food insecurity and poverty, and affects the wellbeing of societies. The analysis of the process is extremely complex, since the phenomenon takes place at different temporal and spatial scales, influenced by different factors. It is widely recognized that land use/land cover change (LULC) is one of the main drivers of desertification since environmental degradation is always triggers by the removal of natural vegetation cover. In this study, a LULC change model was calibrated and validated using climate model simulations, demographic data and land susceptibility maps for the historical period 2000–2010. Then, desertification susceptibility of the Northeast of Brazil were estimated by integrating LULC trajectories with three different downscaled climate change scenarios and projection of population growth for the period 2015–2025, 2025–2035, and 2035–2045 for the emission scenarios RCP4.5 and RCP8.5. Results indicated that, between 2010 and 2035–2045, areas of moderate susceptibility decreased 10.34%, while areas of high susceptibility increased 12.28% in the case of the RCP4.5. For the RCP8.5 scenario, those numbers are −16.85% for moderate susceptibility, and +19.62% for high susceptibility. Among all indicators included in the analysis, land management was the main driver of desertification susceptibility, which indicates that mitigation and adaptation strategies for the region should pursue sustainable land use policies. © 2020 John Wiley & Sons, Ltd.",10.1002/ldr.3681,2021,Vieira R.M.D.S.P.; Tomasella J.; Barbosa A.A.; Martins M.A.; Rodriguez D.A.; Rezende F.S.D.; Carriello F.; Santana M.D.O.,Scopus,Article,NA,2-s2.0-85086858897,Scopus; WoS,2,research_paper,TRUE,FALSE,TRUE,TRUE,TRUE,FALSE,NA
Scopus,english,"Development of a Landslide Early Warning System in informal settlements in Medellín, Colombia","In the last years and the years to come, the South American Andes face numerous challenges, old and new, both manmade and natural. Climate change as a catalysator for increasingly heavy storms and precipitation, deforestation and forest fires weakening the soil structure as well as a rapid growth in informal settlements in steep areas all lead to an increasing exposure to risk, especially for the most vulnerable people. The project “Inform@Risk” tries to increase the resilience of informal settlements against mass movements in the Andes. The project area is located in Medellín, the capital of the region of Antioquia in Colombia. There, the hazard of landslides is especially high due to steep slopes and highly weathered dunite rock. Many of Medellín’s informal settlements are located at the urban/rural border in the east and west of the city, where the slopes are steepest. The goal of the project is to develop a low cost, easily reproducible Landslide Early Warning System (LEWS) with a high degree of community integration. To achieve this, a multi-disciplinary and multi-actors approach was chosen, including scientists both in Colombia and Germany in the fields of landscape architecture, remote sensing, engineering geology, risk management and geoinformatics, as well as NGOs working closely with the local government and the communities at risk. Here, the concept for the technical part of the EWS is presented. It consists of an innovative sensor system with a combination of linear measurements using Continuous Shear Monitor profiles and extensometers horizontally in the ground, as well as a number of sensor nodes distributed in the project area to perform point measurements where needed. The sensor nodes are low cost and use the Long Range (LoRa) communication protocol to save energy and service time. Additionally, manual sensors will be installed by the community for preliminary measurements, and also to increase the risk awareness of the inhabitants. All data of the EWS is collected in the Inform@Risk Cloud and displayed via an app which will be developed in the course of the project. Before the installation of the EWS sensors, in-depth geological and geotechnical investigations are performed, the first part of which is also presented in this issue (Breuninger et al., 2020). © 2021 Landslides and Engineered Slopes. Experience, Theory and Practice",NA,2021,Gamperl M.; Breuninger T.; Singer J.; Londoño C.G.; Menschik B.; Thuro K.,Scopus,Conference paper,NA,2-s2.0-85103846180,Scopus,1,research_paper,TRUE,FALSE,TRUE,TRUE,TRUE,FALSE,NA
Scopus,english,Disentangling the effect of future land use strategies and climate change on streamflow in a Mediterranean catchment dominated by tree plantations,"Climate change (CC) along with Land Use and Land Cover Change (LULCC) have a strong influence in water availability in already fragile Mediterranean ecosystems. In this work the Soil and Water Assessment Tool (SWAT) was implemented for the 2006–2018 period in a rainfed catchment of central Chile (36°) to test the hypothesis that adaptive plantation strategies could mitigate the impacts of climate change and increase streamflow. We also hypothesize that afforestation with exotic tree plantations will reduce water availability in Mediterranean catchments, acting in synergy with climate change. Five LULCC scenarios are analyzed: i) current long-term national Forest Policy (FP), ii) extreme scenario (EX) with large afforestation surfaces, both including the replacement of native shrublands with Pinus radiata; iii) adaptive plantation management scenario (FM), with lower planting density, iv) forced land displacement scenario (FLD), where plantations at the headwaters are moved to lowland areas and replaced with native shrublands, and v) pristine scenario (PR), with only native vegetation. Each LULCC scenario was run with present climate and with projections of different CMIP5 climate models under the RCP 8.5 scenario for the period 2037–2050, and then compared against simulations based on the present land cover and climate. Simulations with the five LULCC scenarios (FP, EX, FM, FLD and PR) with present climate resulted in variations of −2.5, −17.3, 0, 2.3 and 10.9% on mean annual streamflow (Q), while simulations with the current land cover and CC projections produced a 32.1% decrease in mean annual Q. The joint impact of CC and LULCC leads to changes in mean annual Q ranging from −46.2% (EX) to –23.3% (PR). Afforestation with exotic pines will intensify the reduction in water yield, while conservative scenarios focused on native forests protection and restoration could partially mitigate the effect of CC. We make a strong call to rethink current and future land management strategies to cope with lower water availability in a drier future. © 2021 Elsevier B.V.",10.1016/j.jhydrol.2021.126047,2021,Galleguillos M.; Gimeno F.; Puelma C.; Zambrano-Bigiarini M.; Lara A.; Rojas M.,Scopus,Article,NA,2-s2.0-85101127086,Scopus; WoS,2,research_paper,TRUE,FALSE,TRUE,TRUE,TRUE,FALSE,NA
Scopus,english,Do ecosystem insecurity and social vulnerability lead to failure of water security?,"Achieving water security for humans and ecosystems is a pervasive challenge globally. Extensive areas of the Americas are at significant risk of water insecurity, resulting from global-change processes coupled with regional and local impacts. Drought, flooding, and water quality challenges pose significant threats, while at the same time, rapid urban expansion, competing water demands, river modifications, and expanding global markets for water-intensive agricultural products drive water insecurity. This paper takes a social-ecological systems perspective, aiming to identify examples and pathways towards resilient ecosystems and social development. It draws on lessons from two science-policy network projects, one focusing on water scarcity in arid and semi-arid regions of Argentina, Chile, Brazil, Peru, Mexico and the United States; and the second addressing river and lake basins as sentinels of climate variability and human effects on water quantity and quality in Canada, the United States, Argentina, Colombia, Uruguay and Chile. Together, these ‘complementary contrasts’ provide an analytical basis to empirically examine stakeholder engagement, knowledge co-production and science-policy interaction supporting decision-making to achieve water security. The paper identifies four tenets for decision-making based on water-security-focused global-change science in the Americas: 1) Decision makers should focus on protecting ecosystems because water security (along with food and energy security) depend on them; 2) Water-use and allocation decisions ought to be made considering future environmental and societal vulnerabilities, especially climate projections; 3) Holistic approaches (at basin or other appropriate levels) are best suited to ensure social-ecological system resilience and reduce vulnerability; and 4) It is essential to support local/traditional livelihoods, and underserved populations to achieve equitable water security and ecosystem resilience. © 2020",10.1016/j.envdev.2020.100606,2021,Scott C.A.; Zilio M.I.; Harmon T.; Zuniga-Teran A.; Díaz-Caravantes R.; Hoyos N.; Perillo G.M.E.; Meza F.; Varady R.G.; Neto A.R.; Velez M.I.; Martín F.; Escobar J.; Piccolo M.C.; Mussetta P.; Montenegro S.; Rusak J.A.; Pineda N.,Scopus,Article,NA,2-s2.0-85099507175,Scopus,1,research_paper,TRUE,FALSE,TRUE,TRUE,TRUE,FALSE,NA
WoS,english,"Effects of Habitat Loss on the Ecology of Pachyphytum caesium; (Crassulaceae), a Specialized Cliff-Dwelling Endemic Species in Central; Mexico","Cliff-dwelling plant species are highly specialized and adapted to a vulnerable, fragmented, and are mostly endemic, narrowly-distributed and threatened. As a contribution to the conservation efforts of endemic cliff-dwelling species, this study provides an overview of the effects of habitat loss on the abundance and distribution of Pachyphytum caesium (Crassulaceae) due to human disturbances. To achieve this objective, we first conducted a retrospective analysis from 2003-2013 to assess the effects of land use change on the abundance of P. caesium. Secondly, we estimate the abundance and distribution of P. caesium throughout the study area, as well as analyze the effect of rock-climbing activities on the density and population structure of P. caesium. The results suggest differences in population abundance among sites is due to the adverse effects of habitat loss. P. caesium presents a very restricted distribution with small and fragmented populations. In addition, guava agriculture has a significant impact on the chemical soil properties of the hillsides, causing a significant effect on the occurrence of P. caesium, while sport activities remove both the soil and the plants from the cliffs. According to the results, P. caesium is classified as a plant species with extremely small populations (PSESP), and it is highly vulnerable to habitat disturbance. Its conservation is thus a priority to ensure its permanence.",10.3390/d13090421,2021,"Clark-Tapia, R; González-Adame, G; Campos, JE; Aguirre-Hidalgo, V; Pacheco-Cruz, N; Ugalde, JJV; Campista-León, S; Peinado-Guevara, LI; Alfonso-Corrado, C",DIVERSITY-BASEL,Article,NA,WOS:000699116900001,WoS,1,research_paper,TRUE,FALSE,TRUE,TRUE,TRUE,FALSE,NA
Scopus,english,Environmental Value for Heritage Conservation and Urban Sustainability: Adaptation in Widely Divergent Climatic Conditions,"Focusing on traditionally-constructed urban housing in diverse climates, this article illustrates passive means historically providing comfortable living conditions while minimising technology dependence. This is especially relevant today with a tendency towards high-energy solutions, climate change extreme weather events, and pandemics. Minimising energy demands and emissions requires an understanding of theenvironmental value of historic housing in addition to their heritage value. This, to support their own conservation and contributing to passive contemporary architecture strategies. The global potential for mainstreaming retrofit measures is then expanded beyond a restricted heritage sector together with up-scaling localised construction methods and practices. This research revisits traditional solutions and behavioural patterns in Yazd (Iran), Røros (Norway), Santiago-de-Compostela (Spain), and Paramaribo (Suriname). In hot extremes (Yazd), high mass materials in concert with carefully arranged openings and windcatchers have provided low-energy housing. Whereas, wood construction, whether in the cold (Røros) or tropical zones (Paramaribo), relies heavily on material quality, architectural features, and layout. Temperate areas (Santiago-de-Compostela), adapted to seasonal variations for centuries, can share their dynamic qualities. The tendency in many climates to introduce closed air conditioning systems is counterbalanced by a better understanding of traditional systems for environmental control, contributing to a natural ventilation renaissance. © 2021 Informa UK Limited, trading as Taylor & Francis Group.",10.1080/17567505.2021.1991104,2021,Larraín de Andraca I.; Rodwell D.,Scopus,Article,NA,2-s2.0-85118217845,Scopus; WoS,2,research_paper,TRUE,FALSE,TRUE,TRUE,TRUE,FALSE,NA
Scopus,english,Flood-prone area delineation in urban subbasins based on stream ordering: Culiacan urban basin as a study case,"Urban development decreases infiltration, increases the runoff velocity, and reduces the concentration times. This situation increases the flood risk in urban watersheds, which represent a management challenge for urban communities and authorities. To increase the resilience of communities due to modifications of the hydrological cycle produced by climate change and urban development, a methodology is proposed to delineate flood-prone areas in urban basins. This methodology is implemented in an urban subbasin of Culiacan, Mexico, and is based on stream order. A high-resolution digital elevation model was used, which was validated independently through a photogrammetric flight with an unmanned aerial vehicle and ground control points obtained with GNSS (global navigation satellite systems) receivers. Morphometric parameters related to geometry, shape, relief, and drainage network aspects of the subbasin were determined and analyzed. Then, flood-prone area zonation was carried out based on stream-order classification and flow direction. Fieldwork was also carried out for the inspection of the sewage network conditions. This methodology simplifies the identification of the flood-prone areas in urban subbasins without carrying out complex hydraulic calculations. © 2021 by the authors. Licensee MDPI, Basel, Switzerland.",10.3390/su132413513,2021,Sanhouse-García A.J.; Rangel-Peraza J.G.; Rentería-Guevara S.A.; Bustos-Terrones Y.A.; Mora-Félix Z.D.; Plata-Rocha W.; Monjardin-Armenta S.A.,Scopus,Article,NA,2-s2.0-85120832026,Scopus,1,research_paper,TRUE,FALSE,TRUE,TRUE,TRUE,FALSE,NA
WoS,english,From mathematical models to policy design: Predicting greywater reuse; scheme effectiveness and water reclamation benefits based on; individuals' preferences,"The residential reuse of greywater has attracted interest in recent years as a strategy to face water security problems. Nowadays, some cities such as Santiago de Chile are seeking to promote new laws that allow residential greywater reuse and make the incorporation of the necessary infrastructure (machinery and a parallel pipe system) mandatory for new buildings. The success of any such schemes, in terms of the amount of mains water that can be saved, is clearly influenced by the decision that individual consumers make on whether or not to use the parallel system, as they will also be the ones to face the potential externalities produced by the system (e.g., odours, noise from technology). Understanding and anticipating the behaviour of individuals is not an easy task, especially in the context of systems not yet widely implemented, but the groundwork has been laid with the application of approaches that allow analysts to determine the heterogeneity in consumer preferences based on the qualities of the product or service. However, there has been a lack of focus on making predictions that quantify the impact of acceptability on the volume of water recovered, driven in part by methods that been applied. This paper presents a way of predicting policy effectiveness and potential greywater reclaim benefits based on individuals' preferences. For this, we use two existing models that allow us to make predictions of greywater reuse for different domestic purposes. In a case study application to the city of Santiago de Chile, we carry out scenario tests to predict the potential uptake under potential future policy settings and show how allowing for an additional permitted use of greywater could save several hundred litres of water per month per household.",10.1016/j.scs.2021.103132,2021,"Amaris, G; Dawson, R; Gironás, J; Hess, S; Ortúzar, JD",SUSTAINABLE CITIES AND SOCIETY,Article,NA,WOS:000716788000002,WoS,1,research_paper,TRUE,FALSE,TRUE,TRUE,TRUE,FALSE,NA
Scopus,english,"Green infrastructure planning for climate emergency: Learning from the “stgo+” project, santiago de chile; [Planejamento de infraestruturas verdes para a emergência climática: Aprendizagens com o projeto “stgo+”, santiago do chile]; [Planificación de infraestructura verde para la emergencia climática: * aprendizajes desde el proyecto “stgo+”, santiago de chile1]","Green infrastructure is being recognized as one of the main strategies for climate emergency mitigation and adaptation in urban contexts. However, there are still very few initiatives in Latin America. This paper explores the Chilean case, in particular the “Stgo+ Green Infrastructure” project, to understand how the climate emergency has been included in green infrastructure planning and the level of priority it has among various types of stakeholders. The research was conducted through a review of planning documents and a participatory methodology, involving institutional, academic, and civil society stakeholders. Chilean urban regulations and territorial planning instruments do not offer much opportunity for the development of green infrastructure systems to face the climate emergency, but there are several indicative instruments that contribute in that sense. On the other hand, there is growing recognition by stakeholders of the importance of green infrastructure, but the climate emergency is an aspect that is still given low priority. The low priority that actors attribute to the climate emergency represents a significant barrier for the incorporation of these issues in public plans and policies. © 2021, Universidad Nacional de Colombia. All rights reserved.",10.15446/rcdg.v30n2.88749,2021,Giannotti E.; Vásquez A.; Galdámez E.; Velásquez P.; Devoto C.,Scopus,Article,NA,2-s2.0-85111905130,Scopus,1,research_paper,TRUE,FALSE,TRUE,TRUE,TRUE,FALSE,NA
WoS,english,How Co-design of Public Space Contributes to Strengthening Resilience:; Lessons from Two Chilean Cases,"The implementation of adaptationmeasures and the improvement of urban resilience is a growing concern recently. While urban projects are encouraged to become resilient, there is an interest in the design processes that produce them. In the Latin-American context, co-design is gradually taking a central role in space production, recognizing the need for involving multiple stakeholders to achievemore integrated and inclusive designs. However, in the case of Chile, institutions are rather rigid, over-regulated, and tend to operate in silos. We investigate howthe co-design of public spaces can contribute to urban resilience through a case study of two Chilean design processes. The study applies the evolutionary resilience framework (ERF) to assess urban co-design processes (Davoudi et al., Plan Pract Res 28:307-322, 2013). Barriers and enablers reported by the interviewees shed light on how the co-design processes evolved and contributed to, or hindered resilience. Co-design is seen as a preparation-building process towards climate resilience that can be furthered through persisting, adapting, or transforming collaboration and design process factors. This study operationalizes the ERF framework and proposes a flowchart to identify factors influencing urban resilience. Although the Latin-American context may differ from other places, this study provides insights to co-design processes elsewhere.",10.1007/978-3-030-73399-5_7,2021,"Cruz, MG; Ersoy, A; Czischke, D; Van Bueren, E",GOVERNANCE OF CLIMATE RESPONSIVE CITIES: Exploring Cross-Scale Dynamics,Article; Book Chapter,NA,WOS:000839413000008,WoS,1,other,TRUE,FALSE,TRUE,TRUE,TRUE,FALSE,NA
Scopus,english,Identifying the social urban spatial structure of vulnerability: Towards climate change equity in Bogotá,"The constant modification of land use, economic instability, environmental factors, and social behaviour changes among the inhabitants of big cities characterize current urbanism. In Colombia, land‐use planning processes supported by geographical information systems are a recent phenomenon and the legal instruments of spatial planning are inadequate in most municipalities. Moreover, socio‐spatial equity represents a challenge for Latin American cities in which there is increasing awareness of the role that spatial planning plays. Consequently, the question arises as to how the urban spatial structure and organization contribute to an inclusive and equitable socio‐spatial evolution, considering climate change impacts. The case study analysed in this article focuses upon the northern limits of the city of Bogotá. Therefore, this research aims to define the ideal balance of urban land‐use distribution between social stratum classification and the vulnerability of the communities seeking to better adapt to climate change. We propose a methodological approach of analysing spatial syntax and the (social) intensity of activities and infrastructure, which enables us to characterize the urban structure itself and identify vulnerable urban instances. As a result, we find that the urban network with low values presents spatial unpredictability in its pattern, constraining equitable development based on the urban morphology of the city. This research allows us to conclude that the degree of vulnerability encountered by the social urban spatial structure is higher in expansion areas than in central areas of the city. © 2021 by the authors; licensee Cogitatio (Lisbon, Portugal).",10.17645/up.v6i4.4630,2021,Barbosa V.; Pradilla M.M.S.,Scopus,Article,NA,2-s2.0-85121122842,Scopus; WoS,2,research_paper,TRUE,FALSE,TRUE,TRUE,TRUE,FALSE,NA
Scopus,english,Improving Urban Flood Resilience under Climate Change Scenarios in a Tropical Watershed Using Low-Impact Development Practices,"This paper shows how low-impact development (LID) practices affect the resilience of stormwater drainage system under climate change scenarios. A rainfall-runoff model was calibrated and evaluated a in a tropical watershed located in Midwestern Brazil. An ensemble of 17 general circulation model outputs forced by Representative Concentration Pathways (RCP 4.5 and RCP 8.5) was used to create future climate change scenarios up to 2095. The LID efficiency was evaluated based on the runoff peak reduction and the resilience of stormwater drainage by means of a resilience index. Overall, LID combinations showed a reduction in runoff peak higher than 20%, and the best LID combination had a reduction of as much as 46%. This represents a significant improvement in the resilience against flooding in the study area. Therefore, the findings can contribute to the increase in widespread adoption of LID and can encourage decisionmakers to provide such practices for urban flood management.  © 2021 American Society of Civil Engineers.",10.1061/(asce)he.1943-5584.0002143,2021,Mattos T.S.; Oliveira P.T.S.; De Souza Bruno L.; De Oliveira N.D.; Vasconcelos J.G.; Lucas M.C.,Scopus,Article,NA,2-s2.0-85116927350,Scopus,1,research_paper,TRUE,FALSE,TRUE,TRUE,TRUE,FALSE,NA
Scopus,english,Measuring the effect of improved irrigation technologies on irrigated agriculture. A study case in Central Chile,"Irrigated agriculture is the primary sector demanding water resources in the world. Given that, improved irrigation technologies could play a crucial role in enhancing water use efficiency. This paper uses causal inference estimators to evaluate the effect of these technologies on irrigators at the farm level in two irrigated valleys in Central Chile. Doubly robust estimators were employed to address the selection bias of the adoption of improved irrigation technologies. The results show first a low level of technology adoption, with only 18% of irrigators adopting irrigation, where access to credits and education plays a crucial role in their adoption. Despite this low rate, the estimates show consistently positive and significant impacts on adopters in terms of annual margins and land use. As a result, our research calls for attention towards focusing programs and policy targeting on reducing entry barriers and broadening the adoption of irrigation technologies, allowing to reduce the gap in terms of economic wellbeing and the long-term sustainability and adaptation to climate change of irrigated areas. © 2021 Elsevier B.V.",10.1016/j.agwat.2021.107160,2021,Jordan C.; Donoso G.; Speelman S.,Scopus,Article,NA,2-s2.0-85114677110,Scopus; WoS,2,research_paper,TRUE,FALSE,TRUE,TRUE,TRUE,FALSE,NA
Scopus,english,"Minga: Sustainable and replicable urban renovation model, the buenaventura case; [Minga: Modelo replicable de renovación urbana sostenible, caso buenaventura]","This article presents the results obtained in research made during a sustainable urban renewal design in the city of Buenaventura, Valle del Cauca, Colombia, as part of MINGA team’s proposal for SDLAC 2019 (Solar Decathlon Latin America and Caribbean). This project was developed by a group of students and professors, as part of the undergraduate programs of architecture and civil engineering of the partner universities in the MINGA team. A project-based teaching-learning methodology was used, integrating the curricula in interdisciplinary project workshop-type courses. The main goal was to demonstrate the viability of a resilient urban planning project, conceived for the future climate in a coastal city in the hot-humid tropics. The results showed that a climate-resilient urbanism can be created, which guarantees the permanence of the original inhabitants of the coastal areas, mitigating flooding risks, and preserving the cultural roots of the inhabitants, even under sea-rise scenarios. © 2021, Universidad del Bío Bío. All rights reserved.",10.22320/07190700.2021.11.01.05,2021,Cárdenas V.V.; Osuna-Motta I.,Scopus,Article,NA,2-s2.0-85112234397,Scopus,1,research_paper,TRUE,FALSE,TRUE,TRUE,TRUE,FALSE,NA
Scopus,english,Navigating institutional complexity for the adaptation of urban transport infrastructure,"The adaptation of transport systems to climate change is crucial for maintaining city functions in the future. Due to the complexity of this process, urban transport planners may not always be aware of all challenges they must face, leading to maladaptation or lack of adaptation of the transport systems of their cities. Recognising this complexity, this paper identifies barriers and opportunities for effective adaptation planning via a socio-technical perspective. An existing analytical framework, previously used in some cities of Latin America and Germany, is adopted and applied to a case study of Bogotá, Colombia. Interviews conducted with local professionals and a review of policy documents and technical reports provided insight into city governance processes and the extent to which climate change adaptation shapes transport sector decisions. The study reveals that incomplete or unusable information about climate change and its effects, reduced availability of economic and human resources, and the lack of adequate incentives are limiting adaptation within the transport planning processes of the city. It also demonstrates the critical influence of the institutional structure in determining which infrastructure options are considered feasible and preferable. The study elucidates what levers are available to transport planners and why some solutions are just not considered. There is potential for this study to be replicated in other parts of the world to help support the development of effective systemic intervention to support adaptation. © 2021 Elsevier Ltd",10.1016/j.trd.2021.103073,2021,Cañavera Herrera J.S.; MacAskill K.,Scopus,Article,NA,2-s2.0-85117883391,Scopus; WoS,2,research_paper,TRUE,FALSE,TRUE,TRUE,TRUE,FALSE,NA
Scopus,english,"New Insights on Land Use, Land Cover, and Climate Change in Human–Environment Dynamics of the Equatorial Andes","We provide new insights on land use and climate change in human–environment dynamics of the equatorial Andes. We focused on two provinces (Cotopaxi and Napo) and three communities of Ecuador characterized by similar land tenure regimes but different socioenvironmental contexts. We integrate satellite data classifications and statistical analyses, longitudinal downscaled climate modeling, and interviews with smallholder farmers, to analyze environmental changes between 1991 and 2017, local impacts, and local adaptations. In Cotopaxi, our results reveal a significant growth of forest plantations, irrigated agriculture, and greenhouse infrastructure associated with specific topographic and soil conditions, land and water availability and accessibility, and changing economic opportunities. In Napo, the reduction of montane forest vegetation and expansion of shrub vegetation are noteworthy. These changes are likely linked to feedback mechanisms between conservation and development strategies, exacerbated by contemporary climate change and increased natural hazards risk. Our study shows that mean annual temperature in the region has increased, seasonal change has intensified, annual precipitation has decreased, and the number of frost-free days has increased in relation to the normal period (1961–1990). Our study supports the notion that wide-ranging human adaptations linked to climate and land use changes, market elements (including livelihood transitions, occupational multiplicity, and production rationales), and complex knowledge systems (both indigenous and nonindigenous) are critical to the sustainability of smallholder farmers in the Andes. © 2020 by American Association of Geographers.",10.1080/24694452.2020.1804822,2021,López S.; López-Sandoval M.F.; Jung J.-K.,Scopus,Article,NA,2-s2.0-85091153753,Scopus; WoS,2,research_paper,TRUE,FALSE,TRUE,TRUE,TRUE,FALSE,NA
Scopus,english,Resilience of Hydrologic Similarity Areas to extreme climate change scenarios in an urban watershed,"The water balance resilience to extreme climate change scenarios in Hydrologic Similarity Areas (HSA) is evaluated in the Belém catchment, Brazil. We used HadGEM2-ES statistically downscaled with the CMhyd tool under the Representative Concentration Pathways (RCPs) 2.6 and 8.5 to simulate climate scenarios. The AquaCycle model was used to simulate effects on the water balance. Climate modeling results show an increase in annual precipitation and average temperature, decreased rainy days, and increasing extremes. The water balance modeling demonstrated that the HSAs with higher percentages of impermeable surfaces present greater surface runoff and lower levels of infiltration and actual evapotranspiration increment in both RCP2.6 and RCP8.5. The differences among the HSA responses in the water balance are even more evident when analyzing the extreme events data series. Thereby, the results demonstrate that impermeable areas are less resilient to extreme events provided by climate change scenarios. © 2021 Informa UK Limited, trading as Taylor & Francis Group.",10.1080/1573062x.2021.1941136,2021,de Carvalho J.W.L.T.; Iensen I.R.R.; dos Santos I.,Scopus,Article,NA,2-s2.0-85108288579,Scopus,1,research_paper,TRUE,FALSE,TRUE,TRUE,TRUE,FALSE,NA
Scopus,english,SOLARQUIM: Dual Electric Power Generation System for a Housing,"This article was designed and built as a dual electric power generation system for a housing (SOLARQUIM) using solutions of crystalline solids and photoelectric cells to have greater energy efficiency in housing for four people located in San Luis Huexotla, Texcoco, State of Mexico. The development and use of SOLARQUIM promote the use of chemical energy and solar energy, making it possible to generate electricity 24 h a day, 7 days a week (24/7). The cost of the material for the prototype is $29.00, the savings in electricity is $18.79 in a year and the prototype also avoids the emission of 5.11 kg of carbon dioxide (CO2) per year. With the use of chemical and solar energy, the reduction of greenhouse gases (GHG) is promoted, because more than 70% of the generation of electricity in Mexico is obtained by the combustion of fossil fuels (gasoline, diesel, gas and coal). The integration of clean energy technologies in cities, buildings and homes should be a requirement and not an optional trend in Mexican Republic, for new buildings or for those that already exist; in both cases you should take advantage of and adapt the existing spaces to reduce a percentage in the emissions of GHG and this is a predominant factor in climate change (CC). © 2021, The Author(s), under exclusive license to Springer Nature Switzerland AG.",10.1007/978-3-030-63567-1_12,2021,Contreras J.A.; Pérez M.A.; Muñoz J.A.,Scopus,Book chapter,NA,2-s2.0-85113779754,Scopus,1,other,TRUE,FALSE,TRUE,TRUE,TRUE,FALSE,NA
Scopus,english,Small rivers and landscape nbs to mitigate flood risk,"The aim of this paper is to mitigate hydrogeological risk, closely bound to climate change, through the forecast of green and blue infrastructures, basing the solutions mainly on nature-based solutions (NBS). A further aim is to restore the ecosystems of the landscapes and to allow the provision of various benefits to societies. The novelty of the paper is the application of a method that measures improvements from the point of view of flood mitigations by means of devices that, at the same time, decrease the hydraulic hazard and increase the urban endowments of settlements. Indeed, there is a new way of avoiding flooding involving nature as part of the solution as well as allowing for the provision of benefits to societies. A methodological analysis of the cases studied was carried out in order to achieve an actual diagnosis regarding the flooding risk of these landscapes so as to identify possible areas of intervention. The case-studies in Argentina and Italy are two small settlements that, although located in such distant and diverse places, have similarities in flood phenomena and in the relationship between urban fabric and waterway. In order to mitigate hydrogeological risk, through the provision of green and blue infrastructures, mainly through NBSs, a methodological tool to identify a range of possible interventions capable of mitigating the risk through territorial and urban planning of suitable “green and blue infrastructures” (GBIs) applying different NBSs has been developed. © 2021, Luciano Editore. All rights reserved.",NA,2021,Magliocchetti M.; Adinolfi V.; Viccione G.; Grimaldi M.; Fasolino I.,Scopus,Article,NA,2-s2.0-85108707073,Scopus,1,research_paper,TRUE,FALSE,TRUE,TRUE,TRUE,FALSE,NA
WoS,english,Social Tourism and Museum Mobilities in Destinations of Experience,"In this paper, I try to understand what kinds of mobilities of transformation occur in the museum, both as a concept and as a spatial and sensorial experience, from my own ethnographic work on the Bread for Social Change Museum in Gabrovo, Bulgaria, reviewed in dialogue with studies on other types of museums as representatives of important transformations and innovations in the creative industries. The other types of museums explored below include: Community-founded and partially state-sponsored museum in Brazil (Museum of the Imaginary Object in Salvador de Bahia); Statefounded and financed but community-run cultural center in British Columbia (Clifford); Community-founded and privately-funded museums in Peru and Mexico (Cuauhtemoc Camarena and Teresa Morales; Buntinx); Individually-founded community museums at private homes in Morocco (Kapchan) and the Museum of Bread for Social Change in Bulgaria (Savova-Grigorova).; The questions I ask include: What do these differently funded and functioning physical spaces have in common as an idea and as a strategy for development that explore the museum logics as symptoms of larger social processes imbued with affect and emotion? And in the movement towards tangible and intangible heritage safeguarding, are people afraid to forget, or excited about remembering, or vice versa? The research finally analyzes the social, cultural, and economic roles of the museums and cultural centers as points along the Bread for Social Change Cultural Route and thus the wider vision and potential benefits to sustainable development of the new emerging sphere of ""social tourism"".; The Bread Route includes three different geographic and thematic routes, all envisioned to be ultimately united into one: Bread Route in Bulgaria (currently operating), European Bread Route and a Global Bread Route across continents (to be developed).The Bread Routes and in particular the Bread (for Change) Museum in Gabrovo, Bulgaria, bear the mo!o ""Travel with a mission"" and present a case of creative tourism we explore in this research as social tourism, while the points on the Route are perceived not as tourist a!ractions but as ""destinations of experiences"".; Methodologically, this research is both an action research and an auto-ethnography, since the idea for the Route is a personal vision and initiative of the researcher, dr. Nadezhda Savova-Grigorova, cultural anthropologist awarded as ""Traveler with a Mission of the Year 2012"" by the global National Geographic for having traveled 76 countries exploring their bread traditions and helping communities unite through community baking creative methods, also recognized as a new form of art therapy called ""Bread Therapy"".; The Bread Cultural Route integrates the categories of cultural, gastronomic, and green alternative tourism, but also (participatory) social tourism as it offers tourists and underprivileged locals interactive, deeply touching and transformative baking activities that leave the travelers with lasting emotional memories from their ""travel with a mission"". The activities planned along the European and Global Routes are developed and offered by various local organizations and institutions, from Bread Houses part of the Bread Houses Network to Bread Museums, bakeries, community and cultural centers, and various NGOs, which offer experiences that include all the multifaceted therapeutic/healing, social, anthropological, training, and performative sides of the breadmaking processes and local bread traditions.; The Bread Route in Bulgaria passes through the socio-cultural centers Bread Houses, part of the Bread Houses Network Bulgaria (www.bread.bg) in six locations with rich tangible and intangible cultural heritage (Gabrovo, Veliko Tarnovo/Zlataritsa, Chiprovtsi, Plovdiv, Stara Zagora, Sofia). In each ""destination of experience"", the tourists can master different local recipes for the preparation of traditional bread and pastry products, while they also participate in the innovative method for community baking called ""Theater of crumbs"", which enables them to learn about and recreate impressions from each location by drawing in flour and then creating sculptures/symbols out of dough. The baking events can engage the tourists with local disadvantaged groups that regularly visit the Bread House for free as part of its ""Bread Therapy"" program. The daily mission of the Bread Houses as socio-cultural centers is to both revive and enrich forgo!en traditions related to food, arts and cra#s, and at the same time to create conditions to gather people from different social backgrounds, people with disabilities and various other isolated and vulnerable groups to regularly meet, knead bread and share it along with spontaneous contacts and friendships between very different people.; Part of the social tourism concept as interpreted by the Bulgarian Bread Route is that if a group decides to go through all or some of the points/Bread Houses on it, they engage in a playful game element: the group takes one of the ingredients of bread from each subsequent Bread House (local flour, water, salt, honey, yeast, local spices) and in the last Bread House before departing, everyone kneads a collective bread incorporating the collected bread ingredients and experiences - a truly delicious and unforge!able memory.; The foundational stone of the Bread Route in Bulgaria and internationally is the historic Bread House in the town of Gabrovo, which has evolved over time since 2009 as the first in Bulgaria, and possibly the world, Bread Museum dedicated to breadmaking as a tool for social transformation and powerful symbol of political and social struggle. The Bread for Social Change Museum was inaugurated in 2016 during a visit of the President of the global Agenda 21 for Culture, Catherine Cullen, in Gabrovo, which was selected as one of the Global Cities implementing the Agenda 21 for Culture in Development. Agenda 21 recognized the Bread House as one of the best practices in the field of synergies between the creative industry and tourism industry in the city of Gabrovo, which was also later awarded as a UNESCO Creative City, and the Bread Museum's model and recipe for traditional local sourdough-bread were included in a global publication linking the culinary (and particularly bread) heritage of Creative Cities around the globe(1).; The Gabrovo house itself is the old family home of the great-grandmother of Nadezhda Savova-Grigorova, which she donated to be used as a community center and which slowly evolved as an alternative museum space run by the joint volunteer activism of enthusiasts. The process of creating the community center-museum by engaging local people with both their painful memories and passionate hopes for change, their complaints and dreams, has been a deeply charged dynamic of memory production, re-production, and representation. How can museums become ever more socially inclusive and interactive cultural institutions, hubs for community revival?; Museum Mobilities: Cultural Democracy in the Transition from Object to Thing; One evening during the first year of the creation of the Bread House, which subsequently evolved as the Bread (for Social Change) Museum, a middle-aged man with big black moustache and a large belly entered the house with a suspicious look on his face. At first, he was reluctant to join the community; [GRAPHICS]; Walking up the steep steps from the Tangier port and entering the narrow streets of the medina, I found the house quickly. It was indistinguishable from the others. It wasn't until I entered that I found the sign designating the location. 'Dar Gnawa,' it said, 'Commemorating the Memory of God's Mercy (dar gnawa tuhiyyu dhikra at-tarahhum). And indeed, both commemoration and memory were created and displayed here.; Before putting this passage into context later in the paper, I raise the critical question of what it means for a house, or any place for that ma!er, to commemorate memory. How and why is a building enmeshed with sensations and practices? The figure of the museum is the epitome of these dilemmas and of a global change of principles of representation and civil society.; For over a century, museums mainly exhibited ""lifeless museum objects""(2). As Franz Boas laid the foundations of ""salvage anthropology,"" the practice of collecting objects from indigenous societies confronted the challenge of contextualizing materiality in the absence of its ecosystem, which has raised questions on the museum's colonial exoticization of the ""Other""?(3), their disciplining social projects(4), and their role in the repatriation of objects(5). Bourdieu's concept of ""cultural capital""(6) is o#en evoked in works on museums as the elite's symbolic power in its embodied and objectified states. In addition to representation, ""collective memory"" is a key issue in the field of Museum Studies, ever since it became a focus of study with Maurice Halbwachs(7), and nowadays, most scholars would perhaps agree with John Urry that: ""there is no past out there or back there [...] only the present, in the context of which the past is being continually re-created""(8).; When the nineteenth-century semi-private museums became publicly funded centers for instruction of citizenship, the Western ""exhibitionary complex"" (Bennet 1995) was transformed in the Eastern European and Soviet reality, as Boris Groy argues in "" The Display of Art in Totalitarian Space,"" from the vita contemplativa's aestheticism to the vita activa embodied in the new populist museum of the Proletariat9. But did museums take a middle path through the ruins of the Berlin Wall?; Already in the 1960s, a ""new museology""(10) with a ""museum in transition""(11) emphasized ""community bridge-building"" for the democratic purposes of equality of access(12). As Edward Alexander argues in his Museums in Motion(13), museums are built but not static, since movement circulates among the variety of museums and within their new community outreach activities(14). The growing discourse on inclusive practices, however, needs to be more critical of what is assumed by ""the general public,"" since quite often this ""average"" approximation incorporates preconceived notions that exclude, even inadvertently, people of lower socio-economic classes and literacy levels or physical impairment. When in the late 1980s and into the twenty-first century UNESCO pushed for heritage to be understood as much more than objects - see for instance intangible heritage - museums faced the even greater challenge of interacting with cultural practices and civic values, if they, together with, or being simultaneously cultural centers, aspire to be recognized by governments as primary agencies for the UNESCO's 2003 Intangible Heritage Convention 2003(15).; The 1980s marked an internal movement towards change of the ""museums in motion"", which later evolved in the late 1990s into a phenomenon that anthropologist Ivan Karp called global ""tactical museologies,"" where ""the most fundamental global process that makes the concept of the museum available as a tactical resource is that the museums themselves travel""(16) as a concept adapted by sub-cultures, peripheral urban neighborhoods, and rural communities who a!empt to redefine the universalistic view in the ""Declaration on the Importance and Value of Universal Museums"" signed by eighteen of the world's most powerful museums. The symbolic travel of museums as physical constructs spread across diverse geographic and cultural areas turns them into ""contact zones,"" in James Clifford's concept (1997), that link ""routes"" of older processes of globalization such as colonialism and imperialism, and conflict and creativity.; Another aspect of the traveling idea of the museum is Karp's observation of a ""non-nation-based world polity [funding organizations] that uses the categories of Western experience, such as the museum or development itself, to organize the distribution of resources both through and outside the state""(17). In Europe, neoliberal devolution dictated that cultural institutions be increasingly managed through the so-called ""arms-length,"" independent bodies with non-for-profit character (trusts, foundations, NGOs, international organizations like UNESCO, and civic associations)(18). But is this the ""right"" or ""left"" arm, to adopt Bourdieu (1998)(19) on the policy hands of the State? Bourdieu's hand metaphor raises questions about the museum's new identity and outreach programs. How and towards whom is the museum hand ""reaching out""? Is it simply giving something and waiting for nothing interactive in return but mute legitimation? Is the museum ready to shake hands, ready to work with the community and get its hands dirty, tired, calloused? Is it ready to cover them with paint and clay? In sum, has the museum's community outreach been able to escape the common development failure: the failure of reciprocation? "" What is wrong with the so-called `free gift' is the donor's intention to be exempt from return gifts coming from the recipient,"" concludes Mary Douglas. ""A gift that does nothing to enhance solidarity is a contradiction""(20).; [GRAPHICS]; See the World Down-side Up; I was making watermelon juice with Jorge and Veronica in the kitchen of the Museu do Objeto Imaginario (Museum of the Imaginary Object), nestled in the bosom of the historic center of Salvador de Bahia, Brazil, on a late night in February 2008. Slow reggae tunes were seeping from the tiny bar below, where people rested cha!ing aFTer a night of dancing through the crossroads of Pelourinho in a caminhada, an ambulant musical manifestation, which the owner of the bar organizes in honor of the candomble god Exu every year on the last day of Carnival. Ten years ago, he found it important to emphasize that Exu should not be confused with the Christian Devil, but is a traditional Afro-Brazilian divine messenger who moves in-between the different worlds and energies with dance, music, and play.",NA,2021,"Savova-Grigorova, N",VOLKSKUNDE,Article,NA,WOS:000743615600003,WoS,1,research_paper,TRUE,FALSE,TRUE,TRUE,TRUE,FALSE,NA
Scopus,english,Socio-Ecological Conflicts in a Global South Metropolis: Opportunities and Threats of a Potential Greenway in the São Paulo Metropolitan Region,"Greenways are a measure of environmental remediation within a broad framework aimed at promoting urban greening and adaptation to climate change. The typical characteristics of large urban agglomerations, including land use (such as commercial, industrial, and residential areas) with few public spaces and fragmented landscapes, make it difficult to apply these solutions to the urban fabric, forcing decision-makers and planners to act in informal settlements, highways, and industrial parks. One proposed area is an enclave with unused or underutilized lots, where fragments of the Atlantic Forest, parks, landfills, and rapidly expanding informal settlements can be found. This manuscript examines the socioeconomic and environmental processes that shaped this potential urban greenway between Santo André, Mauá, and Ribeirão Pires, which are part of the São Paulo Metropolitan Region (SPRM), the largest in South America. A survey was conducted based on municipal and regional plans, the environmental and urban laws of Brazil, and the socioeconomic history of this part of the SPRM. In addition, satellite images were used to analyze land use evolution through geotechnologies. Finally, we prepared land use recommendations, considering opportunities and threats, highlighting the possibilities of protection and expansion of the Atlantic Forest. To this end, we examined the literature on environmental urban planning and design, green infrastructure, and other concepts. This study intends to stimulate researchers, planners, and decision-makers regarding the urban greening process in the Global South. According to the recommendations, this stimulus would develop these concepts according to the real situation of the region, which would combine the protection of wild habitats and urban environmental amenities. However, this effort makes no sense if one of the defining Global South characteristics not addressed is social inequality. Therefore, we recommend that an effort be made to develop and incorporate processes from urban greening in slum upgrading. Copyright © 2021 Moreno, Braga and Xavier.",10.3389/frsc.2021.706857,2021,Moreno R.D.S.; Braga D.R.G.C.; Xavier L.F.,Scopus,Article,NA,2-s2.0-85123281748,Scopus; WoS,2,research_paper,TRUE,FALSE,TRUE,TRUE,TRUE,FALSE,NA
Scopus,english,"Sustainable Development for the Americas: Science, Health, and Engineering Policy and Diplomacy","Environmental sustainability efforts require a great deal of engagement and political will, ranging from local communities to state departments. Science diplomats—from experts and scientists to spokespersons and ambassadors—can help facilitate at all levels and yield valued resources from technology sharing, capacity building, and knowledge exchanges. This book explores the importance of sustained international scientific cooperation, building community resilience, and the role of political will in sustainability and diplomacy. It shows how even small diplomatic efforts can influence myriad issues, from overfishing to human rights negotiations to global carbon emission reduction. Features: • Examines various topics such as global climate change, arid environments, water security and governance, trans-boundary conflict and cooperation, urban and rural resilience, and public health. • Presents case studies from various geographic regions through the lens of diplomacy, including the US–Mexico border, the Gulf of California, South America, Europe, the Middle East, Central and South Asia, and China. • Discusses how building networks of people, organizations, and countries engaged in science diplomacy is crucial for mutual growth and for overcoming conflicting political stances. Sustainable Development for the Americas: Science, Health and Engineering Policy and Diplomacy provides a useful resource for diplomats, policymakers, students, and decision-makers. It provides numerous examples of how using science and technology for policy and diplomacy is essential to finding common ground among nations for a collective global benefit. © 2022 selection and editorial matter, E. William Colglazier, Hassan A. Vafai, Kevin E. Lansey; individual chapters, the contributors.",10.1201/9781003220503,2021,Colglazier E.W.; Vafai H.A.; Lansey K.E.; Bryson M.D.,Scopus,Book,NA,2-s2.0-85126807581,Scopus,1,other,TRUE,FALSE,TRUE,TRUE,TRUE,FALSE,NA
WoS,english,The Burden of Dengue in Children by Calculating Spatial Temperature: A; Methodological Approach Using Remote Sensing Techniques,"Background: Dengue fever is one of the most important arboviral diseases. Surface temperature versus dengue burden in tropical environments can provide valuable information that can be adapted in future measurements to improve health policies. Methods: A methodological approach using Daymet-V3 provided estimates of daily weather parameters. A Python code developed by us extracted the median temperature from the urban regions of Colima State (207.3 km(2)) in Mexico. JointPoint regression models computed the mean temperature-adjusted average annual percentage of change (AAPC) in disability-adjusted life years (DALY) rates (per 100,000) due to dengue in Colima State among school-aged (5-14 years old) children. Results: Primary outcomes were average temperature in urban areas and cumulative dengue burden in DALYs in the school-aged population. A model from 1990 to 2017 medium surface temperature with DALY rates was performed. The increase in DALYs rate was 64% (95% CI, 44-87%), and it seemed to depend on the 2000-2009 estimates (AAPC = 185%, 95% CI 18-588). Conclusion: From our knowledge, this is the first study to evaluate surface temperature and to model it through an extensive period with health economics calculations in a specific subset of the Latin-American endemic population for dengue epidemics.",10.3390/ijerph18084230,2021,"Mendoza-Cano, O; Rincón-Avalos, P; Watson, V; Khouakhi, A; López-de la Cruz, J; Ruiz-Montero, AP; Nava-Garibaldi, CM; Lopez-Rojas, M; Murillo-Zamora, E",INTERNATIONAL JOURNAL OF ENVIRONMENTAL RESEARCH AND PUBLIC HEALTH,Article,NA,WOS:000644163500001,WoS,1,research_paper,TRUE,FALSE,TRUE,TRUE,TRUE,FALSE,NA
Scopus,english,Tree species dominance in neotropical savanna aboveground biomass and productivity,"The relationship between biodiversity and ecosystem functioning is one of the most currently acclaimed ecological topics. One remarkable aspect of tree communities in tropical forests and savannas is the concentration of individuals into few species or simply the species stem dominance. In addition, species dominance in biomass and productivity are indicators of how much it can affect ecosystem processes. Here, we investigated if tree species dominance in abundance is followed by a dominance in biomass and productivity, and if there is consistence in the functional traits associated to dominance in biomass, productivity, and stem abundance in neotropical savannas of Central and Southeastern Brazil. Our findings showed slightly stronger functional (biomass and productivity) dominance compared to the abundance dominance, with 3.4 and 4.2% of the species accounting for 50% of the biomass and productivity, respectively, and 4.3% of the species accounting for 50% of the individuals. There were overlaps, but mostly mismatches, between dominant species lists for biomass, productivity, and abundance, especially in the top three species. We found that the same traits which make a species capable to deal with savanna environmental odds (i.e., adaptations) and achieve high abundance, also make it possible for this species to reach larger diameters and consequently dominance in biomass. Species relative contributions to productivity responded to bark thickness, wood density and maximum potential size. The fact that just a few species concentrate most savanna trees, biomass, and productivity show a high level of adaptation of this species to the environmental conditions found in this biome. Regardless, the conservation of the entire pool of species is crucial because climate change, land use and species invasion might cause shifts in the vegetation structure and function. © 2021 Elsevier B.V.",10.1016/j.foreco.2021.119430,2021,Terra M.D.C.N.S.; Prado-Júnior J.A.D.; Souza C.R.D.; Pinto L.O.R.; Silveira E.M.D.O.; Cordeiro N.G.; Cirne-Silva T.M.; Mantovani V.A.; Scolforo J.R.S.; Mello J.M.D.,Scopus,Article,NA,2-s2.0-85107969171,Scopus; WoS,2,research_paper,TRUE,FALSE,TRUE,TRUE,TRUE,FALSE,NA
Scopus,english,"Water Gives, Water Takes Away. Memory, Agency and Resilience in ENSO—Vulnerable Historic Landscapes in Peru","The valleys of the north coast of Peru comprise a rich cultural landscape that over many centuries facilitated the development of complex societies, due to a year-round temperate climate, abundant natural resources and fertile soils. This area is also vulnerable to episodic ENSO (El Niño Southern Oscillation) events, in which elevated sea temperatures and changes in wind patterns lead to intense rains, flooding, droughts and disruptions in the coastal food chain. Historically, El Niño events have varied significantly in intensity, frequency and location, so that while some communities experienced devastation, others benefited from an increase in water, the expansion of green areas and vegetation and the creation of new ecosystems. The societies of the pre-Hispanic period like the Moche, Sicán and Chimú were skilled at understanding, adapting and transforming these diverse territories and in adjusting to the ebbs and flows of water through technological, managerial, religious and performance-based approaches. In times of environmental stress, human sacrifices were a way for people, usually leaders and elites, to commune with their deities to give thanks and ask for relief, while also serving to negotiate and consolidate political and symbolic power, prestige and privilege. These narratives and experiences of the past have the potential to offer modern-day rural and urban communities valuable lessons in rethinking how to live with water and increase resilience, especially in the face of more frequent ENSO events, climate change and urban expansion. Learning from the past in order to ensure a better future, however, also requires consideration of failure, fear and perplexing perceptions of risk. Finally, it is valuable to understand how some markers of social complexity, like deep economic and symbolic ties to a place, and the desire for stability, can hinder flexibility and lead to responses that ultimately increase vulnerability to El Niño events. © 2021, The Author(s), under exclusive license to Springer Nature Switzerland AG.",10.1007/978-3-030-77356-4_7,2021,Alvarez-Calderón R.; Silva-Santisteban,Scopus,Book chapter,NA,2-s2.0-85115274422,Scopus,1,other,TRUE,FALSE,TRUE,TRUE,TRUE,FALSE,NA
WoS,english,Water management or megadrought: what caused the Chilean Aculeo Lake; drying?,"The Aculeo Lake is an important natural reservoir of Central Chile, which provides valuable ecosystem services. This lake has suffered a rapid shrinkage of the water levels from year 2010 to 2018, and since October 2018, it is completely dry. This natural disaster is concurrent with a number of severe and uninterrupted drought years, along with sustained increases in water consumption associated to land use/land cover (LULC) changes. Severe water shortages and socio-environmental impacts were triggered by these changes, emphasizing the need to understand the causes of the lake desiccation to contribute in the design of future adaptation strategies. Thereby, the Water Evaluation and Planning (WEAP) hydrological model was used as a tool to quantify the water balance in the catchment. The model was run under a combination of three land use/land cover and two different climate scenarios that sample the cases with and without megadrought and with or without changes in land use. According to the results, the main triggering factor of the lake shrinkage is the severe megadrought, with annual rainfall deficits of about 38%, which resulted in amplified reductions in river flows (44%) and aquifer recharges (24%). The results indicate that the relative impact of the climate factor is more than 10 times larger than the impact of the observed LULC changes in the lake balance, highlighting the urgent need for adaptation strategies to deal with the projected drier futures.",10.1007/s10113-021-01750-w,2021,"Barría, P; Chadwick, C; Ocampo-Melgar, A; Galleguillos, M; Garreaud, R; Díaz-Vasconcellos, R; Poblete, D; Rubio-Alvarez, E; Poblete-Caballero, D",REGIONAL ENVIRONMENTAL CHANGE,Article,NA,WOS:000614421400001,WoS,1,research_paper,TRUE,FALSE,TRUE,TRUE,TRUE,FALSE,NA
WoS,english,Wind and greenery effects in attenuating heat stress: A case study,"This paper aims to assess the effects of urbanization on heat stress comparing two neighbourhoods in the tropical city of Rio de Janeiro, Brazil, that differ in terms of building density and vegetation cover. The outdoor heat stress was evaluated by the Wet Bulb-Globe Temperature (WBGT) Index, which considers the combined effect of air temperature, relative humidity, solar radiation and wind speed, during the year of 2016.; The urban neighbourhood presented statistically (p < 0.01) higher WBGT levels (mean value 23.48 degrees C), than the suburban neighbourhood (mean value 22.0 degrees C). The results highlighted the effect of low wind velocities on heat stress in the urban environment over 75% of the time. Building spacing and street orientation considering the most frequent wind directions must be taken into account during the urban planning process. Otherwise stagnant air conditions in urban environments become a common feature that cannot be reverted. Under such circumstances, green areas such as pocket parks, green roofs and green walls should be implemented to mitigate heat stress. Public policies for many neighbourhoods in Brazilian cities are necessary to increase vegetated areas aiming to improve conditions of well-being. (c) 2021 Elsevier Ltd. All rights reserved.",10.1016/j.jclepro.2021.125919,2021,"Feitosa, RC; Wilkinson, SJ; Oliveira, B; Hacon, S",JOURNAL OF CLEANER PRODUCTION,Article,NA,WOS:000624669500011,WoS,1,research_paper,TRUE,FALSE,TRUE,TRUE,TRUE,FALSE,NA
Scopus,english,“Peace engineering in practice: A case study at the University of New Mexico”,"This article presents an overview of Peace Engineering activities at the University of New Mexico (UNM) School of Engineering (SOE) and Health Sciences Center (HSC). In 2018, UNM's SOE hosted the joint summit of the World Engineering Education Forum and Global Engineering Deans Council. The theme, “Peace Engineering,” focused on science and engineering-based solutions to the world's grand challenges. Outcomes of this first global conference on Peace Engineering include creating new academic programs and opening a wide new area for education, research and innovation addressing climate change, water, health care, food security, ethics, transparency, infrastructure resilience, sustainability, social equity and diversity. UNM Peace Engineering-related activities include the Ibero–American Science and Technology Education Consortium (ISTEC), the Sustainable Water Resources Grand Challenge associated with the Center for Water and the Environment (CWE), the Microgrid Systems Laboratory and Smart City Initiative, the Center for Engineered Resilience and Ecological Sustainability, Project ECHO, the WHY (What do engineers do? How the heck do you do that? WhY am I taking this course?) Lab the Global Peace Laboratories Network, Peace Engineering minor, webinars and case studies. UNM is collaborating with national laboratories, industry, and academia globally. Engineers must understand, measure, and predict the intended and unintended consequences of their work and products. We summarize a complex systems approach to measure positive and negative peace interactions and provide a path to analytic and predictive tools that link engineering abstraction to real-life world experiences. © 2021 The Author(s)",10.1016/j.techfore.2021.121113,2021,Jordan R.; Agi K.; Arora S.; Christodoulou C.G.; Schamiloglu E.; Koechner D.; Schuler A.; Howe K.; Bidram A.; Martinez-Ramon M.; Lehr J.,Scopus,Article,NA,2-s2.0-85114127927,Scopus,1,research_paper,TRUE,FALSE,TRUE,TRUE,TRUE,FALSE,NA
Scopus,english,A multi-stakeholder participatory methodology to facilitate socio-ecological climate change vulnerability–adaptation–resilience strategies: application of the Q Method,"Peri-urban spaces are critical components of urban systems and highly vulnerable to climate change (CC). Viable adaptation strategies for these spaces should consider the interconnectedness between cities and their peri-urbanities, and their vulnerability–adaptation–resilience dynamics, which emphasizes understanding their state of accumulative vulnerability, beyond the environmental realm. Further, the successful implementation of adaptation measures requires multi-stakeholder participation. Thus, peri-urbanities need to actively incorporate their perceptions during the development of such interventions. This work aims at establishing the preferences at both the individual and community level in a peri-urban area during the identification of its vulnerability–adaptation–resilience dynamics. This approach was applied to a peri-urbanity in Northwestern Mexico under a multi-decade drought. The Q Method was utilized to understand the community’s priorities regarding CC adaptations. The findings were discussed between academics, local government officials, and the community and then used to outline a strategy that would empower locals to implement a priority-based plan. It is suggested that this plan include green infrastructure, household water and energy savings, comprehensive waste management, and local food production. These findings could be used as reference to create local adaptation–resilience efforts in other drought-prone peri-urban spaces with similar vulnerability–adaptation–resilience dynamics. © 2021, The Author(s), under exclusive licence to Springer Nature B.V.",10.1007/s11027-021-09988-9,2022,Alfie-Cohen M.; Garcia-Becerra F.Y.,Scopus,Article,NA,2-s2.0-85122972109,Scopus; WoS,2,research_paper,TRUE,FALSE,TRUE,TRUE,TRUE,FALSE,NA
Scopus,english,AMBIENT VIBRATION TEST AND MODAL RESPONSE ANALYSIS OF A UNIVERSITY BUILDING IN A SEISMIC REGION,"This article emphasizes the analysis of environmental vibration and its response of an educational building that has been developed by the University of San Carlos de Guatemala-USAC-[1], since 1970. This structural model has been used as a parameter for most of their constructions in many buildings nationwide. For this project one of the main approaches is to be able to carry out a modal response analysis of this type of building. Considering that the study carried out is located in a seismic zone with a very high frequency of seismic events, such as the expulsion of degassing from the Santiaguito volcano which is located in the south of Quetzaltenango city. And also the movement of tectonic plates, in this particular case The Cocos subduction plate, which is a young oceanic tectonic plate beneath the Pacific Ocean off the west coast of Central America where there is a frecuent sismic activity. The building taken as a sample is a 3-level reinforced concrete building consisting of moment-resistant frames, with a flat slab, which is symmetrical in its structural footprint as well as vertically in its main elements, and also has an opening of 18 x 36 m., to separate the rooms (classrooms and laboratories) of the building. Masonry walls were done in its construction, which were decoupled from the main elements such as beams and columns. For this, environmental vibration tests were carried out to obtain natural frequencies, mode shapes and damping ratios. These parameters have been obtained using the Artemis software version 7.2.0.0 Likewise, an FEM model of the structure is established for which the ETABS-CSI- [2] software was used in order to compare the results obtained from the environmental vibrations, for this several hypotheses and comparisons of the analytical and experimental results are presented. This work has been developed with professors of the Civil Engineering department who have helped to take the corresponding captures. As well the Consejo Superior Universitario Centroamericano -CSUCA- [3] Dr. Carlos Alvarado Cerezo and Centro de Coordinación para la Prevención de los Desastres en América Central y República Dominicana [4] and its Executive Secretary Licda. Claudia Herrera, as well as the Swiss Cooperation- COSUDE- [5] for the equipment and software donated to the Civil Engineering course at the Centro Universitario De Occidente, within the framework of the Effect 3 Project ""Project to strengthen the governance of Disaster Risk Management in Central America"" as part of the Insertion of Gestión Integral de Riesgo (GIRD) and resilient adaptation to climate change (ACC) as a transversal axis of the Civil Engineering career”. © 2022 INTERNATIONAL GROUP OF OPERATIONAL MODAL ALALYSIS.",NA,2022,Monzón V.C.H.; Ventura C.E.,Scopus,Conference paper,NA,2-s2.0-85163967577,Scopus,1,research_paper,TRUE,FALSE,TRUE,TRUE,TRUE,FALSE,NA
WoS,english,AMBIENT VIBRATION TEST AND MODAL RESPONSE ANALYSIS OF A UNIVERSITY; BUILDING IN A SEISMIC REGION,"This article emphasizes the analysis of environmental vibration and its response of an educational building that has been developed by the University of San Carlos de Guatemala - USAC - [1], since 1970. This structural model has been used as a parameter for most of their constructions in many buildings nationwide. For this project one of the main approaches is to be able to carry out a modal response analysis of this type of building. Considering that the study carried out is located in a seismic zone with a very high frequency of seismic events, such as the expulsion of degassing from the Santiaguito volcano which is located in the south of Quetzaltenango city. And also the movement of tectonic plates, in this particular case The Cocos subduction plate, which is a young oceanic tectonic plate beneath the Pacific Ocean off the west coast of Central America where there is a frecuent sismic activity.; The building taken as a sample is a 3-level reinforced concrete building consisting of moment-resistant frames, with a flat slab, which is symmetrical in its structural footprint as well as vertically in its main elements, and also has an opening of 18 x 36 m., to separate the rooms (classrooms and laboratories) of the building. Masonry walls were done in its construction, which were decoupled from the main elements such as beams and columns.; For this, environmental vibration tests were carried out to obtain natural frequencies, mode shapes and damping ratios. These parameters have been obtained using the Artemis software version 7.2.0.0 Likewise, an FEM model of the structure is established for which the ETABS - CSI- [2] software was used in order to compare the results obtained from the environmental vibrations, for this several hypotheses and comparisons of the analytical and experimental results are presented.; This work has been developed with professors of the Civil Engineering department who have helped to take the corresponding captures. As well the Consejo Superior Universitario Centroamericano -CSUCA- [3] Dr. Carlos Alvarado Cerezo and Centro de Coordinacion para la Prevencion de los Desastres en America Central y Republica Dominicana [4] and its Executive Secretary Licda. Claudia Herrera, as well as the Swiss Cooperation- COSUDE- [5] for the equipment and software donated to the Civil Engineering course at the Centro Universitario De Occidente, within the framework of the Effect 3 Project ""Project to strengthen the governance of Disaster Risk Management in Central America"" as part of the Insertion of Gestion Integral de Riesgo (GIRD) and resilient adaptation to climate change (ACC) as a transversal axis of the Civil Engineering career"".",NA,2022,"Monzón, VCH; Ventura, CE","PROCEEDINGS OF THE 9TH INTERNATIONAL OPERATIONAL MODAL ANALYSIS; CONFERENCE, IOMAC 2022",Proceedings Paper,NA,WOS:001227352400006,WoS,1,research_paper,TRUE,FALSE,TRUE,TRUE,TRUE,FALSE,NA
WoS,english,"Approaches to the Assemblage of Water From the Management of the High; Mountains, Case of the Territories of the Chingaza System in Colombia","The management of the territory that supplies water to the Chingaza System, which that supplies the city of Bogotaa, is deciphered, in this article, as an assemblage of the government of the high mountains from the Integrated National Adaptation Plan -(inap)- project and the Corredor de Conservacion de Paramos Project (cpp) implemented in a sector of the Chingaza System, the upper basin of the Blanco River. The assemblage reveals the different functions that are assigned to water and the roles stipulated for the peasant population, which that gradually constitutes certain specific governmentalities in the territory. Thus, despite the fact that the recently implemented projects made an important effort to distance themselves from these practices, knowledge, narratives, and practices persist, even from other times and other places, allowing the fragmenting and hierarchical patterns of assemblage to be perpetuated.",10.15446/ts.v24n2.98980,2022,"Polo, OLM",TRABAJO SOCIAL,Article,NA,WOS:000830054100006,WoS,1,research_paper,TRUE,FALSE,TRUE,TRUE,TRUE,FALSE,NA
WoS,english,Are Citizens Ready for Active Climate Engagement or Stuck in a Game of; Blame? Local Perceptions of Climate Action and Citizen Participation in; Chilean Patagonia,"Deep structural transformations aimed at strengthening climate action and community participation are occurring in Chile, especially after the social unrest of October 2019. The ongoing political crisis has even generated the unprecedented possibility of writing a new constitution through an entirely democratic process. This article explores to what extent these structural transformations are also associated with cognitive and relational changes in the population, especially in terms of community participation. An online survey (n = 1.117) was applied to people over 18 years old in Punta Arenas in November 2020. This is the southernmost city of the American continent, one of the areas most affected by climate change, highly isolated from the rest of the country, and with a strong regional ecological identity. Results show that climate change is perceived as the main environmental problem affecting the city, with multiple negative consequences, but also with some potentially positive impacts. At the same time, environmental and constitutional expectations suggest the state of the environment is deemed to be critical for the future of the city. However, a traditional top-down understanding of community participation still prevails as most participants perceive the citizens' role in dealing with environmental issues as limited to individual, passive, and reactive actions, or reduced to being responsible consumers. These results show that transforming institutions, rules and regulations alone does not guarantee a broader engagement of local communities in more ambitious, committed, and lasting climate action, even with a high climate change concern in the population. Creating strategies aimed at more profound cognitive and relational changes from a bottom-up perspective will also be necessary to avoid negative transformation trajectories.",10.3390/su141912034,2022,"Sapiains, R; Azócar, G; Moraga, P; Valenzuela, C; Aldunce, P; Cornejo, C; Rojas, M; Pulgar, A; Medina, L; Bozkurt, D",SUSTAINABILITY,Article,NA,WOS:000867118300001,WoS,1,research_paper,TRUE,FALSE,TRUE,TRUE,TRUE,FALSE,NA
Scopus,english,Can we avert an Amazon tipping point? The economic and environmental costs,"The Amazon biome is being pushed by unsustainable economic drivers towards an ecological tipping point where restoration to its previous state may no longer be possible. This degradation is the result of self-reinforcing interactions between deforestation, climate change and fire. We assess the economic, natural capital and ecosystem services impacts and trade-offs of scenarios representing movement towards an Amazon tipping point and strategies to avert one using the Integrated Economic-Environmental Modeling (IEEM) Platform linked with spatial land use-land cover change and ecosystem services modeling (IEEM + ESM). Our approach provides the first approximation of the economic, natural capital and ecosystem services impacts of a tipping point, and evidence to build the economic case for strategies to avert it. For the five Amazon focal countries, namely, Brazil, Peru, Colombia, Bolivia and Ecuador, we find that a tipping point would create economic losses of US$256.6 billion in cumulative gross domestic product by 2050. Policies that would contribute to averting a tipping point, including strongly reducing deforestation, investing in intensifying agriculture in cleared lands, climate-adapted agriculture and improving fire management, would generate approximately US$339.3 billion in additional wealth and a return on investment of US$29.5 billion. Quantifying the costs, benefits and trade-offs of policies to avert a tipping point in a transparent and replicable manner can support the design of regional development strategies for the Amazon biome, build the business case for action and catalyze global cooperation and financing to enable policy implementation. © 2022 The Author(s). Published by IOP Publishing Ltd.",10.1088/1748-9326/aca3b8,2022,Banerjee O.; Cicowiez M.; Macedo M.N.; Malek I.; Verburg P.H.; Goodwin S.; Vargas R.; Rattis L.; Bagstad K.J.; Brando P.M.; Coe M.T.; Neill C.; Marti O.D.; Murillo J.I.,Scopus,Article,NA,2-s2.0-85143892808,Scopus; WoS,2,research_paper,TRUE,FALSE,TRUE,TRUE,TRUE,FALSE,NA
Scopus,english,Climate change affects us in the tropics: local perspectives on ecosystem services and well-being sensitivity in Southeast Brazil,"Inequalities in benefits from ecosystem services (ES) challenge the achievement of sustainability goals, because they increase the vulnerability of socio-ecological systems to climate hazards. Yet the unequal effects of changes in ES, and of climate change more generally, on human well-being (HWB) are still poorly accounted for in decision-making around adaptation, particularly in tropical countries. Here, we investigate these dynamics through the lens of local peoples’ perceptions of ES in relation to human well-being (HWB), and how these are affected by climate change in three distinct regional case studies in the Atlantic Forest in Southeast of Brazil. Through structured questionnaires, we found that the local perceptions of important ES are region-dependent, particularly identifying services regulating local climate and air quality, water flow and quality, food provisioning, and cultural services of landscape esthetics related to forest regeneration. HWB was expressed through material (e.g., economic security, environmental conditions) and higher accounts of non-material (e.g., feelings, health and social connections) dimensions. Specific environmental changes were identified by 95% of those responding, 40% of whom included climate change as one of these. When asked about climate directly, 97% of those responding identified relevant changes in regionally relevant ways. Rising temperatures, unbalanced seasons, altered rainfall patterns, drought, increase of extreme events, and sea level rise are negatively affecting both material and non-material dimensions of HWB across regions. These perceived changes aligned with observed and projected climate changes in the regions. Benefits from ES accrue for HWB at different scales depending on the specific ES and region. For example, crop production by small farmers or exported in sugar cane, water captured for agricultural irrigation or used for urban supplies, and fish resources for local consumption and lifestyle or as a recreational attraction for visitors. Policy choices about such balances will affect local vulnerabilities to the expected future climate and other environmental changes in the region. This place fine-scale observations and the empowerment of local knowledge at the core of policy decisions about adaptation to support a climate-resilient future for traditional communities and small farmers. © 2022, The Author(s), under exclusive licence to Springer-Verlag GmbH Germany, part of Springer Nature.",10.1007/s10113-022-01938-8,2022,Pinho P.F.; Canova M.T.; Toledo P.M.; Gonzalez A.; Lapola D.M.; Ometto J.P.; Smith M.S.,Scopus,Article,NA,2-s2.0-85133135373,Scopus; WoS,2,research_paper,TRUE,FALSE,TRUE,TRUE,TRUE,FALSE,NA
Scopus,english,"Coastal Watershed Model and A Resilient Watershed Management Plan For The Highly Urbanized City of St. Petersburg, FL","The City is developing city-wide Stormwater Management Master Plan (SWMP) to improve and manage the stormwater within the 62 square mile City by considering sea level rise (SLR) and climate change impacts. Watershed model was developed covering City’s 26 highly urbanized basins. The low-lying peninsular city borders the Gulf of Mexico and Tampa Bay, and shares many boundaries with County-maintained watersheds. The SWMP incorporated vast stormwater network into the model, making it one of the largest and most detailed SWMP ever done within the State of Florida. Model was calibrated to complete 100-yr floodplain analysis/mapping. The level of service analysis and BMP alternative analysis to mitigate flooding and improve water quality is underway. The plan will help develop a CIP with estimated total budget of over 600 million USD to be implemented over the next 20 years to reduce flooding, water quality impacts, and harden against climate change and SLR. Copyright © 2022 Water Environment Federation.",NA,2022,Pati S.; Hyde H.; Prayman B.,Scopus,Conference paper,NA,2-s2.0-85151437022,Scopus,1,research_paper,TRUE,FALSE,TRUE,TRUE,TRUE,FALSE,NA
Scopus,english,Collaborating for Climate Equity: Researcher-Practitioner Partnerships in the Americas,"This book explores the capacity of different stakeholders to work together and build urban resilience to climate change through an equity-centered approach to cross-sectoral collaboration. Urban areas, where the majority of the global population dwells, are particularly vulnerable to a myriad of climate stressors, the effects of which are acutely present in places and to communities that have been largely excluded from decision-making processes. Our need for working and learning together is at a critical threshold, yet at present, the process for and understanding of inter-sectoral collaborations remains a theoretical ideal and falls short of the broad appeal that many have claimed. Collaborating for Climate Equity argues that researcher-practitioner partnerships offer a promising pathway toward ensuring equitable outcomes while building climate resilience. By presenting five case studies from the United States, Chile, and Mexico, each chapter explores the contours of developing robust researcher-practitioner collaborations that endure and span institutional boundaries. The case studies included in the book are augmented by a synthesis that reflects upon the key findings and offers generalizable principles for applying similar approaches to other cities across the globe. This work contributes to a nascent knowledge base on the real-world challenges and opportunities associated with researcher-practitioner partnerships. It provides guidance to academics and practitioners involved in collaborative research, planning, and policymaking. © 2022 selection and editorial matter, Vivek Shandas and Dana Hellman.",10.4324/9781003208723,2022,Shandas V.; Hellman D.,Scopus,Book,NA,2-s2.0-85141026469,Scopus,1,other,TRUE,FALSE,TRUE,TRUE,TRUE,FALSE,NA
Scopus,english,"Conservation of Soil Organic Carbon in the National Park Santuario de Fauna y Flora Iguaque, Boyacá-Colombia","Protected areas are important zones for the conservation of strategic ecosystems that provide environmental services to human populations. The Santuario de Fauna y Flora Iguaque (SFFI) (Boyacá, Colombia) preserves an important area of páramos and andean high-land forests that offer water and other services. Soil organic carbon (SOC) was estimated at a depth of 0–30 cm in the four dominant land uses: (1) natural grasslands prevailingly without trees and shrubs (NSWT), (2) broad-leaved forests with continuous canopy, not on mire (BFCC), (3) open heathlands and moorlands (OMH), and (4) dense heathlands and moorlands (DMH). This classification is based on Corine Land Cover, adapted for Colombia. Land uses did not differ significantly (p > 0.05) in the SOC stock, with values of 139.0, 131.1; 101.1; and 83.0 Mg C/ha in OMH, BFCC, NSWT, and DMH, respectively. In total, SFFI retains 593 Gg C in that soil layer. Projections of effects caused by potential land use changes show that up to 461.0 Gg CO2 could be transferred to the atmosphere if this conservation area is not preserved. SFFI, due to its conservation strategies, allows storing significant amounts of atmospheric carbon and becomes an effective strategy of climate change mitigation. © 2022 by the authors.",10.3390/f13081275,2022,Andrade H.J.; Segura M.A.; Canal-Daza D.S.,Scopus,Article,NA,2-s2.0-85137555989,Scopus; WoS,2,research_paper,TRUE,FALSE,TRUE,TRUE,TRUE,FALSE,NA
Scopus,english,Creating resilient landscapes in an era of climate change: Global case studies and real-world solutions,"This book delivers a realistic and feasible framework for creating resilient landscapes in an era of anthropogenic climate change. From across six continents, this book presents fifteen case studies of differing sociocultural, economic, and biophysical backgrounds that showcase opportunities and limitations for creating resilient landscapes throughout the world. The potential to create socio-ecological resilience is examined across a wide range of landscapes, including agricultural, island, forest, coastal, and urban landscapes, across sixteen countries: Argentina, Australia, Brazil, Denmark, Finland, Greece, Guatemala, Japan, Mexico, Norway, Samoa, South Africa, the United States, Turkey, Uruguay, and Vanuatu. Chapters discuss current and future issues around creating a sustainable food system, conserving biodiversity, and climate change adaptation and resilience, with green infrastructure, nature-based architecture, green-tech, and ecosystem services as just a few of the approaches discussed. The book emphasizes solution-oriented approaches for an ""ecological hope"" that can support landscape resiliency in this chaotic era, and the chapters consider the importance of envisioning an unpredictable future with numerous uncertainties. In this context, the key focus is on how we all can tackle the intertwined impacts of climate change, biodiversity loss, and large-scale land-cover conversion in urban and non-urban landscapes, with particular attention to the concept of landscape resiliency. The volume provides that much-needed link between theory and practice to deliver forward-thinking, practical solutions. This book will be of great interest to students, researchers, practitioners and policymakers who are interested in the complex relationship between landscapes, climate change, biodiversity loss, and land-based conversion at local, national and global scales. © 2023 selection and editorial matter, Amin Rastandeh and Meghann Jarchow All rights reserved.",10.4324/9781003266440,2022,Rastandeh A.; Jarchow M.,Scopus,Book,NA,2-s2.0-85143649176,Scopus,1,other,TRUE,FALSE,TRUE,TRUE,TRUE,FALSE,NA
Scopus,english,Effects of Local Vegetation and Regional Controls in Near-Surface Air Temperature for Southeastern Brazil,"The spatial range of near-surface air temperature average and trends for Southeast Brazil in recent decades motivated us to investigate the causality of local vegetation and other geophysical controls at the regional scale to explain the spatial variability of the average maximum and minimum temperature (Tmax and Tmin). We used measurements from 52 weather stations between 1985 and 2010. Using linear regression, NDVI and cloud cover were significant to explain spatial variability of Tmax and Tmin. With the Generalized Additive Model (GAM), we improved temperature-dependent relationships with regional geophysical controls, and local scale NDVI. The modeling of Tmax and Tmin showed non-linear and combined relationships with geographical position (lat,lon) jointly expressing the effects of zonality and continentality, and NDVI at distances of 300 m and 3000 m. For Tmin, geographical position and altitude responded with an amplitude of ≃5 °C each, and NDVI with ≃3 °C. Similarly, the geographical position and altitude were significant for Tmax, with an amplitude of ≃5 °C each, and cloud cover with ≃3.5 °C. Our findings help to clarify the local scale controls of near-surface air temperature and stress the need to increase resilience against adversities of global climate change and increasing urbanization, by providing metrics to predict the effects of nature-based solutions within the urban space. © 2022 by the authors.",10.3390/atmos13111758,2022,de Abreu R.C.; Hallak R.; da Rocha H.R.,Scopus,Article,NA,2-s2.0-85141801999,Scopus,1,research_paper,TRUE,FALSE,TRUE,TRUE,TRUE,FALSE,NA
WoS,english,Effects of climate change in the thermal and energy performance of; low-income housing in Brazil-assessing design variable sensitivity over; the 21st century,"To increase the accuracy of energy efficiency interventions over a building's lifetime, it is essential to predict the impact of climate change. Studies have analyzed building performance under future environmental conditions in Brazil, but the influence of design variables in the whole thermal and energy performance is a topic that still needs to be addressed. The objective of this study was to analyze the effects of climate change on the thermo-energetic performance of Brazilian low-income housing in the climates of two cities: Bele ' m and Sa similar to o Paulo. For this, the research was based on computer simulations and Morris global sensitivity analysis, observing the influence of design variables in different periods. Weather files were generated to represent future environmental conditions according to the Intergovernmental Panel on Climate Change A2 scenario. The results prove that building design must necessarily consider climate change for a resilient built environment and highlight the importance of design variables, especially in the Sa similar to o Paulo climate. In view of future higher temperatures, the sensitivity indices indicate that natural ventilation is crucial for building performance improvements, followed by solar absorptance of the envelope and thermal transmittance of the walls. Finally, this study contributes to design decision-making for low-income housing in tropical climates and underscores the need for investigation of how to design resilient buildings, focusing on strategies to mitigate climate change and reduce pollutant emissions.",10.1016/j.rser.2022.112885,2022,"Nunes, G; Giglio, T",RENEWABLE & SUSTAINABLE ENERGY REVIEWS,Article,NA,WOS:000862359200006,Scopus; WoS,2,research_paper,TRUE,FALSE,TRUE,TRUE,TRUE,FALSE,NA
Scopus,english,"Evaluation of the ecosystem service protection of water sources in Amazon Piedemont, Caquetá, Colombia; [Valoración del servicio ecosistémico regulación hídrica en el Piedemonte Amazónico, Caquetá, Colombia]","Belén de los Andaquíes, Caquetá, located in the Amazon piedmont, is recognized as a green municipality of Colombia, for its wealth of water and landscapes. It is an area with experience and potential in the establishment of payments for environmental services PES, as an economic instrument to encourage the conservation of forests in the area of direct influence of the Mono stream, one of the most important sources of water for human consumption in the population. The contingent valuation method was used to find the willingness to pay WTPs of the inhabitants of the urban area for the conservation of forests for the protection of the ecosystem service of water regulation. The WTP was positive value, and this is evidence that the community can experience increases in economic welfare as a result of an environmental protection measure. There is economic viability and social relevance in implementing these environmental policy instruments to protect ecosystem services important for climate change mitigation and adaptation. © 2022 Universidad de Ciencias Aplicadas y Ambientales U.D.C.A. All Rights Reserved.",10.31910/rudca.v25.n1.2022.1608,2022,Pardo-Rozo Y.Y.,Scopus,Article,NA,2-s2.0-85150168554,Scopus,1,research_paper,TRUE,FALSE,TRUE,TRUE,TRUE,FALSE,NA
Scopus,english,Farmed animal production in tropical circular food systems,"In the discourse about the development of farmed animal production (terrestrial livestock production and aquaculture) in the tropics, two important food system outcomes emerge: (1) to supply animal-sourced food (ASF) at a level that suffices healthy future diets, including for poor people, and (2) to contribute to climate change mitigation and minimize pollution with nitrogen and phosphorus. Livestock production and aquaculture contribute to food security directly by increasing producers’ food diversity and availability, but also that of urban consumers, and indirectly through income generation and increased farm resilience. Recently, circularity has come to the fore as an integrated approach to food system development. Circularity has four cornerstones: (1) food crops have highest priority (which implies no food-feed competition), (2) avoid losses, (3) recycle waste and (4) use animals to unlock biomass that humans cannot eat. In this review, the role of farmed animals in circular food systems in the tropics is presented in four case studies and the impacts of circularity on food security and environmental impact mitigation are discussed. The cases are ruminants in grazing systems in West Africa and in Colombia, fish in pond aquaculture in general, and land-limited dairy production in Indonesia. Additionally, options for novel protein sources for use in livestock and fish feeding are presented. It is concluded that farmed animals are important in circular food systems because of their use of land unsuited for crop production, their upgrading of crop residues, and their supply of manure to crop production. Nevertheless, the increasing demand for ASF puts pressure on important characteristics of circularity, such as minimizing food-feed competition, maximization of use of waste streams in feed, and the value of manure for fertilization. Hence, in line with conclusions for Western countries, maximum circularity and sustainability of food systems can only be achieved by optimizing the population size of animals. Thus, a sustainable contribution of ASF production to global food security is complex and in not only a technical matter or outcome of an economic process balancing supply and demand. It requires governance for which public, private, and social actors need to partner. © 2021, The Author(s).",10.1007/s12571-021-01205-4,2022,Oosting S.; van der Lee J.; Verdegem M.; de Vries M.; Vernooij A.; Bonilla-Cedrez C.; Kabir K.,Scopus,Review,NA,2-s2.0-85118562599,Scopus,1,review,TRUE,FALSE,TRUE,TRUE,TRUE,FALSE,NA
WoS,english,Flood Modeling in a Coastal Town in Northern Colombia: Comparing MODCEL; vs. IBER,"In Riohacha the La Nina, phenomenon generates intense rains with consequent serious flooding. To address this reality, MODCEL, a conceptual cell-based model, had been applied and calibrated in a previous project. In this research, we compare MODCEL with IBER, a well-known, physically based 2D hydraulic model. The purpose is twofold: (i) to illustrate how system schematization can be carried out in the two modeling frameworks, which is not a trivial task and implies several choices and assumptions; (ii) to point out the strengths and weaknesses of these two models in a comparative fashion. Here, IBER has been calibrated and validated with the same data used for MODCEL. MODCEL performs slightly better, both in calibration and validation possibly because of the low resolution of the topographic information, an essential element for IBER. Furthermore, in IBER it is not possible to represent adequately all the different hydraulic works spread across the town. MODCEL, in turn, is not easy to apply because it requires a deep insight into the actual behavior of the physical system and time-consuming schematization attempts where a deep experience is needed; furthermore, it is by far less user-friendly than IBER. In any case, the two models capture sufficiently well the behavior of urban flooding and its changes according to hypothetical interventions.",10.3390/w14233866,2022,"Perez-Montiel, JI; Cardenas-Mercado, L; Nardini, AGC",WATER,Article,NA,WOS:000897130100001,WoS,1,research_paper,TRUE,FALSE,TRUE,TRUE,TRUE,FALSE,NA
Scopus,english,Geoprocessing Applied to the Assessment of Carbon Storage and Sequestration in a Brazilian Medium-Sized City,"The emission of greenhouse gases (GHG) is a cause for concern when seeking sustainable development in view of global warming. The multiple ecosystem services associated with land use and land cover are at the center of the global climate agenda, both as a mitigation and adaptation strategy to climate change and growing urbanization. Among these services is carbon storage and sequestration (CSS). It can remove GHG carbon from the atmosphere and store it in the form of organic matter, a natural carbon stock. Thus, to design projects that guarantee sustainable development, it is necessary to use metrics that can quantify the impact of sequestration on natural carbon stocks. We aimed to implement the InVEST CSS methodology in the region of Itaperuna-RJ (Brazil) to quantify the net change in carbon storage over time (sequestration and loss) between 2015 and 2020. The obtained total difference in carbon stocks between the analyzed maps was −39,103.56 × 103 kg C, which has an equivalent social cost of carbon of USD 16,559,187.69. This social value represents the social damage caused by releasing that amount of carbon into the atmosphere. This main result brings an important application for validating the InVEST CSS methodology in Brazil. Furthermore, it points out parameters that can help elaborate sustainable development policies. © 2022 by the authors.",10.3390/su14148761,2022,Felix N.B.; Campos P.C.D.O.; Paz I.; Marques M.E.S.,Scopus,Article,NA,2-s2.0-85137179530,Scopus; WoS,2,research_paper,TRUE,FALSE,TRUE,TRUE,TRUE,FALSE,NA
Scopus,english,Growing a fin: wetland and upland effects on tadpole morphology of Scinax squalirostris (Anura: Hylidae),"Geographical patterns of phenotypic variation are the outcome of a complex array of evolutionary and environmental factors. Studies on the correlates of the geographic variation in morphological characters can be useful to understand the drivers of phenotypic differences and because intraspecific variation in morphology can impact either local adaptation of any given species or higher-level ecosystem processes. The morphology of larval amphibians responds to multiple factors, including wetland level and surrounding land use. However, understanding the relative influence of such environmental factors on the morphology of tadpoles remains challenging. We used geometric morphometrics to describe the intraspecific morphological variation in tadpoles of Scinax squalirostris (Anura: Hylidae) in freshwater wetlands ranging along the transition between the Pampa and Atlantic Forest biomes in southern Brazil. Specifically, we assessed the relative influence of spatial and environmental (aquatic predators, water chemistry and hydroperiod, crop area) factors to tadpole body size and shape. The size of S. squalirostris tadpoles was affected by spatial factors and pH. Smaller-sized tadpoles were observed in the Pampa–Atlantic Forest transition. Allometry-free changes in the shape of tadpoles were associated both to wetland and upland factors. Tadpoles in larger ponds showed globular bodies and higher ventral fins, while tadpoles in ponds with higher electrical conductivity showed smaller tails. Tadpoles in ponds surrounded by larger crop areas showed longer fins. Our results are useful to understand the importance of wetland and upland effects on the morphology of widely distributed aquatic species, especially given the ongoing scenarios of land cover modification and climate change. © 2022, The Author(s), under exclusive licence to Springer-Verlag GmbH Germany, part of Springer Nature.",10.1007/s00435-022-00557-5,2022,Boelter T.; Moreira L.F.B.; Pires M.M.; Stenert C.; Maltchik L.,Scopus,Article,NA,2-s2.0-85128816501,Scopus; WoS,2,research_paper,TRUE,FALSE,TRUE,TRUE,TRUE,FALSE,NA
Scopus,english,Human and natural resource exposure to extreme drought at 1.0 °c-4.0 °c warming levels,"Extreme drought occurs on every continent, negatively impacting natural systems and the built environment. Realized and anticipated future warming affects global hydrology, influencing the severity and frequency of both extreme precipitation events and precipitation deficits. Understanding future drought conditions is essential for risk aware water management strategies and to protect food security for a growing human population, while safeguarding natural capital critical to limiting further warming. Here we quantify socioeconomic and ecological exposure to extreme drought. We focus on global, regional, and national scales at increasing levels of climate warming, from today's 1.0 °C world to 4.0 °C of warming. Drought is quantified using the self-calibrated Palmer drought severity index calculated from globally mosaiced regional climate simulation (REMO2015). Exposure to extreme drought increases monotonically with warming level. For every 0.5 °C warming increase up to 3.0 °C, an additional 619 million people live in areas with 25% likelihood of annual extreme drought, in addition to the 1.7 billion people (25% of 2020 global population) exposed in today's 1.0 °C world. Spatially, global drying is amplified in the tropics, where drought frequency increases at twice the global rate. Per 0.5 °C increase in warming, extreme drought annual likelihoods increase 1.5 times greater in forested than non-forested areas, jeopardizing climate regulation associated with forested biomes. Cropland exposure to 50% likelihood of annual extreme drought in two of the highest producing countries, China and Brazil, increases 4× and 13× between 1.0 °C and 2.0 °C, spanning a third of national cropland by 3.0 °C. At 1.5 °C (4.0 °C), 16% (39%) of global hydroelectric generating capacity will be exposed to at least a 50% likelihood of annual extreme drought, up from 5% in today's 1.0 °C world. Given the near-term likelihood of surpassing 1.5 °C, high resolution drought exposure assessments must inform risk aware development and resilience efforts.  © 2022 The Author(s). Published by IOP Publishing Ltd.",10.1088/1748-9326/ac681a,2022,Runde I.; Zobel Z.; Schwalm C.,Scopus,Article,NA,2-s2.0-85130516871,Scopus,1,research_paper,TRUE,FALSE,TRUE,TRUE,TRUE,FALSE,NA
Scopus,english,"Leaf economics in a three-dimensional environment: Testing leaf trait responses in vascular epiphytes to land use, climate and tree zone","The study of functional traits offers predictive power for community ecology. Particularly in cases where individual species are difficult to study, known properties of trait spectra, such as the leaf economics spectrum (LES), and trait–environment relationships can provide crucial generalizable information that can contribute to forecasts of distributional shifts in response to the abiotic effects of climate and land use changes. Vascular epiphytes have been proposed as indicators of environmental change, but we know little about the ecology of most species. Key functional trait assumptions are based on terrestrial plants; testing these in epiphytes verifies their universality and will inform applying functional traits in predicting epiphyte responses to climate and land use change. In this study, we use functional traits from 37 vascular epiphyte species from forests and shade coffee farms at two sites in northern Nicaragua. We compare correlations among traits and intraspecific trait variances with those of terrestrial plants and among epiphyte taxonomic groups. We also test trait responses to environmental differences between sites and land use types, and within zones of the tree. We find that epiphyte leaf traits fall towards the slower end of the LES, but with about one-third lower leaf nitrogen per change in specific leaf area (SLA) relative to terrestrial herbaceous plants. Bromeliads show less relationship between these traits than other epiphyte groups and also deviate in other trait interrelationships, suggesting unique leaf construction. Trait–environment relationships varied most strongly along vertical gradients within trees, but some traits, including SLA and carbon isotope ratio, also responded to land use and site differences. We present evidence that trait relationships established for terrestrial plants appear to translate to epiphytes, but identify some possible caveats. Strong trait response to vertical gradients within trees suggests that within-canopy shifts could provide resilience to climate and land use changes for some epiphyte species. © 2021 British Ecological Society",10.1111/1365-2435.13978,2022,Richards J.H.; Damschen E.I.,Scopus,Article,NA,2-s2.0-85122609906,Scopus,1,research_paper,TRUE,FALSE,TRUE,TRUE,TRUE,FALSE,NA
Scopus,english,Linking Urban Floods to Citizen Science and Low Impact Development in Poorly Gauged Basins under Climate Changes for Dynamic Resilience Evaluation,"Cities must develop actions that reduce flood risk in the face of extreme rainfall events. In this study, the dynamic resilience of the Gregorio catchment (São Carlos, Brazil) was assessed. The catchment lacks environmental monitoring and suffers from recurrent floods. The resilience curves were made considering the water depth in the drainage system as the performance index, obtained by simulations with SWMM and HEC-RAS. The calibration of the flood extension was performed using citizen science data. The contribution to increasing the dynamic resilience by implementing decentralized low impact development (LID) practices was also evaluated. For this purpose, bioretention cells were added to the SWMM simulations. The resilience curves were then calculated for the current and future climate scenario, with and without LID, for return periods of 5, 10, 50, and 100 years and duration of 30, 60, and 120 min. Intensity–duration–frequency curves (IDFs) updated by the regional climate model MIROC5 for 2050 and 2100 were used. The results showed a significant improvement in the system’s resilience for light storms and the current period due to LID practice interventions. Efficiencies were reduced for moderate and heavy storms with no significant drops in floodwater depth and resilience regardless of the scenario. © 2022 by the authors. Licensee MDPI, Basel, Switzerland.",10.3390/w14091467,2022,Fava M.C.; de Macedo M.B.; Buarque A.C.S.; Saraiva A.M.; Delbem A.C.B.; Mendiondo E.M.,Scopus,Article,NA,2-s2.0-85130026779,Scopus,1,research_paper,TRUE,FALSE,TRUE,TRUE,TRUE,FALSE,NA
WoS,english,Linking migration to community resilience in the receiving basin of a; large-scale water transfer project,"Large-scale water transfer projects (LWTPs) transfer water to urban and agricultural areas. The Majes-Siguas canal, established in 1983, is an LWTP that created a thriving agricultural area through irrigating the Majes district in the Atacama Desert of Peru. Like other LWTP receiving basins, the project has attracted an influx of migrants who work on the farms. At the same time, the Majes LWTP is the district's only source of water and has an aging infrastructure which presents significant risks. While many studies critically analyze the consequences of LWTPs in water supply basins, few evaluate the resilience of communities living in LWTP receiving basins. In this study, we ask: what factors stifle or enable resilience of the agricultural community in the Majes-Siguas receiving basin? In 2019, we conducted semi-structured interviews with migrant and residents and water authorities, collected and reviewed historical documents, and conducted participant observations. Using this data, we analyze community resilience by identifying perceived risks, stressors, and vulnerabilities among and between groups of agricultural actors, their adaptations, and their perceptions of water management organizations' responses. Results show that a single source of water, differential vulnerabilities between groups of agricultural actors, and limited organizational responsiveness stifled community resilience, while communal pooling and self organization enabled community resilience. Attention to increasing inclusion of migrants in water management decision-making, addressing differential water and land rights, and cultivating space for migrant self organization could enable the agricultural community to be more resilient.",10.1016/j.landusepol.2021.105900,2022,"Erwin, A; Ma, Z; Popovici, R; O'Brien, EPS; Zanotti, LA; Silva, C; Zeballos, EZ; Bauchet, J; Calderon, NR; Larrea, GRA",LAND USE POLICY,Article,NA,WOS:000780383800011,WoS,1,research_paper,TRUE,FALSE,TRUE,TRUE,TRUE,FALSE,NA
Scopus,english,Methodological approaches to assess climate vulnerability and cumulative impacts on coastal landscapes,"Natural and human-induced hazards and climatic risks threaten marine and coastal ecosystems worldwide, with severe consequences for these socio-ecological systems. Therefore, assessing climate vulnerability (exposure, sensitivity and adaptive capacity) and the cumulative environmental impacts of multiple hazards are essential in coastal planning and management. In this article, we review some approaches used in climate vulnerability assessment and marine and coastal cumulative environmental impacts to learn about state-of-the-art on the subject. Besides, we qualitatively evaluated the climatic vulnerability of five coastal regions of Venezuela using the IPCC concept of Reasons for Concern (RFCs) to determine their level of climatic exposure. We also assessed the cumulative environmental impact of multiple stressors on marine and terrestrial ecosystems using a well-known impact assessment method partially modified to explore the feasibility of this model in data-poor areas. However, we found no standardization of the methodologies used in evaluating Coastal Climate Vulnerability or Cumulative Environmental Impacts in coastal landscapes or frameworks that operationally link them with socio-ecological systems. Most studied coastal regions are at risk from at least three RFCs, loss of unique ecosystems (RFC1), risks associated with extreme events (RFC2) and risks associated with global aggregate impacts (RFC4). Furthermore, the assessment showed that areas with accumulated impact cover about 10 percent ranging from moderate to high in urban areas, growth zones, industrial oil settlements, port areas and aquaculture areas with fishing activity. Moreover, areas with moderate to low cumulative impact cover half of the study area, dominated by uninhabited regions and vegetation of the thorny scrub and coastal grassland types. Therefore, we consider it essential to implement regional climate risk management that incorporates these assessments into the ordinance in countries that are particularly vulnerable to climate change, such as Venezuela, which has an extensive line of low-lying coastlines (where 60% of the country's population lives) and coastal regions with harsh climates and poor economic conditions. Finally, we present the scope and limitations of implementing these evaluations and highlight the importance of incorporating them into regional strategies for adaptation to climate change. Copyright © 2022 Olivares-Aguilar, Sánchez-Dávila, Wildermann, Clark, Floerl, Villamizar, Matteucci, Muñoz Sevilla and Nagy.",10.3389/fclim.2022.1018182,2022,Olivares-Aguilar I.C.; Sánchez-Dávila G.; Wildermann N.E.; Clark D.; Floerl L.; Villamizar E.; Matteucci S.D.; Muñoz Sevilla N.P.; Nagy G.J.,Scopus,Article,NA,2-s2.0-85141600026,Scopus; WoS,2,research_paper,TRUE,FALSE,TRUE,TRUE,TRUE,FALSE,NA
Scopus,english,"Modeling and mapping of Inselberg habitats for environmental conservation in the Atlantic Forest and Caatinga domains, Brazil","Inselbergs are rocky outcrops generally composed of granitic or gneiss matrix, with monolithic proportions and expressive levels of biodiversity and endemism in different climatic domains. Brazil has one of the largest concentrations of Inselbergs on the planet, which require research to highlight the representative sites for conservation in the urban and rural environment. In this context, the present study evaluated the performance of machine learning algorithms in the mapping of Inselbergs in different environments. Specific objectives correspond to predicting and spatializing Inselbergs using algorithms, as well as selecting important covariates for their spatial distribution in the Atlantic climatic domain of Brazil. Thus, image classification techniques, machine learning algorithms and geospatial modeling were used to map the distribution of Inselbergs and select relevant sites for ecological and environmental conservation, considering anthropogenic and climate change threats. According to the results, the employed models presented kappa and accuracy values ranging from 0.76 to 0.91 and 0.89 to 0.96, respectively. Gradient Boosting Machine (GBM), Support Vector Machines with Radial Basis Function Kernel (SVM), C5.0 and Random Forest (RF) algorithms presented the best results in the mapping of the typical Inselbergs in the study area, since they were able to model spectral signatures of different land use and land cover classes. Statistically, they do not depend on the normal distribution of data and, at the same time, algorithms are able to work with a high number of covariates. The employed methodology has great potential to help in the selection of typical Inselberg landscapes in the Atlantic Forest and Caatinga biomes, which can support the protection and efficient management of biodiversity and geodiversity. The proposed methodology can be adapted to different areas and biomes of the world. © 2022",10.1016/j.envadv.2022.100209,2022,da Silveira V.A.; Veloso G.V.; de Paula H.B.; dos Santos A.R.; Schaefer C.E.G.R.; Fernandes-Filho E.I.; Francelino M.R.,Scopus,Article,NA,2-s2.0-85126725868,Scopus,1,research_paper,TRUE,FALSE,TRUE,TRUE,TRUE,FALSE,NA
Scopus,english,Modular Design of Bioretention Systems for Sustainable Stormwater Management under Drivers of Urbanization and Climate Change,"The increase in urbanization and climate change projections point to a worsening of floods and urban river contamination. Cities need to adopt adaptive urban drainage measures capable of mitigating these drivers of change. This study presents a practical methodology for a modular design of bioretention systems incorporating land use and climate change into existing sizing methods. Additionally, a sensitivity analysis for these methods was performed. The methodology was applied to a case study in the city of Sao Carlos, SP, Brazil. Three application scales were evaluated: property scale (PS), street scale (SS) and neighborhood scale (NS) for three temporal scenarios: current, 2015–2050 and 2050–2100. The choice of the sizing method was the factor with greatest influence on the final bioretention performance, as it considerably affected the surface areas designed, followed by the hydraulic conductivity of the filtering media. When analyzing the sensitivity of the parameters for each method, the runoff coefficient and the daily precipitation with 90% probability were identified as the most sensitive parameters. For the period 2050–2100, there was an increase of up to 2×, 2.5× and 4× in inflow for PS, SS and NS, respectively. However and despite the great uncertainty of future drivers, bioretention performance would remain almost constant in future periods due to modular design. © 2022 by the authors. Licensee MDPI, Basel, Switzerland.",10.3390/su14116799,2022,Batalini de Macedo M.; Gomes Júnior M.N.; Jochelavicius V.; de Oliveira T.R.P.; Mendiondo E.M.,Scopus,Article,NA,2-s2.0-85131837049,Scopus; WoS,2,research_paper,TRUE,FALSE,TRUE,TRUE,TRUE,FALSE,NA
Scopus,english,Obstacles and opportunities for implementing a policy-mix for ecosystem-based adaptation to climate change in Brazil's Caatinga,"The Brazilian Semiarid historically suffers from droughts and environmental degradation. It is dominated by Caatinga, the world's most diverse seasonally dry forest and home to 59% of Brazilians in extreme poverty, most in rural areas under water scarcity. Land use and climate changes are expected to exacerbate socio-economic vulnerability, making it a top climate change adaptation priority. Ecosystem-based adaptation (EbA) is a mix of policies, more cost-effective when promoting adaptation. Through a systematic review, we investigated the political context percolating EbA and climate change adaptation in the Caatinga. Unlike the political history, land use policies in Caatinga should support sustainable agriculture and ecosystem conservation to promote adaptation. We discuss obstacles and opportunities for implementing EbA in the region and present a novel EbA policy-mix framework integrated with the Coexistence with the Semi-aridity paradigm. This includes contextualized education, capacity development, social technologies, well planned and climate resilient protected areas, and land title grants. © 2022 Elsevier Ltd",10.1016/j.landusepol.2022.106385,2022,Niemeyer J.; Vale M.M.,Scopus,Article,NA,2-s2.0-85139733206,Scopus; WoS,2,research_paper,TRUE,FALSE,TRUE,TRUE,TRUE,FALSE,NA
Scopus,english,PRIVATE LOT FLOOD PEAK ATTENUATION BY STORMWATER DETENTION TANKS,"Changes in the hydrological cycle due to climate change and urbanization augment and accelerate runoff and flooding, degrade the urban environment, and cause human and material losses. Thus, it is important to implement measures that ensure urban hydrological conditions are kept as close as possible to pre-urbanization conditions, preventing floods. In addition to the conventional major and minor systems, cities may establish criteria for percentage of permeable area as well as stormwater management practices such as stormwater detention tanks, a type of low impact development technology (LID). The present study evaluates the adequacy of current practices in private lot detention tank design. It analyses time to empty, total detention time and flood peak abatement provided by detention tanks designed according to Curitiba’s (Brazil) Bylaw 176/2007. Based on the results obtained, modifications were suggested to existing legislation to increase the efficiency of the detention tanks and, thus, reduce urban flooding and adapt to climate change. The proposed methodology can be applied elsewhere to guide detention tank design. © 2022 WIT Press.",10.2495/friar220051,2022,Schellin L.M.; Dziedzic R.M.; Dziedzic M.,Scopus,Conference paper,NA,2-s2.0-85140257064,Scopus; WoS,2,research_paper,TRUE,FALSE,TRUE,TRUE,TRUE,FALSE,NA
Scopus,english,Potential Adaptation Responses to Climate Change in Small-Scale Fisheries along the Colombian Pacific,"The direct and indirect impacts of climate change include the potential effects in the distribution and productivity of target species populations, habitat, and food webs, as well as effects on the costs and productivity of fisheries and aquaculture, all which impact the livelihoods and security of the fishing community that depends on them. On Colombia's Pacific coast, Tumaco is a vital fishing port located in Nariño, where artisanal fishing has been a primary producer and subsistence activity for the more than 5, 000 inhabitants. In this context, implementing adaptation strategies for the local fishing community's activities is an imminent need. We identified the possible climate change adaptation strategies that would best fit the local fishing community's needs using a statistical multi-criteria analysis model that included an expert assessment analysis and the Climate Actions Prioritization (CLIMACT Prio) tool development by the Institute for Housing and Urban Development Studies of Erasmus University Rotterdam. Strategies were categorized into high, medium, and low and prioritized by a series of feasibility criteria, including potential stakeholder acceptance, technical and financial feasibility, guarantees for implementation, potential for integration with local government planning, and projected effectiveness and sectoral impact. The final scoring of the strategies made it evident to prioritize programs or projects that would enable real-time dissemination of oceanographic variables to the local fishing communities and identification of areas suitable for mariculture as potential strategies for adapting local fishing activities to climate change in the context of the Nariño Pacific region. © 2022 Common Ground Research Networks. All rights reserved.",10.18848/1835-7156/cgp/v14i02/149-171,2022,Selvaraj J.J.; Parra M.A.M.; Ossa M.A.C.,Scopus,Article,NA,2-s2.0-85178487014,Scopus,1,research_paper,TRUE,FALSE,TRUE,TRUE,TRUE,FALSE,NA
Scopus,english,Promoting Safety Societies with a Non-Stationary Multidimensional Model that Prioritizes Flood Risks under Climate Change Effects,"Managing floods is already a challenging task, but climate change combined with the unprecedented growth of cities aggravates their multiple adverse consequences. Current papers outlined trends in the intensity and frequency of some climate and weather extremes over periods, including rainfall patterns. Thus, interrelations among the society, economic sector, critical infrastructure, and sustainability lead policymakers, public managers, and professionals of different fields to tackle a variety of aspects in order to adopt strategic policies for enhancing life quality in urban societies and then preventing future losses. In this field, Multi-Criteria Decision Making-Aiding is suitable because it takes into account the DM's preference structure to assess future risks. Given this backdrop, this work introduces a novel multicriteria decision model for enhancing future risks under climate change and socioeconomic forecasting. Our model differs from the current approaches in the literature because it deals with non-stationary probabilities to model the hazard scenarios and their implications to estimate flood damages and prevent its losses. An in-depth discussion regarding the state-ofthe- art in climate and urban modeling, this work provides a step-by-step procedure that assesses social, human, sanitary, and economic risks with the Multi-Attribute Utility Theory and Decision Analysis. A numerical application in an urban area in the Northeast of Brazil is conducted with views to accredit the novel approach in which the time dependency is highlighted. Our results map and evaluate flood risks for 2021 - 2060, exploring then insights for designing long-term adaptation policies that confront the damaging effects of this natural hazard. © 2022 Italian Association of Chemical Engineering - AIDIC. All rights reserved.",10.3303/cet2290011,2022,Da Silva L.B.L.; Alencar M.H.; De Almeida A.T.,Scopus,Article,NA,2-s2.0-85131330345,Scopus,1,research_paper,TRUE,FALSE,TRUE,TRUE,TRUE,FALSE,NA
Scopus,english,"River bank filtration in tropical metropoles: integrated evaluation of physical, geochemical and biochemical interactions in Recife, NE Brazil","The increasing need of sustainable technologies to produce domestic water in metropoles of developing countries faces socioenvironmental problems such as contamination, distribution network failures and water depletions due to overexploitation and climate changes. In this paper, a long-term (9 years) multiparameter evaluation of river bank filtration (RBF) was carried out in an urban and tropical environment in NE Brazil. RBF constitutes a promising way to mitigate adverse effects of unsustainable resource management, as it is adaptable to local needs and may limit non-renewable resource uses. Interannual monitoring of stream water and pumped groundwater allowed deciphering an efficient bacteriological (total disappearance of total and thermotolerant coliforms), physicochemical (general increase of COD/BOD ratio from 5 to 8 reaching 10 to more than 30, lowering of turbidity from 10–300 to 0 NTU) and drug attenuation (from 22 to 193 µg L−1 to 9 µg L−1 in the pumped groundwater for diclofenac and total disappearance of paracetamol most of the time). This suggests that RBF is relevant for local water supply: While socioenvironmental context implies great pressures over the resource, hydrological and hydrogeological conditions favor biodegradation performance, promoted by high temperatures (near 25 °C), and natural self-regulation. However, from a chemical point of view, low turbidity was associated with nitrate increase (reaching temporarily more than 40 mg L−1) in the RBF well. This indicates that the great physicochemical/biochemical filtration potential may in turn favor a great biogeochemical reactivity involving redox processes of concern for domestic purposes in urban and tropical context and that adapted pumping schedule is necessary. © 2021, Islamic Azad University (IAU).",10.1007/s13762-021-03558-x,2022,Bertrand G.F.; de Paiva A.L.R.; de Araújo Freitas J.B.; da Silva Pereira Cabral J.J.; Veras Albuquerque T.B.; de Carvalho Filho J.A.A.,Scopus,Article,NA,2-s2.0-85111274591,Scopus,1,research_paper,TRUE,FALSE,TRUE,TRUE,TRUE,FALSE,NA
Scopus,english,Routledge Handbook of Urban Landscape Research,"Landscape architecture is one of the key professions dedicated to making cities hospitable and healthy places to live, work and play, while respecting and enhancing the natural environments and landscapes we inhabit. This edited collection presents current writing about the pivotal roles that landscape architects play in addressing some of the most pressing problems facing the planet, its environments and its populations through their research, analysis and speculative practice. The book has assembled current writings on recent research structured around five major themes: governance, power and partnership; infrastructure, systems and performance; environment, resilience and climate change; people, place and design; and culture, heritage and identity. As a collection, the chapters demonstrate the diversity of themes and topics that are expanding the scholarly body of knowledge for the discipline and its relevance to the practice of landscape architecture. The contributors to this book are academic researchers and practitioners from the discipline of landscape architecture. The chapters draw on their research, teaching and experience as well as analysis of project examples. Fifty-two contributors from the United States, United Kingdom, Sweden, Denmark, the Netherlands, Nigeria, Malaysia, Spain, Colombia, Australia, New Zealand and Canada discuss a diverse range of contemporary themes in urban landscape architecture. Collectively, the contributors demonstrate the breadth of experience, shared concerns and distinct issues that challenge urban landscape architecture and cities in the 21st century. © 2023 selection and editorial matter, Kate Bishop and Linda Corkery. All rights reserved.",10.4324/9781003109563,2022,Bishop K.; Corkery L.,Scopus,Book,NA,2-s2.0-85142815415,Scopus,1,other,TRUE,FALSE,TRUE,TRUE,TRUE,FALSE,NA
Scopus,english,"Socio-ecological systems modelling of coastal urban area under a changing climate – Case study for Ubatuba, Brazil","Understanding the complex dynamics between society and nature is a critical contribution of ecological modelling. Integrated views of human-nature relations as well as tools and frameworks for studying these relations are gaining ground. A socio-ecological systems (SES) perspective therefore embraces both social and environmental factors that uses nonlinearities, feedbacks, models, and multi-level networks for understanding and studying those phenomena. When undesired drivers as climate change are also taken into account, the most urgent question is how these critical socio–ecological systems will behave given the stresses they endure. This work had the objective of creating a new simulation of a coastal SES from Brazil that is able to integrate several climatic and social variables through a dynamic and coupled model, and forecast its behavior in the future according to scenarios. Specifically, a systems dynamics simulation model using MIMES (Multiscale Integrated Model of Ecosystem Services) was developed for Ubatuba, a coastal city highly dependent and influenced by tourism. Results showed good correspondence between the model and the data when testing several environmental inputs (wind speed and direction, cloud cover, sea surface temperature, precipitation patterns). The model simulated the population dynamics of 15 biological groups from 2010 to 2100 under different scenarios. Climate change will reduce most of populations in a range from −0.13% (± 0.0%) to −10.31% (± 0.0%). There are groups where the influence of climate change is not significant (Bivalve, Brachyuran, pelagic feeding fish and benthic feeding fish) with variations from 0 to 2% and others with moderate significance (Phytoplankton, Zooplankton, and Enterococcus) with variations >2%. Tourists reacting to water quality degradation is very relevant in Enterococcus population (with a reduction of 34%). Results show the urban activities strongly influencing the biological populations and that these impacts depend on the scenario context. This suggests a policy that limits the number of tourists and increases the water quality at the same time. Therefore, the model's spatial simulation of this complex socio-ecological system can be used to develop an integrative decision-making tool to help the city manage its natural capital and adapt to its changes. © 2022 The Author(s)",10.1016/j.ecolmodel.2022.109953,2022,Oliveira B.M.; Boumans R.; Fath B.D.; Harari J.,Scopus,Article,NA,2-s2.0-85126121731,Scopus; WoS,2,research_paper,TRUE,FALSE,TRUE,TRUE,TRUE,FALSE,NA
Scopus,english,The risk management tools'role for urban infrastructure resilience building,"The climate change effects have become increasingly intense and frequent, impacting the cities' fundamental functions. In this context, resilience-building represents a relevant challenge for urban managers, mainly due to the barriers to integrating diverse infrastructure subsystems at different governance levels. Thus, this study aims to analyze risk management tools' contribution to urban infrastructure services' resilient planning. The research developed risk management tools that were incorporated into the decision-making process of resilient urban planning. The tools were applied to a case study in Porto Alegre, in the south of Brazil, relating characteristics of its infrastructure to operationalization principles of urban resilience in the literature. The results revealed that the risk management tools could promote a comprehensive analysis of the opportunities and threats of the infrastructure network under climate risks, based on the technical experience and engagement of multiple stakeholders in decision making. Local management experiences demonstrate no single way to strengthen resilient characteristics in cities. Instead, the analyses developed supported a greater understanding of the risk management tools' potential for resilient planning, admitting uncertainties in the transition to responsive and adaptive urban ecosystems. © 2022 Elsevier B.V.",10.1016/j.uclim.2022.101296,2022,de Magalhães R.F.; Danilevicz Â.D.M.F.; de Souza J.S.; Echeveste M.E.,Scopus,Review,NA,2-s2.0-85138184647,Scopus; WoS,2,review,TRUE,FALSE,TRUE,TRUE,TRUE,FALSE,NA
Scopus,english,"Toward New Epidemiological Landscapes of Trypanosoma cruzi (Kinetoplastida, Trypanosomatidae) Transmission under Future Human-Modified Land Cover and Climatic Change in Mexico","Chagas disease, caused by the protozoa Trypanosoma cruzi, is an important yet neglected disease that represents a severe public health problem in the Americas. Although the alteration of natural habitats and climate change can favor the establishment of new transmission cycles for T. cruzi, the compound effect of human-modified landscapes and current climate change on the transmission dynamics of T. cruzi has until now received little attention. A better understanding of the relationship between these factors and T. cruzi presence is an important step towards finding ways to mitigate the future impact of this disease on human communities. Here, we assess how wild and domestic cycles of T. cruzi transmission are related to human-modified landscapes and climate conditions (LUCC-CC). Using a Bayesian datamining framework, we measured the correlations among the presence of T. cruzi transmission cycles (sylvatic, rural, and urban) and historical land use, land cover, and climate for the period 1985 to 2012. We then estimated the potential range changes of T. cruzi transmission cycles under future land-use and -cover change and climate change scenarios for 2050 and 2070 time-horizons, with respect to “green” (RCP 2.6), “business-as-usual” (RCP 4.5), and “worst-case” (RCP 8.5) scenarios, and four general circulation models. Our results show how sylvatic and domestic transmission cycles could have historically interacted through the potential exchange of wild triatomines (insect vectors of T. cruzi) and mammals carrying T. cruzi, due to the proximity of human settlements (urban and rural) to natural habitats. However, T. cruzi transmission cycles in recent times (i.e., 2011) have undergone a domiciliation process where several triatomines have colonized and adapted to human dwellings and domestic species (e.g., dogs and cats) that can be the main blood sources for these triatomines. Accordingly, Chagas disease could become an emerging health problem in urban areas. Projecting potential future range shifts of T. cruzi transmission cycles under LUCC-CC scenarios we found for RCP 2.6 no expansion of favourable conditions for the presence of T. cruzi transmission cycles. However, for RCP 4.5 and 8.5, a significant range expansion of T. cruzi could be expected. We conclude that if sustainable goals are reached by appropriate changes in socio-economic and development policies we can expect no increase in suitable habitats for T. cruzi transmission cycles. © 2022 by the authors.",10.3390/tropicalmed7090221,2022,González-Salazar C.; Meneses-Mosquera A.K.; Aguirre-Peña A.; Fernández-Castel K.P.J.; Stephens C.R.; Mendoza-Ponce A.; Velasco J.A.; Calderón-Bustamante O.; Estrada F.,Scopus,Article,NA,2-s2.0-85138754525,Scopus; WoS,2,research_paper,TRUE,FALSE,TRUE,TRUE,TRUE,FALSE,NA
Scopus,english,Towards resilient cooling possibilities for Brazilians' hot and humid climates: Exploring the national thermal comfort database,"To deal with the perspective of global warming and the vicious cycles generated by the increasing cooling demand in buildings, resilient possibilities for indoor low-energy comfort are needed. The potential of resilient cooling strategies is analysed in this chapter by exploring the current Brazilian thermal comfort database. The dataset is composed by 10,917 votes collected in four distinct cities represented by three ASHRAE 169 climate zones: extremely hot humid (0A), very hot humid (1A) and hot humid (2A). Occupants'thermal perception under different building operation modes and clothing adaptability patterns is assessed. Results show that people accept temperatures up to 32° C in naturally ventilated environments with increased air movement; up to 30° C under natural ventilation only and up to 28° C in air-conditioned environments. The intensification of air speed by using fans significantly improved the thermal satisfaction of occupants under high operative temperatures. Warmer environments are better accepted if occupants have the opportunity to lower their clothing insulation. It can be concluded that the extension of room temperatures associated with the use of fans and the flexibility of clothing are effective strategies to promote thermal comfort with lower energy consumption in Brazil. © 2022 selection and editorial matter, Fergus Nicol, Hom Bahadur Rijal and Susan Roaf. All rights reserved.",10.4324/9781003244929-38,2022,Buonocore C.; de Vecchi R.; Ramos G.; Andre M.; Candido C.; Lamberts R.,Scopus,Book chapter,NA,2-s2.0-105004333128,Scopus,1,other,TRUE,FALSE,TRUE,TRUE,TRUE,FALSE,NA
Scopus,english,Verifying Experimental Wet Bulb Globe Temperature Hindcasts Across the United States,"Hot and humid heat exposures challenge the health of outdoor workers engaged in occupations such as construction, agriculture, first response, manufacturing, military, or resource extraction. Therefore, government institutes developed guidelines to prevent heat-related illnesses and death during high heat exposures. The guidelines use Wet Bulb Globe Temperature (WBGT), which integrates temperature, humidity, solar radiation, and wind speed. However, occupational heat exposure guidelines cannot be readily applied to outdoor work places due to limited WBGT validation studies. In recent years, institutions have started providing experimental WBGT forecasts. These experimental products are continually being refined and have been minimally validated with ground-based observations. This study evaluated a modified WBGT hindcast using the historical National Digital Forecast Database and the European Centre for Medium-Range Weather Forecasts Reanalysis v5. We verified the hindcasts with hourly WBGT estimated from ground-based weather observations. After controlling for geographic attributes and temporal trends, the average difference between the hindcast and in situ data varied from −0.64°C to 1.46°C for different Köppen-Geiger climate regions, and the average differences are reliable for decision making. However, the results showed statistically significant variances according to geographical features such as aspect, coastal proximity, land use, topographic position index, and Köppen-Geiger climate categories. The largest absolute difference was observed in the arid desert climates (1.46: 95% CI: 1.45, 1.47), including some parts of Nevada, Arizona, Colorado, and New Mexico. This research investigates geographic factors associated with systematic WBGT differences and points toward ways future forecasts may be statistically adjusted to improve accuracy. © 2022 The Authors. GeoHealth published by Wiley Periodicals LLC on behalf of American Geophysical Union.",10.1029/2021gh000527,2022,Ahn Y.; Uejio C.K.; Rennie J.; Schmit L.,Scopus,Article,NA,2-s2.0-85129228682,Scopus,1,research_paper,TRUE,FALSE,TRUE,TRUE,TRUE,FALSE,NA
Scopus,english,"Water management infrastructure alters plant species composition, functional diversity and soil condition in a livestock-impaired mosaic of wetlands","Aims: Wetlands are key ecosystems due to their economic, social and environmental contributions. Because of their highly productive habitats and their dependence on hydro-meteorologic regimes, they are threatened worldwide by land use and climate change. In most wetlands, intensification of productive activities has been mostly accompanied by the implementation of a water management infrastructure, disrupting water and nutrient dynamics. Our aim was to analyze whether intensification of livestock raising erodes the structure and function of plant communities, as well as the quality and fertility of soils in wetlands. Location: Non-insular portion of the Lower Delta of the Paraná River, Argentina. Methods: Plant communities were characterized on the basis of their floristic composition, structural and functional diversity. Soil samples were also collected to assess soil fertility, texture and quality. Generalized mixed linear models were used to contrast these attributes across livestock management practices characterized by differing water management infrastructure (polders and channelizations) and livestock type (bovine, bubaline). Results: Remarkably fertile hydromorphic soils supported a structurally rich and functionally diverse species composition. Nevertheless, most dominant populations were terrestrial, perennial, invasive species, partially adapted to conditions of temporary flooding. Polderized livestock fields exhibited not only the lowest quality, least fertile, most compacted soils, but also lower species richness and diversity, as well as the lowest values in all non-redundant components of functional diversity. Channelized livestock fields exhibited lower species richness and taxonomic diversity as well as reduced soil quality and fertility, yet an overall increase in most non-redundant components of functional diversity. Conclusions: Promoting the loss of native flora, water management infrastructure impairs the sustainability of anthropic activities and thwarts biodiversity conservation efforts. Traditional and sustainable practices that embrace the periodicity of the flood pulse are required to preserve the taxonomic and functional diversity of plant communities, as well as the quality and fertility of soils. © 2022 International Association for Vegetation Science.",10.1111/avsc.12698,2022,Aquino D.S.; Gavier-Pizarro G.I.; Quintana R.D.,Scopus,Article,NA,2-s2.0-85145216015,Scopus; WoS,2,research_paper,TRUE,FALSE,TRUE,TRUE,TRUE,FALSE,NA
Scopus,english,A probabilistic approach to stormwater runoff control through permeable pavements beneath urban trees,"One of the most current and urgent challenges is making cities sustainable and resilient to climate change. From this perspective, Nature-Based Solutions (NBSs) are well-recognized strategies for stormwater control and water cycle restoration. Urban trees are an example of NBS. However, the high degree of soil sealing typically found in urban environments limits natural processes such as infiltration and hinders the water and nutrient supply for proper root development, which weakens tree stability. Permeable pavements at the base of urban trees, on the one hand, facilitate infiltration, which helps runoff control, and on the other hand, improve stormwater retention and soil humidity, which enhance root feeding. This paper proposes an analytical-probabilistic approach to estimate the contribution of permeable pavements to stormwater management. The equations developed in this study relate the runoff probability to the storage volume, the infiltration rate into the underlying soil, and the average values of the hydrological variables in the input. The model allows us to select different runoff thresholds and considers the possibility that residual volume from previous rainfall events prefills the storage capacity. An application to a case study in Sao Paulo (Brazil) has been presented. It investigates the influence of the different parameters used in the model on the results. The comparison of the outcomes obtained using the developed equations with those obtained from the continuous simulation of measured data confirmed the effectiveness of the proposed analytical-probabilistic approach and the suitability of using permeable pavements at the base of urban trees for improving stormwater retention. © 2023 The Authors",10.1016/j.scitotenv.2023.167196,2023,Raimondi A.; Marrazzo G.; Sanfilippo U.; Becciu G.,Scopus,Article,NA,2-s2.0-85172692639,Scopus,1,research_paper,TRUE,FALSE,TRUE,TRUE,TRUE,FALSE,NA
Scopus,english,An interactive system to map land degradation and inform decision-making to achieve land degradation neutrality via convergence of evidence across scales: A case-study in Ecuador,"One of the core challenges to achieve land degradation neutrality (LDN) is to spatially identify, and strategically prioritise, the areas to implement actions to avoid, reduce and reverse land degradation. To achieve this, a tool for a participatory and data-driven assessment considering both the biophysical and socio-economic dimensions of land degradation across scales was developed for Ecuador. In this paper, we present the methodology and results obtained, including the spatially explicit interactive tool developed to integrate indicators that support the scaling-up of sustainable land management (SLM). The process involved specialists from various national and international institutions, as well as decision makers from the public sector and other relevant stakeholders. Cloud computing allowed the integration of five main sources of data: (1) the results of a participatory land degradation assessment based on an expert knowledge questionnaire following the land degradation assessment in drylands (LADA) and world overview of conservation approaches and technologies (WOCAT) methodology; (2) the Hand-in-Hand Initiative Ecuador typology maps based on poverty and estimated agricultural potential and efficiency scores from household surveys; (3) National datasets on land cover and land use, soil properties, and hydro climatic indicators; (4) global satellite-derived LDN indicators, such as land productivity dynamics; and (5) documented SLM practices from WOCAT Global SLM Database. The tool is based on a Google Earth Engine application and allows decision makers to easily compare results and obtain statistics at different spatial scales and landscapes, including land use systems delimited by experts. It also includes a multi-criteria module to identify areas with specific characteristics to prioritise different types of interventions to achieve the Country's LDN targets. Convergence of local and global evidence allowed the identification of hotspots of degradation as well as areas of false positives/negatives—if only global or remote sensing indicators were considered. The participatory process contributed to strengthening multi-sector cooperation mechanisms and to guaranteeing ownership of the tool and the results. The system will support Ecuador's efforts to monitor and report progress towards LDN to the United Nations Convention to Combat Desertification. The system's code is shared as a repository at Earth Engine and can be adapted to and used by other countries and regions. © 2023 The Authors. Land Degradation & Development published by John Wiley & Sons Ltd.",10.1002/ldr.4645,2023,Teich I.; Harari N.; Caza P.; Henao-Henao J.P.; Lopez J.C.; Raviolo E.; Díaz-González A.M.; González H.; Bastidas S.; Morales-Opazo C.; García C.L.,Scopus,Article,NA,2-s2.0-85168914462,Scopus,1,research_paper,TRUE,FALSE,TRUE,TRUE,TRUE,FALSE,NA
WoS,english,An intermediate level of disturbance with customary agricultural; practices increases species diversity in Maya community forests in; Belize,"Across the planet, Indigenous societies control, use, and manage large tracts of tropical forest that are crucial for combating climate change. Here we investigate whether customary Indigenous agricultural practices can increase forest species diversity using swidden (aka, slash-and-burn) agriculture. We examine the community lands surrounding two Q'eqchi' Maya villages in southern Belize using high-resolution multispectral imagery that we collected with drones, ground truth data related to land use and history, and a plant and tree biodiversity survey. We use computational methods including simulation and Bayesian modeling to analyze the relationship between spectral diversity, forest diversity, and landscape disturbance. Our key result, replicated in both villages, is that the highest level of spectral diversity (a proxy for forest diversity) is associated with an intermediate level of forest disturbance. In conclusion, we suggest that concepts from complex adaptive systems can provide an important conceptual framework for understanding how ecosystem enhancement can emerge from customary Indigenous land use practices.; Species diversity is maximized in Maya community forests when ecological disturbances caused by cutting and burning trees are neither too rare nor too frequent, suggests an analysis of multispectral images and biodiversity inventory data from two Q'eqchi' Maya villages in southern Belize.",10.1038/s43247-023-01089-6,2023,"Downey, SS; Walker, M; Moschler, J; Penados, F; Peterman, W; Pop, J; Qin, RJ; Scaggs, SA; Song, S",COMMUNICATIONS EARTH & ENVIRONMENT,Article,NA,WOS:001106161000001,Scopus; WoS,2,research_paper,TRUE,FALSE,TRUE,TRUE,TRUE,FALSE,NA
WoS,english,"Aquifers and climate: Incentives, information and institutions","Sustainable water provision for rural and urban territories, demands the understanding of institutions and incentives governing groundwater use under climate change. The extant institutional design in Colombia falls short to sustainably manage pervasive groundwater extraction and rule enforcement. This article is aimed at understanding the extant contractual delegation of groundwater extraction on farmers as the main water users across the country. This understanding is a relevant first step before undertaking the improvement of institutional arrangements to pursue real sustainability objectives of water use for agriculture. Despite pervasive free-riding water access, to a certain extent, extraction permits act like social contracts with implicit clauses determined by the law. In entitling extraction permits, principals unavoidably delegate on agents, although their interests tend to diverge. In this relationship, socio-physical information about groundwater status is certainly asymmetric, which is not problematic per se. Difficulties arise from widened gaps between groundwater management information portions managed by different actors. Besides, contract design should operate under the natural limits of aquifer systems, which are usually recognized after granting extraction permits. Notwithstanding crude caveats should be considered: incomplete delegation and hidden institutions exists, and if ignorance on informal and formal water volumes extracted continue, sustainable management of aquifers would not only be incomplete but an illusion. Real sustainable management of aquifer systems when deciding upon water extraction permits, should incorporate aquifer limits as an ex-ante condition and innovative incentives that trigger institutions to-wards capped aquifer extractions.",10.1016/j.gsd.2022.100900,2023,"Asprilla-Echeverria, JM",GROUNDWATER FOR SUSTAINABLE DEVELOPMENT,Article,NA,WOS:000924985100001,WoS,1,research_paper,TRUE,FALSE,TRUE,TRUE,TRUE,FALSE,NA
Scopus,english,Assessing impacts of climate change on selected foundation species and ecosystem services in the South-Central USA,"Climate change, interacting with and exacerbating anthropogenic modifications to the landscape, is altering ecosystem structure and function, biodiversity, and species distributions. Among the most visible short-term impacts are the altered ecological roles of foundation species—those species, native or non-native—that create locally stable environmental conditions and strongly influence ecosystem services. Understanding the future of these species is crucial for projecting impacts on ecosystem services at both local and regional scales. Here we present foundation species by ecoregion study cases across the US South-Central Region (Louisiana, New Mexico, Oklahoma, and Texas), including C4 grasses, mesquite, and northern bobwhite in the Southern Great Plains, mangroves and nutria in coastal Louisiana wetlands, tiger salamanders and sandhill cranes in wetlands of the Southern Great Plains, and post and blackjack oaks and eastern redcedar in the Cross Timbers ecoregion. These case studies explore the impacts of climate change on foundation species and the consequences for ecosystem services, the outlook for climate adaptation efforts, and the sustainability of restoration in these systems. We underscore risks and vulnerabilities that stakeholders should consider when managing or restoring natural resources and conserving ecosystem services in an increasingly extreme and variable climate. We show that past management, through a lack of understanding or implementation of actions, has exacerbated shifts in invasive species, resulting in significant changes in ecosystem structure and function. These changes, interacting with landscape fragmentation and shifting land use and exacerbated by climate change, can result in critical losses of biodiversity. Unfortunately, lack of public understanding may hinder political support for restoration efforts and climate adaptation strategies crucial for the continued supply of traditional ecosystem services. Furthermore, the resulting invaded systems may provide opportunities for income via new ecosystem services valued by society that may reduce support for restoration to historical baselines, thus further shifting management priorities. These priorities should be informed by an understanding of past and ongoing ecological trends in region-specific situations, such as those we present, to highlight the immediacy of climate change impacts on the environment and society and provide evidence for the critical nature of informed management decisions. © 2023 The Authors. Ecosphere published by Wiley Periodicals LLC on behalf of The Ecological Society of America.",10.1002/ecs2.4412,2023,Ansley R.J.; Rivera-Monroy V.H.; Griffis-Kyle K.; Hoagland B.; Emert A.; Fagin T.; Loss S.R.; McCarthy H.R.; Smith N.G.; Waring E.F.,Scopus,Article,NA,2-s2.0-85149887748,Scopus; WoS,2,research_paper,TRUE,FALSE,TRUE,TRUE,TRUE,FALSE,NA
Scopus,english,"Bioretention System: Conception, Implementation, and Instrumentation of Three Different Models in São Paulo, Brazil","Nature-based solutions (NBS), embodying the concept of green infrastructure (GI), enhance the ecosystem services in cities and serve as a potent strategy for controlling runoff in terms of both quantity and quality. Bioretention systems are a type of green infrastructure that contribute to urban resilience, provide ecosystem services such as water purification, flood regulation, carbon storage, local climate regulation, and landscape integration, and soften the built environment. These green interventions create retention areas in urban spaces with significant benefits. However, it is important to use appropriate techniques to ensure optimal performance. The choice of plant species and water quality are critical elements of a bioretention system, and understanding the best species for pollutant removal in tropical climates is crucial. This study focuses on a comparative analysis of three bioretention experimental systems, with the goal of simulating real-world conditions in terms of construction technique, location, and operation to identify the necessary improvements and failures. The findings of this research will be valuable for practitioners and urban planners in promoting the adoption of these structures and incorporating them into public policies for flood mitigation, water quality improvement, and enhancing other ecosystem services. © The Editor(s) (if applicable) and The Author(s), under exclusive license to Springer Nature Switzerland AG 2023.",10.1007/978-3-031-25795-7_14,2023,Pereira M.C.S.; Martins J.R.S.; Gonzaga S.C.M.; Pellegrino P.R.M.,Scopus,Book chapter,NA,2-s2.0-85207578466,Scopus,1,other,TRUE,FALSE,TRUE,TRUE,TRUE,FALSE,NA
Scopus,english,Building and dwelling: Ethics for the city,"In this sweeping work, the preeminent sociologist Richard Sennett traces the anguished relation between how cities are built and how people live in them, from ancient Athens to twenty-first-century Shanghai. He shows how Paris, Barcelona, and New York City assumed their modern forms; rethinks the reputations of Jane Jacobs, Lewis Mumford, and others; and takes us on a tour of emblematic contemporary locations, from the backstreets of Medellín, Colombia, to Google headquarters in Manhattan. Through it all, Sennett laments that the ""closed city""-segregated, regimented, and controlled-has spread from the Global North to the exploding urban centers of the Global South. He argues instead for a flexible and dynamic ""open city,"" one that provides a better quality of life, that can adapt to climate change and challenge economic stagnation and racial separation. With arguments that speak directly to our moment-a time when more humans live in urban spaces than ever before-Sennett forms a bold and original vision for the future of cities. © Richard Sennett, 2018. All rights reserved.",NA,2023,Sennett R.,Scopus,Book,NA,2-s2.0-85169520040,Scopus,1,other,TRUE,FALSE,TRUE,TRUE,TRUE,FALSE,NA
WoS,english,CO2 flux dynamics of exotic and native species in an; extensive green roof simulator with hydric deficit,"The rise of urban greenhouse gas emissions creates the need to improve available mitigation strategies. The effectiveness of green roofs depends on their correct design, including vegetation choice. To this aim, we studied the performance of native and exotic plants in hydric deficit conditions of a semi-arid urban area, Bahia Blanca, Argentina, and their ability to sequester CO2. Three native (Poa lanuginosa, Sphaeralcea australis, and Phyla nodiflora) and three exotic (Oscularia deltoides, Sedum & PRIME;tokyo sun,& PRIME; and Sedum nussbaunerianum) species were tested in an extensive green roof simulator with no irrigation. Exotics Oscularia deltoides and Sedum nussbaunerianum did not survive the fall, while Sedum t & PRIME;okyo sun & PRIME;survived until late spring. All native plants survived, but their growth was affected by the hydric deficit of the warmer months. Seasonal CO2 fluxes were detected, with the most C sequestration in the colder months. Warmer months had the highest CO2 release. Native Poa lanuginosa sequestered 2.2 times more CO2 than exotic Sedum & PRIME;tokyo sun & PRIME; and native Phyla nodiflora, showing that C sequestration depends on plant type and not hydric-deficit adaptation. Construction of extensive green roofs in semi-arid cities requires the use of native plants that can withstand large hydric deficits.",10.1016/j.uclim.2023.101567,2023,"Perillo, VL; Brendel, AS; Ferrelli, F; Gutiérrez, A; Vitale, A; Marinangeli, P; Piccolo, M",URBAN CLIMATE,Article,NA,WOS:001014677300001,Scopus; WoS,2,research_paper,TRUE,FALSE,TRUE,TRUE,TRUE,FALSE,NA
Scopus,english,"Caring, Repairing, and Reimagining: Experiences from the Rural World","In the era of the Anthropocene and amidst a severe environmental crisis, part of humanity has set out to imagine new ways of addressing global warming, hyperproduction of goods, and massive waste generation. Academia and public policies have placed their focus primarily on urban areas, neglecting the experiences that the rural world can offer us. Reversing this trend, this article focuses on a rural sector of the Central Valley of Chile to reveal how, through daily and ‘artisanal’ practices, it is possible to reimagine notions such as creativity, innovation, and adaptability, in the face of changing environments. Specifically, it recognizes the dynamic way in which the inhabitants of rural sectors comprehend objects and the environment; their particular way of living space and time within the local geography; and the role that their tools, technologies, practices, and knowledge play in the daily production of their homes. © 2023, Pontificia Universidad Catolica de Chile. All rights reserved.",10.7764/disena.23.article.3,2023,Muñoz F.; Greene R.; Errázuriz T.; Jacob-Dazarola R.,Scopus,Article,NA,2-s2.0-85175066513,Scopus,1,research_paper,TRUE,FALSE,TRUE,TRUE,TRUE,FALSE,NA
Scopus,english,Community Resilience Under Contexts of Informal Housing and Climate Change in the Americas,"Informal housing and settlements are produced by spatial and social inequalities, increasing vulnerability, and risk for communities. In recent years, community resilience perspectives in architecture and urbanism have highlighted the idea of transformative adaptation where communities are able to restore their built environment, and to transform it based on their needs and desires. However, little has been explored and compared about whether and how informal housing influence local community resilience strategies and adaptations to disturbances and challenges. To compare how informal and precarious housing in different topographic contexts influenced community resilience, this research examines three case studies from the Americas (Peru, Uruguay, and Southern US). Methods included semi-structured interviews, architectural documentation, and analyses of secondary data. This study reveals informal housing characteristics and its underlying processes in different geographical and cultural contexts were critical for communities to address local challenges. Findings aim to provide lessons to architects, planners, and policy makers, about how community-based initiatives can enable communities to adapt to stresses while contemplating the complexities that informal housing often entail. © The Author(s), under exclusive license to Springer Nature Switzerland AG 2023.",10.1007/978-3-031-36640-6_45,2023,Lopez Barrera S.; Thompson D.; Dreifuss Serrano C.; Schreier Barreto C.,Scopus,Book chapter,NA,2-s2.0-85194567727,Scopus,1,other,TRUE,FALSE,TRUE,TRUE,TRUE,FALSE,NA
Scopus,english,Cooling potential of C3 and CAM species of vegetative roofs for improving building thermal performance and surroundings urban environments,"Urban growth presents challenges such as increased greenhouse gas emissions, the urban heat island (UHI) effect, and poor resilience to counter heat waves. Vegetative roofs can offer high cooling potential due to plants' transpiration, substrate moisture evaporation, and shading. Therefore, vegetative roofs can reduce building operational energy consumption and related CO2 emissions, mitigate the UHI and make cities more resilient against global warming by lowering the surrounding air temperature of the urban environment. This paper aims to quantify the cooling potential of vegetative roofs in Melbourne (Australia) and Santiago (Chile). Six C3 and CAM species used in vegetative roofs are assessed using a New Linear Model (NLM) for the stomatal resistance (rs) and a heat and mass transfer green roof model implemented in Matlab and validated in several climates. Selliera radicans (C3) outperforms the other species in terms of cooling potential; leaf area index (LAI) is the main plant characteristic that influences the substrate surface temperature due to the shading effect; rs and LAI have a significant impact on the foliage temperature and evapotranspiration control. This research allows designers and urban planners to comprehend the importance of choosing suitable vegetative roof species to maximize their cooling potential. © 2023 and published by the Architectural Science Association (ANZAScA).",NA,2023,Rojas A.; Vera S.; Pianella A.,Scopus,Conference paper,NA,2-s2.0-85211124507,Scopus,1,research_paper,TRUE,FALSE,TRUE,TRUE,TRUE,FALSE,NA
WoS,english,"Creating a Virtuous Food Cycle in Monterrey, Mexico","This article focuses on the connection between health, food, and social wellbeing. Several health problems are caused by the types of food consumed. At the same time, traditional ingredients are increasingly less used. The potential of healthy, traditional foods, locally grown ingredients, and preparation in local quality restaurants could decrease health problems, especially in disadvantaged communities. The methodology focuses on developing the missing links between traditional recipes, the growth of local food, and the preparation and consumption of healthy food. The main finding of this article is the interconnected model and the definition of the components that link the abovementioned separate fields. Major components are a collection of traditional recipes from the elderly in local communities, establishing an urban farm in disadvantaged communities, local quality chefs who use the recipes and ingredients in their menu, and pop-up restaurants in the local communities where residents have access to healthy dishes. The main conclusion is that by connecting the fragmented fields of investigation, the most vulnerable residents gain access to healthy food options.",10.3390/su15107858,2023,"Roggema, R; Mallet, AE; Krstikj, A",SUSTAINABILITY,Article,NA,WOS:000998160000001,WoS,1,research_paper,TRUE,FALSE,TRUE,TRUE,TRUE,FALSE,NA
Scopus,english,Criteria for prioritizing selection of Mexican maize landrace accessions for conservation in situ or ex situ based on phylogenetic analysis,"Introduction: A combination of factors including migration, climate change and the encroachment of growing cities are associated with the extinction of species and a reduction in biodiversity. In Mexico maize landraces are an important source of germplasm that could be invaluable for future breeding programs in response a changing environment. Efforts to develop conservation strategies are hampered by the costs of housing and maintaining large germplasm collections. Effective criteria are therefore needed to identify rare genotypes that are in danger of being lost and to define minimal cost-effective core collections. Methods: A large-scale genotyping analysis of Mexican maize landraces was carried out using 14 SSR markers spread across the 10 maize chromosomes. DNA was extracted from 30 individual plants of each accession and 3 bulks containing 220ng of DNA from each of 10 individual plants were prepared. Amplification reactions were carried out individually on each bulk sample and SSRs were detected using an automatic sequencer. Binary scores were used to produce phylogenies and a rareness index Ri was developed to identify a minimal collection of accessions. Results: A total of 40,140 individual plants from accessions obtained in 14 different Mexican states and covering 47 maize races were analyzed. Accessions from Northern and Central-Southern states could be distinguished based on genotype and accessions from Michoacán state were found to be distinct to all other accessions. A minimal collection of 56 accessions that covered all identified alleles and included rare allele combinations was determined. Discussion: The strategy employed successfully distinguished accessions from different regions of Mexico and identified rare germplasm and offers a cost effective method to determine minimal germplasm collections for conservation in situ or ex situ. The strategy could easily be adapted for use in other native crop species such as common bean, chili pepper and tomato among others. Copyright © 2023 Martínez, Ojeda, Hayano-Kanashiro, Reyes Valdés, Hernández and Simpson.",10.3389/fevo.2023.1139377,2023,Martínez O.; Ojeda A.C.; Hayano-Kanashiro C.; Reyes Valdés M.H.; Hernández J.L.P.; Simpson J.,Scopus,Article,NA,2-s2.0-85164586916,Scopus; WoS,2,research_paper,TRUE,FALSE,TRUE,TRUE,TRUE,FALSE,NA
Scopus,english,Developed black beaches - too hot to emerge? Factors affecting sand temperatures at nesting grounds of olive ridley sea turtles (Lepidochelys olivacea),"Climate change research on sea turtles has focused on the impact of rising temperatures on sex ratios, while the thermal ecology of natural nesting grounds has received less attention. Many nesting beaches are highly affected by vegetation loss and urbanization which in turn may affect their thermal profile, particularly at beaches with dark volcanic sand. We studied the sand temperatures on two urban-developed volcanic sea turtle nesting beaches in Guatemala for two years, and their potential effect on the thermal ecology of sea turtle nests by using the olive ridley as model species. We hypothesized that local weather, type of cover at surface, and season (dry vs rainy) will have a pronounced effect on sand temperatures, potentially affecting the hatching success of sea turtles. Average sand temperatures at nesting beaches were almost always above the pivotal temperature (87% of days), and either close to or above the thermal maximum tolerance of sea turtle embryos over longer periods (78% of days). We found that higher air temperatures led to higher sand temperatures, and high relative humidity and precipitation led to lower sand temperatures. As expected, sand temperatures in plots covered by vegetation were lower (32.5 ± 2.8°C) than those without vegetation cover (33.1 ± 2.6°C). Plots close to concrete structures showed the highest sand temperatures (34.0 ± 3.2°C). Our results highlight the relevance of vegetation in buffering the effects of high sand temperatures, which will have profound implications for the resilience of olive ridleys to global warming. © 2023 The Author(s)",10.1016/j.ecochg.2023.100074,2023,Ariano-Sánchez D.; Nesthus A.; Rosell F.; Reinhardt S.,Scopus,Article,NA,2-s2.0-85160597513,Scopus,1,research_paper,TRUE,FALSE,TRUE,TRUE,TRUE,FALSE,NA
Scopus,english,Development of a Network of Peruvian and Latin American Universities Committed to Risk Management and Adaptation to Climate Change,"Latin America is affected by frequent floods and landslides, with widespread implications for the well-being of vulnerable communities. Since 2016, several Peruvian and Latin American universities have been actively participating in the development of a network as a multidisciplinary centre, where they promote (through discussion forums) the incorporation of relevant material to understand the complexity of the Integral Risk Management of Disasters and Adaptation to Climate Change’ in university programs. A run of four network forums culminated with the establishment of a network comprising: Higher Education Institutions of Latin America and the Caribbean (Ries GIRD-LAC) and the Peruvian Network of Universities committed to managing risk and adapting to climate change. The Rectors of the universities signed full agreements to implement actions that promote the network action plan. The network was known as: ‘NETWORK OF PERUVIAN AND LATIN AMERICAN UNIVERSITIES COMMITTED TO RISK MANAGEMENT AND ADAPTATION TO CLIMATE CHANGE’. We will use the mnemonic GIRD-ACC when referring to the network. As a result of this initiative, the Jorge Basadre Grohmann University (UNJBG) in Tacna, Peru, co-founder of the aforementioned networks, has carried out pilot projects to implement the GIRD-ACC framework through: (a) workshops to build awareness on risk management and climate change aimed at the university community; and (b) incorporating elements of IDRM-ACC in content units of architecture, communication and veterinary programs, living projects supported by disaster management protocols, risk reduction and, with the active participation of students and communities. This article reports on the results of the implementation management process of the network during the last 5 years. We discuss the relevance of the actions proposed by the networks and the progress of their results in the pioneering public universities of southern Peru. In addition, we suggest ways in which these actions can contribute to the achievement of SDGs such as: resilient cities SDG 11, Climate action SDG 13 and SDG-17 Alliance. Finally, we reflect on the current problems and the barriers that impede the development and implementation of network actions. This study contributes to filling a gap by describing the process of creation and implementation of a Peruvian and Latin American Network for risk management and adaptation to climate change. It will be of interest to anyone who wants to be involved in risk management, particularly in Higher Education. © 2023, The Author(s), under exclusive license to Springer Nature Switzerland AG.",10.1007/978-3-031-22856-8_31,2023,Espinoza-Molina J.; Silva-Cornejo M.; Quispe-Prieto S.; Acosta-Caipa K.; Chambe-Vega E.; Osco-Mamani E.; Paucar-Cáceres A.; Burrowes-Cromwell T.,Scopus,Book chapter,NA,2-s2.0-85150194978,Scopus,1,other,TRUE,FALSE,TRUE,TRUE,TRUE,FALSE,NA
Scopus,english,Ecological Change and Livestock Governance in a Peruvian National Park,"While the grazing of livestock has occurred for millennia in the Andes, current sustainability debates center on concerns with co-managing climate change and pastoralism. These discussions have special resonance in places protected by the state for biodiversity, scenery, and sustainable and traditional land uses, such as those found in protected areas and biosphere reserves. For this article, we integrate data from a social-ecological research project on the land use systems that affect high-elevation ecosystems in Peru’s Huascarán National Park, with special emphasis on the wetlands. We used land cover and land use data and insights from interactions with pastoralists to show that (1) wet meadows dominate the lower reaches of the park, while peatlands predominate above 4000 m elevation; (2) wet meadows are most useful for traditional grazing systems, while the peatlands are especially susceptible to trampling by livestock; and (3) there is limited ecological space at the highest elevations for the successful future upward relocation of either land use or potential habitats for species identified as of concern. We explore the implications of these findings for the adaptive strategies of biophysical and social processes in terms of livelihoods and biodiversity in and around a protected area. We conclude that there are many additional opportunities to be explored to inform the management of ecosystem services and provide improvements for the adaptive capacity of communities and park managers. © 2023 by the authors.",10.3390/land12112051,2023,Young K.R.; Alata E.; Chimner R.A.; Boone R.B.; Bowser G.; Bourgeau-Chavez L.; Fuentealba B.; Gilbert J.; Ñaupari J.A.; Polk M.H.; Resh S.C.; Turin C.; Zarria-Samanamud M.,Scopus,Article,NA,2-s2.0-85178095887,Scopus; WoS,2,research_paper,TRUE,FALSE,TRUE,TRUE,TRUE,FALSE,NA
Scopus,english,Evaluation of Coastal Management in the Municipality of Paulista/PE in the Light of the Decalogue; [Avaliação do Gerenciamento Costeiro no Município do Paulista/PE à Luz do Decálogo],"Brazil adopts Integrated Coastal Management as a way of protecting coastal environments through sustainable use and through the National Coastal Management Plan – PNGC structures actions directed at coastal areas, guaranteeing municipalities a prominent position in the integrative process. The structuring of the legal and institutional framework does not remove the picture of degradation borne by coastal cities, which have problems with sanitation, erosion and reduction of biodiversity. The general objective of this article is to analyze the Coastal Management process adopted by the municipality of Paulista, Pernambuco, in order to provide subsidies for institutionalization and sustainable governance. The methodology was structured in two parts. The first part used the Land Use and Land Cover (LULC) dataset available free of charge MapBiomas collection 6. The second part used the methodology proposed by Barragán in the “Decalogue for the Management of Coastal Areas”, where the 10 indicators are analyzed fundamental to evaluate actions related to coastal management. The methodology was adapted to include the mapping of the use and occupation of the municipality’s coastal area over a period of 36 (thirty-six) years. The results of the analysis of land use and occupancy indicate a steady growth in anthropized areas from 1986 until the end of the 1990s, stabilizing with few changes. After an increase, there was a new stabilization between 2006 and 2012, followed by a notable growth in 2013–2014 and a subsequent period with less pronounced increments until the year 2021. Regarding the matrix analysis, there is a greater advancement in aspects related to Knowledge and Information, Normative and Competencies, whereas items such as Training and Capacity Building, Resources, and Public Policies require better strategic definitions by the municipality. As for the results of the matrix analysis, they reveal the need for the implementation of impact mitigation measures, the strengthening of oversight and monitoring, the development of strategies for climate change adaptation, the promotion of environmental education, and the fostering of scientific research in coastal areas. Finally, there is a suggestion for the continuous evaluation and correction of actions related to coastal and marine areas of the municipality, as well as the use of scientific evidence in decision-making. © 2023, Universidade Federal do Rio de Janeiro. All rights reserved.",10.11137/1982-3908_2024_47_61160,2023,Maciel A.L.L.G.; Barreto E.P.; Silva C.F.A.; Santos M.P.M.; Santos P.F.V.,Scopus,Article,NA,2-s2.0-85206566755,Scopus,1,research_paper,TRUE,FALSE,TRUE,TRUE,TRUE,FALSE,NA
Scopus,english,Evaluation of Spatio-Temporal Dynamics of Guyana’s Mangroves Using SAR and GEE,"Mangrove forests are vital in many ways to coastal communities. The forests prevent coastal erosion, produce nutrients and organic matter, serve as a sink for carbon, nitrogen, and phosphorus, maintain water quality, and support food production for habitat biodiversity. However, these systems are threatened by urban development and have sea-level rise as a result of climate change. Such is evident in Guyana coastal areas where there had been a reduction of mangroves coverage from approximately 80,000 ha in 1980 to 22,000 ha in 2010 and 26,115 ha in 2019. One of the measures to restrict the depletion of this vital ecosystem is through an aggressive programme of mangrove replanting and restoration by the Government of Guyana. To monitor and measure the spatio-temporal effectiveness of this management effort require effective and advanced technologies, which remote-sensing capabilities can provide. In this study, the synthetic aperture radar (SAR) imagery was used for the mapping of mangrove regeneration and dynamics. The producer’s accuracy of the mangrove classification for each year was 96%, 95%, 97%, 99%, and 99% in 1996, 2007, 2010, 2016, and 2019, respectively, and the users’ accuracy was 95%, 95%, 95%, 99%, and 99%, respectively, demonstrated that this can be used for the monitoring spatio-temporal response of mangroves. The analysis of diameter at breast height and the heights of the mangroves also show the spatial and temporal trend of gains and losses of biomass as derived from the allometric equations of the analysed SAR images. The findings show the effectiveness of the methodology used to monitor changes and to estimate the biomass. This study could be a useful guide for planning future coastal restoration projects at the sample study sites, assist in community resilience in the face of sea-level rise and climate change, and support policymakers in multi-policy coordination involving the management of the Guyana coastal retreat. © 2021, King Abdulaziz University and Springer Nature Switzerland AG.",10.1007/s41748-021-00277-8,2023,Nedd G.A.; Oyedotun T.D.T.; Simard M.,Scopus,Article,NA,2-s2.0-85119997815,Scopus,1,research_paper,TRUE,FALSE,TRUE,TRUE,TRUE,FALSE,NA
Scopus,english,Green Infrastructure Development as a Basis for Climate-Resilient Planning,"As climate change accelerates, so the need grows for green infrastructure that will contribute to the resilience and habitability of urban spaces. Coastal cities situated on river systems will be affected by decreasing rainfall, increasing temperatures, rising sea levels, and growing salinity of river water. These changes will alter wetland and river ecosystems, modify riverbanks and biodiversity, and affect local economies and ways of life. This work, which addresses the urban and suburban areas of the city of Valdivia in Chile, seeks to identify locations in which green infrastructure solutions would help to mitigate the effects of climate change. The work involved data collection and a multivariate analysis upon which it is based the construction of a series of maps intended for use as reference materials to support the formulation of adaptation strategies. It has been analyzed opportunities for reconciliation of urban green areas with elements of the local territory through the strengthening of natural systems. The research contributes to the transition from traditional to sustainable urban planning strategies in light of new variables introduced by the ongoing climate transformation. © The Author(s), under exclusive license to Springer Nature Switzerland AG 2023.",10.1007/978-3-031-36320-7_33,2023,Jans M.,Scopus,Book chapter,NA,2-s2.0-85193949629,Scopus,1,other,TRUE,FALSE,TRUE,TRUE,TRUE,FALSE,NA
Scopus,english,Influence of drought and anthropogenic pressures on land use and land cover change in the brazilian semiarid region,"Changes in land use and land cover in the Brazilian semiarid region have intensified, due to climate change and anthropic activities, amplifying land degradation and the desertification process. In this scenario, the objective of this study is to evaluate the spatio-temporality of the conditions of loss and gain of land use and land cover in the Brazilian semiarid region, with an emphasis on Caatinga and water resources. From the satellite environmental monitoring of the municipality Boqueirão, Paraíba, Brazil, digital cloud processing was performed via Google Earth Engine (GEE) based on Landsat geospatial data, between the years 2012 and 2021. The biophysical parameters, surface albedo, vegetation indices, and thematic maps of land use and occupation were used in the study. The natural vegetation and water bodies decreased while the areas of exposed land and pasture increased significantly. The albedo and vegetation indices indicated areas with a high water deficit in the Caatinga. Highlighted the absence of vegetation resilience, with a reduction of Caatinga (9.33%) and low water availability (2.24%) in the study area. © 2023 Elsevier Ltd",10.1016/j.jsames.2023.104362,2023,Refati D.C.; Silva J.L.B.D.; Macedo R.S.; Lima R.D.C.C.; Silva M.V.D.; Pandorfi H.; Silva P.C.; Oliveira-Júnior J.F.D.,Scopus,Article,NA,2-s2.0-85152928518,Scopus,1,research_paper,TRUE,FALSE,TRUE,TRUE,TRUE,FALSE,NA
Scopus,english,"Informing adaptation strategy through mapping the dynamics linking climate change, health, and other human systems: Case studies from Georgia, Lebanon, Mozambique and Costa Rica","While scientific research supporting mitigation of further global temperature rise remains a major priority, CoP26 and CoP27 saw increased recognition of the importance of research that informs adaptation to irreversible changes in climate and the increasing threats of extreme weather events. Such work is inevitably and appropriately contextual, but efforts to generalise principles that inform local strategies for adaptation and resilience are likely crucial. Systems approaches are particularly promising in this regard. This study adopted a system dynamics framing to consider linkages between climate change and population health across four low- and middle-income country settings with a view to identifying priority inter-sectoral adaptation measures in each. On the basis of a focused literature review in each setting, we developed preliminary causal loop diagrams (CLD) addressing dynamics operating in Mozambique, Lebanon, Costa Rica, and Georgia. Participatory workshops in each setting convened technical experts from different disciplines to review and refine this causal loop analysis, and identify key drivers and leverage points for adaptation strategy. While analyses reflected the unique dynamics of each setting, common leverage points were identified across sites. These comprised: i) early warning/preparedness regarding extreme events (thus mitigating risk exposure); ii) adapted agricultural practices (to sustain food security and community livelihoods in changing environmental conditions); iii) urban planning (to strengthen the quality of housing and infrastructure and thus reduce population exposure to risks); iv) health systems resilience (to maintain access to quality healthcare for treatment of disease associated with increased risk exposure and other conditions for which access may be disrupted by extreme events); and v) social security (supporting the livelihoods of vulnerable communities and enabling their access to public services, including healthcare). System dynamics modelling methods can provide a valuable mechanism for convening actors across multiple sectors to consider the development of adaptation strategies. © 2023 Loffreda et al. This is an open access article distributed under the terms of the Creative Commons Attribution License, which permits unrestricted use, distribution, and reproduction in any medium, provided the original author and source are credited.",10.1371/journal.pclm.0000184,2023,Loffreda G.; Chikovani I.; Mocumbi A.O.; Asmar M.K.; Blanco L.C.; Grant L.; Ager A.,Scopus,Article,NA,2-s2.0-85214567822,Scopus; WoS,2,research_paper,TRUE,FALSE,TRUE,TRUE,TRUE,FALSE,NA
Scopus,english,International Geological and Geotechnical Practice for River Defences Developed for Delivery of Flood Infrastructure in Peru,"The Autoridad para la Reconstrucción con Cambios ARCC was created by the Peruvian government to deliver critical infrastructure following the El Nino event in 2017 that damaged hospitals, schools, transport links and infrastructure and directly affected 1.9 million people. Within this framework, a collaborative agreement was set up with the United Kingdom UK government to rebuild schools and hospitals, and provide flood protection and resilience infrastructure. A UK delivery team UKDT, including Arup, Mace, and Gleeds, is providing technical assurance, delivery assurance, and cost assurance. Multidisciplinary technical guidance has been produced for this programme, of which geological, geomorphological, geotechnical, and multi-hazard assessment guidance was crafted with international practice to the context of river infrastructure to be delivered in Peru. Few comprehensive flood infrastructure codes, standards, or manuals existed in Peru prior to the inception of the reconstruction programme and the guidance created for the government has formed a new generation of how to design and build this infrastructure in Peru. Notable achievements for the guidance included adoption by the government as guides for project delivery, use for technical onboarding sessions for appointed contractors and designers, and utilization by parties on the programme to frame their basis of design outside of the contract technical provisions. This support has been and will ultimately lead to fostering the technical delivery of over approximately 60 projects in flood protection, city drainage systems, nature-based infrastructure, and early warning systems, and sets precedents for advancing this type of infrastructure in Peru into the future. © 2023 IAHR – International Association for Hydro-Environment Engineering and Research.",10.3850/978-90-833476-1-5_iahr40wc-p1278-cd,2023,Mirada F.; Keene A.; Chuquin F.; Lexartza-Artza I.,Scopus,Conference paper,NA,2-s2.0-85187710966,Scopus,1,research_paper,TRUE,FALSE,TRUE,TRUE,TRUE,FALSE,NA
Scopus,english,Marine animal forests in turbid environments are overlooked seascapes in urban areas,"Marginal reefs can provide meaningful information about the structure and dynamics of ecosystems under suboptimal environmental conditions. In addition to their different characteristics, these environments can also occur in urbanized areas. In this note, we characterize marine animal forests (MAFs) on turbid-zone reefs on an urban coast in the equatorial southwestern Atlantic. Overall, the sandstone ferruginous reefs (6–10 m depth) exhibited a flat topography and gentle slope (1–2 m above the seabed). Benthic cover is composed mainly of sponge gardens and ascidians. In addition, we found a low-relief coral carpet with only one massive reef-building coral (Siderastrea stellata) and Zoantharia. The ascidians and sponges had a higher diversity (at least 15 species) than the cnidarians (two species) in these forests. The main animals forming this seascape are weedy and stress-tolerant species adapted to challenging environmental conditions, such as swell waves, mesotidal regimes, moderate turbidity waters, and periodic burial. In this regard, these conditions and human impacts have shaped a unique MAF. Remarkably, the studied formations seem similar to high-latitude marginal reefs or low-latitude reefs under the influence of upwelling, which sustains soft corals and non-framework building coral communities along with sponges and ascidians. In particular, the shallow MAFs along the semi-arid coast of Brazil seem to lack some of the characteristics of low-latitude reefs under high sedimentation, whose structure was described as coral rubble within sedimentary matrices. This suggests that factors other than periodic burials and low light availability affected these MAFs. These overlooked forests are widespread in this area and have been neglected in studies, despite their richness (> 31 taxa) and valuable ecosystem goods and services. In the context of urbanized areas subject to climate change and pollution impacts, jetties, and dredging activities, it is necessary to consider these lush forests in impact assessments and conservation policies. © 2023 The authors.",10.1590/2675-2824071.22060mos,2023,Soares M.O.; Salani S.; Paiva S.V.; Paiva C.C.; Carneiro P.B.M.,Scopus,Article,NA,2-s2.0-85158093781,Scopus; WoS,2,research_paper,TRUE,FALSE,TRUE,TRUE,TRUE,FALSE,NA
Scopus,english,Modeled Forest Conversion Influences Humid Tropical Watershed Hydrology More than Projected Climate Change,"In the humid tropics, forest conversion and climate change threaten the hydrological function and stationarity of watersheds, particularly in steep terrain. As climate change intensifies, shifting precipitation patterns and expanding agricultural and pastoral land use may effectively reduce the resilience of headwater catchments. Compounding this problem is the limited long-term monitoring in developing countries for planning in an uncertain future. In this study, we asked which change, climate or land use, more greatly affects stream discharge in humid tropical mountain watersheds? To answer this question, we used the process-based, spatially distributed Soil Moisture Routing model. After first evaluating model performance (Ns = 0.73), we conducted a global sensitivity analysis to identify the model parameters that most strongly influence simulated watershed discharge. In particular, peak flows are most influenced by input model parameters that represent shallow subsurface soil pathways and saturation-excess runoff while low flows are most sensitive to macropore hydraulic conductivity, soil depth and porosity parameters. We then simulated a range of land use and climate scenarios in three mountain watersheds of central Costa Rica. Our results show that deforestation influences streamflow more than altered precipitation and temperature patterns through changes in first-order hydrologic hillslope processes. However, forest conversion coupled with intensifying precipitation events amplifies hydrological extremes, reducing the hydrological resilience to predicted climate shifts in mountain watersheds of the humid tropics. This finding suggests that reforestation can help mitigate the effects of climate change on streamflow dynamics in the tropics including impacts to water availability, flood pulses, channel geomorphology and aquatic habitat associated with altered flow regimes. © 2023 by the authors.",10.3390/hydrology10080160,2023,Joyal T.; Fremier A.K.; Boll J.,Scopus,Article,NA,2-s2.0-85169147093,Scopus,1,research_paper,TRUE,FALSE,TRUE,TRUE,TRUE,FALSE,NA
Scopus,english,Multidisciplinary Evaluation of Vulnerabilities: Communities in Northern Mexico,"This article takes a holistic view of vulnerabilities within several communities in northern Mexico. The authors use a mixed-methods approach, combining quantitative and qualitative data collection methods to capture different dimensions of vulnerability. Using the multidimensional vulnerability framework (MVI), they analyze socioeconomic indicators, including poverty rates, income inequality, access to essential services, and economic well-being in the Mexican state of Chihuahua. Environmental factors such as water scarcity, pollution levels, and natural resource degradation are also included to understand the ecological challenges those communities face, and political factors, including governance structures and policies, determine their influence on vulnerability and resilience. The result indicates that the community prioritizes ecological indicators over social ones. However, in each community this is heterogeneous. In both cases, the ecological and social indicators selected allow for a multidisciplinary approach to vulnerability. By identifying and understanding these issues, policy makers, researchers, and community leaders can work collaboratively to design strategies to mitigate the impacts of these vulnerabilities. In addition, architects and urban planners can offer specific interventions to benefit these communities. This research contributes to the broader field of vulnerability studies by demonstrating the importance of a multidisciplinary approach to understanding and addressing the complex web of vulnerability faced by communities in northern Mexico and territories that share similar characteristics. © 2023 by the authors.",10.3390/su151713077,2023,Valderrey F.; Carreño L.; Lucatello S.; Giorgi E.,Scopus,Article,NA,2-s2.0-85170206987,Scopus; WoS,2,research_paper,TRUE,FALSE,TRUE,TRUE,TRUE,FALSE,NA
Scopus,english,"POTENTIAL OF SOLAR INCIDENCE IN MULTI-FAMILY STUDENTS’ PROJECTS IN LIMA, PERU","This research focuses on evaluating the solar incidence obtained from students’ projects in the second year of architectural academic learning and establishes ratios and performances according to the quantity of photovoltaic (PV) areas and dwellings designed in Lima, Peru. Projects were developed considering the introduction of the architectural integration of PV (AIPV) concept in conventional multi-storey buildings typology. The resulting solar incidence validates an original teaching process carried out for an effective AIPV as part of the intermediate training in the architecture course; and it can also be considered as a valuable source to inform about the enormous possibilities of solar potential in relevant projects and expected policies addressed to housing and energy sectors in Lima. Numerous multi-family projects inside urban blocks with internal patios were evaluated. Although PV array orientations may differ between −49° and +75° with respect to the recommended azimuth (north = + 0°), acceptable performances are achieved (an average up to 80.55% of the available solar incidence by square meter at PV arrays), by using 41.49% of rooftop area. However, if better performances are expected, efforts are required to obtain more convenient azimuth orientation angles (from NNW to NNE) as well as reduce shading effects by separation and geometry configurations at rooftops. The average PV area per property could cover a large part of the electrical needs of dwellings in Lima, and it is very encouraging to allow owners to become self-consumers or even prosumers in the future, facilitating adaptation and mitigation scenarios to climate change in the urban environment. Other technical problems (other than solar incidence) can be studied in further research. © 2023 WITPress. All rights reserved.",10.2495/esus230091,2023,Valdivia-Sisniegas R.H.; Mancilla-Bravo D.C.; Chichipe-Mondragón V.M.; Chicche-Mamani P.B.; Vílchez-Domínguez A.M.,Scopus,Article,NA,2-s2.0-85182354419,Scopus,1,research_paper,TRUE,FALSE,TRUE,TRUE,TRUE,FALSE,NA
Scopus,english,Practice papers A commentary on the New Urban Agenda,"The New Urban Agenda (NUA) was adopted at Habitat III, the United Nations Conference on Housing and Sustainable Urban Development, which was held in Quito, Ecuador, in October 2016. This paper is informed in large measure by the resulting documentation on the so-called ‘Quito Declaration’ and accompanying ‘Implementation Plan’ set out in the official NUA publications prepared by UN Habitat, as well as drawing on various supporting documents prepared by other UN agencies in the wake of the Declaration. The Implementation Plan lists 175 commitments and principles that respond to the vision and ambitions in the Declaration in which the building of more resilient urban settlements and supporting infrastructure is implicitly seen as the pathway to sustainability, and the adoption of more climate-friendly urban planning and development protocols is therefore a priority. While such ambition is clearly laudable, the paper questions the efficacy of the Agenda’s key principles and associated development guidelines, and asks if these are sufficiently detailed to inform policy makers in pursuit of its aspirations, as well as questioning their flexibility as implementation tools to accommodate geographically specific contextual differences in disparate urban settings. It is not therefore a research paper in the normally accepted academic sense, but is simply an essay-cum-commentary on the Agenda’s progress as it seeks to promote good practice in urban planning, and whether this is likely to deliver on more sustainable development that is also responsive to climate change imperatives. © 2023, Henry Stewart Publications. All rights reserved.",NA,2023,Field B.G.,Scopus,Article,NA,2-s2.0-85160929311,Scopus,1,research_paper,TRUE,FALSE,TRUE,TRUE,TRUE,FALSE,NA
Scopus,english,Promoting Thermal Comfort in Communities: Urban Shading Project Based on Local Characteristics,"One of the main phenomena associated with urban climate is the development of heat islands, whose effect can be intensified with climate change in episodes of heat waves. To increase urban resilience improving outdoor thermal comfort conditions, urban shadings can be provided on the places most exposed to sunlight. Although widely used in vernacular cities in warm climates, these devices have largely disappeared from modern cities. This theme was then rescued in a course dedicated to the study of solar geometry in the Architecture and Urbanism undergraduate program at the Federal University of Minas Gerais, Brazil. This paper aims to present the process and practical results developed by the students for a street in the city of Belo Horizonte. The teaching methods encompassed content about solar geometry in Architecture, searching for solutions and construction materials. The students tested the proposed devices on the sun path simulator (heliodon) using scaled physical models; virtual models were also tested in the software Sketch-up©, free version. The simultaneous use of physical and virtual models contributed to the maturation of the students' spatial vision regarding the sun path and shadows, as well as the theme showed them opportunities to develop new types of urban furniture with environmental comfort function. © 2023 by the authors.",NA,2023,Rodrigues B.B.; Valadares J.V.; Costa E.D.F.; Assis E.S.; Silva F.J.,Scopus,Conference paper,NA,2-s2.0-85194028039,Scopus,1,research_paper,TRUE,FALSE,TRUE,TRUE,TRUE,FALSE,NA
WoS,english,Prospective scenarios for water sustainability in the Sao Francisco; River Basin,"Expanding water demands and increasing uncertainties associate with water availability in the context of climate change are drivers of future development scenarios in water management of river basins. Water limitations can be particularly important in developing countries, where agriculture and livestock constitute the basis of the economy. Although many researchers have dealt with quantification of water, the application of methods to evaluate the relationship between demand and availability is still scarce in the literature. In the present research, water demand prospective scenarios for the Sao Francisco River Basin, Brazil were developed, allowing the determination of management procedures to spare this resource. Starting from the present situation, three distinct future evolution scenarios were drawn for water withdrawal flows for the years 2025 and 2035 based on sub-basin water use sectors (farming, industry, human supply-urban and rural, and water diversion for external use): a tendential scenario (B) drawn from the present water uses; a moderate water consumption scenario (A), associated with smaller economic and social development; and a stronger development scenario (C), with increases in water demand. Sustainability of water demand is assessed by comparing water availability, as the ratio between the water demand and observed flows. Regardless of the complexity and extent of the region, applied geographic information system was able to depict the water availability and determine management procedures. The main water withdrawal is associated with irrigated agriculture. For the three prospective scenarios, it is expected that the situation tends to get worse, leading to severe water scarcity in most sub-basins and posing several challenges for the water resources management. Management actions are proposed, in order to equilibrate the water availability in the basin.",10.1007/s40899-023-00845-y,2023,"Bettencourt, P; Fernandes, PA; Fulgêncio, C; Canas, Å; Wasserman, JC",SUSTAINABLE WATER RESOURCES MANAGEMENT,Article,NA,WOS:000984297600001,WoS,1,research_paper,TRUE,FALSE,TRUE,TRUE,TRUE,FALSE,NA
Scopus,english,Risk analysis of hydrometeorological disasters: methodological approach ap-plied to medium-sized municipalities; [Análise de riscos de desastres hidrometeorológi-cos: abordagem metodológica aplicada a municí-pios de médio porte],"The climate crisis has negatively affected people around the world, however, resilient cities have been able to better protect their inhabitants and, for this reason, several legal and regulatory instruments are being developed. Thus, the aim of this work was to propose a methodology for analyzing the risks of hydrometeorological disasters using sub-indicators of NBR ISO 37.123/2021 applied to municipalities with more than 100,000 inhabitants in Paraná, Brazil. In order to achieve this, we created new indicators based on annual information of extreme storms, excessive heat and cold weather and floods events, and the annual total number of people affected in the last ten years. The data were collected from Paraná Civil Defense and Paraná Institute of Economic and Social Development. The analysis was performed quantitatively by equations and graphs. We observed that cities such as Araucaria, Curitiba, Foz do Iguaçu, Guarapuava, Paranaguá, Ponta Grossa and São José dos Pinhais are the ones that most need to prepare for extreme storms and floods. Furthermore, Guarapuava is prone to cold waves and Maringá is vulnerable to strong storms. We also found that NBR ISO 37.123/2021 needs to be adapted to Brazilian reality regarding the indicators of hydrometeorological disaster. © 2023 Editora CHAMPAGNAT. All rights reserved.",10.1590/2175-3369.015.e20220150,2023,Pereira M.T.; Miranda Y.C.,Scopus,Article,NA,2-s2.0-85178043774,Scopus; WoS,2,research_paper,TRUE,FALSE,TRUE,TRUE,TRUE,FALSE,NA
WoS,english,SOCIO-ENVIRONMENTAL VULNERABILITY TO DISASTERS: SCENARIOS AND CHALLENGES; FOR THE MUNICIPALITY OF BRUSQUE (SC),"Objective: Since the beginning of this century, the municipality of Brusque has recorded a significant increase in landslide occurrences, which have caused both serious damage to the city's infrastructure and fatalities. This article aims to classify the socio-environmental vulnerability (SEV) of the municipality of Brusque, in the state of Santa Catarina (SC), to socio-environmental disasters (landslides). Methodology: The SEV mapping was developed from a multi-criteria analysis with the aid of a geographic information system (GIS). In order for the SEV classification to function, it was necessary to calculate the propensity (Ivs) and exposure (VAT) indices. The indices were cross referenced in a social and environmental vulnerability matrix. Originality/Relevance: The relevance of the study is justified by evaluating the methodology that not only considers the physical natural environment, but also the ability of the community to prevent, absorb, resist/respond and adapt to socio-environmental disasters. Main Results: The results have classified Brusque as a municipality of high socio-environmental vulnerability to landslides. This classification indicates a pattern of high environmental susceptibility with an increased number of inhabitants living in risk areas. Contributions: This article aims to contribute through advances in evaluation research and the formulation of integrated risk and resilience management proposals in the municipalities of Vale do Itajai/SC/Brazil. In this context, it is important to understand scenarios with the greatest impact of socio-environmental disasters as a tool for urban planning and disaster risk management in the city of Brusque/SC",10.5585/2023.22368,2023,"Mello, BJ; Souza, CMD; Aumond, JJ; Silva, JIAO; Langa, ED; de Novaes, JM",REVISTA DE GESTAO AMBIENTAL E SUSTENTABILIDADE-GEAS,Article,NA,WOS:001091123300001,WoS,1,research_paper,TRUE,FALSE,TRUE,TRUE,TRUE,FALSE,NA
Scopus,english,SOIL EROSION DUE TO RAINFALL AND THE IMPACTS OF CLIMATE CHANGE IN AN ANDEAN HIGHLAND IN COLOMBIA; [Erosión del suelo por lluvias e impactos del cambio climático en un altiplano andino en Colombia],"Trends and median slope of daily rainfall that can affect rainfall aggressiveness and cause erosion in the Bogotá-Duitama corridor were studied. For this, the daily records of 26 stations (35 years, from 1980 to 2014) were evaluated, using the Sen's statistic and the Mann-Kendall test with confidence levels higher than 90%. The studied area covered about 8,100 km2, located between 2,100 and 3,300 m a.s.l. in the Colombian Andes. Four stations with positive trends in median annual rainfall were found (from 6.90 mm/year to 28.80 mm/year) and one station with a decrease in median rainfall of-6.86 mm/year. In order to analyze the pluvial aggressiveness as the main agent of soil erosion, the Modified Fournier Indices (MFI) were generated for periods of 10 days. With the maximum decadal Modified Fournier Indices (MFIdmax) of each year, it was possible to establish the median positive trend (Sen) of rainfall aggressiveness in five stations and three stations with negative trends. Through the correlation between the degree of erosion with the square of the decadal average maximum values of each year (MFIdmax2) and the negative annual precipitation, a coefficient of determination (R2) greater than 0.50 was found. The validation of MFIdmax 2 to explain the degree of soil erosion is a new useful methodology for land use planning and monitoring. In this way, developing countries have the possibility of using a tool to face the processes of pluvial erosion, vulnerability and adaptation to climate change. © 2023, The authors.",10.18172/cig.5667,2023,Lamprea-Quiroga P.S.; Jaramillo-Rodríguez O.; Mejía Ayala W.,Scopus,Article,NA,2-s2.0-85179700095,Scopus; WoS,2,research_paper,TRUE,FALSE,TRUE,TRUE,TRUE,FALSE,NA
Scopus,english,Statistical analysis of climate measurements for resilient design in social housing; [Análisis estadístico de mediciones climáticas para el diseño resiliente en la vivienda social],"Climate change is a progressive phenomenon that, although it can be mitigated, it cannot be stopped. As a consequence, the level of uncertainty is high to propose resilient design strategies to counteract its effects on people's comfort and health. Likewise, a limitation is the collection of information and access to climatic data of each place, so in the present work a cycle of temperature, relative humidity and wind speed measurements was proposed in a case study of social housing in the city of Tunja, Colombia. Thus, the objective of the article is to analyze and validate the reliability of the data collected on site. For this purpose, a descriptive statistical analysis of the information was carried out with tools such as Excel and PSPP version 1.4.1. As a result, it was found that, although the average level of reliability is acceptable, there are data below the minimum value of acceptability. It was concluded that descriptive statistics allows to know the margin of error to which the data are exposed and therefore reduce the uncertainty in the resilient design. © 2023 Potificia Universidad Catolica de Chile. All rights reserved.",10.7764/ric.00047.21,2023,Nieto-Barbosa V.; Cubillos-González R.A.; Tibério-Cardoso G.; Neckel A.; González-Anle F.J.N.; Cerón-Vinasco I.C.,Scopus,Article,NA,2-s2.0-85161325715,Scopus,1,research_paper,TRUE,FALSE,TRUE,TRUE,TRUE,FALSE,NA
Scopus,english,Surviving in a hostile landscape: Nothofagus alessandrii remnant forests threatened by mega-fires and exotic pine invasion in the coastal range of central Chile,"Nothofagus alessandrii, categorized as Endangered on the IUCN Red List, is an endemic, deciduous tree species of the coastal range of central Chile. We assessed the effects of fire severity, invasion by the exotic fire-prone Pinus radiata, and land-cover composition and configuration of the landscape on the resilience of fragments of N. alessandrii after a mega-fire in 2017. We used remote sensing data to estimate land-use classes and cover, fire severity and invasion cover of P. radiata. We monitored forest composition and structure and post-fire responses of N. alessandrii forests in situ for 2 years after the mega-fire. In the coastal Maule region wildfires have been favoured by intense drought and widespread exotic pine plantations, increasing the ability of fire-adapted invasive species to colonize native forest remnants. Over 85% of N. alessandrii forests were moderately or severely burnt. The propagation and severity of fire was probably amplified by the exotic pines located along the edges of, or inside, the N. alessandrii fragments and the highly flammable pine plantations surrounding these fragments (> 60% of land use is pine plantations). Pinus radiata, a fire-adapted pioneer species, showed strong post-fire recruitment within the N. alessandrii fragments, especially those severely burnt. Positive feedback between climate change (i.e. droughts and heat waves), wildfires and pine invasions is driving N. alessandrii forests into an undesirable and probably irreversible state (i.e. a landscape trap). A large-scale restoration programme to design a diverse and less flammable landscape is needed to avoid the loss of these highly threatened forest ecosystems.  Copyright © The Author(s), 2022. Published by Cambridge University Press on behalf of Fauna & Flora International.",10.1017/s0030605322000102,2023,González M.E.; Galleguillos M.; Lopatin J.; Leal C.; Becerra-Rodas C.; Lara A.; San Martín J.,Scopus,Article,NA,2-s2.0-85150223076,Scopus; WoS,2,research_paper,TRUE,FALSE,TRUE,TRUE,TRUE,FALSE,NA
Scopus,english,Temporary analysis of land use in a Ramsar site (No. 1981) in central Nuevo León; [Análisis temporal de uso del suelo en un sitio Ramsar (Núm. 1981) en el centro de Nuevo León],"The ecosystem services provided by wetlands are central to the sustainability of societies through their contribution to food supply and climate regulation. The gradual deterioration of these ecosystems exacerbates the environmental crisis and the deterioration of water quality. Ramsar Sites were created for the protection of the world's wetlands, with the aim of preserving the integrity and maintenance of their biological character. This study presents the situation of Ramsar Site No. 1981 which is in north-eastern Mexico, using satellite images and land use maps, land use change is accounted for a period of 44 years analysed in three temporal snapshots: 1975, 2003 and 2019. The flooded area decreased by 84 %, scrubland decreased by 36 % and agricultural area increased by 547 %, and grassland by 284 %. The area increased at the expense of floodplain cover, possibly caused by prolonged periods of drought over the last few decades. It is essential to recognise that Mexico has not legislated specifically for the protection of Wetlands, therefore decree a system of Ramsar is not enough to stop or reverse the processes of environmental degradation. It is necessary to improve the management of existing laws and develop an adaptive management plan subject to hydrological changes due climate change, inadequate watershed management and lack of natural cover. © 2023 National Institute of Forestry, Agricultural and Livestock Research. All rights reserved.",10.29298/rmcf.v14i79.1356,2023,Medina García M.A.; Scott-Morales L.M.; Coiffier P.V.; Correa M.C.; Castillón E.E.,Scopus,Article,NA,2-s2.0-85174248586,Scopus,1,research_paper,TRUE,FALSE,TRUE,TRUE,TRUE,FALSE,NA
WoS,english,Territorializing the Climate Policy Agenda in Intermediate Cities of the; Andean Region,"This article explores how the climate policy agenda gets territorialized in four intermediate cities of the Andean Region: Pasto (Colombia), Santo Domingo de los Tsachilas (Ecuador), Iquitos (Peru), and Santa Cruz de la Sierra (Bolivia). We investigate processes of coercion, competition, emulation and learning to argue that fast-paced diffusion of the climate agenda produces a bricolage of instruments as an attempt to comply, repair, adjust, or experiment with the multi-scale policy framework. The study emphasizes the importance of institutional frameworks, planning instruments, climate regulations and contextualized practices that condition climate action locally.",10.1080/02697459.2022.2026036,2023,"Carrión, A; Ariza-Montobbio, P; Calero, D",PLANNING PRACTICE AND RESEARCH,Article,NA,WOS:000744844900001,WoS,1,research_paper,TRUE,FALSE,TRUE,TRUE,TRUE,FALSE,NA
Scopus,english,The expected impacts of sea level on the Mexican Atlantic coast,"The Mexican Atlantic coast is vulnerable to sea level rise due to its low, sandy shorelines with extensive adjacent wetlands. The increasing trends at the regional level are similar to global trends (~3 ± 0.04 mm/year): between 1.8 mm/year in Alvarado, Veracruz, to 3.6 mm/year in Isla Mujeres, Quintana Roo. A synthetic model was applied to Mexican Atlantic coast under two sea level rise scenarios for the year 2100. Our objectives were: 1) to identify potentially floodable zones in the face of a sea level rise of one and two meters on the Mexican Atlantic coast with a synthetic model using SRTM and LiDAR topographic data; 2) to determine vegetation and land use affected in the potentially floodable zones; and 3) quantify the vulnerable human population. With topographic data we identified low areas (one and two meters) to assess potentially floodable zones; these were intersected with data layers of vegetation, land use, and human population. Deltaic zones, coastal lagoons and low-lying areas of the Yucatan Peninsula were regions with the largest potentially floodable surface. In the one-meter sea rise scenario, 581,674 ha were identified as potentially floodable, and 896,151 in the two-meter scenario. The most vulnerable vegetation and land use types were wetlands, such as cattail marshes (tulares; ~29 %) and mangroves (~27 %), as well as cultivated grasslands (~6 %). The indirectly affected coastal population could be approximately 5.5 million in these scenarios (~33 %), and the directly affected population could range between 124,000 and 440,000 (~0.72 and 2.55 %, respectively). These results indicate that there will be strong effects in economic, social, and environmental impacts on the Atlantic coast of Mexico in the event of a one- and two-meters sea level rise. This type of work will enable proposal conservation and adaptation strategies for human populations and coastal cities. © 2023",10.1016/j.scitotenv.2023.166317,2023,Sánchez-García E.A.; Yañez-Arenas C.; Lindig-Cisneros R.; Lira-Noriega A.; Monroy Ibarra R.; Moreno-Casasola P.,Scopus,Article,NA,2-s2.0-85168551413,Scopus; WoS,2,research_paper,TRUE,FALSE,TRUE,TRUE,TRUE,FALSE,NA
Scopus,english,"The role of colonial pasts in shaping climate futures: Adaptive capacity in Georgetown, Guyana","This article examines the role of colonial institutions and legacies in shaping modern-day adaptive capacity in a postcolonial urban center in the Caribbean – Georgetown, Guyana. Focusing on the Dutch and British colonial periods of governance, it shows the ways in which these colonial periods have shaped the physical and social structures of the city, and influenced many of its present-day processes and institutions, some of which are incapable of reducing the city's vulnerability to climate risks and impacts, including sea-level rise, coastal inundation, and flooding. It finds that the maintenance of critical infrastructure for building adaptive capacity such as the colonial era seawall and drainage system has been inconsistent, largely due to financial constraints. And although various international organizations have financed other large-scale hard infrastructure projects for sea and river defenses, community-based drainage projects have proven to be more successful in mitigating flood risks, illustrating the effectiveness of contemporary grassroots interventions. Beyond these, this article highlights the need for more long-term resilience and transformational measures, particularly relating to knowledge- and meaning-making, and to financing and strengthening local institutions, in order to improve the city's adaptive capacity both now and in the future. © 2023 The Authors",10.1016/j.habitatint.2023.102902,2023,Robinson S.-A.; Douma A.; Poore T.; Singh K.,Scopus,Article,NA,2-s2.0-85166984678,Scopus; WoS,2,research_paper,TRUE,FALSE,TRUE,TRUE,TRUE,FALSE,NA
Scopus,english,Transformation of tall-tussock grasslands and soil water dynamics in the Flooding Pampa,"Cow-calf production is the main practice within marginal agricultural lands of the world, like the Flooding Pampa of Argentina, where it promotes the transformation of native tall-tussock grasslands Paspalum quadrifarium into native short-grass grasslands or sown pastures. The effect of these land use changes on water dynamics are not well understood, especially in regions subjected to marked interannual drought and flooding cycles. Here we measured soil properties (infiltration rate, bulk density and soil organic matter), rainfall interception by the canopy, and soil moisture during two years with different annual rainfall. Then, we parameterized a hydrological model (HYDRUS) for inferring consequences of soil water fluxes on water regulation. Infiltration rate was significantly higher in native tall-tussock grasslands than native short-grass grasslands and sown pastures, bulk density was significantly lower in native tall-tussock grasslands than native short-grass grasslands and sown pastures, and soil organic matter was significantly higher in native tall-tussock grasslands than sown pastures. Simulated water dynamics during years of low annual precipitation (summer rainfall deficit), show that transpiration and evaporation from native short-grass grasslands represented 59 % and 23 % of total water balance, whereas transpiration and evaporation from native tall-tussock grasslands represented 70 % and 12 %, respectively. This result reflects the high productive capacity of native tall-tussock grasslands under dry conditions. In contrast, under high annual precipitation (excess during fall and winter), transpiration and evaporation from native short-grass grasslands represented 48 % and 26 % of total water balance, whereas in native tall-tussock grasslands represented 35 % and 9 %, respectively. These results suggest a low capacity of native tall-tussock grasslands to evacuate water excess, especially during fall and winter. The observed differences in water fluxes between native tall-tussock grasslands and native short-grass grasslands are important to understand water dynamics under different climatic conditions and could be useful for adaptation to climate change through ecosystem-based management. © 2023 Elsevier B.V.",10.1016/j.scitotenv.2023.165362,2023,Sirimarco X.; Villarino S.; Barral M.P.; Puricelli M.; Laterra P.,Scopus,Article,NA,2-s2.0-85166666486,Scopus; WoS,2,research_paper,TRUE,FALSE,TRUE,TRUE,TRUE,FALSE,NA
Scopus,english,"Transitioning to sustainable mobility in Lima, Peru. Are e-scooter sharing initiatives part of the problem or the solution?","Micro-mobility has increased in urban environments to reduce dependence on private vehicles. While electric micro-mobility alternatives are supposed to reduce environmental impacts, certain studies suggest that this can depend on the transport mode they substitute. In parallel, despite growing efforts, urban areas in developing and emerging economies struggle to implement sustainable mobility programs at a city-wide level. In March 2019 the first dockless e-scooter rental service appeared in the city of Lima, Peru. Although the social and environmental impacts of dockless e-scooters have been the center of multiple studies, these are mostly based in North America and Europe. Therefore, the main objective of the current study was to use Life Cycle Assessment (LCA) to address the environmental profile of e-scooter use in districts of central Lima. All stages of the life-cycle of e-scooters were modelled considering local conditions, from manufacture to end-of-life. A sensitivity analysis was conducted to account for the variability in environmental impact based on five parameters: lifespan, battery range, remaining battery charge, collection distance and collection vehicle. Results show that over two thirds of impacts are linked to manufacturing thanks to the low-carbon profile of electricity production in Peru, which lowers the burdens in the use phase, making e-scooter use competitive in the local market as compared to electric bikes or motorcycles. However, replacement trends show that net environmental gains are not always obtained. Poor maintenance and derived lifespan or battery range are important sources of variability for the impact categories assessed. Although e-scooters show potential for their implementation in developing cities with similar characteristics to Lima, we recommend that site-specific studies should be conducted to foster adaptive management strategies which take into account the means of transport being substituted by e-scooters. © 2022 Elsevier B.V.",10.1016/j.scitotenv.2022.161130,2023,Echeverría-Su M.; Huamanraime-Maquin E.; Cabrera F.I.; Vázquez-Rowe I.,Scopus,Article,NA,2-s2.0-85146050838,Scopus; WoS,2,research_paper,TRUE,FALSE,TRUE,TRUE,TRUE,FALSE,NA
Scopus,english,Women in dry and neglected lands in Brazil: An insight on the Caatinga biome,"This chapter contributes to the discussion about female-headed farms' (FHFs') adaptation to climate change resulting in a severe environment for the poorest and Forgotten Regions, such as Caatinga biome in Brazil. Despite the severe drought, the Caatinga biome had an increase in the number of FHFs between 2006 and 2017 growing by about 7 percentage points, reaching 23.18% of the total farms. We applied descriptive statistics and exploratory analysis of spatial data for the cities in the Caatinga biome from the Agriculture and Livestock Censuses database. The data show that FHFs have land limitations, with a predominance of mini-farms, in addition to limited capital and little access to technical guidance. Women responsible for farms face difficulties in meeting practical gender needs - for example, daycare, health, transport, and other services. Social technologies of coexistence with drought, such as the construction of cisterns, contribute in part to meet one of the practical needs of gender. An increase in the education level contributed to the meeting the strategic gender needs of the women, as well as higher levels of FHF membership in organizations like a cooperative/association/union. Public policies should promote collective actions alongside governmental extensionist programs to improve technical diffusion of climate change adaptation to FHFs. © 2024 selection and editorial matter, María del Carmen Sánchez-Carreira, Paulo Jorge Reis Mourão and Bruno Blanco-Varela. All rights reserved.",10.4324/9781003190592-11,2023,Estanislau P.; Staduto J.A.R.; Kreter A.C.,Scopus,Book chapter,NA,2-s2.0-85175502594,Scopus,1,other,TRUE,FALSE,TRUE,TRUE,TRUE,FALSE,NA
Scopus,english,ZEMCH 2023 - 10th Zero Energy Mass Custom Home International Conference,"The proceedings contain 30 papers. The topics discussed include: ecosystem services of blue-green infrastructure for climate change adaptation and mitigation in an arid region; exploring the thermal resilience of a housing prototype in the United Arab Emirates; identification of parameters for assessing the livelihood impacts of dam-induced resettlement; promoting thermal comfort in communities: urban shading project based on local characteristics; exploring the potential of urban agriculture in villas: a study of green spaces and gardening practices in the UAE; business model and customization in modular construction in the UK; production planning and control in customized modular construction: design, manufacturing plant, and construction site integration; thermal characterization of interior spaces of colonial architecture in Arequipa, comparative analysis of ignimbrite (sillar) envelopes and contemporary materials (drywall); and methodology for the social housing project in Brazil based on co-design, mass customization and economic viability.",NA,2023,NA,Scopus,Conference review,NA,2-s2.0-85194094223,Scopus,1,other,TRUE,FALSE,TRUE,TRUE,TRUE,FALSE,NA
Scopus,english,"6th International Conference on Applied Informatics, ICAI 2023","The proceedings contain 30 papers. The special focus in this conference is on Applied Informatics. The topics include: A Bio-Inspired-Based Salp Swarm Algorithm Enabled with Deep Learning for Alzheimer’s Classification; a Scientometric Analysis of Virtual Tourism Technology Use in the Tourism Industry; a Tool to Predict Payment Default in Financial Institutions; prediction Value of a Real Estate in the City of Quito Post Pandemic; simulation Model to Assess Household Water Saving Devices in Bogota City; towards Reliable App Marketplaces: Machine Learning-Based Detection of Fraudulent Reviews; challenges to Use Role Playing in Software Engineering Education: A Rapid Review; team Productivity Factors in Agile Software Development: An Exploratory Survey with Practitioners; work-Life Interference on Employee Well-Being and Productivity. A Proof-of-Concept for Rapid and Continuous Population Analysis Using Evalu@; enhancing Face Anti-spoofing Systems Through Synthetic Image Generation; Comparative Analysis of Spatial and Environmental Data in Informal Settlements, from Point Clouds and RPAS Images; Prospects of UAVs in Agricultural Mapping; gross Motor Skills Development in Children with and Without Disabilities: A Therapist’s Support System Based on Deep Learning and Adaboost Classifiers; TP53 Genetic Testing and Personalized Nutrition Service; changes in the Adaptive Capacity of Livelihood Vulnerability to Climate Change in Ecuador’s Tropical Commodity Crops: Banana and Cocoa; context and Characteristics of Software Related to Ecuadorian Scientific Production: A Bibliometric and Content Analysis Study; exploring the Potential of Genetic Algorithms for Optimizing Academic Schedules at the School of Mechatronic Engineering: Preliminary Results; machine Masquerades a Poet: Using Unsupervised T5 Transformer for Semantic Style Transformation in Poetry Generation; Comparative Quality Analysis of GPT-Based Multiple Choice Question Generation.",NA,2024,NA,Scopus,Conference review,NA,2-s2.0-85176016694,Scopus,1,other,TRUE,FALSE,TRUE,TRUE,TRUE,FALSE,NA
Scopus,english,A Global Environmental History of Coastal Dunes,"This book provides a holistic perspective on coastal dunes, highlighting new insights into present-day challenges to show that narratives, along with numbers, graphics, and computer models, have a role to play in climate change science, policymaking, and citizenship awareness. Adopting a cross-disciplinary approach, this book combines fiction, history, and science, to discuss past, present, and future ways of living in coastal areas. Dunes are hybrid environments, a combination of natural elements and human agency; they tell stories of values, traditional wisdom, institutions, empires, technology, vulnerabilities, coastal management, adaptation, and sustainability. Drawing on the past, Joana Gaspar de Freitas unpacks a diverse and fascinating history of dunes, linking knowledge, methods, and approaches from several case studies across the world, including France, Portugal, Brazil, Mozambique, New Zealand, USA, and the UK. The book connects the bio geophysics of global change with the main driver of transformation-human agency-to integrate and address nature-society issues, taking human and nonhuman agents into account. In following the choices, paths, and strategies that created today’s coastal landscapes, the book generates greater awareness and understanding of how to shape coastal futures. This is an engaging, original, and, fundamentally, important book that fills a gap in our knowledge of cities, infrastructure, economies, and cultures built on shorelines. A key read for scholars, researchers, and students in environmental history, environmental science, sustainability, coastal land management, and climate change. © 2025 Joana Gaspar de Freitas.",10.4324/9781003317388,2024,De Freitas J.G.,Scopus,Book,NA,2-s2.0-85210882679,Scopus,1,other,TRUE,FALSE,TRUE,TRUE,TRUE,FALSE,NA
Scopus,english,A Sustainability Approach between the Water–Energy–Food Nexus and Clean Energy,"The excessive use of energy from fossil fuels, which corresponds to population, industrialisation, and unsustainable economic growth, is the cause of carbon dioxide production and climate change. The Water–Energy–Food (WEF) nexus is an applicable conceptual framework that helps manage the balance between human development and natural resource constraints, and it becomes a valuable tool to address the challenges of resource depletion and clean energy. This article aims to analyse the relationship between the WEF nexus and clean energy through a statistical analysis and a systematic review of knowledge on energy sustainability. The methodology involves the selection of bibliographic information databases such as Scopus and Web of Science (WoS), a statistical analysis, specifically the Scientometrics applied to the information obtained, and the identification of 179 scientific publications related to the study variables through a screening process called Preferred Reporting Items for Systematic Reviews and Meta-Analyses (PRISMA). The interaction of green energy and sustainability with the WEF nexus has been approached mainly by developed countries such as China (10%), the United States (9.49%), India (7.26%), and Brazil (5.02%). The review of 55 scientific papers identified strategies that balance economic growth and environmental impact, applying clean energy systems (e.g., solar and wind), and the importance of adaptation to the subsystems of the WEF nexus. This study also highlights adaptability to climate change in rural and urban communities. Therefore, it is consistent with the four pillars of sustainable development (Economic: 7 papers, Environmental: 22, Social: 18, and Cultural: 8). This study highlights the following: (a) the importance of the use of renewable energy either in mixed systems and consumption, energy storage, and seeking energy efficiency in systems adapted to diverse environments and (b) the relevance of community participation in the decision-making process for the use of clean energy, such as a strategy for climate change adaptation. © 2024 by the authors.",10.3390/w16071017,2024,Herrera-Franco G.; Bravo-Montero L.; Caicedo-Potosí J.; Carrión-Mero P.,Scopus,Review,NA,2-s2.0-85190367405,Scopus; WoS,2,review,TRUE,FALSE,TRUE,TRUE,TRUE,FALSE,NA
Scopus,english,ADAPTING MODERN PUBLIC SPACE TO ACTUAL NEEDS,"Adapting modern public space to actual needs is a topic we discuss in a dialogue between different cultural and geographic realities in Chile and Germany. Both countries can look back on a history of adapting open spaces of modern complexes to contemporary needs. Since 1960, Chile has implemented transformations in modern spaces following political utopias and social changes. The alterations pursued urban renewal through establishing “neighbourhood units” or through formalising informal settlements. The intensity of social needs and self-help dynamics has continued to influence original layouts to this day. Two specific examples of public space typologies in a Sites & Services settlement in Santiago illustrate how changes in public space made by users to satisfy their social needs enable different forms of public interactions. In Germany, there has been a shift in appreciation for large scale modern housing complexes. In the 1990s, they were criticised as dinosaurs and even partially demolished in shrinking cities. Nowadays, their contribution to the increasing housing shortage, and their adaptability to climate change are appreciated. Given this context, the adaptation of open spaces has become all the more relevant. Two projects from Cologne show how upgrading helps to improve the living conditions of modernist housing complexes. © 2024 Docomomo International, Ediciones ARQ. All Rights Reserved.",NA,2024,Schlack E.; von Hagen J.,Scopus,Conference paper,NA,2-s2.0-105013680298,Scopus,1,research_paper,TRUE,FALSE,TRUE,TRUE,TRUE,FALSE,NA
WoS,english,Adaptation and Response in Drylands (ARID): Community Insights for; Scoping a NASA Terrestrial Ecology Field Campaign in Drylands,"Dryland ecosystems cover 40% of our planet's land surface, support billions of people, and are responding rapidly to climate and land use change. These expansive systems also dominate core aspects of Earth's climate, storing and exchanging vast amounts of water, carbon, and energy with the atmosphere. Despite their indispensable ecosystem services and high vulnerability to change, drylands are one of the least understood ecosystem types, partly due to challenges studying their heterogeneous landscapes and misconceptions that drylands are unproductive ""wastelands."" Consequently, inadequate understanding of dryland processes has resulted in poor model representation and forecasting capacity, hindering decision making for these at-risk ecosystems. NASA satellite resources are increasingly available at the higher resolutions needed to enhance understanding of drylands' heterogeneous spatiotemporal dynamics. NASA's Terrestrial Ecology Program solicited proposals for scoping a multi-year field campaign, of which Adaptation and Response in Drylands (ARID) was one of two scoping studies selected. A primary goal of the scoping study is to gather input from the scientific and data end-user communities on dryland research gaps and data user needs. Here, we provide an overview of the ARID team's community engagement and how it has guided development of our framework. This includes an ARID kickoff meeting with over 300 participants held in October 2023 at the University of Arizona to gather input from data end-users and scientists. We also summarize insights gained from hundreds of follow-up activities, including from a tribal-engagement focused workshop in New Mexico, conference town halls, intensive roundtables, and international engagements. Drylands are landscapes with limited water availability, which cover 40% of Earth's land surfaces, support billions of humans, and play a substantial role in Earth's weather and climate systems. However, these ecosystems are under threat from droughts and heatwaves. They are also poorly understood because of challenges measuring their highly diverse vegetation types and interspersed vegetation cover and because of incorrect perceptions that they are unimportant ""wastelands."" These limitations make it challenging to manage their landscapes and quantify how drylands are driving Earth's weather and climate. NASA solicited proposals for a multi-year field campaign, of which Adaptation and Response in Drylands (ARID) was one of two scoping studies selected. The ARID scoping study aims to design a plan for how NASA satellite, aircraft, and field instruments can be used to better understand dryland ecosystems and their response to change. A primary scoping goal is to engage with scientists and data-users, especially those who manage land, to understand research and management priorities in drylands. Here, we discuss details of our meeting with over 300 scientists and data-users in Tucson, AZ in October 2023. We also highlight feedback from our tribal-focused workshop in New Mexico, conference town halls, and international meetings.",10.1029/2024ef004811,2024,"Feldman, AF; Reed, S; Amaral, C; Babst-Kostecka, A; Babst, F; Biederman, J; Devine, C; Fu, Z; Green, JK; Guo, J; Hanan, NP; Kokaly, R; Litvak, M; MacBean, N; Moore, D; Ojima, D; Poulter, B; Scott, RL; Smith, WK; Swap, R; Tucker, CJ; Wang, LX; Watts, J; Wessels, K; Zhang, FY; Zhang, W",EARTHS FUTURE,Article,NA,WOS:001316864700001,Scopus; WoS,2,research_paper,TRUE,FALSE,TRUE,TRUE,TRUE,FALSE,NA
Scopus,english,An integrated approach to decision-making variables on urban water systems using an urban water use (UWU) decision-support tool,"In response to pressing global challenges like climate change, rapid population growth, and an urgent need for sustainable infrastructure, cities face an immediate and crucial necessity to transition swiftly toward an integrated approach to managing urban water resources. This shift is not merely an option but an imperative, driven by the rapidly evolving urban landscape. In addressing this imperative, a crucial decision support tool that has emerged as an asset in the domain of urban water planning and management is the Urban Water Use (UWU) tool. This tool offers an integrated approach for strategic planning, promoting urban water conservation and environmental health through the investigation of interventions in urban infrastructure under different scenarios. In this study, the latest version of this UWU tool was deployed in a case study conducted in Almirante Tamandaré, Brazil. The objective was to evaluate how an integrated decision-making approach concerning urban water systems influences the efficiency and effectiveness of interventions, ultimately contributing to achieve widespread adoption, accessibility, and relevance of urban water services. The refined UWU tool evaluates a spectrum of measures across diverse scenarios, incorporating various drivers, focusing on the stakeholders' visions for the locality. These visions are composed of sustainability indicators, specifying different sets of target values and importance weights for each indicator. The approach followed in this study demonstrates how the effectiveness indexes can vary based on stakeholders' perception. Measures under Water Sensitive Urban Design and Water Demand Management strategies were deployed to simulate the response of urban water systems under three distinct scenarios, embracing the complexities of social dynamics and of climate change. The findings of the study emphasize that realizing a desired vision through selected measures relies significantly on the adoption of an integrated approach within the decision-making process. The stakeholders' perception of how indicators should be weighted while defining the vision was found to significantly impact the effectiveness range of these measures. © 2023",10.1016/j.scitotenv.2023.168865,2024,Hoepers T.R.; Leithold J.; Monteiro M.M.; Corzo Perez G.A.; Fernandes C.V.S.; Zevenbergen C.; Santos D.C.D.,Scopus,Article,NA,2-s2.0-85179582653,Scopus,1,research_paper,TRUE,FALSE,TRUE,TRUE,TRUE,FALSE,NA
Scopus,english,Atmospheric water harvesting as a sustainable and resilient resource in arid climates: gaining insights from ancient techniques,"Fog and dew, or atmospheric moisture, are valuable complementary resources. Ancient civilisations exploited these resources in harmony with the environment, though information on their techniques is fragmented. This review provides insights into the efficiency, evolution, and relevance of ancient atmospheric water harvesting (AWH) techniques from 5000 B.C. to the 1900s, alongside modern techniques. An analytical framework and assessment are presented to deduce their viability for replication, revival, restoration, or redevelopment. Modern fog collectors yield an average value of 3–10 L/m2/day and dew collectors 0.3–0.6 L/m2/day. Ancient fog collectors from Mexico and Chile resembled modern collectors, while fog drip from trees offers a natural alternative, collecting 10 L/m2/day. The stone drip method shows potential in urban areas with extensive concrete surfaces. Ancient dew collection techniques include alchemists’ dew collectors, lithic mulching for soil water conservation, dew ponds for water retention, and stone-pile condensers, which collected up to 360 L/day. Air wells, however, were less effective. Ancient AWH techniques offer valuable insights and can effectively supplement modern collectors, enhancing resilience and water security, especially in arid regions. Implementing AWH techniques provides sustainable, decentralised, nature-based strategies on a micro and macro scale for mitigating contemporary water shortages amidst increasing climate challenges. © 2024 IWA Publishing. All rights reserved.",10.2166/ws.2024.245,2024,Verbrugghe N.; Khan A.Z.,Scopus,Article,NA,2-s2.0-85211010391,Scopus,1,research_paper,TRUE,FALSE,TRUE,TRUE,TRUE,FALSE,NA
Scopus,english,Atopic dermatitis: A global health perspective,"The International Society of AD (ISAD) organized a roundtable on global aspects of AD at the WCD 2023 in Singapore. According to the Global Burden of Disease (GBD) consortium, at least 171 million individuals were affected with AD in 2019, corresponding to 2.23% of the world population, with age-standardized prevalence and incidence rates that were relatively stable from 1990 to 2019. Based on the panel experience, most AD cases are mild-to-moderate. Without parallel data on disease prevalence and severity, the GBD data are difficult to interpret in many regions. This gap is particularly important in countries with limited medical infrastructure, but indirect evidence suggests a significant burden of AD in low-and-medium resource settings, especially urban areas. The Singapore roundtable was an opportunity to compare experiences in World Bank category 1 (Madagascar and Mali), 3 (Brazil, China) and 4 (Australia, Germany, Qatar, USA, Singapore, Japan) countries. The panel concluded that current AD guidelines are not adapted for low resource settings and a more pragmatic approach, as developed by WHO for skin NTDs, would be advisable for minimal access to moisturizers and topical corticosteroids. The panel also recommended prioritizing prevention studies, regardless of the level of existing resources. For disease long-term control in World Bank category 3 and most category 4 countries, the main problem is not access to drugs for most mild-to-moderate cases, but rather poor compliance due to insufficient time at visits. Collaboration with WHO, patient advocacy groups and industry may promote global change, improve capacity training and fight current inequalities. Finally, optimizing management of AD and its comorbidities needs more action at the primary care level, because reaching specialist care is merely aspirational in most settings. Primary care empowerment with store and forward telemedicine and algorithms based on augmented intelligence is a future goal. © 2023 The Authors. Journal of the European Academy of Dermatology and Venereology published by John Wiley & Sons Ltd on behalf of European Academy of Dermatology and Venereology.",10.1111/jdv.19723,2024,Faye O.; Flohr C.; Kabashima K.; Ma L.; Paller A.S.; Rapelanoro F.R.; Steinhoff M.; Su J.C.; Takaoka R.; Wollenberg A.; Yew Y.W.; Postigo J.A.R.; Schmid-Grendelmeier P.; Taïeb A.,Scopus,Article,NA,2-s2.0-85180914258,Scopus; WoS,2,research_paper,TRUE,FALSE,TRUE,TRUE,TRUE,FALSE,NA
WoS,english,"BEEHIVES AND HONEY PRODUCTION - A BRIEF STATISTICS IN THE WORLD AND; EUROPEAN UNION 2000-2022 AND HONEY BEES BETWEEN INTERLINKED CRISIS OF; BIODIVERSITY, POLLUTION AND CLIMATE CHANGE","The paper analyzed the number of beehives and honey production at the global level and in the European Union as well as the main problems honey bees are facing nowadays and how they could be solved. The statistical data for the period 2000-2022 provided by FAOStat, Knoema, Eurostat and other official data bases have been processed using fixed basis and structural indices, trend regression equations (linear and polynomial), R square, descriptive statistics, regression analysis, correlation coefficient, comparison method. Compared to 58.8 million beehives in the world in the year 2000, in 2022 their number reached 102 million (+76.3%). The share of beehives by continent is: Asia 44.6%, Europe 24.7%, Africa 17.7%, Americas 11.4% and Oceania 1.4%. The highest number of bee hives is in India, China Mainland, Turkey, Iran (Islamic Rep.), Ethiopia, Russian Federation, Argentina, Tanzania (U. Rep.), USA and Mexico. In 2022, the EU had 20.27 million beehives, meaning +19.44% versus 2016. The largest number of bee hives in the EU is in Spain, Romania, Greece, Poland, Italy, France, Hungary, Germany, Bulgaria and Czechia. From 1.25 million tons in the year 2000, the global honey production reached 1.83 million tons in 2022 (+45.8%). The regression equation: y = 0.0148 x + 0.4064 shows that an increase by one million beehives will determine a growth by 0.0148 million tons of honey at the global level. From the peak of 22.5 kg honey per bee hives in the year 2005, in 2022, it was registered 17.9 kg at the global level. Honey production by continent in 2022 was: Asia 48.2%, Europe 22.8%, Americas 18.5%, Africa 8.5% and Oceania 2%. In 2022, the top 10 honey producing countries at the global level were: China, EU-27, Turkey, Iran (Islamic Rep.), India, Argentina, Russian Federation, Mexico, Ukraine and Brazil, all together representing 73.6% of the world honey production. In 2014, the EU produced 235 thousand tons honey and in 2022 it achieved 286 thousand tons ( +21.7%). The top honey producing countries are Germany, France, Romania, Spain, Hungary, Italy, Poland, Greece, Bulgaria and Portugal. A bee hives produces 21 kg honey in average, but there are EU countries with higher yields: Finland, Germany, Belgium, Denmark, Estonia, Austria, Italy, Lithuania, Latvia and France. To solve the crisis of biodiversity, pollution and climate change, specific recommendations are destined to improve the ratio between the managed honey bees and wild bees so that the wild bees to have access to flowering sources, to benefit of a suitable habitat to live and reproduce and biodiversity not to suffer. Special measures have to be taken in the cities so that the balance between honey and wild bees to be preserved and the residents and tourists not to be affected. Severe cleaning and hygiene in the apiary, avoiding bees imports, making treatments based on organic medicines could avoid diseases and pests. Farmers have to avoid the use of Neonicotinoids pesticides to help apiculturists not to have bees losses. Beekeeping technology must be adapted to the local conditions and weather alerts, assuring flowering sources, bees reproduction and food storage, as the bee families to pass easier over the winter. An intensified consultancy service, investments in new technologies, a balanced transhumance, more effective marketing actions could increase honey production and quality and stimulate consumption in the EU.",NA,2024,"Popescu, A; Dinu, TA; Stoian, E; Serban, V",SCIENTIFIC PAPERS-SERIES MANAGEMENT ECONOMIC ENGINEERING IN AGRICULTURE; AND RURAL DEVELOPMENT,Article,NA,WOS:001390219300032,WoS,1,research_paper,TRUE,FALSE,TRUE,TRUE,TRUE,FALSE,NA
Scopus,english,Cities in the shadow of pandemic and climate crisis: New quality of space and reality,"The authors of this monograph delve into an analysis of the impacts and consequences of diverse crises on cities, exploring the responses and adaptive mechanisms crucial for navigating challenges and fostering development, even in crisis conditions. The publication specifically addresses such issues as the spatial ramifications of the COVID-19 pandemic (e.g. effects on urban spatial policies, the informational layer of cities, resident behaviour, and the informal labour market), cities' strategies in addressing the climate crisis (e.g. urban agriculture, the creation of green urban spaces), contemporary concepts of city development aimed at enhancing the quality of life (e.g. functional mix, walkable city, New Urbanism), and crises from a regional perspective (e.g. flood threats). The authors present diverse viewpoints and employ various research methods, exploring cities in Europe and the Americas to highlight both differences and universal challenges. This monograph is the culmination of extensive collaboration among scholars from the University of Warsaw and universities in Latin America, including Universidad Autónoma del Estado de México, Universidad Mexiquense del Bicentenario, Universidad Autónoma de Nuevo León in Mexico, and Universidad de los Llanos in Colombia. Some articles were co-authored by teams comprising researchers from both Poland and Latin America. The publication is licensed under the Creative Commons Attribution-ShareAlike 3.0 Poland license (CC BY 3.0 PL) (full license available at: https://creativecommons.org/licenses/by/3.0/legalcode). © 2024, the authors. All rights reserved.",10.31338/uw.9788323563068,2024,Biczynska E.; Czerny M.,Scopus,Book,NA,2-s2.0-105003982861,Scopus,1,other,TRUE,FALSE,TRUE,TRUE,TRUE,FALSE,NA
Scopus,english,"Climate Change and Fire: The Case of Cerrado, the Brazilian Savanna","Stretching across central Brazil, Cerrado, harbours the most floristically diverse savannas in the world. Over the last decades, this biodiversity hotspot has undergone severe changes in land use and currently, less than 20% of its native vegetation cover remains undisturbed. One such disturbance is fire. As a fire-dependent ecosystem, Cerrado’s plant and animal species have developed adaptations to fire, and its occurrence is paramount to the biome’s ecological functioning. Cerrado presents a variety of fire dynamics over its 2 million km2, and thus its drivers and constraints are also diverse and highly dependent on regional context. However, changes in historical fire patterns and the increasing occurrence of wildfires severely damage the biome and risk ecosystem services. Future changes in climate will further promote favourable meteorological conditions for severe and out-of-season wildfires. In this chapter, we discuss these topics with a comprehensive literature review and contribute to understanding fire in Cerrado with novel results regarding seasonal occurrence, trends, and drivers. © The Editor(s) (if applicable) and The Author(s), under exclusive license to Springer Nature Singapore Pte Ltd. 2024.",10.1007/978-981-97-3870-0_6,2024,Silva P.S.; Libonati R.; Schmidt I.B.; Nogueira J.; Dacamara C.C.,Scopus,Book chapter,NA,2-s2.0-105004955328,Scopus,1,other,TRUE,FALSE,TRUE,TRUE,TRUE,FALSE,NA
Scopus,english,Climate change adaptation from a territorial planning perspective with a regional focus; [Approche régionale de l'adaptation au changement climatique par l'aménagement du territoire.]; [Adaptação às mudanças climáticas sob a perspectiva do ordenamento territorial com foco regional]; [Adaptación al cambio climático desde la perspectiva del ordenamiento territorial con enfoque regional],"The following document shows the progress of a research project that addresses adaptation to climate change with a regional approach from the exploration and analysis of the problems and recent developments in relation to land use planning in Colombia. The methodology used is documentary research for the conceptualization, search, review and classification of information for the triangulation between the sources consulted, the interviews to entities and persons in charge of the subject of study and the analysis and critical evaluation in collaborative spaces between teachers and students. This work experience reviews normative and theoretical frameworks to provide some notions that arise from such exploration, taking categories of analysis and current figures of associative schemes for the understanding of the region formed by the departments of Bogotá, Boyacá, Cundinamarca, Huila, Meta and Tolima. Therefore, the exploration of norms and public policies on climate change evidences the need to formulate proposals on adaptation from the regional scale that resolve the pre-existing gaps and contradictions with respect to territorial planning. © 2024 Universidad Nacional de Colombia. All rights reserved.",10.15446/bitacora.v34n2.113232,2024,Rodríguez A.J.S.; Mahecha G.P.; Martínez L.J.M.; Arregoces N.X.R.; Avellaneda M.P.R.; Camacho J.C.G.; Ceballos A.I.; Vargas L.H.R.,Scopus,Article,NA,2-s2.0-85206088074,Scopus; WoS,2,research_paper,TRUE,FALSE,TRUE,TRUE,TRUE,FALSE,NA
Scopus,english,Climate-Resilient Sanitary Sewers through Minimized Inflow,"Expanding sanitary sewer networks is vital for meeting the Sustainable Development Goals (SDGs) for urban areas. Uncertain future design conditions threaten this infrastructure expansion; notably, climate change has been described as the biggest threat to achieving the SDGs. However, the literature on how climate change can affect sanitation is sparse, especially in low- and middle-income countries, where infrastructure is most needed. We created a simple hydraulic model that quantitatively examines how the uncertainty-induced threats related to urbanization, stormwater inflow, and climate change might affect designed sanitary sewers. Our sanitary sewer model allows a designer or operator to estimate how urban development (e.g., population growth, water consumption, and expansion of impervious areas), stormwater infow, or changing rainfall patterns (e.g., climate change scenarios) would affect the performance of a sanitary sewer network. We identified that the fraction of stormwater inflow entering the sanitary sewers is the most significant threat to urban sewers. Applying the model to three case studies in Brazil revealed that the fraction of stormwater inflow in sanitary sewers is at least 1.8 times more influential than the other considered uncertainties. Stormwater inflow collected in the sanitary system leaves the network vulnerable to extreme rainfall events, consequently leaving the design guidelines vulnerable to climate change, which may compromise their ability to achieve the SDGs. Our model quantitatively demonstrates the essential role that minimizing inflow must play in ensuring climate resilient sanitation and in maximizing the utilization of sanitary sewers. © 2024 This work is made available under the terms of the Creative Commons Attribution 4.0 International license.",10.1061/jwrmd5.wreng-6411,2024,Marega G.; Drake J.; Meyer D.D.,Scopus,Article,NA,2-s2.0-85201540025,Scopus,1,research_paper,TRUE,FALSE,TRUE,TRUE,TRUE,FALSE,NA
Scopus,english,Coastal Tourism Adaptation to Climate Change in Brazil: Practices and Alternative Solutions,"The scientific consensus on the anthropogenic causes of climate change and its effects on the economy and society have led the international community, nation-states, supranational institutions, companies, and civil society to engage in reducing the magnitude of this phenomenon (mitigation) and to become more resilient to its effects (adaptation). The Brazilian coast, which is more than 9 thousand km long and known for its tourist and economic importance, is susceptible to the impacts of climate change. Since it is threatened by events that raise the sea level and cause beach degradation, adaptive solutions such as beach nourishment have been implemented to protect the coast from erosion and storm surges damage and to widen the beach to optimize its space for tourism. In light of this, we present adaptation practices and solutions, based on empirical evidence, to the main current and future challenges of the impacts of extreme weather events on Brazilian shores carried out on the beaches of Copacabana, in the city of Rio de Janeiro, and Balneário Camboriú and Piçarras, in the state of Santa Catarina. © The Author(s), under exclusive license to Springer Nature Switzerland AG 2024.",10.1007/978-3-031-59431-1_8,2024,Grimm I.J.,Scopus,Book chapter,NA,2-s2.0-85200548046,Scopus,1,other,TRUE,FALSE,TRUE,TRUE,TRUE,FALSE,NA
Scopus,english,DESIGN OF RESILIENT AFFORDABLE HOUSING PROTOTYPES FOR LATIN AMERICAN CITIES,"Population growth in Latin America implies a high demand for housing for the next few years. This research focused this demand on the production of affordable housing for low-income families in the region. Producing affordable housing requires resilience-based design strategies that respond to climate change. Resilient design is an alternative for the construction of sustainable buildings. Clean technology is crucial to the resilient design of affordable housing. Since this technology type includes the Life Cycle Analysis throughout the production process, what are the basic guidelines to drive resilient strategies for affordable housing design? The article aims to suggest basic guidelines for housing prototypes and drive clean technologies like resilient strategies. This research developed the research method in two key steps. First, the theoretical step was a literary review using the PRISMA method. Second, the empirical phase shows guidelines for affordable housing prototype design. The result was an Affordable Housing Prototypes applied in the Latin American context. The affordable housing prototypes were developed in Guadalajara, Mexico and Bogotá Colombia. © 2024, Jomard Publishing. All rights reserved.",10.62476/ndi82300,2024,Cubillos-González R.-A.; Cardoso G.T.; Nieto-Barbosa V.; Neckel A.; González-Anleo F.J.N.; Vinasco I.C.C.,Scopus,Article,NA,2-s2.0-85202814608,Scopus,1,research_paper,TRUE,FALSE,TRUE,TRUE,TRUE,FALSE,NA
Scopus,english,"Diversity and relative abundance of immature mosquitoes (Diptera: Culicidae) in Hohenbergia catingae Ule bromeliads and larvitraps in the Nísia Floresta National Forest, northeast Brazil","The Nísia Floresta National Forest, located in Rio Grande do Norte (RN), is an important remnant of the Atlantic Forest biome in Brazil. Bromeliad tanks in this forest offer suitable breeding sites for mosquito species that may act as viral vectors, thus posing an epidemiological concern. However, studies investigating the presence of immature Culicidae in natural breeding sites in RN have thus far been restricted to Caatinga vegetation. This study investigated mosquitoes and their natural breeding sites in bromeliads growing in the Nísia Floresta National Forest. From March 2013 to February 2014, monthly samples were collected from the tanks of five randomly selected bromeliads and larvitraps placed in each of the three forest management areas. Hohenbergia catingae Ule (Hohenbergia bromeliad) is an important shelter for immature mosquitoes. Culex (Microculex) was the predominant species, representing 86% of the immature mosquitoes collected. A rare occurrence of Aedes (Stegomyia) aegypti (Linnaeus, 1762) (generally associated with urban areas under high anthropogenic influence) was observed, highlighting the importance of investigating the presence of mosquitoes in different natural habitats. An analysis of species diversity revealed that species such as Culex imitator Theobald, 1903 and Culex davisi Kumm, 1933, have a strong association with bromeliads. In tire traps (larvitraps) Aedes (Stegomyia) albopictus Skuse, 1894 was predominant. Environmental changes, such as deforestation, removal of bromeliads, and climate change in the area, can influence the migration of species and adaptation to new habitats in a peridomiciliary environment around the forest, consequently the possibility of transmission of virus and other pathogens. © 2024 The Author(s). Published by Oxford University Press on behalf of Entomological Society of America. All rights reserved.",10.1093/jme/tjae085,2024,Da Silva J.H.T.; Silva-Inacio C.L.; Gama R.A.; Ximenes M.D.F.F.D.M.,Scopus,Article,NA,2-s2.0-85203869168,Scopus; WoS,2,research_paper,TRUE,FALSE,TRUE,TRUE,TRUE,FALSE,NA
Scopus,english,Domestic water saving practices and their relationship with metering and the perception of climate change in Mexican households; [Prácticas de ahorro de agua doméstica y su relación con la micromedición y la percepción del cambio climático en hogares mexicanos],"Among the main consequences of climate change in Mexico are those related to less access to quantities and qualities of water necessary for human and ecosystems’ use. In this context, domestic water conservation is framed as an adaptation strategy in face of climate change. The objective of this work is to explore the factors promoting water conservation in Mexican households. The study uses data from more than 13 000 households from the National Household Survey (ENH) developed by INEGI in 2017, and from the Household and Environment Module applied with the ENH. Through regression analysis, we found evidence of the effect of climatic (perception of changes in temperature, precipitation, and extreme climate phenomena), management (billing method to charge for the service), and sociodemographic factors (age, sex, education, and locality size) as predictors of water conservation practices in urban and rural households. The results point to a statistically significant and positive effect of metering consumption to charge for the cost of domestic water; as well as significant but minor effects of the perception of hotter temperatures, changes in rainfall, and impacts of climatic phenomena at the home, as factors related to water conservation practices. © 2024 Instituto Mexicano de Tecnologia del Agua. All rights reserved.",10.24850/j-tyca-2024-04-01,2024,Lutz-Ley A.N.; Reyes-Castro P.A.,Scopus,Article,NA,2-s2.0-85197812091,Scopus; WoS,2,research_paper,TRUE,FALSE,TRUE,TRUE,TRUE,FALSE,NA
Scopus,english,Ecologically balanced environment: notes on urban afforestation in environmental legislation; [Ambiente ecologicamente equilibrado: notas sobre arborização urbana nas legislações ambientais],"The Federal Constitution of 1988 establishes the right to a balanced environment as a fundamental right. However, its implementation in infraconstitutional instruments faces challenges in ensuring quality of life. Locally, since 1996, Recife has aligned with the national trend of promoting stricter environmental legislation due to experiencing a socio-geographic-environmental emergency marked by social inequality, high population density, and climate crisis, as evidenced in the latest Intergovernmental Panel on Climate Change reports. In this context, both nationally and locally, urban afforestation emerges as an important tool to improve the sanitary condition of cities and enhance their resilience to changes. Therefore, this article aims to analyze Recife's environmental public policies in parallel with the constitutional advances of 1988 and other Brazilian legal instruments. For this purpose, content analysis of national and local public policies was conducted, along with the collection of diagnostic data on the environmental condition of Brazil and Recife. It was found that despite the alignment of environmental legislation with internationally consensual technical-scientific concepts, the practice of the responsible agencies is hindered by limited human and financial resources, negatively influencing the distribution and quality of green areas. Another point is the unequal availability of green spaces in the city, favoring urban areas with a predominantly white population. Thus, it is necessary to strengthen legal mechanisms, invest in environmental education, and foster collaboration between the public and private sectors to ensure effective environmental protection and quality of life. © 2024, Universidade Federal de Pernambuco. All rights reserved.",10.26848/rbgf.v17.4.p3052-3066,2024,de Lima M.V.D.S.A.; Silva J.M.D.,Scopus,Article,NA,2-s2.0-85200560687,Scopus,1,research_paper,TRUE,FALSE,TRUE,TRUE,TRUE,FALSE,NA
Scopus,english,"Editorial: Global Sustainability: Trends, Challenges, and Case Studies","Global sustainability has emerged as a critical focus in response to escalating environmental, social, and economic challenges worldwide. This abstract presents an overview of the current trends, pressing challenges, and pertinent case studies shaping the discourse on global sustainability. Rapid urbanization, population growth, and industrialization have led to increased resource consumption, biodiversity loss, and climate change impacts. Concurrently, there is a growing recognition of the need for sustainable development practices across sectors, including energy, agriculture, transportation, and waste management. Despite increasing awareness and efforts, significant challenges persist in achieving global sustainability. These include political inertia, economic inequalities, inadequate policy frameworks, and limited access to resources and technologies in developing regions. Additionally, addressing complex issues such as climate change adaptation, biodiversity conservation, and social equity requires coordinated international cooperation and innovative solutions. Several successful initiatives and case studies offer insights into effective approaches to promoting sustainability at local, regional, and global scales. Examples include renewable energy projects like Germany’s Energiewende, which demonstrates the feasibility of transitioning to clean energy sources. The Circular Economy initiatives in cities like Amsterdam and Copenhagen showcase strategies for reducing waste and promoting resource efficiency. Furthermore, community-led conservation efforts in regions like Costa Rica and Bhutan illustrate the importance of grassroots engagement in preserving biodiversity and ecosystems. Achieving global sustainability requires concerted efforts from governments, businesses, civil society, and individuals worldwide. By addressing the interconnected challenges of environmental degradation, social inequality, and economic development, we can build a more resilient and equitable future for all. Through learning from successful case studies and adopting innovative solutions, we can advance towards a sustainable and thriving planet for present and future generations. In an era marked by unprecedented environmental changes and societal shifts, the pursuit of global sustainability has become paramount. This chapter explores the trends, challenges, and case studies that shape our collective journey toward a more sustainable future. © The Author(s), under exclusive license to Springer Nature Switzerland AG 2024.",10.1007/978-3-031-57456-6_1,2024,Kulkarni S.,Scopus,Book chapter,NA,2-s2.0-85196412609,Scopus,1,other,TRUE,FALSE,TRUE,TRUE,TRUE,FALSE,NA
Scopus,english,Elevation and temperature are strong predictors of long-term carbon accumulation across tropical Andean mountain peatlands,"Mountain peatlands are understudied globally, especially in tropical regions such as the Andes. Their high abundance across the landscape and thick carbon (C)-rich soils establish them as regionally important C reservoirs. However, they are at high risk of degradation due to unsustainable land use and climate change. Mitigation of these threats requires detailed inventories of C stocks present and improved understanding of the major drivers of long-term C accumulation in these ecosystems. We cored 24 peatlands located between 3000 and 4800 m elevation across Colombia, Ecuador, Peru, and Bolivia, calculated C storage and long-term and recent apparent rate of C accumulation (LARCA and RARCA, respectively), and tested their relationships to environmental variables (elevation, temperature, precipitation, and solar radiation). The peatlands had a mean thickness of 4.7 m (range, 0.7‒11.25 m). The mean age of peatland was 7918 yrs B.P., with a range from 490 to 20,000 yrs B.P. The mean C stock was 1743 Mg ha-1 and did not significantly vary by climatic region or basal age but did increase with elevation. LARCA was best predicted by age and elevation, while RARCA was negatively related to mean annual temperature. These findings indicate that peatlands in the tropical Andes store thick deposits of soil C that are likely influenced by temperature, making them vulnerable to changes in climate. To inform climate policy, there is a need for science that will determine the potential for adaptation and mitigation treatments to increase the resilience of these C-rich ecosystems to climate change. © 2023, The Author(s), under exclusive licence to Springer Nature B.V.",10.1007/s11027-023-10089-y,2024,Hribljan J.A.; Hough M.; Lilleskov E.A.; Suarez E.; Heckman K.; Planas-Clarke A.M.; Chimner R.A.,Scopus,Article,NA,2-s2.0-85158170745,Scopus; WoS,2,research_paper,TRUE,FALSE,TRUE,TRUE,TRUE,FALSE,NA
Scopus,english,Enhancing Urban Resilience: Strategic Management and Action Plans for Cyclonic Events through Socially Constructed Risk Processes,"Cities will face increasing challenges due to the impacts of global climate change, particularly in the form of cyclonic events, necessitating a deeper understanding and the establishment of effective response mechanisms at both institutional and citizen levels. In this research, we tested the efficiency of crowdsourcing in fostering participatory resilience and improving urban management. The main aim was to design novel and accurate proactive response strategies and mitigate the adverse effects of cyclonic wind events through volunteerism, citizen science, and urban science. To achieve this goal, as a case study, the municipality of Soledad, Colombia was used. This research employed a two-phase methodological approach: (i) initially evaluating the spatial distribution of emergency response resources, and (ii) developing a geo-referenced survey to map, systematize, and categorize data and outcomes. A total of three hundred and seventy-eight residents across five neighborhoods in Soledad, which have experienced a high frequency of atmospheric wind phenomena over the past two decades, were surveyed. The results indicate that the crowdsourcing mechanism effectively enhanced the empirical understanding of atmospheric wind events in Soledad, facilitating the establishment of a geo-referenced volunteer network for real-time responses. Additionally, this study shed light on previously undocumented challenges, in terms of reducing the number of people affected, and the actions that would lead to improved urban development to reduce the impacts of cyclonic events, emphasizing the significance of citizen science in the social construction of risk and disaster risk reduction (DDR) efforts. © 2024 by the authors.",10.3390/urbansci8020043,2024,Pérez-Arévalo R.; Jiménez-Caldera J.; Serrano-Montes J.L.; Rodrigo-Comino J.; Therán-Nieto K.; Caballero-Calvo A.,Scopus,Article,NA,2-s2.0-85197130464,Scopus,1,research_paper,TRUE,FALSE,TRUE,TRUE,TRUE,FALSE,NA
Scopus,english,"Environmental migration, (im)mobility, and adaptation to droughts in the Seridó Potiguar; [Migração ambiental, (i)mobilidade e adaptação às secas no Seridó Potiguar]","This article examines migration decisions during the 2011–2016 drought in Seridó Potiguar, Rio Grande do Norte, Brazil, considering socioeconomic and demographic characteristics as well as perceptions of the drought. The data came from a household survey with a sample representative of urban areas in the region. Using binary logistic regression models for analysis, the results reveal that women are less likely to migrate compared to men during the drought. Workers in non-agricultural sectors also show a higher probability of migration. The greater likelihood of migration among those who perceive the drought as the main environmental problem in their city and among those who faced health issues related to water scarcity at home highlights the drought as a factor strongly associated with migration. Thus, migration emerges as a strategy for diversifying family livelihoods, particularly in the context of droughts and climate change. © 2024 Universidade de Brasilia. All rights reserved.",10.18472/sustdeb.v15n3.2024.55532,2024,Correia I.A.,Scopus,Article,NA,2-s2.0-85212945336,Scopus,1,research_paper,TRUE,FALSE,TRUE,TRUE,TRUE,FALSE,NA
Scopus,english,"Food consumption of the urban population in a municipality in the Legal Amazon, during climate events of flood and drought: a comparative study; [Consumo alimentar da população urbana em um município da Amazônia Legal, nos eventos climáticos de inundação e seca: estudo comparativo]; [Consumo de alimentos en la población urbana en un municipio de la Amazonía Legal durante los eventos climáticos de inundación y sequía: un estudio comparativo]","The aim of this study was to compare the food consumption of the population of Coari, Amazonas State, Brazil, according to the NOVA Classification, during the hydrological phases of drought and flooding of the Amazon rivers. An epidemiological, population-based, cross-sectional study was carried out. The sample consisted of 457 adult individuals. Data were collected in two stages using a sociodemographic instrument, a 24-hour food recall and a food frequency questionnaire adapted to local habits. The data were analyzed using the statistical program R version 4.2.4, using Pearson’s chi-square, Fischer’s exact and Bhapkar’s tests. The sample was predominantly female (drought = 70%/flood = 71.2%) and brown (drought = 65.4%/flood = 66.2%). Most of the interviewees ate meals (breakfast, lunch and dinner). Afternoon snacks were the most common intermediate meal, especially during flooding (274/70.2%). In natura or minimally processed foods predominated at the three main meals (95%). Ultra-processed foods were consumed little or not at all and were mentioned especially during the drought (152/33.3%; p = 0.007). On the other hand, consumption of regional foods (tucumã, beiju, tapioca flour and açaí) increased during the flood (p < 0.001). Consumption of in natura or minimally processed foods continues to be the mainstay of the diet in the interior of Amazonas, with a predominance of regional foods during the flood and processed and ultra-processed foods during the drought, demonstrating the influence, albeit subtle, of the hydrological phases on the food consumption of this population. © 2024 Fundacao Oswaldo Cruz. All rights reserved.",10.1590/0102-311xpt110223,2024,Guimarães P.D.S.; Costa G.D.S.; Lopes A.F.; Chamy M.N.C.L.; Santos V.L.C.D.G.,Scopus,Article,NA,2-s2.0-85206619844,Scopus,1,research_paper,TRUE,FALSE,TRUE,TRUE,TRUE,FALSE,NA
Scopus,english,Fostering gender transformative cities around the world,"In the context of rapid urbanisation and the effects of climate change and conflicts, social inclusion and stakeholder engagements remain a low priority for most decisionmakers in shaping the future of cities. The urban development initiative Her City intends to mainstream gender and age perspectives in urban planning and design decisionmaking processes. Her City offers a toolbox for municipal professionals, urban actors, and local decision-makers to involve girls and young women in urban planning and design processes and challenge exclusionary practices and social inequalities. This viewpoint asserts that integrating girls' perspectives leads to more responsive urban planning and the creation of inclusive and economically viable public spaces across the world. Applying an intersectional approach to urban planning, in a multitude of urban settings with different social, cultural, political and economic prerequisites, have proven to be an efficient shortcut to sustainable cities, Additionally, the initiative's success is underscored by its alignment with the Sustainable Development Goals (SDGs), delivering resilient cities for all. This viewpoint presents lessons learned from the application of Her City in Peru, Jamaica, Mozambique, Uganda, Palestine, Thailand, and Italy. These localised projects in various regions demonstrate how Her City can deliver tangible outcomes, such as the revitalisation of public spaces, community empowerment, and the promotion of gender equality, while fostering social cohesion, economic empowerment, and environmental sustainability. By championing genderresponsive urban development, Her City offers a blueprint for creating inclusive, resilient, and sustainable cities globally. © 2025, City Space Architecture. All rights reserved.",10.32891/jps.v9i1.1816,2024,Melin T.; Levonen T.,Scopus,Article,NA,2-s2.0-105028427953,Scopus,1,research_paper,TRUE,FALSE,TRUE,TRUE,TRUE,FALSE,NA
Scopus,english,GREENING HIGH-DENSITY TEXAS CITIES: Ecological Grounds for an Adaptive Climate Approach,"Texas comprises one-tenth the total US population, with five of the top 11 most populous metropolitan areas in the nation and the highest growth rate of any state. Precariously positioned between the warming Gulf of Mexico and the easterly migrating arid line of demarcation that bisects the arid west from the more humid eastern portion of the country, from hurricanes along the southern coast to tornados on its northern plains, desertification along its western flank and floods on its eastern, this state will experience global warming with amplified intensity and uncertainty. The impact of a warming climate exacerbated by urban heat island (UHI) effects on the health and well-being of a growing percentage of the nation’s citizens will have an outsized impact on the future of the US citizenry. This chapter will extrapolate existing and future greening initiatives within the four major urban centers of Houston, Dallas, Austin, and San Antonio to explore potential planning strategies to mitigate climate change while outlining important aspects of how smart growth can maintain and even increase livability through greening initiatives within these hot-humid environments facing the uncertainty of anthropogenic climate change. © 2024 selection and editorial matter, Peng Du, Kheir Al-Kodmany, and Mir M. Ali; individual chapters, the contributors.",10.4324/9781003318385-7,2024,Raab P.S.,Scopus,Book chapter,NA,2-s2.0-85195977726,Scopus,1,other,TRUE,FALSE,TRUE,TRUE,TRUE,FALSE,NA
Scopus,english,"Geodesign and Sustainable Development Goals in the environmental parameterization of the Iron Quadrangle region, Brazil: an academic experience","Purpose: There are countless challenges concerning the process of interest mediation. Regarding territorial planning, the participation of different stakeholders is essential. In this sense, Geodesign is a method that supports decision-making based on geocollaboration and co-creation, using geospatial data and tools. The purpose of this study was to use the method to support the co-creation of environmental projects and policies climate-oriented for the Iron Quadrangle region, Brazil. Design/methodology/approach: The Brazilian platform of Geodesign, GISColab, was used to support the activity. The experiment involved undergraduate and graduate students in Urban Planning and in Geography and technicians that work with planning subjects. Social isolation measures imposed by the pandemic resulted in an adaptation of the dynamic, which was held entirely online. Findings: The study group proposed 28 designs, in which the most discussed topics were landscape (43%), climate (25%) and risk (25%). This may be associated with the fact that the workshop was conducted in consideration of the UN's Sustainable Development Goals (SDGs) and the environmental crisis, but it might also suggest the group’s prior concern with such issues. Other SDGs were contemplated, with the productive sector as the most negatively impacted by proposals. This situation reinforces the importance of incorporating different actors (a term used for participants in the Geodesign method, referring to representatives from groups of the society) into planning processes. Geodesign was easily accepted and assimilated by participants. Originality/value: The proposed methodology proved to be positive for this type of study and GISColab, the Brazilian Geodesign platform, was easily adapted to the characteristics and demands of the experience. © 2022, Emerald Publishing Limited.",10.1108/ijbpa-11-2021-0143,2024,Moura A.C.M.; Morais C.F.; Gonçalves Mello T.A.,Scopus,Article,NA,2-s2.0-85129963907,Scopus; WoS,2,research_paper,TRUE,FALSE,TRUE,TRUE,TRUE,FALSE,NA
Scopus,english,"Groundwater storage trend in headwater basins: shreds of evidence from the last decades in Minas Gerais state, Brazil","Changes in rainfall and temperature patterns can impact water security, mainly in tropical and subtropical regions. This study aimed to assess if climate change in Minas Gerais state, Brazil has impacted groundwater storage. Headwaters of four representative basins with minimum land use change were selected to quantify the effects of atmospheric forcing. Daily streamflow time series were used to assess changes in groundwater storage using the Brutsaert method. The Mann–Kendall and Sen tests were applied to evaluate the trends and determine the rate of change. Most studied sub-basins showed an upward trend in temperature and evapotranspiration, while a nonsignificant trend was found for annual precipitation in some sub-basins. Mean annual streamflow, minimum streamflow over seven consecutive days (Q7, min), and groundwater storage (S) showed downward trends in most sub-basins. The Jequitinhonha sub-basin is the closest hydrological unit to the pristine conditions, indicating that changes in climate have impacted its hydrological response. In contrast, at the Piracicaba sub-basin and Sapucaí sub-basin, it was not clear that climate changes can exclusively explain the decreasing trend in groundwater storage due to the changes in land use from native forest (Atlantic Forest and Cerrado) to pasture. The São Francisco and Grande River sub-basins are the most anthropized and showed the lowest reduction rates, showing that these sub-basins have a relevant resilience to climate change as their geomorphological aspects, i.e., soils, topography, soil-vegetation relationship, and hydrogeology, play a fundamental role in buffering the hydrological impacts. Our results can contribute to water resource management in Minas Gerais state, supporting decision-makers actions to minimize the effects. © The Author(s), under exclusive licence to Springer-Verlag GmbH Germany, part of Springer Nature 2024.",10.1007/s12665-024-11645-8,2024,Ribeiro C.L.C.; de Mello C.R.; Guzman J.A.,Scopus,Article,NA,2-s2.0-85192894605,Scopus,1,research_paper,TRUE,FALSE,TRUE,TRUE,TRUE,FALSE,NA
Scopus,english,Guided transformations for communities facing social and ecological change,"Communities and their surrounding landscapes are intricately interconnected. This is evident in the Intermountain West of the United States of America, where large cities sit within vast landscapes otherwise containing small rural communities with farm, forest, and rangeland. Climate change and other stresses increase the tensions along the gradient of urban to rural communities and landscapes, and theoretical frameworks are needed to conceptualize regime shifts within these social-ecological systems. We propose a framework called Guided Transformation (GT) that translates new knowledge into action by incorporating diverse perspectives and values that prioritize community and environmental well-being. Guided Transformation combines elements from social, ecological, and technological systems (SETS) theory, resilience theory, and sustainability transitions research. In this manuscript, we outline the GT framework and its relationship to related theory and literature, and we then provide three case studies that demonstrate the application of the GT framework. The first case study is in the upper Rio Grande watershed in New Mexico, where innovative governance strategies are addressing the challenge of wildfire and watershed protection. The second is in eastern Washington and the Yakima Basin, where drought drove innovation in the form of an integrated water management plan that is now helping to meet the needs of both farmers and fish in the basin. In the final case study, we discuss work on the Navajo Nation addressing food, energy, and water security and Indigenous sovereignty through solar greenhouse technology. © 2024 by the author(s).",10.5751/es-15448-290420,2024,Morgan M.; Webster A.J.; Padowski J.C.; Morrison R.R.; Flint C.G.; Simmons-Potter K.; Chief K.; Litson B.; Neztsosie B.; Karanikola V.; Kacira M.; Rushforth R.R.; Boll J.; Stone M.B.,Scopus,Article,NA,2-s2.0-85209993226,Scopus; WoS,2,research_paper,TRUE,FALSE,TRUE,TRUE,TRUE,FALSE,NA
WoS,english,Holistic evaluation of climate risk to prioritise adaptation measures; for ecosystems,"The holistic approach has been applied to disaster risk evaluation at various scales, ranging from the urban to the national level, utilising deterministic and probabilistic physical risk results that concentrate on structures, infrastructure, and population effects. This article proposes a methodology to holistically evaluate the climate risk for ecosystems. Furthermore, the article proposes a prioritisation of adaptation measures based on their results, taking into account the physical risk, the ecological fragility conditions, and the strategic relevance of ecosystems exposed to these conditions. The calculation includes three composite indicators. The ecological fragility factor ( F EF ) estimates the capacity (or lack of capacity) of the ecosystem to absorb and recover, revealing vulnerabilities that may not be immediately evident but that can profoundly affect the long-term health and stability of the ecosystem. The ecosystem strategic relevance factor ( F SR ) helps to understand its fundamental role in supporting biodiversity and ecosystem services. The physical risk assessment does not account for the environmental and ecological aspects quantified through indicators in the F EF and F SR . A total risk index, R T , is calculated based on a probabilistic climate risk evaluation and the previously mentioned factors. This methodology is applied to the climate risk evaluation of Colombian ecosystems. The authors conducted this evaluation in close collaboration with Colombia ' s Ministry of Environment and Sustainable Development, funded by the Inter-American Development Bank. Its application yields crucial insights for informed decision-making and strategic planning in climate adaptation efforts.",10.1016/j.ijdrr.2024.104593,2024,"Noreña, SG; Bernal, G; Cardona, OD; Rincón, DF; Carreño, ML",INTERNATIONAL JOURNAL OF DISASTER RISK REDUCTION,Article,NA,WOS:001257261000001,WoS,1,research_paper,TRUE,FALSE,TRUE,TRUE,TRUE,FALSE,NA
WoS,english,Integral recovery of an urban watershed through the implementation of; nature-based solutions,"Unplanned urban expansion in Latin America has profoundly disturbed the natural hydrological processes of watersheds, particularly in tropical regions with extreme weather conditions. This has resulted in substantial runoff volumes, necessitating extensive engineering interventions to avoid damage. Urbanization has led not only to flooding problems, but also to a lack of recreational spaces for residents and an ecological degradation, negatively affecting the watersheds health. This study shows a methodology for creating scenarios making use of available sites for Nature-based-Solutions (NbS). Taking account of existing land cover, the methodology harnesses NbS multifunctionality to achieve hydrological, ecological and social benefits counteracting the threats to the health of a 23 km2 urban tropical watershed located in Costa Rica. In these scenarios, suitable public roads in residential areas were used as sites for implementing permeable pavement, bioretention cells, infiltration trenches and street planters, while appropriate flat roofs and car parks were converted into green roofs and permeable pavements in industrial areas. In addition, several green public spaces were transformed into multifunctional storage areas. Hydrological and hydraulic modeling was used to evaluate the performance of each scenario, while the increase in green area of each scenario was used as an indicator of the ecological and social benefits. The concurrent implementation of the residential, industrial and green space scenarios provides an area available for NbS of 165.3 ha (7.2% of the watershed area), potentially leading to a decrease of up to 63.7% in peak flow and up to 46.2% in runoff volume for a specific rainfall event. As haphazard urban growth is a common feature of most urban watersheds in Latin America, this methodology, based on the use of different land cover types to create scenarios for NbS implementation, is transferable to and adaptable for other tropical urban watersheds.",10.3389/frsus.2024.1425732,2024,"Brenes, RB; Hack, J; Morales, M; Oreamuno, R",FRONTIERS IN SUSTAINABILITY,Article,NA,WOS:001369611400001,WoS,1,research_paper,TRUE,FALSE,TRUE,TRUE,TRUE,FALSE,NA
Scopus,english,"International Conference on Health and Environmental Resilience and Livability in Cities - The challenge of climate change, HERL 2022","The proceedings contain 17 papers. The special focus in this conference is on Health and Environmental Resilience and Livability in Cities. The topics include: Empirical Analysis of the Impacts of the Refugee Influxes on Amman Urban Characteristics; the Innovative Housing Models for Green Architecture: Come-Back of the Garden-Cities First Known as Bank-Houses in Istanbul; measuring to Evaluate Alternatives: The Carbon Footprint Calculator for Urban Planning of the Community of Madrid; potential Benefits of Application of Green Roofs on Buildings of Communist Period: Tirana Case Study; CFD Study Toward Eco-Economical Tall Residential Housing in the Mediterranean Climate; introduction; greening the Local Solid Waste Management Through Community Participation: Unfolding the Challenges and Creating Opportunities for Development Planning; the Role of Waste Pickers in Solid Waste Management for Sustainability in Developing Cities; air Pollution and Solid Waste: Promoting Green and Resilient Recovery in Nigeria; generating a Design Concept of a Multi-regulation Biomimetic Envelope as an Approach to Improving Comfort Conditions of the Built Environment; the Role of Architectural Heritage in Offering a More Resilient Lockdown in Egypt; evaluating the Summertime Overheating Signature of Domestic Buildings Using Synthetic Temperature Data; calm Space, an Outdoor Escape Area: A Feasibility Study on Social Participation of Children with Autism; landscape Assessment as a Tool for Improving Green Infrastructure Planning in Central Mexico.",NA,2024,NA,Scopus,Conference review,NA,2-s2.0-85186643317,Scopus,1,other,TRUE,FALSE,TRUE,TRUE,TRUE,FALSE,NA
Scopus,english,Learning from a climate disaster: The catastrophic floods in southern Brazil,"The catastrophic floods that affected southern Brazil last May should serve as a warning to human societies that, despite the still widespread climate change skepticism or denial, mitigation and adaptation to cope with the ongoing climate crisis are urgently needed. The toll was 213 people killed or missing; 2.4 million people affected, including 600,000 displaced; and unprecedented losses in urban and rural infrastructure, including livestock. These losses could have been lower if adaptation measures had been in place, as has been repeatedly recommended by the Intergovernmental Panel on Climate Change (IPCC). Having witnessed the catastrophe firsthand, here we highlight nature-based adaptation measures that could effectively provide resistance and resilience against extreme climate events.",10.1126/science.adr8356,2024,Pillar V.D.; Overbeck G.E.,Scopus,Article,NA,2-s2.0-85203420470,Scopus,1,research_paper,TRUE,FALSE,TRUE,TRUE,TRUE,FALSE,NA
Scopus,english,Livable Cities: Urban Heat Islands Mitigation for Climate Change Adaptation Through Urban Greening,"Livable Cities: Urban Heat Islands Mitigation for Climate Change Adaptation Through Urban Greening elucidates on livability in urban areas, providing readers with definitions and indicators of what makes a city livable. It comprehensively introduces the urban heat island effect (UHIE) and offers strategies for mitigating high surface temperatures in metropolitan areas and adapting to climate change (CC). The coverage highlights the linkage between UHIE and Sustainable Development Goals (SDGs), the socio-economic impacts of urban heat islands (UHIs), their effect on livability for citizens, and the costs and benefits of mitigating UHI. In addition, it encompasses background information about the problems and challenges that megacities face in the 21st century, followed by the cooling benefits that can be achieved from the different types of urban green coverage (UGC), whether conventional or innovative. The book presents case studies on six cities that have successfully applied UGC: Chicago (United States), Critiba (Brazil), Stuttgart (Germany), Tokyo (Asia), Melbourne (Australia), and Johannesburg (South Africa). Additional case studies illustrate UHIE mapping in greater Cairo, Egypt, and Rome, Italy, to determine hot spot areas that need interventions and prioritization of UGC. Highlights also include the role of blue and green infrastructures in creating livable cities in the post-COVID-19 world, trends of bi-correlation between urban green spaces (UGSs), UGC, and COVID-19, and global patterns of UGSs to shape better healthy, sustainable, and resilient cities. • Explains urban heat islands, their causes, and strategies for climate change adaptation to create livable cities; • Highlights the role of urban green coverage in post-COVID-19 regulations in shaping more livable, sustainable, and resilient cities. • Explores ways to reduce the urban heat island effect by exploiting urban greening to mitigate high temperatures in large cities like Cairo and Rome. © The Editor(s) (if applicable) and The Author(s), under exclusive license to Springer Nature Switzerland AG 2024.",10.1007/978-3-031-51220-9,2024,Aboulnaga M.; Trombadore A.; Mostafa M.; Abouaiana A.,Scopus,Book,NA,2-s2.0-85214605393,Scopus,1,other,TRUE,FALSE,TRUE,TRUE,TRUE,FALSE,NA
Scopus,english,Multi-criteria Analysis for the Estimation of Resilience Indices in Geotechnical Systems: Application to Earth-Retaining Structures,"Earth-retaining structures are part of essential geotechnical systems for the long-term stability of road, railway, and urban road infrastructure, among other applications, which guarantee the sustainable and resilient development of societies. A contemporary approach to analyzing geotechnical systems involves assessing their resilience, encompassing technical, social, economic, and environmental aspects. This article shows a multi-criteria analysis to appraise a simplified resilience index for systems that feature earth-retaining structures. The multi-criteria analysis assigned weights to four essential resilience criteria, robustness, redundancy, resourcefulness, and recovery, by a multidisciplinary expert panel. The resilience index was calculated at two points during the system’s lifespan, with global stability failure as a disruptive event. The proposed resilience rating ranges from 0 (no resilience) to 1 (complete resilience). The proposed methodology was implemented in a case study on a primary road in Colombia. The findings could direct progress in the construction of geotechnical infrastructure that can withstand extreme events and climate change. In emerging economies, there is still a lack of detailed knowledge on gauging the durability of geotechnical systems. This approach could be utilized in the medium term to enhance risk and resource management policies concerning road maintenance in developing countries. © 2024 Common Ground Research Networks. All rights reserved.",10.18848/2325-1662/cgp/v18i02/43-71,2024,Pineda-Jaimes J.A.; Carmona-Álvarez J.E.; Larrañaga-Rubio S.C.,Scopus,Article,NA,2-s2.0-85196506305,Scopus,1,research_paper,TRUE,FALSE,TRUE,TRUE,TRUE,FALSE,NA
Scopus,english,O maior desastre climático do Brasil: chuvas e inundações no estado do Rio Grande do Sul em abril-maio 2024,"The unprecedented 2024 April-May floods in the State of Rio Grande do Sul have affected over 90% of the state, displacing hundreds of thousand people and causing 171 deaths. The El Niño Southern Oscillation phenomenon was found to be important to explain the variability in the observed rainfall, consistent with previous research that show previous heavy rainfall events in the area occurred during El Niño years. Cold front fronts bringing rainfall remained stationary over southern Brazil, since they could not move into central Brazil because of atmospheric blocking with warm and dry air and highest temperatures in that region. The flood event in Porto Alegre was triggered by heavy rainfall over the Lake Guaíba Basin, with accumulated surpassing 500 mm in 5 days, leading to record high levels of 5, 35 m on May 5, highest that the previous flood in 1941. In addition to the extreme nature of this event, this contributed to the significant impacts of flooding in vulnerable areas of the Porto Alegre Metropolitan Region and nearby municipalities. This highlights the need to objectively assess risk and reinforce flood infrastructure to increase resilience to this and future, even more extreme, floods. © (2024), (Instituto de Estudos Avancados da Universidade de Sao Paulo). All rights reserved.",10.1590/s0103-4014.202438112.012,2024,Marengo J.A.; Dolif G.; Cuartas A.; Camarinha P.; Gonçcalves D.; Luiz R.; Silva L.; Alvala R.C.S.; Seluchii M.E.; Moraes O.L.; Soares W.R.; Nobre C.A.,Scopus,Article,NA,2-s2.0-85211969067,Scopus,1,research_paper,TRUE,FALSE,TRUE,TRUE,TRUE,FALSE,NA
Scopus,english,Operation of PV Systems in Distribution Grids to Minimize Power Losses and CO2 Emissions,"This paper presents a master-slave methodology for solving the problem regarding the operation of photovoltaic distributed generation (PV DG) systems in electrical distribution networks. The master stage generates potential active power dispatch configurations for three solar panels over a 24-hour period using the population genetic algorithm (PGA), the particle swarm optimizer (PSO), and the Monte Carlo algorithm (MCA). The slave stage is entrusted with evaluating the objective function and the constraints of each configuration provided by the master stage, utilizing the power flow based on the successive approximations method. To validate the effectiveness of the methodology, a 69-node test system from the literature is employed. This system has been adapted to the demand and generation conditions of the city of Medellín, Colombia. The model proposed in this work aims to minimize power losses and reduce $CO_{2}$ emissions from a single-objective perspective. The results obtained demonstrate the effectiveness of the PGA algorithm the compared to the PSO and the MCA. © 2024 IEEE.",10.1109/greentech58819.2024.10520583,2024,Gajardo-Aspee M.; Grisales-Norena L.F.; Montoya O.D.; Bolanos R.I.; Cortes-Caicedo B.; Hernandez J.C.,Scopus,Conference paper,NA,2-s2.0-85193499736,Scopus,1,research_paper,TRUE,FALSE,TRUE,TRUE,TRUE,FALSE,NA
Scopus,english,"PLEA 2024: (Re)Thinking Resilience - Proceedings of 37th PLEA Conference, Sustainable Architecture and Urban Design, the Book of Proceedings","The proceedings contain 258 papers. The topics discussed include: redefining urban spaces: quantifying the impact of green infrastructure on ambient air pollution in an urban context; analysis of the thermal and energy performance of hybrid ventilated offices in the face of climate change: a case Study In Belo Horizonte, Brazil; improving the outdoor thermal comfort by solar shading and evaporative cooling in a nursery school in Rome, Italy — qualitative and quantitative results of the field study; urban weather and climate correlation model to predict indoor temperature: a case of Yangon; coupling future weather files and urban heat islands analyzing housing buildings across different socioeconomic districts; and GIS-based remote sensing approach for urban studies: locating and mapping vulnerable areas in hot climates.",NA,2024,NA,Scopus,Conference review,NA,2-s2.0-105023642836,Scopus,1,other,TRUE,FALSE,TRUE,TRUE,TRUE,FALSE,NA
Scopus,english,"PRELIMINARY MODEL OF POTENTIAL AREAS FOR RESTORATION FOR THE INTER-ANDEAN VALLEY OF CAUCA RIVER (COLOMBIA, SOUTH AMERICA) BASED ON HABITAT SUITABILITY MODELS; [Modelo preliminar de áreas potenciales de restauración para el valle interandino del río Cauca (Colombia, Suramérica) basado en modelos de idoneidad de hábitat]","Tropical dry forests (TDF) are highly susceptible to land degradation. The inter-Andean Valley of the Cauca River (IVCR) has the most fragmented Colombian dry forests, and their restoration is essential. Here, potential areas for restoration were identified using a habitat suitability modeling (HSM) approach. TDF vascular plants and bioclimatic predictors were used. Species were selected based on threatened status, endemism, and priority level for conservation. Two sets of predictors were chosen using Variance Inflation Factor (VIF) and Principal Component Analysis (PCA). Then, with a maximum entropy algorithm, PCA and VIF models were projected for the selected species. These models were evaluated via true skill statistics (TSS) and area under the curve (AUC) statistical metrics. Models with good performance (TSS, AUC, standard deviation, variance) were ensembled, and a preliminary model where areas with suitable bioclimatic conditions for the selected species were generated. Results show that nearly 45 % of the IVCR has suitable conditions for the selected species. Although potential conflicts may arise in areas under permanent or semipermanent crops which represent more than 80 % of the IVCR, cropland mosaics, and natural and seminatural land covers might provide alternative solutions to reduce the land-use conflict. The potential areas for restoration identified in this study may provide a comprehensive framework for environmental impact and regional risk assessments related to the current land use and land cover change dynamics. Also, they may provide relevant information for designing landscape restoration programs as an adaptive strategy toward climate change. © 2024, Universidad Nacional de Colombia. All rights reserved.",10.15446/abc.v29n2.103070,2024,Alvarado-Solano D.P.; Otero J.T.; Šarapatka B.,Scopus,Article,NA,2-s2.0-85203602591,Scopus,1,research_paper,TRUE,FALSE,TRUE,TRUE,TRUE,FALSE,NA
WoS,english,"PRELIMINARY MODEL OF POTENTIAL AREAS FOR RESTORATION FOR THE; INTER-ANDEAN VALLEY OF CAUCA RIVER (COLOMBIA, SOUTH AMERICA) BASED ON; HABITAT SUITABILITY MODELS","Tropical dry forests (TDF) are highly susceptible to land degradation. The inter-Andean Valley of the Cauca River (IVCR) has the most fragmented Colombian dry forests, and their restoration is essential. Here, potential areas for restoration were identified using a habitat suitability modeling (HSM) approach. TDF vascular plants and bioclimatic predictors were used. Species were selected based on threatened status, endemism, and priority level for conservation. Two sets of predictors were chosen using Variance Inflation Factor (VIF) and Principal Component Analysis (PCA). Then, with a maximum entropy algorithm, PCA and VIF models were projected for the selected species. These models were evaluated via true skill statistics (TSS) and area under the curve (AUC) statistical metrics. Models with good performance (TSS, AUC, standard deviation, variance) were ensembled, and a preliminary model where areas with suitable bioclimatic conditions for the selected species were generated. Results show that nearly 45 % of the IVCR has suitable conditions for the selected species. Although potential conflicts may arise in areas under permanent or semipermanent crops which represent more than 80 % of the IVCR, cropland mosaics, and natural and seminatural land covers might provide alternative solutions to reduce the land-use conflict. The potential areas for restoration identified in this study may provide a comprehensive framework for environmental impact and regional risk assessments related to the current land use and land cover change dynamics. Also, they may provide relevant information for designing landscape restoration programs as an adaptive strategy toward climate change.",10.15446/abc.v29n2.103070--,2024,"Alvarado-Solano, DP; Otero, JT; Sarapatka, B",ACTA BIOLOGICA COLOMBIANA,Article,NA,WOS:001287335800003,WoS,1,research_paper,TRUE,FALSE,TRUE,TRUE,TRUE,FALSE,NA
Scopus,english,Participatory and collaborative practices in housing production: the training experience of urban architects; [Pratiques participatives et collaboratives dans la production de logements: expérience de formation des architectes urbanistes]; [Práticas participativas e colaborativas na produção habitacional: experiência formacional de arquitetos urbanistas]; [Prácticas participativas y colaborativas en la producción de vivienda: la experiencia formativa de los urbanistas],"The article aims to analyze an experience, in an academic environment, that brings together participatory and collaborative methodological strategies between agents in training and inserted in the daily struggles for the social production of habitat. This experience responds to the demands of the Brasília Teimosa and Vietnam communities, located to the east of the city of Natal, Brazil. These communities are demanding that the former tanking area (which used to store fossil fuels and is now in the process of being decontaminated) be maintained for social housing. Through participatory workshops with residents, an urban plan was developed (open spaces and multi-family buildings). In addition, collaborative workshops with specialists resulted in architectural designs for community centers. This experience integrates teaching and university extension, involving undergraduate and postgraduate teachers and students. The approach adopts technical assistance as a principle for tackling issues of environmental fragility (such as the climate emergency) in territories marked by social inequality and vulnerability. It concludes that participatory and collaborative processes, considering resilient territories and socio-environmental issues, are important tools for holistic, integrated training that is committed to the right to the city. © 2024 Universidad Nacional de Colombia. All rights reserved.",10.15446/bitacora.v34n2.113255,2024,Soares B.N.; de Medeiros Rodrigues C.O.; de Andrade Silva H.; Dionisi A.P.,Scopus,Article,NA,2-s2.0-85206117926,Scopus,1,research_paper,TRUE,FALSE,TRUE,TRUE,TRUE,FALSE,NA
Scopus,english,"Reassessing the role of herbivores on urban coral reefs: A case study from a heavily impacted reef near Cartagena Bay, Colombia","Coral reefs are beginning to experience conditions unlike any in recent history. Understanding ecosystem function on future reefs will require reassessing ecological processes under novel environmental regimes. For many coastal reefs, severely degraded water quality will be a hallmark of these novel regimes. While herbivory has traditionally been considered essential for maintaining coral dominance, recent evidence from urban reefs suggests this pattern may be changing. Here, we reexamined the impacts of herbivores on a shallow, turbid reef exposed to extensive coastal development. We found that although herbivore biomass, size-structure, and grazing rates were significantly reduced relative to a nearby protected reef, coral cover on this shallow urban reef remained > 45%. In contrast, coral cover at the nearby protected site was roughly 50% lower. Differences in coral cover between the sites were due to greater cover of two groups of corals at the urban site: depth-generalist Orbicella spp., particularly O. faveolata, and Agaricia spp. with weedy life-history characteristics. Both groups are tolerant of low light but susceptible to coral bleaching. Our results suggest that diminished top-down pressure did not promote algal dominance. Instead, turbidity-induced reductions in available light drove community structure, leading to dominance of coral and algae species able to acclimate to low-light. Our study demonstrates how environmental context can alter the importance of critical processes on coral reefs and highlights the need to reexamine traditional paradigms in reef ecology to understand ecosystem function on future reefs. © The Author(s), under exclusive licence to Springer Science+Business Media, LLC, part of Springer Nature 2023.",10.1007/s11252-023-01463-4,2024,Shantz A.A.; López-Londoño T.; Gomez-Campo K.; Iglesias-Prieto R.; López-Victoria M.; Medina M.,Scopus,Article,NA,2-s2.0-85178397911,Scopus,1,research_paper,TRUE,FALSE,TRUE,TRUE,TRUE,FALSE,NA
Scopus,english,Relationship between degradation and the structural-functional complexity of subtropical xerophytic forests in the Argentine Wet Chaco,"Globally, forests are severely compromised by land use change and anthropogenic degradation. Forests' structural and biotic homogenization leads to the loss of ecosystem processes that sustain their functionality and determine their contributions to people. Resilience is a key property that expresses the capacity of an ecosystem to tolerate, recover, and/or adapt to disturbances without drastically changing its structure or ecological functions. Once this capacity is exceeded beyond the threshold limit, resilience is lost, and degradation occurs. The Structural – Functional of State and Transition Models (SFSTM) provide a conceptual framework to address ecosystem resilience and the identification of degradation thresholds. In this work, we sought to describe and quantify structural degradation and its relationship between vegetation structural complexity, proxies of ecological processes, and species composition of the quebrachales, a threatened xerophytic subtropical forest of great environmental and socio-economic value in the Wet Chaco of Argentina. For this purpose, a set of forest sites were selected to represent the different histories of uses, where vegetation and soil samplings were carried out. A Structural Degradation Index (SDI) was constructed based on a set of structural variables using multivariate techniques, and the sites were ordered and classified into two structural groups. Linear (generalized) and segmented models were performed to analyze the responses of vegetation heterogeneity and proxies of ecosystem process to structural degradation and to identify thresholds. In addition, species composition was analyzed based on comparing the coefficients of beta diversity, nestedness, and concordance between sites. The structural degradation of the quebracho forest was negatively related to vegetation complexity and ecological processes, and there were breakpoints or non-linear responses between structural groups. Biological diversity was negatively related to anthropogenic degradation due to an increase in beta diversity between structural groups, as well as a process of species divergence between degraded sites. This work shows a clear approach to studying the resilience of subtropical xerophytic forests with concrete results on structural homogenization, loss or decrease of ecological processes, and biotic simplification due to anthropogenic degradation of these ecosystems. In the context of global climate change and rapid human-induced alterations, addressing forest ecosystem resilience from a structural and functional perspective could be a novel approach to its medium- and long-term management. © 2024 Elsevier B.V.",10.1016/j.foreco.2024.121957,2024,Alvarez Arnesi E.; López D.R.; Barberis I.M.,Scopus,Article,NA,2-s2.0-85192696634,Scopus; WoS,2,research_paper,TRUE,FALSE,TRUE,TRUE,TRUE,FALSE,NA
Scopus,english,"Resilience aspirations, precarious futures: gender invisibility, racialised risk, and forced displacements in the city of Rio de Janeiro, Brazil","In Rio de Janeiro, efforts to create a ‘global’, ‘sustainable’, and ‘resilient’ city have contributed to perpetuating precarious conditions in favelas. These informal settlements have historically been targeted by urban development and modernisation initiatives. Recently, the displacement of over 22,000 families from Rio’s favelas has been justified in the context of climate change adaptation and disaster risk management agendas. Since the devastating 2010 landslides that claimed 67 lives, crisis response has become central to the city’s resilience goals and broader urban development. Risk, as a central category, has been invoked to legitimise the demolition and displacement of several favelas, particularly those located in racially designated high-risk areas. Meanwhile, a gendered invisible resilience is at play, perpetuating and exacerbating various forms of vulnerability. This paper critically examines the intersections of racialised risk assessments, resilience aspirations, and urban displacements in Rio de Janeiro. Specifically, it seeks to understand the socio-spatial implications of these intersecting processes for favelas and their inhabitants, with a focus on black women who are disproportionately affected by such policies. To achieve this, the study draws on 10 months of fieldwork conducted in 2016 and 2017 in six favelas across Rio de Janeiro. © 2025 The Author(s). Published by Informa UK Limited, trading as Taylor & Francis Group.",10.1080/13552074.2024.2415247,2024,Barbosa L.M.,Scopus,Article,NA,2-s2.0-85217877607,Scopus,1,research_paper,TRUE,FALSE,TRUE,TRUE,TRUE,FALSE,NA
Scopus,english,State of Wildfires 2023-2024,"Climate change contributes to the increased frequency and intensity of wildfires globally, with significant impacts on society and the environment. However, our understanding of the global distribution of extreme fires remains skewed, primarily influenced by media coverage and regionalised research efforts. This inaugural State of Wildfires report systematically analyses fire activity worldwide, identifying extreme events from the March 2023-February 2024 fire season. We assess the causes, predictability, and attribution of these events to climate change and land use and forecast future risks under different climate scenarios. During the 2023-2024 fire season, 3.9×106 km2 burned globally, slightly below the average of previous seasons, but fire carbon (C) emissions were 16 % above average, totalling 2.4 Pg C. Global fire C emissions were increased by record emissions in Canadian boreal forests (over 9 times the average) and reduced by low emissions from African savannahs. Notable events included record-breaking fire extent and emissions in Canada, the largest recorded wildfire in the European Union (Greece), drought-driven fires in western Amazonia and northern parts of South America, and deadly fires in Hawaii (100 deaths) and Chile (131 deaths). Over 232 000 people were evacuated in Canada alone, highlighting the severity of human impact. Our analyses revealed that multiple drivers were needed to cause areas of extreme fire activity. In Canada and Greece, a combination of high fire weather and an abundance of dry fuels increased the probability of fires, whereas burned area anomalies were weaker in regions with lower fuel loads and higher direct suppression, particularly in Canada. Fire weather prediction in Canada showed a mild anomalous signal 1 to 2 months in advance, whereas events in Greece and Amazonia had shorter predictability horizons. Attribution analyses indicated that modelled anomalies in burned area were up to 40 %, 18 %, and 50 % higher due to climate change in Canada, Greece, and western Amazonia during the 2023-2024 fire season, respectively. Meanwhile, the probability of extreme fire seasons of these magnitudes has increased significantly due to anthropogenic climate change, with a 2.9-3.6-fold increase in likelihood of high fire weather in Canada and a 20.0-28.5-fold increase in Amazonia. By the end of the century, events of similar magnitude to 2023 in Canada are projected to occur 6.3-10.8 times more frequently under a medium-high emission scenario (SSP370). This report represents our first annual effort to catalogue extreme wildfire events, explain their occurrence, and predict future risks. By consolidating state-of-the-art wildfire science and delivering key insights relevant to policymakers, disaster management services, firefighting agencies, and land managers, we aim to enhance society's resilience to wildfires and promote advances in preparedness, mitigation, and adaptation. New datasets presented in this work are available from 10.5281/zenodo.11400539 (Jones et al., 2024) and 10.5281/zenodo.11420742 (Kelley et al., 2024a). © 2024 Matthew W. Jones et al.",10.5194/essd-16-3601-2024,2024,Jones M.W.; Kelley D.I.; Burton C.A.; Di Giuseppe F.; Barbosa M.L.F.; Brambleby E.; Hartley A.J.; Lombardi A.; Mataveli G.; McNorton J.R.; Spuler F.R.; Wessel J.B.; Abatzoglou J.T.; Anderson L.O.; Andela N.; Archibald S.; Armenteras D.; Burke E.; Carmenta R.; Chuvieco E.; Clarke H.; Doerr S.H.; Fernandes P.M.; Giglio L.; Hamilton D.S.; Hantson S.; Harris S.; Jain P.; Kolden C.A.; Kurvits T.; Lampe S.; Meier S.; New S.; Parrington M.; Perron M.M.G.; Qu Y.; Ribeiro N.S.; Saharjo B.H.; San-Miguel-Ayanz J.; Shuman J.K.; Tanpipat V.; Van Der Werf G.R.; Veraverbeke S.; Xanthopoulos G.,Scopus,Review,NA,2-s2.0-85201193794,Scopus; WoS,2,review,TRUE,FALSE,TRUE,TRUE,TRUE,FALSE,NA
Scopus,english,The Contribution of Administration to Thinking and Acting on Cities; [Contribuições da Administração para Pensar e Agir Sobre as Cidades],"Considering the enormous challenges cities face due to the climate crisis dramatically and urgently affecting Brazil, as seen recently in Rio Grande do Sul, in this editorial we discuss the administration’s contributions in reflecting and acting on urban management and governance. RAC has pioneered addressing conceptual boundaries, interdisciplinary approaches, and the relationship between theory and practice, valuing knowledge production that can help confront contemporary challenges. In this context, discussing the role of administration and its contribution to urban management is essential to inspire professors, researchers, and professionals in our field to co-create more resilient, fair, and sustainable cities. © 2024, ANPAD - Associacao Nacional de Pos-Graduacao e Pesquisa em Administracao. All rights reserved.",10.1590/1982-7849rac2024240164.por,2024,Andion C.; Chimenti P.,Scopus,Editorial,NA,2-s2.0-85199284028,Scopus,1,other,TRUE,FALSE,TRUE,TRUE,TRUE,FALSE,NA
Scopus,english,The race to disasters - is the international relief community ready for future disasters?,"Background: Climate-related disasters have tripled in the past 30 years. Between 2006 and 2016, the global sea levels rose 2.5 times faster than the entire 20th century. More than 20 million people a year are forced out of their homes because of climate change impacts. Rapid urbanization and increasing population density in coastal mega-metropolitan areas will inevitably lead to more large-scale disasters due to extreme weather events, i.e., stronger storms and massive flooding. Despite the inevitability of these events, disaster risk reduction is still locally based in each country, many of which have scarce resources to devote to the activity. It is widely assumed that the global community will respond when a calamity occurs. This perspective article explores the appropriateness of the current international relief and aid paradigm in light of near and middle-term trends in global disasters. Main body: After briefly summarizing the anticipated effects of global climate change, population growth, and progressive urbanization in low-lying coastal and riverine environments on the frequency and scale of future disasters, this paper examines how existing concepts of international relief following disasters are insufficient to address the challenges to come. Current paradigms are tested against selected case studies demonstrating the growing frequency of mega-disasters. For example, in 2010, the world saw a catastrophic earthquake in Haiti, very large-scale floods in Pakistan, a major earthquake in Chile, and heat waves that resulted in the death of tens of thousands of people in Russia and many more in other countries. However, the world exhausted most of its humanitarian aid, responding to Haiti in January of that year. The review closes with a proposition for a new paradigm to re-organize international relief to meet the challenge posed by our rapidly changing world – one that is more adaptable to the current challenges of climate change and other trends that will almost certainly increase the frequency and intensity of disasters. Conclusion: The future of international disaster aid depends on our ability to foster greater cooperation between the various organizations and donor countries and more seamless cooperation between both groups and the affected countries or regions. Planning and relief operations should utilize new technologies and innovative financing where feasible. A holistic approach that focuses on building large-scale agreements and coordination mechanisms, teaching citizens how to help each other until aid arrives, and strengthening resilience at the local level will equip communities for adaptive action during a disaster, improve coping and long-term rehabilitation, will lead to a more efficient, fairer and more durable global aid system. © The Author(s) 2024.",10.1186/s13584-024-00657-1,2024,Peleg K.; Bodas M.,Scopus,Article,NA,2-s2.0-85212396484,Scopus; WoS,2,research_paper,TRUE,FALSE,TRUE,TRUE,TRUE,FALSE,NA
Scopus,english,"Tropical dry forests, water, biodiversity and the challenges of climate change in Nicaragua; [Florestas tropicais secas, biodiversidade, água e os desafios das mudanças climáticas na Nicarágua]","The Tropical Dry Forests of Nicaragua located mainly in the Pacific and Central-North zones play an essential role in maintaining resources such as water and the special biodiversity of this vulnerable ecosystem now under pressure from land-use changes and climate change These resources are essential to the well-being of the population as the main aquifers of the country are located in this area along with ecosystem services of this now heavily fragmented forest ecosystem. The ongoing influence of climate change along with land-use changes have caused the growth of arid zones in all of Central America. These on-going land use changes are lowering the resilience to the present and future climate change. Individual efforts to sustainable management of the forests are mentioned but it is nonetheless urgent to introduce wider and more intensive sustainable forestry and watershed management under a well-planned strategy based on findings of scientific research. The importance of the interrelationship between water and forests in the management of sustainable forest ecosystems will be stressed. © 2024, Instituto Internacional de Ecologia. All rights reserved.",10.1590/1519-6984.280001,2024,Saldivar I.; Vammen K.,Scopus,Article,NA,2-s2.0-85202007321,Scopus,1,research_paper,TRUE,FALSE,TRUE,TRUE,TRUE,FALSE,NA
Scopus,english,Twenty-first-century demographic and social inequalities of heat-related deaths in Brazilian urban areas,"Population exposure to heat waves (HWs) is increasing worldwide due to climate change, significantly affecting society, including public health. Despite its significant vulnerabilities and limited adaptation resources to rising temperatures, South America, particularly Brazil, lacks research on the health impacts of temperature extremes, especially on the role played by socioeconomic factors in the risk of heat-related illness. Here, we present a comprehensive analysis of the effects of HWs on mortality rates in the 14 most populous urban areas, comprising approximately 35% of the country's population. Excess mortality during HWs was estimated through the observed-to-expected ratio (O/E) for total deaths during the events identified. Moreover, the interplay of intersectionality and vulnerability to heat considering demographics and socioeconomic heterogeneities, using gender, age, race, and educational level as proxies, as well as the leading causes of heat-related excess death, were assessed. A significant increase in the frequency was observed from the 1970s (0-3 HWs year-1) to the 2010s (3-11 HWs year-1), with higher tendencies in the northern, northeastern, and central-western regions. Over the 2000-2018 period, 48,075 (40,448-55,279) excessive deaths were attributed to the growing number of HWs (>20 times the number of landslides-related deaths for the same period). Nevertheless, our event-based surveillance analysis did not detect the HW-mortality nexus, reinforcing that extreme heat events are a neglected disaster in Brazil. Among the leading causes of death, diseases of the circulatory and respiratory systems and neoplasms were the most frequent. Critical regional differences were observed, which can be linked to the sharp North-South inequalities in terms of socioeconomic and health indicators, such as life expectancy. Higher heat-related excess mortality was observed for low-educational level people, blacks and browns, older adults, and females. Such findings highlight that the strengthening of primary health care combined with reducing socioeconomic, racial, and gender inequalities represents a crucial step to reducing heat-related deaths.  © 2024 Monteiro dos Santos et al. This is an open access article distributed under the terms of the Creative Commons Attribution License, which permits unrestricted use, distribution, and reproduction in any medium, provided the original author and source are credited.",10.1371/journal.pone.0295766,2024,dos Santos D.M.; Libonati R.; Garcia B.N.; Geirinhas J.L.; Salvi B.B.; e Silva E.L.; Rodrigues J.A.; Peres L.F.; Russo A.; Gracie R.; Gurgel H.; Trigo R.M.,Scopus,Article,NA,2-s2.0-85183333403,Scopus; WoS,2,research_paper,TRUE,FALSE,TRUE,TRUE,TRUE,FALSE,NA
Scopus,english,Urbanisation on the coastline of the most populous and developed state of Brazil: the extent of coastal hardening and occupations in low-elevation zones,"Worldwide, coastlines have been replaced and altered by hard infrastructures to protect cities and accommodate human activities. In addition, human settlements are common and increasing in lowland areas threatened by coastal risk hazards. These urbanisation processes cause severe socioeconomic and ecological losses which demand policy reforms towards better coastal management and climate resilience. A first step in that direction is to comprehend the status of coastal hardening and occupation of vulnerable areas. Here, we mapped the coastline of the most populous and developed state of Brazil: São Paulo (SP). Our goal was to quantify the linear extent of natural habitats, artificial structures (AS), and occupations in low-elevation coastal zones (≤ 5 m) within 100 m from marine environments (LECZ100m) along the coastline and within estuaries. SP coast has a total extent of 244 km of AS, of which 125 and 119 km correspond to AS running along the coastline (e.g., seawalls, breakwaters) and extending from the shoreline into adjacent waters (e.g., jetties, pontoons, groynes), respectively. 63% of the total extent of AS is located in the most urbanised region. Breakwalls were the most common infrastructure (108 km), followed by jetties and wharves (~40 km each), and aquaculture and fishing apparatus (~24 km). Over 300 km of the SP coastline has inland occupations in LECZ100m: 235 and 67 km are adjacent to sandy beaches and estuarine/river margins, respectively. Coastal hardening is advanced in the central region of SP resulting from intense port activities and armoured shorelines. In other regions, much of coastal urbanisation seems to be driven by secondary usage of the cities, such as real estate development for beach houses and tourism. Our findings suggest that coastal urbanisation poses a major but often neglected source of environmental impact and risk hazards in SP and Brazil. © The Author(s) 2024.",10.1007/s44218-024-00048-8,2024,Pardal A.; Christofoletti R.A.; Martinez A.S.,Scopus,Article,NA,2-s2.0-85196782149,Scopus,1,research_paper,TRUE,FALSE,TRUE,TRUE,TRUE,FALSE,NA
Scopus,english,"WHEN CLIMATE CHANGES, so DOES VIOLENCE: EXAMINING the LINK between WEATHER and CRIME in PERNAMBUCO-NORTHEAST, BRAZIL","This paper examines the impact of weather shocks on crime in Pernambuco-Northeast, one of the states most affected by climate disasters in the Brazilian semi-Arid region. We show that precipitation and temperature shocks in the form of droughts have a significant impact on the increase of rates of intentional lethal violent crimes (ILVC), property crimes (PC), and homicides. The effects of precipitation fluctuations in the form of droughts persist beyond the agricultural season and in the medium-Term, and vary according to municipal and criminological characteristics. Moreover, adverse weather conditions (e.g., droughts) have a greater impact on income-related crimes. Consistent with this evidence, we find that the persistent response of crime rates to adverse weather conditions is driven by negative shocks to rural income, followed by a deterioration in overall economic activity, urban labor market conditions, and the government's ability to provide public goods. The patterns we identify align with a relationship between weather and crime explained by reduced opportunity costs associated with criminal activity. Regarding policy recommendations, our findings suggest that local governments should prioritize investments in water infrastructure, agricultural irrigation, expansion of water coverage, and conservation of forested areas. These measures can contribute to climate adaptation and mitigate the economic impact of weather shocks on crime.  © 2024 World Scientific Publishing Company.",10.1142/s2010007823500276,2024,De Souza Sá Á.R.; Da Silva Gomes L.,Scopus,Article,NA,2-s2.0-85188158376,Scopus,1,research_paper,TRUE,FALSE,TRUE,TRUE,TRUE,FALSE,NA
Scopus,english,"Water science library: Nature-based solution to the hydrosocial cycle, La Honda neighborhood, Medellín-Colombia; [Cienciateca del agua: solución basada en la naturaleza del ciclo hidrosocial, barrio La Honda, Medellín-Colombia]","The hydrosocial cycle refers to the historical, geographical and anthropological link that populations have developed with water processes in the territory stated by Colombia Anfibia (2015) (Jaramillo Villa et al., 2016). In this context, we found a gap in the lack of studies focused on the analysis of anthropic adaptation processes to the watersheds of the city of Medellín, specifically in the La Honda ravine, located in the homonymous neighborhood of commune 3 Manrique (Medellín). The present work, in harmony with the Medellín Climate Action Plan, aims to investigate the hydrosocial cycle of the neighborhood and the La Honda ravine, through a research synergy between the Universidad Santo Tomás (branches of Medellín and Bucaramanga), the Institute of Human Rights, Reconciliation and Peace (USTAMED) and the local community. During the investigation, the participatory methodology Transformative Actions La Honda has been implemented, structured in three main moments, called: Building ties, Co-creation and Creation workshop, which has allowed to establish ties between civil society and the academic community on fundamental topics such as: Sustainable environmental development, Human rights, construction of public policy and peace scenarios. Having as main conclusions some architectural design premises as ""Solutions based on nature"", jointly developed by the population of the neighborhood, students and research teachers, with the purpose of reaching in the future a work built linking public-private entities. © 2024 Universidad Diego Portales. All rights reserved.",10.32995/rev180.num-54.(2024).art-1265,2024,Marín L.M.R.; Plata E.C.A.; Serra D.J.; Lopera A.E.A.; Castro D.A.C.,Scopus,Article,NA,2-s2.0-85214380050,Scopus; WoS,2,research_paper,TRUE,FALSE,TRUE,TRUE,TRUE,FALSE,NA
Scopus,english,Water security threats and solutions in the Grande River basin – One of the Brazilian agricultural frontiers,"This paper evaluates the effectiveness of sustainable agricultural management solutions at a farm level to mitigate water security threats in one of Brazil's agricultural frontiers – the Grande River basin. The paper addresses future challenges to water security in the river basin and explores how effective solutions are at a farm level to mitigate current and future water security threats at a basin scale. Based on the assessment of multiple drivers, higher future water security threats in the region are predicted in 2040 due to climate change, land use modification and corresponding changes in water use. The paper finds that the Formosa do Rio Preto region, which is not currently water-insecure, may turn into a water security hotspot area by 2040. The effective response index for water security (ERI-WS), based on the qualitative assessment of the impact at the farm scale, is used to evaluate the effectiveness of current sustainable management practices in addressing water security challenges. The water security dimensions approach of the ERI-WS shows that >50 % of the sites have technologies that can have positive impacts on the “Drinking water and human well-being”, “Economic activities and development”, “Ecosystem” and the “Resilience” dimensions. The paper finds that 66 % of the farms have efficient soil, land, and water management solutions (ERI-WS > 0.5) to address current and future water security issues. These solutions range from sustainable grazing land management to integrated plant nutrition management to enhanced soil productivity. However, 15 % of the farms located in vulnerable areas of the municipalities of São Desidério, Barreiras and Catolândia have lower effectiveness. Results also indicate that 36 % of the sites, distributed in 8 municipalities, employ nature-based solutions to mitigate water security threats, mainly those related to water quality conditions in downstream areas, indicating the relevance of these practices in the region. © 2023 The Authors",10.1016/j.scitotenv.2023.167351,2024,Teixeira A.L.D.F.; Bhaduri A.; Siefert C.A.C.; Iftekhar M.S.; Bunn S.E.; Souza S.A.D.; Gonçalves M.V.C.; Costa L.C.D.,Scopus,Article,NA,2-s2.0-85172443906,Scopus,1,research_paper,TRUE,FALSE,TRUE,TRUE,TRUE,FALSE,NA
Scopus,english,"1st International Conference on Geographic Perspectives on Climate Change Mitigation in Urban and Rural Environments, GCUE 2024","The proceedings contain 24 papers. The special focus in this conference is on Geographic Perspectives on Climate Change Mitigation in Urban and Rural Environments. The topics include: Mapping Temperature Evolution: A Four-Dimensional Perspective with Smooth Kernel Distribution; the Nexus Between Tourism, Economic Growth and Environment: Empirical Evidence from European Countries; Environmental Implications of the NEOM Project in Saudi Arabia: A Geographical Analysis; Variability and Long-Term Tendencies in CO Content and Their Links with Urban Climate Changes in the Atmosphere of the Moscow Megapolis; why Education of Undergraduate Tourism Students Is a Key Factor for Climate Change Mitigation; meat Consumption and Intention to Reduce Meat Intake by the Generation Z Cohort; Turning Climate Peril into Economic Catalyst: Adaptive Strategies for Enhancing Ecosystem Services and Local Industry in Grimsby, UK; mainstreaming and Implementation of Nature-Based Solutions for Climate Change Mitigation, Adaptation, and Resilience in Zambia; sustainable Growth and Development of Towns in a Dual Land Tenure System in Zambia: A Case of Lundazi Town; design of a Land Use–Land Cover Index Using Fuzzy Logic for Territorial Planning in the Andean Basins of Colombia; the Remorse of the Earth. A Comparison of Agro-Reforestation Practices on the Ruins of the Salento Olive-Growing Landscape; preferences Toward Shared Automated Electric Vehicles: Evidence from Mixed Logit and Bayesian Inference Analysis; overview of Transport Policies and Climate Change Mitigation: Toward an Integrated Approach in the Mediterranean Region; Leveraging Urban Air Mobility (UAM) for Sustainable Urban Development: A Comprehensive Analysis of Impact and Congestion Mitigation.",NA,2025,NA,Scopus,Conference review,NA,2-s2.0-105018807300,Scopus,1,other,TRUE,FALSE,TRUE,TRUE,TRUE,FALSE,NA
Scopus,english,"1st International Conference on Geographic Perspectives on Climate Change Mitigation in Urban and Rural Environments, GCUE 2024","The proceedings contain 24 papers. The special focus in this conference is on Geographic Perspectives on Climate Change Mitigation in Urban and Rural Environments. The topics include: Mapping Temperature Evolution: A Four-Dimensional Perspective with Smooth Kernel Distribution; the Nexus Between Tourism, Economic Growth and Environment: Empirical Evidence from European Countries; Environmental Implications of the NEOM Project in Saudi Arabia: A Geographical Analysis; Variability and Long-Term Tendencies in CO Content and Their Links with Urban Climate Changes in the Atmosphere of the Moscow Megapolis; why Education of Undergraduate Tourism Students Is a Key Factor for Climate Change Mitigation; meat Consumption and Intention to Reduce Meat Intake by the Generation Z Cohort; Turning Climate Peril into Economic Catalyst: Adaptive Strategies for Enhancing Ecosystem Services and Local Industry in Grimsby, UK; mainstreaming and Implementation of Nature-Based Solutions for Climate Change Mitigation, Adaptation, and Resilience in Zambia; sustainable Growth and Development of Towns in a Dual Land Tenure System in Zambia: A Case of Lundazi Town; design of a Land Use–Land Cover Index Using Fuzzy Logic for Territorial Planning in the Andean Basins of Colombia; the Remorse of the Earth. A Comparison of Agro-Reforestation Practices on the Ruins of the Salento Olive-Growing Landscape; preferences Toward Shared Automated Electric Vehicles: Evidence from Mixed Logit and Bayesian Inference Analysis; overview of Transport Policies and Climate Change Mitigation: Toward an Integrated Approach in the Mediterranean Region; Leveraging Urban Air Mobility (UAM) for Sustainable Urban Development: A Comprehensive Analysis of Impact and Congestion Mitigation.",NA,2025,NA,Scopus,Conference review,NA,2-s2.0-105020053064,Scopus,1,other,TRUE,FALSE,TRUE,TRUE,TRUE,FALSE,NA
Scopus,english,"Against the flow: flooding and its impact on phlebotomine bionomics in the Chaco region, Argentina","Tegumentary leishmaniasis in Argentina presents multiple hotspots and sporadic outbreaks, especially in the Humid Chaco. This study examined ecological and behavioral adaptations of phlebotomine sandflies in flood-affected areas, focusing on breeding sites, vertical stratification, and seasonal abundance, with emphasis on the dominant vector Nyssomyia neivai. The influence of flooding, climate variables, and environmental change on disease risk and control strategies was assessed. Sampling was conducted (2011–2014) in Puerto Antequeras, Chaco, across domicile, peridomicile, and extradomicile ecotopes. From September 2011 to December 2012, eight mini-CDC light traps were installed monthly at ground level (1.5 m) and in canopies (10 m), also soil samples were collected. From January 2013 to December 2014, ground-level mini-CDC and emergence traps were used. Meteorological data informed negative binomial models relating sandfly abundance to climatic and ecological variables. A total of 28462 phlebotomines were captured in the first period and 32009 in the second, with Ny. neivai dominant, particularly in the extradomicile. Abundance was greater at ground level, but canopy fauna was more diverse. Peaks occurred in summer and spring, and abundance increased post-flooding. Minimum temperature positively affected abundance, whereas river height and precipitation were negative predictors. In the first period, soil samples produced only one Ny. neivai male; emergence traps produced 15 individuals emerged from five traps, mainly in the extradomicile, peaking in autumn. Emergence increases with minimum temperature and decreases with precipitation. Flooding may shift breeding sites, and climate change could increase urban transmission risk. Control should integrate vector surveillance with habitat management. © 2025 Elsevier B.V.",10.1016/j.actatropica.2025.107797,2025,Sofia Florencia G.G.; Enrique Alejandro S.; Janinna F.; Miriam E.; Matías P.; Oscar Daniel S.; María Gabriela Q.; Juan R.,Scopus,Article,NA,2-s2.0-105014186211,Scopus; WoS,2,research_paper,TRUE,FALSE,TRUE,TRUE,TRUE,FALSE,NA
Scopus,english,Agriculture and agroecology,"The consequences and predictions of global climate change and its impacts on agriculture, especially in horticulture and in the different regions of Brazil, are addressed in this chapter questioning the current dominant model of industrial agriculture, hegemonic, large-scale, based on intense mechanization, monoculture and intensive use of inputs, extremely dependent and fragile, in addition to the abandonment of local edible plants, once common, and the concentration of our nutrition in a few species. In times of climate emergency, it brings to light the main technologies for tackling the effects of climate change, including nontillage systems (NTS), integrated crop-livestock-forest systems (ICLFS), agroforestry systems (AFS), culminating with the agroecological transition and agroecology. It also invites you to reflect on the choice of species to be used as food, suggesting including nonconventional edible plants (NCEP) or neglected and underutilized species (NUS) that present high adaptability, rusticity, and resilience. Outlook Thinking about new models of agriculture also means acting on changing our relationship with the environment, seeking more intelligent and integrated answers to the problem of feeding a growing population in a context of increasingly scarce availability of natural resources. Thinking about the management of industrial and urban waste, especially the production of urban waste compounds after due treatment, and various waste materials with potential for use as fertilizer in industries from different sectors, but especially food, and even from some segments of mining, is strategic to encourage the cycling and reuse of potential resources. Another relevant issue is the need to reduce food waste. Currently, it is estimated at around 30% of the conventionally cultivated species and, in the case of NCEP, it is estimated that more than 95% of what is available around us, is not used. It is essential to recognize the ecological limits of the biome and adopt a productive frontier that guarantees the sustainability of activities without affecting the conservation of biological and sociocultural diversity. It becomes a matter of survival that today we can offer answers to the sustainability of systems without depleting available resources. In this way, it is necessary to develop integrated strategies that include the component of public policies compatible with the specificities and particularities of the subjects involved in the territories, in order to guarantee that the social and productive organization of employment and income generation goes hand in hand with the provision of environmental services. Opportune strategies for the development of agriculture in harmony with nature can involve promoting productive alliances including the food and health sectors as generators of local development articulated with public policies, aiming to expand access to markets, promote economic and productive generation and use of renewable energy sources, considering a transition to a new energy matrix and also to a new production paradigm whose basis must be biological. © 2025 Elsevier Inc. All rights reserved.",10.1016/b978-0-443-40490-0.00019-2,2025,Madeira N.R.; Vidal M.C.; Lima C.E.P.,Scopus,Book chapter,NA,2-s2.0-105011435488,Scopus,1,other,TRUE,FALSE,TRUE,TRUE,TRUE,FALSE,NA
Scopus,english,Analysing the Water–Energy Nexus Considering Rainwater Harvesting in Buildings,"Rainwater harvesting has been widely discussed globally due to major concerns regarding climate change and water scarcity. This paper aims to analyse and evaluate rainwater harvesting in buildings and its relationship with the water–energy nexus. Five types of buildings were analysed: public, industrial, commercial, single-family houses, and multi-family residential buildings within the Cubatão do Norte river watershed in Joinville, Brazil. Using simulations in the Netuno programme, the potential for potable water savings was calculated. This potential was compared to the energy consumption for potable water treatment by the municipality. The average potential for potable water savings was the following: 28.18% for public buildings, 50.83% for industrial buildings, 34.12% for commercial buildings, 23.12% for single-family houses, and 18.55% for multi-family residential buildings. After analysing the energy savings for the entire watershed, the average savings were 245 kWh/day for all public sector buildings, 209 kWh/day for all industrial sector buildings, 8 kWh/day for all commercial sector buildings, 25 kWh/day for all single-family houses, and 15 kWh/day for all multi-family residential buildings. Over a year, energy savings can range from 135,426 kWh to 240,900 kWh in all the buildings studied in Joinville. Finally, further studies on the water–energy nexus are needed to make cities more resilient and sustainable in terms of using resources. © 2025 by the authors.",10.3390/w17071037,2025,Oneda T.M.S.; Ghisi E.,Scopus,Article,NA,2-s2.0-105002403725,Scopus,1,research_paper,TRUE,FALSE,TRUE,TRUE,TRUE,FALSE,NA
Scopus,english,"Application of Random Forest in the Prediction of Extreme Flows: Evaluation against Deterministic Methods, exper-imental case of the Magdalena River Frío basin in Colombia","Hydrological and hydraulic modeling is essential in assessing and managing water resources, especially in regions prone to extreme events. The Frío River basin, located in the department of Magdalena, faces recurrent floods and water deficits, impacting socio-environmental resilience and territorial planning. This study uses advanced hydrological and hydraulic modeling tools, such as HEC-RAS and hydrometeorological series analysis, to evaluate river dynamics under extreme precipitation scenarios and changes in land use. The Random Forest (RF) algorithm was implemented as a machine learning model to improve predictive capacity, using historical precipitation data to estimate flows in extreme events with greater precision. The model was trained with historical records, allowing the identification of non-linear relationships between hydrometeorological variables and the hydrological response of the basin. The channel’s current state was analyzed, considering historical precipitation data and projected scenarios with different urbanization rates and changes in vegetation cover. Climate prediction models were incorporated to assess the impact of climate change on the recurrence of extreme events and water availability. Using Random Forest as a hydrological modeling tool improved the estimation of extreme flows, providing a scientific basis for water risk management and formulating adaptation strategies. Finally, methods are proposed to strengthen the resilience of the basin to climate variability and to optimize water management through ecological restoration and sustainable territorial planning. © SEECMAR | All rights reserved.",NA,2025,Quintero Suárez S.M.; Hatum P. A.F.; Quintero S. J.A.,Scopus,Article,NA,2-s2.0-105005722601,Scopus,1,research_paper,TRUE,FALSE,TRUE,TRUE,TRUE,FALSE,NA
Scopus,english,Assessing Streamflow Responses to Future Climate and Land Use and Land Cover Change in a Transitional Brazilian Basin Between Semiarid Dry Forest and Humid Tropical Forest Biomes,"Historically, severe drought events, coupled with land use and land cover changes, have significantly influenced streamflow behaviour This study enhances the understanding of these hydrological processes by assessing streamflow responses to future climate and land use and land cover change in a transitional Brazilian basin between semiarid and humid tropical forest biomes. Projections from 10 global climate models available through the Climate Change Dataset for Brazil (CLIMBra) were utilised incorporating bias correction via the Quantile Mapping method. Future land use and land cover changes were simulated using the land change modeller (LCM), while hydrological projections were generated through the soil and water assessment tool (SWAT), which was calibrated and validated with satisfactory performance, achieving coefficients of determination (R2) and Nash-Sutcliffe (NSE) efficiencies in the ranges of 0.62–0.79 and 0.61–0.76 for calibration and 0.48–0.90 and 0.41–0.84 for validation, respectively. The results indicate a substantial expansion of agricultural and pasture areas, with a 280% increase over recent decades. Climate projections under the SSP2–4.5 and SSP5–8.5 scenarios show a progressive temperature rise and declining rainfall trends, with the SSP5–8.5 scenario exhibiting a steeper increase in temperature. Paradoxically, hydrological modelling suggests an intensification of streamflow extremes, with peak discharges ranging from 200 to 300 m3/s, particularly, in regions prone to extreme precipitation events. Notably, under SSP5–8.5, a more pronounced rise in flood peaks is observed, indicating elevated flood risks, even in moderate emissions scenarios. These findings underscore the necessity for adaptive water resource management strategies to mitigate future hydrological vulnerabilities in the basin. © 2025 The Author(s). Hydrological Processes published by John Wiley & Sons Ltd.",10.1002/hyp.70316,2025,de Farias V.E.M.; Montenegro S.M.G.L.; da Silva R.M.; Xuan Y.; Ursulino B.E.S.; Santos C.A.G.,Scopus,Article,NA,2-s2.0-105021582373,Scopus; WoS,2,research_paper,TRUE,FALSE,TRUE,TRUE,TRUE,FALSE,NA
Scopus,english,"Assessing the Dynamics of Woody Vegetation in the Abo-bral region, southern Pantanal wetland (Brazil): Contributi-ons of Functional Indices Derived from Satellite Image Time Series; [Avaliação das Dinâmicas da Vegetação Lenhosa no Panta-nal do Abobral: Contribuições de Índices Funcionais Deri-vados de Séries Temporais de Imagens de Satélite]","The Pantanal biome is a heterogeneous and dynamic ecosystem in central South America, exhibiting complex relationships with climatic and geomorphological factors. This study investigates the spatiotemporal variability of woody vegetation dynamics in the Pantanal do Abobral, a subregion of the Pantanal. We analyzed: (1) Land cover changes (2015–2023) using annual maps from the Brazilian Annual Land Use and Land Cover Mapping Project (MAPBIOMAS); Normalized Difference Vegetation Index (NDVI) from the Harmonized Landsat Sentinel-2 (HLS) product and precipitation from the Climate Hazards Group InfraRed Precipitation with Stations (CHIRPS) to identify spatial patterns in vegetation-precipitation relationships via Pearson correlation; and Functional indices derived from NDVI time series. Although woody cover remained stable (~16.75% from 2015–2023), we observed a 19.85% loss in savanna areas relative to 2015, compensated by a 21.81% transition from non-woody to savanna areas. Even within the same land cover class, distinct vegetation types showed differential responses to local precipitation regimes. Functional indices corroborated this heterogeneity, revealing spatial patterns in plant functional groups. Our findings underscore the importance of vegetation functional trait mapping for climate change mitigation and adaptation planning in this ecosystem. © (2025) (Universidade Federal do Parana) All rights reserved.",10.5380/raega.v63i2.99924,2025,Ribeiro U.M.; Silva M.H.S.d.; Corgne S.; Arvor D.,Scopus,Article,NA,2-s2.0-105015956425,Scopus,1,research_paper,TRUE,FALSE,TRUE,TRUE,TRUE,FALSE,NA
Scopus,english,"Assessing the Dynamics of Woody Vegetation in the Abobral region, southern Pantanal wetland (Brazil): Contributions of Functional Indices Derived from Satellite Image Time Series; [Avaliação das Dinâmicas da Vegetação Lenhosa no Pantanal do Abobral: Contribuições de Índices Funcionais Derivados de Séries Temporais de Imagens de Satélite]","The Pantanal biome is a heterogeneous and dynamic ecosystem in central South America, exhibiting complex relationships with climatic and geomorphological factors. This study investigates the spatiotemporal variability of woody vegetation dynamics in the Pantanal do Abobral, a subregion of the Pantanal. We analyzed: (1) Land cover changes (2015–2023) using annual maps from the Brazilian Annual Land Use and Land Cover Mapping Project (MAPBIOMAS); Normalized Difference Vegetation Index (NDVI) from the Harmonized Landsat Sentinel-2 (HLS) product and precipitation from the Climate Hazards Group InfraRed Precipitation with Stations (CHIRPS) to identify spatial patterns in vegetation-precipitation relationships via Pearson correlation; and Functional indices derived from NDVI time series. Although woody cover remained stable (˜16.75% from 2015–2023), we observed a 19.85% loss in savanna areas relative to 2015, compensated by a 21.81% transition from non-woody to savanna areas. Even within the same land cover class, distinct vegetation types showed differential responses to local precipitation regimes. Functional indices corroborated this heterogeneity, revealing spatial patterns in plant functional groups. Our findings underscore the importance of vegetation functional trait mapping for climate change mitigation and adaptation planning in this ecosystem. © (2025), (Universidade Federal do Parana). All rights reserved.",10.5380/raega.v63i2.99925,2025,Mateus Ribeiro U.; da Silva M.H.S.; Corgne S.; Arvor D.,Scopus,Article,NA,2-s2.0-105015856334,Scopus,1,research_paper,TRUE,FALSE,TRUE,TRUE,TRUE,FALSE,NA
Scopus,english,Automated Detection of Araraucaria angustifolia (Bertol.) Kuntze in Urban Areas Using Google Earth Images and YOLOv7x,"This study addresses the urgent need for effective methods to monitor and conserve Araucaria angustifolia, a critically endangered species of immense ecological and cultural significance in southern Brazil. Using high-resolution satellite images from Google Earth, we apply the YOLOv7x deep learning model to detect this species in two distinct urban contexts in Curitiba, Paraná: isolated trees across the urban landscape and A. angustifolia individuals within forest remnants. Data augmentation techniques, including image rotation, hue and saturation adjustments, and mosaic augmentation, were employed to increase the model’s accuracy and robustness. Through a 5-fold cross-validation, the model achieved a mean Average Precision (AP) of 90.79% and an F1-score of 88.68%. Results show higher detection accuracy in forest remnants, where the homogeneous background of natural landscapes facilitated the identification of trees, compared to urban areas where complex visual elements like building shadows presented challenges. To reduce false positives, especially misclassifications involving palm species, additional annotations were introduced, significantly enhancing performance in urban environments. These findings highlight the potential of integrating remote sensing with deep learning to automate large-scale forest inventories. Furthermore, the study highlights the broader applicability of the YOLOv7x model for urban forestry planning, offering a cost-effective solution for biodiversity monitoring. The integration of predictive data with urban forest maps reveals a spatial correlation between A. angustifolia density and the presence of forest fragments, suggesting that the preservation of these areas is vital for the species’ sustainability. The model’s scalability also opens the door for future applications in ecological monitoring across larger urban areas. As urban environments continue to expand, understanding and conserving key species like A. angustifolia is critical for enhancing biodiversity, resilience, and addressing climate change. © 2025 by the authors.",10.3390/rs17050809,2025,Karasinski M.A.; Leite R.D.S.; Guaraná E.C.; Figueiredo E.O.; Broadbent E.N.; Silva C.A.; Santos E.K.M.D.; Sanquetta C.R.; Dalla Corte A.P.,Scopus,Article,NA,2-s2.0-86000764474,Scopus,1,research_paper,TRUE,FALSE,TRUE,TRUE,TRUE,FALSE,NA
Scopus,english,Beyond fear: The role of emotions in disaster risk reduction in the face of climate change,"Most studies and policy in disaster risk reduction have focused on either what people lack (their vulnerability or their capacities to deal with risk (their resilience). Few studies and decision-making processes have focused on the role of emotions in informal urban settings. However, the results of a four-year study including interviews, three international workshops, and 24 community-led initiatives of risk reduction in Cuba, Colombia, and Chile, shows that emotions play a fundamental role in the design and planning of grassroots initiatives. Anxiety, pride, anger, uncertainty, and awe are crucial in risk-related agency. These emotions help building leadership and engagement and are decisive in establishing empathy, trust, and legitimacy—all which constitute the basis for change towards social and environmental justice. Phenomenology can help address connections between emotions, agency, and space. To succeed, risk response frameworks must recognize the interplay between emotions, behaviors, and politics. © 2024 The Authors",10.1016/j.emospa.2024.101054,2025,Lizarralde G.; Lajoie S.; Gould K.; Araneda C.; Cruz-Panesso I.; Diaz J.H.; Monsalve E.; Burdiles R.; Herazo B.; Páez H.; Valladares A.; Bornstein L.; Olivera A.; Gonzalez G.; López O.; López A.,Scopus,Article,NA,2-s2.0-85210546454,Scopus,1,research_paper,TRUE,FALSE,TRUE,TRUE,TRUE,FALSE,NA
Scopus,english,Brazil on fire: Igniting awareness of the 2024 wildfire crisis,"In 2024, South America faced an unprecedented wildfire crisis, with Brazil among the hardest-hit countries. Home to globally significant biomes like the Amazon, Pantanal, Cerrado, and Atlantic Forest, Brazil's ecosystems are undergoing massive destruction. Despite the severity of the 2024 wildfires—surpassing even the internationally scrutinized 2020 wildfires—the current disaster remains underreported internationally. Here, we seek to raise global awareness and advocate for immediate, collaborative action to mitigate Brazil's escalating wildfire emergency. We examined the scope, ecological impact, and socioeconomic consequences of the 2024 fires in Brazil, highlighting record-breaking areas burned and widespread wildfire foci. These wildfires are devastating biodiversity, endangering public health, and intensifying environmental injustices across the country. Our analysis reveals a significant relationship between deforestation and wildfire incidence the following year. Smoke pollution reached hazardous levels, impacting urban populations and disproportionately affecting Indigenous communities. Key drivers of this crisis include unsustainable land-use practices, extreme climate conditions, and governance failures, with response efforts hindered by underfunded environmental agencies. This situation underscores the urgent need for stronger enforcement of environmental policies, rapid allocation of emergency resources, and the implementation of Brazil's Integrated Fire Management (IFM) programs across federal, state, and private lands. We call for sustained international support, directly targeted at Brazilian agencies, to bolster fire prevention, response, and ecosystem resilience. Protecting Brazil's biomes is a global priority, requiring consistent advocacy and action that transcends political shifts. © 2025 Elsevier Ltd",10.1016/j.jenvman.2025.126190,2025,Béllo Carvalho R.; Oliveras Menor I.; Schmidt I.B.; Berlinck C.N.; Genes L.; Dirzo R.,Scopus,Article,NA,2-s2.0-105007739810,Scopus,1,research_paper,TRUE,FALSE,TRUE,TRUE,TRUE,FALSE,NA
Scopus,english,Charting Livable and Resilient Cities,"Cities are facing severe challenges of climate change and environmental deterioration. This leads to diverse reflection and action on urban values, where sustainable development goals are the consensus of future development direction. Positive climate mitigation and adaptation are needed, while creating healthy, resilient, and livable built environments are vital to ensure citizen’s health, safety, and prosperity. However, understandings of theories, methods, frameworks, and strategies for creating climate-resilient and livable environments remain unclear, particularly due to diverse geographic, cultural, social, climatic, economic, technological, and political contexts. The 4th Climate Change and Environmental Sustainability (CCES) and the 3rd Health & Environmental Resilience and Livability in Cities (HERL) international conferences were held in China and Italy, respectively, to address the research, science, and practice challenges to deepening the pathways, actions, plans, and policies. This book collects a total of 32 papers from these two conferences accepted for publication. These papers characterize four key themes, including (i) Urban Design, Public Spaces, and Resilience, (ii) Renewable Energy and Sustainable Building Technologies, (iii) Climate Adaptation Strategies and Environmental Quality, and (iv) Behavioral and Policy Approaches to Climate Change Mitigation. Typically, these four themes form a closed loop to support the creation of livable and resilient cities, by defining urban contexts, mitigation solutions, adaptation solutions, and socio-economic-political participation. Moreover, these papers present the experiences, lessons learnt, findings, and practices from various nations worldwide, such as Australia, Bosnia and Herzegovina, China, Denmark, Dominican Republic, Egypt, India, Italy, Mexico, Norway, Saudi Arabia, Slovenia, Spain, Thailand, the Netherlands, Togo, United Arab Emirates, and the United States. The contents in this book will provide comprehensive, tangible, and implementable frameworks, solutions, pathways, and paradigms to improve urban livability and resilience. © The Author(s), under exclusive license to Springer Nature Switzerland AG 2025.",10.1007/978-3-031-97849-4_1,2025,He B.; Piselli C.; Karunathilake H.P.; Cheshmehzangi A.; Attia S.; Darko A.,Scopus,Conference paper,NA,2-s2.0-105020048680,Scopus,1,research_paper,TRUE,FALSE,TRUE,TRUE,TRUE,FALSE,NA
Scopus,english,Climate change and health in the Global South: A scientometric analysis,"Research on the effects of climate change on human health is essential for developing efficient mitigation and adaptation strategies in the face of an uncertain future. Although the health effects of climate change affect everyone, they have a major impact in the Global South. Consequently, there has been a notable rise in focus on research in this area in recent years, leading to a surge in publications. A scientometric analysis was conducted to create evidence maps that delve into the research regarding climate change and health in the Global South. This study reviewed 206 related articles from the Web of Science and Scopus databases from 2016 to 2024 to comprehend and visualise publication trends, current research focal points, the extent of collaboration among scholars, and potential avenues for future research. Networks and interactive visualisations were made using VOSviewer and the Highcharter R package. The number of publications from the Global South remains comparatively low, with a substantial portion originating primarily from Brazil, India, China and South Africa. Researchers in the Global South exhibit minimal collaboration among themselves. The primary research themes are climate resilience, causal factors, health impacts, energy transition, governance and urban sustainability. © 2025 The Author(s). Published by Informa UK Limited, trading as Taylor & Francis Group.",10.1080/0376835x.2025.2588139,2025,Ilo O.; Ilo S.; Simatele M.,Scopus,Article,NA,2-s2.0-105023045213,Scopus; WoS,2,research_paper,TRUE,FALSE,TRUE,TRUE,TRUE,FALSE,NA
Scopus,english,Climate change-induced vulnerability assessment for the Florida Coast using hybrid machine learning models,"Florida's coastal regions are increasingly at risk due to environmental challenges, particularly those stemming from climate change, rising sea levels (SLR), and severe weather events like hurricanes. With a coastline stretching 1,350 miles along the Atlantic and Gulf of Mexico, these coastal areas are vital to the state's economy, generating roughly $102 billion each year and supporting 1.7 million jobs, mainly through tourism, recreational fishing, and boating. However, they face considerable strain from both natural and human-related influences. To evaluate this vulnerability, we employed the InVEST model, which utilizes the Coastal Vulnerability Index (CVI) methodology, considering crucial factors such as coastal shape, water depth, elevation, wave patterns, wind stress, SLR, population density, and natural habitats. Our analysis covered a 30-year period (1992–2022) and revealed that while Florida's northwest coast has a moderate level of exposure, it is highly vulnerable. Similarly, southeastern Florida, including its biggest city, Miami, is also highly vulnerable to climate change and land subsidence. Validation of the InVEST model with machine learning (ML) confirmed its effectiveness in evaluating coastal exposure in various regions. Our results highlighted the importance of natural ecosystems like mangroves and seagrasses in mitigating ecological risks. We also pinpointed the counties most at risk along Florida's coast for focused management efforts and noted dangers to the Everglades, such as saltwater intrusion and the transition of freshwater marshes into mangrove creeks. The study advocates for incorporating “Green-gray” infrastructure, which combines the restoration of natural ecosystems with traditional engineering measures like seawalls, to improve long-term coastal resilience and reduce risks. © 2025 The Author(s)",10.1016/j.ecolind.2025.113242,2025,Mondal I.; Das A.; Hossain S.A.; Jose F.; Altuwaijri H.A.,Scopus,Article,NA,2-s2.0-85217773827,Scopus,1,research_paper,TRUE,FALSE,TRUE,TRUE,TRUE,FALSE,NA
Scopus,english,Collective learning for resilience in Global South cities: a community-based systems mapping approach to integrated climate and health action,"Introduction: Cities in the Global South face escalating climate change challenges, including extreme weather events that disproportionately affect marginalized populations and exacerbate health risks, such as non-communicable diseases (NCDs). Climate resilience, defined as the capacity to adapt and recover from climate-related events, requires intersectoral collaboration between governments and civil society. Methods: This study employs a Community-based System Dynamics approach, leveraging shared learning across four cities—Belo Horizonte (BH, Brazil), Yaoundé (Cameroon), Kingston (Jamaica), and Kisumu (Kenya)—through the Global Diet and Activity Research Network (GDAR). An implementation of the method in BH is detailed, examining drivers and interdependencies shaping community-based climate resilience strategies against heavy rainfalls. Results: In BH, findings highlight the interplay between urbanization risks, vulnerabilities, heavy rainfall, and NCDs, with visibility, resources, education, and training identified as critical intervention points. Conclusion: This study underscores the importance of aligning community action with public policy and highlights opportunities for collective learning and resilience-building for climate change in Global South cities. Copyright © 2025 Morais, Borde, Tatah, Thondoo, Wayas, Gordon-Strachan, Obonyo, Assah, Oni, Caiaffa and Garcia.",10.3389/fpubh.2025.1582550,2025,Morais L.M.D.O.; Borde E.; Tatah L.; Thondoo M.; Wayas F.A.; Gordon-Strachan G.; Obonyo C.; Assah F.; Oni T.; Caiaffa W.T.; Garcia L.,Scopus,Article,NA,2-s2.0-105007008284,Scopus; WoS,2,research_paper,TRUE,FALSE,TRUE,TRUE,TRUE,FALSE,NA
WoS,english,Compressed earth blocks as a sustainable alternative for their; integration into conventional construction systems in the city of; Liberia,"Due to the impact of the climate crisis on the construction sector, it has increasingly shifted toward construction practices that utilize abundant local materials. Compressed blocks utilize one of the oldest local materials, earth, which was displaced over time due to its weak seismic resistance. However, these weaknesses have been overcome through stabilization and evolution with modern technologies and new construction techniques. In the Costa Rican environment, the architecture of the city of Liberia has been characterized by more than one hundred examples of earth construction through the application of adobe and bahareque, but has not adapted this sustainable material with good hygrothermal performance to safer and more efficient techniques, such as compressed earth blocks. In this paper, the constructive properties of Liberian soil are evaluated through granulometric field tests and the manufacturing process of compressed earth blocks that stabilize this material to integrate it into conventional construction is detailed. This article is part of the research project ""The incidence of the use of soil from the city of Liberia as a construction material in the hygrothermal performance of interior spaces through simulation techniques"", developed by the Technological Institute of Costa Rica in cooperation with the Association for the Culture of Liberia.",10.18845/tm.v38i7.8291,2025,"Quiros-Ramírez, EF; Castillo-Camacho, F",TECNOLOGIA EN MARCHA,Article,NA,WOS:001621471600007,WoS,1,research_paper,TRUE,FALSE,TRUE,TRUE,TRUE,FALSE,NA
Scopus,english,"Concrete Mirage: Governance, Equity, and Sustainable Cities in the United States Southwest","Daily headlines of wildfires, drought, and record-breaking heat waves have brought climate change into our cities. The urgent challenge is to build cities that can adapt and thrive in the tumult of climate change. This is especially critical for growing cities in the Southwestern United States where rising temperatures and water scarcity threaten sustainability. Concrete Mirage is a timely discussion for those who have ever wondered, ""what does it mean to be a sustainable desert city?"" Erin Heinz critically examines sustainability as a goal, certification, and a consoling narrative shaping the future of desert cities. Drawing on interviews with sustainability experts from Arizona, New Mexico, and Nevada, Concrete Mirage reveals how economic primacy touted by third party governance and city decision-making falls short in fostering long-term viability. By confronting the mirage of sustainable development, it delivers a stark message: desert cities must adopt strategies of collective austerity if they hope to survive. © Bloomsbury Publishing, 2025. All rights reserved.",NA,2025,Heinz E.,Scopus,Book,NA,2-s2.0-105018651852,Scopus,1,other,TRUE,FALSE,TRUE,TRUE,TRUE,FALSE,NA
Scopus,english,Coping with the invisible impacts of COVID-19 in a context of polycrises: wellbeing strategies of marginalised urban and Indigenous Brazilian youth,"The wellbeing of young people in Brazil is significantly impacted by interconnected challenges such as local and global inequalities, violence, the climate emergency, a loss of ancestral identity, and the increasing precarity of education and employment. These overlapping crises influence how young people make sense of their everyday lives, envision their futures, and adapt to wellbeing challenges. Public policies continue to inadequately address immediate and long-term wellbeing needs and local realities of youth in situations of vulnerability. Combining data from two research projects in São Paulo and the Brazilian Amazon, we explore the lived experiences and adaptive wellbeing strategies of marginalised Brazilian youth across urban and Indigenous communities during and after COVID-19 pandemic, based on youth-led survey data and participatory research. The article makes an important contribution to the field by proposing a decolonial counter-narrative to dominant Western understandings of youth wellbeing. Guided by the confluence of diverse worldviews from the margins, specifically Indigenous and urban Brazilian youth from the periphery, the article advances understandings of youth-led mental health from the perspective of the relational concept and practice of “bem viver” (“good life”). Results indicate that although youth mental health challenges, including anxiety and depression, were exacerbated during and after the COVID-19 pandemic. Youth however developed individual and collective youth-led self-care strategies. These were grounded in local realities recognizing solidarity, reciprocity, and interconnectedness as important pillars to maintain emotional stability and feel connected to others and the world around them. We recommend that interventions and policies to improve young people's inner states of wellbeing need to go hand in hand with community-oriented wellbeing strategies led by the principles of bem viver for collectively reimagining their futures. Copyright © 2025 Börner, Giatti, Bizzotto, Rocha El-Kadri, Sousa Reis, Schweickardt, Kraftl and Andres.",10.3389/fpsyg.2025.1512893,2025,Börner S.; Giatti L.; Bizzotto L.; Rocha El-Kadri M.; Sousa Reis A.E.; Schweickardt J.C.; Kraftl P.; Andres L.,Scopus,Article,NA,2-s2.0-105014514105,Scopus; WoS,2,research_paper,TRUE,FALSE,TRUE,TRUE,TRUE,FALSE,NA
Scopus,english,"DROUGHT RISK MANAGEMENT IN CLIMATE CHANGE SCENARIOS, THROUGH THE DEVELOPMENT OF A VULNERABILITY INDEX, CASE STUDY: MORELIA CITY, MICHOACÁN MEXICO.","Drought is an environmental problem that presents complex interactions between natural processes (ecological and climatic) and social, economic, and political processes at a global level. These droughts, aggravated by climate change, have a growing impact on world societies, underscoring the importance of implementing national and international actions for proper management. Drought risk management is essential and is calculated by multiplying the threat of drought by the vulnerability of the affected area and its inhabitants. However, the main challenge lies in determining vulnerability since there is no single standardized method to define the indicators that make it and how they should be considered. Vulnerability assessment is usually based on the knowledge of local experts and area-specific conditions, resulting in a lack of consistent standards, thus making it difficult to compare different regions and apply uniform approaches. In response to this problem, this work proposes the creation of a drought vulnerability index using artificial intelligence. This index will enable an analysis of the critical components that comprise vulnerability and their influence on calculating drought risk. Implementing an updated index will make it easier to communicate drought risks to the population, decision-makers, and emergency planners. Having accurate and detailed information is crucial for the effective implementation of adaptation strategies and the efficient allocation of resources. © 2025 IAHR.",NA,2025,Ponce A.F.; Quispe S.T.S.; Romero L.G.,Scopus,Conference paper,NA,2-s2.0-105026265975,Scopus,1,research_paper,TRUE,FALSE,TRUE,TRUE,TRUE,FALSE,NA
Scopus,english,Dashboard for interpreting future climate files used in the simulation of buildings – An outdoor thermal comfort approach,"The Earth's changing climate significantly affects the built environment, including thermal comfort and energy demand. This study introduces a code pipeline and a dashboard to create and interpret future climate files (EPW format) used in building simulations, focusing on outdoor thermal comfort. The code pipeline uses the Future Weather Generator (FWG) to generate city climate forecasts. It also integrates the climatic data with thermal comfort indices like the Universal Thermal Climate Index (UTCI) and Discomfort Index (DI). Then, a dashboard is used to assess the country's outputs and provide a comprehensive tool for researchers, policymakers, and practitioners to assess and mitigate climate change impacts on buildings and cities, ensuring accurate inputs for thermal comfort and energy efficiency modelling. A case study was carried out in Brazil, simulating all 578 available EPW files. Predictions indicate an overall increase in dry bulb temperature and changes in the country's relative humidity, radiation, and wind speed. Given the specific changes in different bioclimatic zones, a tailored tool is essential for understanding local conditions. The key benefit is the creation of up-to-date validated weather files crucial for climate-adaptive planning. © 2024 Elsevier B.V.",10.1016/j.enbuild.2024.115059,2025,Vaz I.C.M.; Ghisi E.; Thives L.P.; Vieira A.S.; Rupp R.F.; Schaefer A.; Flores R.A.; Bastos M.B.; Marinoski D.L.; Silva A.S.; Weeber M.; Invidiata A.,Scopus,Article,NA,2-s2.0-85209643051,Scopus; WoS,2,research_paper,TRUE,FALSE,TRUE,TRUE,TRUE,FALSE,NA
Scopus,english,Dynamic coastal vulnerability index: A machine learning approach to predict future impacts of climate change and human activity on coastal environments,"Coastal regions are increasingly vulnerable to the compounded impacts of climate change and human activities, necessitating the development of more dynamic and predictive assessment frameworks. This study introduces a Dynamic Coastal Vulnerability Index (DCVI), employing machine learning techniques to forecast future changes in coastal vulnerability along the shoreline of Mazatlán, Mexico. By integrating physical, environmental, and socio-economic indicators, the model utilizes a Random Forest algorithm to assign weights objectively and capture complex, non-linear relationships among variables. Initial vulnerability classification was performed using ranking and weighted overlay methods, subsequently refined through machine learning-based optimization to enhance predictive accuracy. The spatial analysis indicates that, out of a total area of 3068.50 km2, approximately 56.06 % of the region is classified as moderately vulnerable, 27.71 % as low vulnerability, 5.38 % as very high vulnerability, 3.59 % as high vulnerability, and 7.28 % as very low vulnerability. These results demonstrate a heterogeneous distribution of vulnerability across the study area, emphasizing the urgent need for targeted adaptation and resilience strategies. The findings highlight the advantages of dynamic, machine learning-enhanced methodologies over conventional static models for coastal vulnerability assessments. The DCVI framework developed in this study offers an advanced decision-support tool for policymakers, urban planners, and coastal managers aiming to mitigate the anticipated impacts of climate change and anthropogenic pressures on coastal environments. The primary intention of this research is to develop a dynamic, predictive model for coastal vulnerability assessment and to inform adaptive coastal management strategies under future environmental and socio-economic scenarios. © 2025 Elsevier Ltd",10.1016/j.jsames.2025.105692,2025,Vadivel M.; Sundar A.S.; Venkataradhakrishnamurty; Soundararajan M.; Rajan D.; Priya V.,Scopus,Article,NA,2-s2.0-105010543240,Scopus; WoS,2,research_paper,TRUE,FALSE,TRUE,TRUE,TRUE,FALSE,NA
Scopus,english,Engaging with communities in the Global South to address climate change,"Designing the built environment with sustainability and resilience is essential to address the increasing challenges of climate-related disasters, particularly in vulnerable regions. This research initiative aims to reconcile climate resilience with net-zero greenhouse gas emissions, restore biodiversity, and strengthen social cohesion. Through interdisciplinary and participatory approaches, it focuses on risks related to coastal socioecological systems, critical infrastructure, and water security. Pilot programs in peri-urban Medellín (Colombia) and rural Bandung (Indonesia) will test mechanisms to involve communities in co-design and co-implementation of technological solutions, enhancing their technical capacities and autonomy. The pilots follow a three-step methodology: diagnosis of relationships between communities and their environments; co-design of solutions; and co-implementation of such solutions. Educational strategies will be embedded throughout to foster local knowledge and outreach. Short-term impacts are expected to include improved social cohesion and strengthened interpersonal connections via collaborative efforts. Local partners, including governments and associations, will facilitate community access, improve institutional trust, and help institutions better understand community realities. The resulting framework, integrating sustainable and traditional construction methods, will support climate adaptation of infrastructure, regeneration of ecosystems, and biodiversity promotion. © 2025 ASABE. All rights reserved.",10.13031/aim.202501131,2025,Ouellet-Plamondon C.; Dantas S.R.A.; Londono C.M.; Ramirez-Cardona D.,Scopus,Conference paper,NA,2-s2.0-105015364955,Scopus,1,research_paper,TRUE,FALSE,TRUE,TRUE,TRUE,FALSE,NA
Scopus,english,"Environmental health, climate change, and equity: Understanding geographic vulnerabilities","Although climate change is affecting the entire planet, local effects differ in both nature and severity according to geography. Some geographic differences are readily apparent – such as the inherent vulnerability of coastal areas to sea level rise – whereas others are emerging. Geographic vulnerabilities are modified by the built environment and by disparities in the ability to adapt to climate change, further complicating the risk across the globe. The complex interactions of climate threats, local geographic and social vulnerabilities, and adaptation can best be explored at the regional level through examples relevant to other regions facing similar issues. This article will describe general principles of geography and climate change risk and explore how these play out using four examples: Harmful algal blooms in Alaska, loss of glaciers in Peru, sea level rise causing increased drinking water salinity in Bangladesh, and HIV and food insecurity in Kenya related to extreme weather. The magnitude of the threat to humans from climate change will be significant, and geographic vulnerability is in many ways immutable, but much can still be done by humans to either increase or reduce risk. Lessons from one region can inform strategies in areas across the globe that share similar geographic vulnerabilities. © 2025, Institut Veolia Environnement. All rights reserved.",NA,2025,Solomon G.; Gribble M.; Weiser S.,Scopus,Article,NA,2-s2.0-85218721439,Scopus,1,research_paper,TRUE,FALSE,TRUE,TRUE,TRUE,FALSE,NA
Scopus,english,"Erratum For Previously Published Articles (Cleaner and Circular Bioeconomy (2024) 8, (S2772801324000113), (10.1016/j.clcb.2024.100082))","Elsevier regrets to inform you that certain reference details were missing, and some citations require updates and removal in the articles listed below, which were published in previous issues of Cleaner and Circular Bioeconomy. We sincerely apologize for any inconvenience this may have caused and appreciate your understanding as we work to maintain the accuracy and integrity of our publication. The corrections to articles are listed below: 1) Optimizing media and substrate for efficient anaerobic biological ammonia synthesis: A response surface methodology approach, Cleaner and Circular Bioeconomy, Volume 8, August 2024, 100077 https://doi.org/10.1016/j.clcb.2024.100077 Please find the below update to the citation: “Zhao et al., (2020)” According to Zhao et al. (2020), sodium sulfate not only enhanced rumen amino acid fermentation and digestibility, but also aided the metabolism of vitamins and purine derivatives. Please find the complete reference below: Zhao, Y., Xie, B., Gao, J., & Zhao, G. (2020). Dietary supplementation with sodium sulfate improves rumen fermentation, fiber digestibility, and the plasma metabolome through modulation of rumen bacterial communities in steers. Applied and Environmental Microbiology, 86(22), e01412-20. https://doi.org/10.1128/AEM.01412-20 2) Life cycle assessment of single cell protein production–A review of current technologies and emerging challenges, Cleaner and Circular Bioeconomy, Volume 8, August 2024, 100079 https://doi.org/10.1016/j.clcb.2024.100079 Please find the below update to the following citations: “Järviö et al. (2020), Kobayashi et al. (2022), Sillman et al. (2021) (Mazac et al., 2022), (Kobayashi et al., 2022), Lopes Silva et al. (2017) There is a mistake with the publication years. Although they are correctly cited in the reference list, they are not properly included in the body of the text. They should appear as follows: ‐ Järviö et al. (2021), instead of Järviö et al. (2020)‐ Kobayashi et al. (2023), instead of Kobayashi et al. (2022)‐ Lopes Silva et al. (2019), instead of Lopes Silva et al. (2017)‐ Mazac et al. (2023), instead of Mazac et al. (2022)‐ Sillman et al. (2020), instead of Sillman et al. (2021)3) Evaluation of the environmental sustainability of agricultural production using the methodologies of emergy analysis and life cycle assessment. Case study, tomato grown in Mendoza (Argentina), Cleaner and Circular Bioeconomy, Volume 8, August 2024, 100082 https://doi.org/10.1016/j.clcb.2024.100082 Please find the reference details to the following citation: (Campbell, 2000) Campbel, D. 2000. Using energy systems theory to define measure, and interpret ecological integrity and ecosystem health. Ecosyst. Health 6 (3), 181–204. 4) Environmental practices and the growth of small and medium agro-processing enterprises in Uganda, Cleaner and Circular Bioeconomy, Volume 8, August 2024, 100090 https://doi.org/10.1016/j.clcb.2024.100090 Please find the below update to the following citation: “(Kumar et al., 2014), McKinsey and Company (2018), Sarkis & Zhu, 2018, Danso et al.(2019), Pham (2015), Castellani et al. (2022), Rao et al., 2024, Creswell and Creswell (2018), The Uganda Bureau of Statistics (UBOS, 2020), UBOS (2018), (Hassan et al., 2017; Reed, 2002), Creswell (2018), Nunnally (1978), Hinde (2023), Taber (2018)”; https://doi.org/10.1016/j.clcb.2022.100018The following citation “(Hendriksz, 2018)” needs to be removed. 8) Transforming textile wastes into biobased building blocks via enzymatic hydrolysis: A review of key challenges and opportunities, Cleaner and Circular Bioeconomy, Volume 3, December 2022, 100026 https://doi.org/10.1016/j.clcb.2022.100026 The following citation “Jeihanipour et al. (2008), Mosier et al., 2005” needs to be removed. 9) Food Packaging Related Research Trends in the Academic Discipline of Food Science and Technology: A Bibliometric Analysis, Cleaner and Circular Bioeconomy, Volume 5, August 2023, 100046 https://doi.org/10.1016/j.clcb.2023.100046 Please find the update to the following citation: “Lillford & Hermansson, 2019, (Lillford & Hermansson, 2021a), (Lillford & Hermansson, 2021a), (Lillford & Hermansson, 2021a), (Robertson, 2013; Singh et al., 2017b), (Lillford & Hermansson, 2021b), Vila Lopez and Küster Boluda (2020), (Commission Regulation(EU), 2011, European Parliament, 2004, Singh et al., 2017b, Singh et al., 2017b, (European Parliament, 2004), Commission Regulation, 2009, European Parliament, 2004, Commission Regulation, 2009, European Parliament, 2004, (Lillford & Hermansson, 2019) • Lillford & Hermansson, 2019 à Lillford, P., & Hermansson, A. (2019). Global Challenges and Critical Needs of Food Science and Technology. Available online at: www.iufost.org• Lillford & Hermansson, 20212021a à Lillford, P., & Hermansson, A.-M. (2021, 2021/05/01/). Global missions and the critical needs of food science and technology. Trends in Food Science & Technology, 111, 800-811. https://doi.org/10.1016/j.tifs.2020.04.009• Robertson, 2013 à Robertson, G. (2013). Food packaging: Principles and practice, 3. ed.; CRC Press: Boca Raton, Fla., ISBN 9781439862414.• Singh et al., 2017 2017b à Singh, P., Wani, A., & Langowski, H. (2017). Food Packaging Materials: Testing & Quality Assurance. CRC Press, ISBN 9781466559943.• Lillford & Hermansson, 2021b• Vila-Lopez & Küster-Boluda, 2021 à Vila-Lopez, N., & Küster-Boluda, I. (2021). A bibliometric analysis on packaging research: Towards sustainable and healthy packages. British Food Journal, 123(2).• Commission Regulation (EU) 2011 à Commission Regulation (EU), 2011. Commission Regulation (EU) No 10/2011 of 14 January 2011 On Plastic Materials and Articles Intended to Come into Contact with Food. Text With EEA Relevance. European Commission, Brussels, Belgium.• Commission regulation, 2009 à Commission Regulation. (2009). Commission Regulation (EC) No 450/2009 of 29 May 2009 on active and intelligent materials and articles intended to come 1235 into contact with food (Text with EEA relevance)• European Parliament, 2004 à European-Parliament. (2004). European Parliament, Council of the European Union. Regulation (EC) No 1935/2004 of the European Parliament and of the Council of 27 October 2004 on materials and articles intended to come into contact with food and repealing Directives 80/590/EEC and 89/109/EEC, 2004. Available online: https://eur-lex.europa.eu/legal-content/EN/TXT/PDF/?uri=CELEX:32004R1935&from=EN (accessed on 2 February 2022).10. Food Processing: An overview on links between safety, security, supply chains, and NOVA classification, Cleaner and Circular Bioeconomy, Volume 5, August 2023, 100047 https://doi.org/10.1016/j.clcb.2023.100047 USC (2007). US. Code. 21 Office of the Law Revision Counsel. Code of Federal Regulations. Part 170 - Food Additives. https://www.ecfr.gov/current/title-21/chapter-I/subchapter-B/part-170 (accessed 24 June 2022) Petrus, R.R., Sobral, P.J.A., Tadini, C.C. & Gonçalves, C.B. The NOVA classification system: a critical perspective in food Science. (2021). Trends in Food Science & Technology, 116, 603–608. DOI:10.1016/j.tifs.2021.08.010 11) Determinants and Success of Engagement in Circular Bioeconomy Practices in African Food Systems, Cleaner and Circular Bioeconomy, Volume 5, August 2023, 100047; https://doi.org/10.1016/j.clcb.2023.100047Please find the full reference details to the following citation: “(Negi et al., 2021), (Sharma, 2023; Oladeebo, 2012), (RUNRES, 2019)” (Negi et al., 2021):24 - Circular Bioeconomy: Countries’ Case Studies: https://doi.org/10.1016/B978-0-12-821878-5.00008-8 (Sharma et al., 2021): Bioenergy from agroforestry can lead to improved food security, climate change, soil quality, and rural development: https://doi.org/10.1002/fes3.87 (Oladeebo, 2012): Economic appraisal of small and medium scale performance in poultry egg production in Ogun State, Nigeria. https://doi.org/10.5897/AJAR09.636 (RUNRES, 2019): RUNRES – Establish a circular economy for resilient city region food systems. https://runres.ethz.ch/ 12) Exploring the Potential of Nipah Palm Frond as Sustainable Raw Material for Eco-Friendly Particleboard Production, Cleaner and Circular Bioeconomy, Volume 8, August 2024, 100092 https://doi.org/10.1016/j.clcb.2024.100092 Please find the full reference details to the following citation: “(Lee et al., 2020)” Lee, M. D., Ting, K. C., Ngu, H. J., & Hassan, N. A. (2020, April). Design and development of small-scale oil palm waste shredder for achieving technical, economic and environmental sustainability. In IOP Conference Series: Materials Science and Engineering (Vol. 788, No. 1, p. 012077). IOP Publishing. © 2025 Elsevier Ltd",10.1016/j.clcb.2025.100186,2025,NA,Scopus,Erratum,NA,2-s2.0-105017595176,Scopus,1,other,TRUE,FALSE,TRUE,TRUE,TRUE,FALSE,NA
WoS,english,Evaluating Public Policies in Fire-affected Conservation Priority Areas; of the Brazilian Pantanal,"Wetlands worldwide are increasingly threatened by degradation and anthropogenic disturbances, with wildfires posing growing risks to ecosystem stability. In Brazil, the Pantanal, the world's largest tropical wetland, has experienced intensified pressures from agricultural expansion, the spread of exotic grasses, and frequent wildfires, all of which are altering its landscape and undermining conservation efforts. In response, the Brazilian government launched the Priority Areas for Conservation and Sustainable Use Plan, designed to recover and protect ecologically significant regions. This study examines the relationship between land use and land cover changes and priority areas affected by fires in the Pantanal, with a focus on the state of Mato Grosso. Using MapBiomas data for the years 1990, 2007, and 2020 by Google Earth Engine, we applied landscape metrics to assess habitat fragmentation in burned areas. The findings indicate stark ecological changes, including a dramatic increase in burned areas within the Integral Protection Units (2695.1%) and the Sustainable Use Areas (3205.1%). Landscape metrics revealed decreased fragmentation in natural grasslands, increased fragmentation in agricultural mosaics, greater edge complexity in non-forest areas, and the consolidation of water bodies, evidence of ongoing ecological transformations. In addition, our analysis highlights limitations in the implementation of conservation policies, particularly in terms of governance and enforcement. Addressing these shortcomings will require adaptive management strategies that can respond to evolving threats, such as fire regimes and land-use changes. The study highlights the importance of long-term integrated monitoring and context-sensitive policy actions in conserving biodiversity and maintaining ecological integrity in the Pantanal.",10.1007/s00267-025-02253-8,2025,"Galvanin, EAD; Caldas, MM",ENVIRONMENTAL MANAGEMENT,Article,NA,WOS:001547683200001,WoS,1,research_paper,TRUE,FALSE,TRUE,TRUE,TRUE,FALSE,NA
WoS,english,Evaluating Vegetation Greening and Browning across the Rio Grande Basin,"The Rio Grande/ R & iacute;o Bravo basin, home to over ten million people, is under increasing stress due to changing land use, agricultural practices, and hydroclimatic variability. This study examines vegetation dynamics in the region using MODIS (Moderate Resolution Imaging Spectroradiometer) Earth Observations, analyzing temporal changes over a 21-year period (2000-2020). As shifts in vegetation are often driven by natural hydroclimatic variablity, these changes have significant implications for the broader desert ecosystem, including native species. We examine how climatic factors-particularly precipitation and temperature-influence vegetation patterns using Normalized Difference Vegetation Index (NDVI), supported by leaf area index (LAI) and fraction of photosynthetically active radiation (FPAR). We utilize gridded datasets from both ground-based and satellite sources to assess spatiotemporal vegetation trends. We apply the Mann Kendall test with a pre-whitening approach to minimize the impact of serial correlation in the data. Our findings show a greening pattern in southern areas (notably in Mexico), and widespread browning across much of the United States (US) portion of the basin, with New Mexico (US) showing significant browning linked to declining precipitation. Seasonally, vegetation responds most strongly to rainfall frequency and intensity during the primary growing seasons (April-September), with weaker and more spatially variable responses during cooler or drier months. Vegetation browning is particularly prominent in natural herbaceous areas and shrublands. Along the Rio Grande, a narrow corridor of tree cover remains near the river and adjacent streams. Beyond this corridor lies an arid zone, that supports only drought-tolerant vegetation and cacti. As precipitation patterns continue to shift, native vegetation may be increasingly disrupted. To support the long-term sustainability of native ecosystems, vegetation management strategies in the Rio Grande basin must adapt to these changing environmental conditions.Graphical AbstractThis study investigates the influence of meteorological factors-specifically precipitation and temperature-on vegetation dynamics within the Rio Grande Basin. We employ gridded datasets derived from both ground-based observations and satellite estimates to analyze spatiotemporal variations in vegetation. A non-parametric Mann Kendall trend analysis is conducted at the grid scale to identify long-term vegetation trends. The study area map illustrates the Rio Grande Basin, highlighting delineated watersheds, sub-watersheds, and dominant land cover types. Panel (a) includes an inset showing the Rio Grande Basin overlaid on administrative boundaries with an elevation backdrop. Areas experiencing significant vegetation browning are emphasized, along with the spatial distribution of land cover based on the Land Cover Classification System (LCCS2). Findings reveal that browning is predominantly concentrated in natural herbaceous areas and shrublands.",10.1007/s41748-025-00756-2,2025,"Talchabhadel, R; Rhodes, EC; Palmate, SS; Kumar, S",EARTH SYSTEMS AND ENVIRONMENT,Article; Early Access,NA,WOS:001560303800001,WoS,1,other,TRUE,FALSE,TRUE,TRUE,TRUE,FALSE,NA
Scopus,english,Evaluation of the Performance of Permeable Concrete Reinforced with Natural Agave and Bamboo Fibers for Urban Flood Mitigation in Huancayo,"Urban flooding is a growing challenge in cities worldwide, aggravated by climate change, inadequate infrastructure, and rapid urbanization. In Huancayo, Peru, streets such as Jirón Angaraes, Tarapacá, and Bolognesi are prone to recurrent flooding, leading to significant disruptions in daily life and deterioration of rigid pavements. This study aims to develop an innovative, sustainable solution to mitigate urban flooding by creating a permeable concrete mixture infused with natural fibers from agave (A) and bamboo (B). These fibers are incorporated to enhance both the drainage efficiency and the structural integrity of the concrete. The study examines various fiber dosages (0.4%-1.2%) and their effects on the mechanical properties and permeability of the concrete, using cylindrical and beam specimens tested for compressive strength, flexural strength, and permeability at different curing stages (7, 14, and 28 days). The results demonstrated a synergistic effect between bamboo and agave fibres, significantly improving the mechanical strength and permeability of the concrete, making it more efficient for water management. The optimal mix, composed of 0.8% agave fibres and 0.4% bamboo fibres, achieved a compressive strength of 242.06 kg/cm²and a permeability of 1.167 cm/s, achieving an ideal balance between durability and permeability that offers an innovative solution to address urban flooding. These results highlight that the incorporation of natural fibres in pervious concrete not only provides an environmentally friendly alternative to conventional materials, but also contributes to the development of resilient infrastructure. This scalable and sustainable approach has the potential to be applied in other vulnerable regions globally, establishing itself as a valuable contribution to the field of civil engineering and urban resilience. © 2025 by authors, all rights reserved.",10.13189/cea.2025.130231,2025,Quispe-Quispe G.K.; Aparco-Pocamucha M.C.; Inga-Huaire J.M.; Lengua-Fernandez M.A.,Scopus,Article,NA,2-s2.0-105000194231,Scopus,1,research_paper,TRUE,FALSE,TRUE,TRUE,TRUE,FALSE,NA
Scopus,english,Exploring Climate and Air Pollution Mitigating Benefits of Urban Parks in Sao Paulo Through a Pollution Sensor Network,"Ambient air pollution is the most important environmental factor impacting human health. Urban landscapes present unique air quality challenges, which are compounded by climate change adaptation challenges, as air pollutants can also be affected by the urban heat island effect, amplifying the deleterious effects on health. Nature-based solutions have shown potential for alleviating environmental stressors, including air pollution and heat wave abatement. However, such solutions must be designed in order to maximize mitigation and not inadvertently increase pollutant exposure. This study aims to demonstrate potential applications of nature-based solutions in urban environments for climate stressors and air pollution mitigation by analyzing two distinct scenarios with and without green infrastructure. Utilizing low-cost sensors, we examine the relationship between green infrastructure and a series of environmental parameters. While previous studies have investigated green infrastructure and air quality mitigation, our study employs low-cost sensors in tropical urban environments. Through this novel approach, we are able to obtain highly localized data that demonstrates this mitigating relationship. In this study, as a part of the NERC-FAPESP-funded GreenCities project, four low-cost sensors were validated through laboratory testing and then deployed in two locations in São Paulo, Brazil: one large, heavily forested park (CIENTEC) and one small park surrounded by densely built areas (FSP). At each site, one sensor was located in a vegetated area (Park sensor) and one near the roadside (Road sensor). The locations selected allow for a comparison of built versus green and blue areas. Lidar data were used to characterize the profile of each site based on surrounding vegetation and building area. Distance and class of the closest roadways were also measured for each sensor location. These profiles are analyzed against the data obtained through the low-cost sensors, considering both meteorological (temperature, humidity and pressure) and particulate matter (PM1, PM2.5 and PM10) parameters. Particulate matter concentrations were lower for the sensors located within the forest site. At both sites, the road sensors showed higher concentrations during the daytime period. These results further reinforce the capabilities of green–blue–gray infrastructure (GBGI) tools to reduce exposure to air pollution and climate stressors, while also showing the importance of their design to ensure maximum benefits. The findings can inform decision-makers in designing more resilient cities, especially in low-and middle-income settings. © 2025 by the authors.",10.3390/ijerph22020306,2025,Connerton P.; Nogueira T.; Kumar P.; Fatima Andrade M.D.; Ribeiro H.,Scopus,Article,NA,2-s2.0-85218874003,Scopus,1,research_paper,TRUE,FALSE,TRUE,TRUE,TRUE,FALSE,NA
Scopus,english,Exposure to ambient high temperature and increased risk of hospitalisation for non-infectious bowel diseases during 2000-2019: A case-crossover study in 1816 Brazilian cities,"Objectives Although human intestine is sensitive to high ambient temperature, the heat-related morbidity burden remains rarely explored. This study quantified the association between high ambient temperature and non-infectious bowel disease (NBD) hospitalisations in Brazil during 2000-2019 - a country experiencing substantial threats both from global warming and NBDs. Methods Daily data on weather and NBD hospitalisations were collected from 1816 cities. A time-stratified case-crossover design was used to assess the effect size of ambient temperature during the hot season. Stratified analysis by regions, population subgroups and disease types was performed. Results For each 5 increase in mean daily temperature, the cumulative OR of NBD hospitalisation over lag 0-3 days was 1.042 (95% CI 1.031 to 1.054) at the national level, reaching the maximum in the northeast and the minimum in the southeast. Assuming a causal relationship, ambient heat exposure explained 12.09% (95% CI 8.69% to 15.09%) of the total hospitalisations. The effect size was the highest in the youth, with no significant gender difference observed. Inflammation-related and function-related NBDs showed significantly higher susceptibility compared with other types of NBDs. The cumulative effect of ambient high temperature attenuated over the 20 years and from early to late hot season, suggesting both long-term and intraseasonal adaptations to heat. Conclusions The spatial, temporal and demographic variations in the strength of association should be considered for the development of health preventive strategies towards extreme ambient heat.  © Author(s) (or their employer(s)) 2025.",10.1136/oemed-2024-109710,2025,Zhuang M.; Cao Y.; Coelho M.D.S.Z.S.; Guo Y.; Li S.; Huang T.; Yan J.; Zhao Q.,Scopus,Article,NA,2-s2.0-85217505321,Scopus; WoS,2,research_paper,TRUE,FALSE,TRUE,TRUE,TRUE,FALSE,NA
Scopus,english,Façade Strategies for Climate Resilience: The Impact of Thermal Mass and Albedo on Urban Microclimates Across Different Climatic Zones,"The intensification of thermal stress in cities due to urbanization and climate change underscores the urgent need to improve outdoor habitability. This study analyses the influence of three opaque façade technologies—traditional, lightweight and external thermal insulation composite systems—combined with two albedo levels (0.30 and 0.80), on summer outdoor conditions in Mendoza (Argentina), Madrid (Spain) and Campinas (Brazil). Using a calibrated microclimatic model with ENVI-met v5.6 software, a digital replica of a 10-storey urban canyon was simulated to generate 18 scenarios, assessing the effect of façade thermal mass and reflectivity on the urban microclimate. The results show that (i) scenarios that mainly affect air temperature (AT) are those that modify the thermal mass of the façade technologies. For example, traditional technology with a low albedo reduce maximum AT by up to 1.2 °C in Campinas, 0.89 °C in Mendoza, and 0.81 °C in Madrid compared to light technology with the same albedo level. (ii) Mean radiant temperature (MRT) increases significantly in scenarios involving lightweight façade by 4.53 °C in Madrid, 4.46 °C in Mendoza, and 3.39 °C in Campinas. Conversely, increasing façade albedo further amplifies MRT due to multiple reflections in urban canyons with increases of 6.50 °C in Campinas, 6.09 °C in Mendoza, and 5.33 °C in Madrid. The impact is more pronounced with traditional façades. (iii) Traditional façades and low-albedo ETIC systems experience the fewest hours of very high thermal stress (UTCI > 38 °C), whereas lightweight façades increase exposure to extreme heat. Overall, air temperature is primarily determined by façade thermal mass, mean radiant temperature by surface reflectivity, and thermal comfort by the combined effect of both. These findings confirm that high reflectivity can be counterproductive in dense urban canyons, emphasizing the importance of climate- and morphology-sensitive façade strategies for urban resilience. © 2025 by the authors.",10.3390/urbansci9100428,2025,Alchapar N.; Giancola E.; Pérez G.; Terraza M.; Pezzuto C.,Scopus,Article,NA,2-s2.0-105020034463,Scopus,1,research_paper,TRUE,FALSE,TRUE,TRUE,TRUE,FALSE,NA
Scopus,english,"Floating Urbanism, the Bold Vision of Streetless Cities","To build upon the discussions initiated by Rutger de Graaf on floating urbanism at the recent WCFS conferences, this document aims to not only delve into the potential of reimagining street spaces in floating cities but also to shed light on the innovative concept of “floating urbanism,” which envisions cities free from traditional streets. It critically examines and reimagines the foundational principles of urban planning, positing the provocative idea that cities might not require streets to serve as their backbone. Thought an experiment made during the SIP (Pedagogical Week Innovation) in ULB (University Libre de Bruxelles) in March 2024, the students were invited to work on conceptual exercises to rethink street functions in urban design, based on the idea that the absence can create new perspectives of mobility. From Tim Ingold's work, students were tasked to reimagining urban mobility and space in existing cities built without streets, Catalhoyuk in Turkey, Ganvié in Benim and Uros in Peru. The methodology consists of three steps: first, developing the DNA of each given city model. Then, by using creative thinking techniques, such as mind mapping and SCAMPER, generate innovative ideas on 5 key mobility concepts: mobility of memory, mobility in time, mobility for networks and generative infrastructure, and mobility for division. Finally, by overlayering the 3d models obtained, we have produced a series of prototypes of innovative mobility in cities. The text shows how floating urbanism offers new potentialities, emphasising ecological management, community spaces, adaptability to climate change, and integrated mobility networks in time motion. © The Author(s), under exclusive license to Springer Nature Singapore Pte Ltd. 2025.",10.1007/978-981-96-4569-5_97,2025,Feldzer T.; Liotta J.-S.; Dufrasnes E.,Scopus,Conference paper,NA,2-s2.0-105010168608,Scopus; WoS,2,research_paper,TRUE,FALSE,TRUE,TRUE,TRUE,FALSE,NA
Scopus,english,"Flood prediction in Brazil: A review of trends, gaps and methodological perspectives","Flood prediction is crucial in mitigating the adverse effects of extreme hydrometeorological events, as climate change and urban sprawl intensify their frequency and severity. This review systematically synthesizes scientific literature published between 2012 and 2024, mapping methodological trends, regional disparities, and model typologies in Brazilian flood forecasting. The analysis reveals a concentration of studies in the South and Southeast, where robust data infrastructures support the adoption of physical, statistical, machine learning, and hybrid models. Conversely, the North, Northeast, and Midwest regions remain critically underrepresented. Methodological gaps include a predominance of short-term forecasts and the underutilization of climatic and urban variables in long-term modeling. To address these challenges, we advocate for expanding real-time monitoring networks, integrating multisource data, and promoting hybrid and AI-enhanced forecasting techniques. These actions are essential for fostering climate resilience and equitable hydrological risk management across Brazil. © 2025 Elsevier Ltd",10.1016/j.jsames.2025.105637,2025,Souza Í.A.; de Amorim Silva V.,Scopus,Review,NA,2-s2.0-105007639580,Scopus,1,review,TRUE,FALSE,TRUE,TRUE,TRUE,FALSE,NA
Scopus,english,Form Follows Fuel: 14 Buildings from Antiquity to the Oil Age,"Modernists believed that ""form follows function."" Form Follows Fuel shows that in fact energy has been the biggest influence on the world's architecture throughout the history of our species. The availability of energy under different fuel regimes - including human labour, firewood, coal, oil, gas, and renewables - shapes architecture at all scales, from what gets built to how its doors hinge. This book is the first to quantify energy inputs for a range of buildings worldwide and across the historical record. In the process, it challenges today's architects, offers practical solutions to today's ecological crises, and highlights the aspects of today's buildings that make architecture responsible for 37% of human climate-changing emissions. It reveals the enormously lower impacts of historical alternatives to today's default building practices. This book shows that the shift to modern fossil fuel use, from the seventeenth century, came to be the most consequential move in the history of architecture as well as in human history in general. This brought about remarkable wealth for the built environment and at the same time unprecedented dangers for our planet, as evidenced by the exacerbating climate emergency. This book consists of 14 accessibly written case studies, illustrated with beautiful and revealing new measured drawings of each project by John Joseph Burns. Each chapter focuses on a single structure in a particular historical context, sometimes contrasted to similar buildings, from subsistence farming to advanced global capitalism. The chapters analyse the consumption of embodied and operational energy in these buildings, and also discuss questions of recycling and adaptive reuse. They complement precise descriptions with hard numbers on materials and construction, using robustly sourced approximations where exact figures are not available. The case studies rely on both published research and the authors' own calculations and allow systematic comparison across different global regions and historical periods. Cases include architectural icons such as the Great Pyramid of Giza, the Baths of Caracalla, the Mausoleum of Qin Shi Huang, the Seagram Building, and Terminal 1 of Kuala Lumpur International Airport, as well as common types such as a pre-modern stone house, a late-nineteenth-century tenement, and a modernist panel block. Examples are taken from different regions of the world, including ancient China, pre-Columbian Mexico, and modern Europe. This book is an important contribution to architectural historical research, written for students, academics and building professionals as well as for a general audience. © 2026 Florian Urban and Barnabas Calder. All rights reserved.",10.4324/9781032637174,2025,Urban F.; Calder B.,Scopus,Book,NA,2-s2.0-105015716103,Scopus,1,other,TRUE,FALSE,TRUE,TRUE,TRUE,FALSE,NA
Scopus,english,"Gravitational mass movements in Brazil: causes, consequences, and solutions","Gravitational mass movements are recurring phenomena in Brazil, causing significant environmental impacts as well as human, social, and economic losses. Data on gravitational mass movement occurrences between 1988 and 2022 recorded 959 events in 16 Brazilian states, resulting in a total of 4,146 victims. Extreme rainfall events in recent years, particularly in Santa Catarina, Rio de Janeiro, Bahia, Minas Gerais, Pernambuco, São Paulo, and Rio Grande do Sul, suggest an increase in consequences due to climate change. Considering this scenario, this article analyzes case studies in states such as Pernambuco, Rio de Janeiro, São Paulo, Paraná, and Rio Grande do Sul, addressing causes, impacts, rupture mechanisms, and adopted solutions. Geological-geotechnical investigations, numerical analyses, and continuous monitoring have been crucial in understanding rupture mechanisms and proposing mitigating solutions. The studies identified geological and geomorphological conditions as the main predisposing factors, while inadequate human actions, insufficient investigation in infrastructure projects, and rainwater infiltration were found to be the primary aggravating and triggering factors. Therefore, with the increased frequency of extreme rainfall, it is essential to adopt new approaches that consider the impacts of these events in urban occupation and infrastructure projects, reinforcing preventive and adaptive strategies to reduce future risks. © 2025, Associacao Brasileira de Mecanica dos Solos. All rights reserved.",10.28927/sr.2025.001625,2025,Coutinho R.Q.; Ehrlich M.; Futai M.M.; Bressani L.A.; Lacerda W.A.; de Morais B.D.,Scopus,Review,NA,2-s2.0-105012935163,Scopus; WoS,2,review,TRUE,FALSE,TRUE,TRUE,TRUE,FALSE,NA
Scopus,english,Harnessing Conservation Agriculture for Climate Resilience,"Climate change have grown worldwide due to rising atmospheric carbon dioxide (CO2) levels, which are mostly caused by burning fossil fuels, burning organic matter, and unsustainable land practices. CO2 emissions have increased due to the industrial revolution, which has caused concentrations to rise and changes to CO2 sequestration in agricultural soils. Changes in land use, such as deforestation, burning of biomass, modifications to agricultural operations, drainage of natural wetlands, and improper soil management techniques, have increased these emissions even more. Small landholder farms’ food insecurity may get worse due to the anticipated climate change brought on by emissions from the use of fossil fuels and changes in land usage. Agronomic output is low due to low soil organic carbon (SOC) pools, low plant nutrient reserves, low plant-available water capacity, and degraded soils on 500 million small landholder farms. These farms are also very vulnerable to unpredictable and shifting weather patterns. According to projections, the production of maize could decrease by 10% and the yield of rice will decrease by 10% for every degree Celsius increase in temperature by 2050. Therefore, a crucial element of the sustainable intensification of small-scale farming may include climatic resistance. Conservation agriculture (CA) may be a significant choice in this situation. CA provides many advantages, including erosion management, water saving, sequestering SOC, and raising agricultural income and profitability when adjusted for site-specific conditions. Countries like Brazil, Kenya, including India doing excellent in conservation agriculture and contributing in reducing changing climate. Soil carbon sequestration can be used as a comprehensive and successful strategy to mitigate present climate changes by replenishing depleted soils, increasing biomass production, cleaning surface and groundwater, and balancing CO2 emissions from fossil fuels. Conservation agriculture may be a possible solution by adopting innovative strategies, which are vital in handling the challenges presented by recent environmental changes. © Springer Nature Singapore Pte Ltd. 2025.",10.1007/978-981-96-1421-9_2,2025,Chaurasiya A.; Singh G.; Mohan M.; Kumar D.; Kumari P.; Hussain M.Z.; Dutta S.K.; Kumar R.,Scopus,Book chapter,NA,2-s2.0-105006862033,Scopus,1,other,TRUE,FALSE,TRUE,TRUE,TRUE,FALSE,NA
Scopus,english,"How legitimate are urban climate planning processes? A comparative assessment of Accra, Ahmedabad, Bonn and São Paulo","Urban climate action plans (UCAPs) guide cities in identifying key climate risks and in addressing climate change. Designed to guide urban transformation over decades through near-term and long-term actions reducing emissions and/or adapting to the consequences of climate change, UCAPs are intended to have significant impacts. Despite their significance for urban climate governance, the procedural quality of how UCAPs are created remains under-analysed. By analysing UCAPs of four cities from different regions of the world - Accra (Ghana), Bonn (Germany), São Paulo (Brazil), and Ahmedabad (India) - we unpack the quality of UCAP creation processes in terms of their legitimacy including whether and how key stakeholders were involved in shaping the plan. Drawing on 72 semi-structured interviews with actors involved in the plan-creation process and complemented by document analysis, this study conceptualises UCAP creation phases and assesses its quality using the framework of input, throughput, and output legitimacy. In terms of key actors, this study highlights the crucial role city networks played in designing and funding UCAP creation processes. Significant differences in UCAP legitimacy with regards to levels of co-production, transparency, accessibility, and substantive participation across the case studies are shown. Based on these findings this study provides actionable insights for the creation of legitimate and impactful UCAPs to promote just and equitable urban transformations. © 2025 The Author(s). Published by IOP Publishing Ltd.",10.1088/2515-7620/ada7cc,2025,Wagner N.; Pathak M.,Scopus,Article,NA,2-s2.0-85215840994,Scopus; WoS,2,research_paper,TRUE,FALSE,TRUE,TRUE,TRUE,FALSE,NA
Scopus,english,IMPACTS OF ECONOMIC GROWTH WITH FOREST PRESERVATION IN THE AMAZON AND CERRADO BIOMES IN BRAZIL,"Brazil is a major agricultural producer and exporter, with agribusiness accounting for 26.6% of the country’s gross domestic product (GDP). The growth of agriculture is the result of increased agricultural productivity and expansion over native vegetation. Deforestation causes direct and indirect changes in land use and increases in gross greenhouse gas (GHG) emissions. Brazil has ambitious GHG mitigation and deforestation reduction goals, facing a possible tradeoff between environmental conservation and economic growth. The main objective of this research was to analyze the economic and environmental impacts of “Green Growth” scenarios in the main Brazilian biomes. The model built and used for this analysis, the Brazilian Biomes, Land Use and Emissions Economic Model (BLUME), brings important methodological advances for integrated economic modeling with environmental aspects in Brazil. The results indicate that simulated policies would be able to avoid part of national emissions at a relatively small cost compared to national GDP. © 2025 World Scientific Publishing Company.",10.1142/s2010007824500088,2025,Souza G.C.P.; Domingues E.P.; Magalhães A.,Scopus,Article,NA,2-s2.0-105001089660,Scopus; WoS,2,research_paper,TRUE,FALSE,TRUE,TRUE,TRUE,FALSE,NA
Scopus,english,Importance of the trees on Paseo Tollocan in the conservation of urban plant diversity in the Metropolitan Zone of the Toluca Valley; [Importancia del arbolado del Paseo Tollocan en la conservación de la diversidad vegetal urbana de la Zona Metropolitana del Valle de Toluca],"Understanding the diversity and structure of green areas is essential for recognizing the multiple environmental and social benefits they provide, which are essential for the sustainability of urban areas and their adaptation to the impacts of climate change. This study aimed to evaluate the diversity and structure of trees present in the central corridor of Paseo Tollocan, located in the Metropolitan Area of the Toluca Valley, Mexico. A census of the trees in the central ridge was conducted to measure the total height and diameter at breast height. Abundance, dominance, and frequency were calculated along with family value (FVI) and importance value index (IVI). Additionally, diversity was evaluated using the Margalef and Shannon indices. In total, 7,723 individuals were recorded, representing 14 families and 41 species. The most abundant species were Salix babylonica (2,66) and Cupressus lusitanica (2,86). The Margalef index presented a value of 4,47 and the Shannon index 1,97, indicating high diversity. The tree density was 196,4 trees/ha-1, with an average height of 8,3 m and an average diameter of 2,9 m. Salix babylonica and Cupressus lusitanica had the highest IVIs at 14.7% and 13.5%, respectively. The Paseo Tollocan corridor plays an important role in the conservation of tree diversity, and serves as a refuge for native tree biodiversity. This contributes not only to climate change but also to the adaptation of cities to current environmental changes and to the promotion of resilience and sustainability. © 2025, Universidad Austral de Chile. All rights reserved.",10.4067/s0717-92002025000100087,2025,Pérez-Suárez M.; Ramírez-Albores J.E.; Mohedano-Caballero L.; González-Aranda M.; González-Pérez M.,Scopus,Article,NA,2-s2.0-105010436791,Scopus; WoS,2,research_paper,TRUE,FALSE,TRUE,TRUE,TRUE,FALSE,NA
Scopus,english,Improving Urban Flood Resilience: Urban Flood Risk Mitigation Assessment Using a Geospatial Model in the Urban Section of a River Corridor,"Climate change and land use changes in urban landscapes exacerbate the runoff generation which produces economic losses and socio-environmental impacts. Urban rivers serve as blue–green infrastructure (BGI) offering ecosystem services (ESs), including runoff control and mitigation that helps in climate change adaptation, especially in arid regions where flash floods are devasting and climate models predict an increase in frequency and intensity. This study uses the InVEST urban flood risk mitigation (UFRM) model to estimate the runoff generated during precipitation events, applied to the urban section of the Chili River in Arequipa, an arid region south of Peru. The model requires information on land use/land cover, rainfall depth, and hydrological soil groups. Results from 1984 and 2022 demonstrate there is a significant reduction in runoff retention, specially in the northern section, where areas decreased their runoff retention capacity from 70–80% to 20–30%. The results highlight the river’s critical role in mitigating flash flood risks in a dessert region. The methodology used can help estimate run-off mitigation provided by urban rivers as BGI and supports the conservation and restoration of urban rivers as ecological corridors, enhancing urban resilience. © 2025 by the authors.",10.3390/w17071047,2025,Vilca-Campana K.; Carrasco-Valencia L.; Iruri-Ramos C.; Cárdenas-Pillco B.; Escudero A.; Chanove-Manrique A.,Scopus,Article,NA,2-s2.0-105002387080,Scopus; WoS,2,research_paper,TRUE,FALSE,TRUE,TRUE,TRUE,FALSE,NA
Scopus,english,Incidence of Solar Irradiation on Thermal Comfort for the Architectural Design of a Passive Heating System in Urban Housing in a Cold-Dry Climate,"Climate change impacts the thermal performance of buildings, accentuating the need for adaptive architectural systems. This study optimizes thermal comfort in dwellings in cold-dry climates through passive heating that takes advantage of solar irradiation. Two 1:5 scale prototypes were built in Juliaca, Peru: one with Agrofilm (APHS) and one with recycled PET (PPHS), plus a control group (CG). During the four winter months, the APHS, at $21.33, achieved daytime temperatures of 26.6 °C, higher than the CG (20.4 °C), making it viable for communities with limited resources. The PPHS, at $37.33, maintained nighttime temperatures of 14.99 °C, excelling in heat retention. Both systems faced challenges in moisture management, affecting thermal inertia and pointing to the need for improved PET shingles on the PPHS to reduce thermal bridging. Although APHS is more economical and efficient during the day, PPHS offers durability and lower maintenance, making it suitable for long-term sustainable applications. This study suggests optimizing materials for high cloud cover environments and further researching passive heating systems for similar climates, contributing to sustainability in high Andean areas. © The Author(s), under exclusive license to Springer Nature Switzerland AG 2025.",10.1007/978-3-031-92651-8_34,2025,Huanca Choquehuanca K.Z.; Marín Mamani G.,Scopus,Conference paper,NA,2-s2.0-105010161595,Scopus,1,research_paper,TRUE,FALSE,TRUE,TRUE,TRUE,FALSE,NA
Scopus,english,Insights from Hydro-Economic Modeling for Climate Resilience in the Nazas–Aguanaval Watershed in Mexico,"Agriculture uses 80% of global water resources, driving several water management challenges across the world. These challenges require the exchange of effective practices. We found that California’s Tulare Lake Basin (TLB) and Mexico’s Nazas–Aguanaval watershed share key features, leading us to propose the TLB as a model of climate resilience. After contrasting the policies for TLB with those for Nazas–Aguanaval, we found that no constrained pricing policy proposal exists for the Nazas–Aguanaval watershed. We apply a hydro-economic model using Positive Mathematical Programming to support an incentive structure for reducing water use in agriculture while maximizing profits. The optimal crop policy could reduce water demand by 20%, with a trade-off of an 11% reduction in profits. This would save 185.4 hm3/year, which represents 90% of the volume required for an ongoing infrastructure project for urban water supply in the watershed. Additionally, implementing a price of 14 USD/dam3 could increase the irrigation district’s revenue, boosting farmers’ profits by up to 16% and district revenue by up to 134%. Our results demonstrate the benefits of applying Positive Mathematical Programming in a semiarid watershed to support water and agriculture policy. This research is a starting point for increasing the climate resilience of watersheds under water and financial stress. © 2025 by the authors.",10.3390/w17213183,2025,Guevara-Polo D.-E.; Patiño-Gomez C.; Medellin-Azuara J.; Corona-Vasquez B.,Scopus,Article,NA,2-s2.0-105021401105,Scopus,1,research_paper,TRUE,FALSE,TRUE,TRUE,TRUE,FALSE,NA
Scopus,english,Insights into landslide susceptibility: a comparative evaluation of multi-criteria analysis and machine learning techniques,"Landslides threaten communities worldwide, resulting in financial, environmental, and human losses. Although some studies have employed machine learning (ML) algorithms and multi-criteria analysis (MCA) for landslide susceptibility mapping (LSM), comparative evaluations of these methods remain scarce, particularly regarding predictor importance, performance metrics, and hyperparameter optimization. This research addresses these gaps by comparing logistic regression (LR), random forest (RF), support vector machines (SVM), and MCA, focusing on landslide susceptibility in Petrópolis, Brazil. The ML models used 29 influencing factors, encompassing geographic, geological, climatic, and anthropogenic variables, where feature importance analysis and hyperparameter tuning were applied to identify the most significant predictors. RF achieved the highest performance, with an accuracy of 0.94, ROC AUC of 0.98, and F1 score of 0.94. SVM and LR also performed well, with ROC AUCs of 0.96 and 0.95 and F1 scores of 0.92 and 0.89, respectively. Conversely, MCA showed lower results, with an accuracy of 0.41, ROC AUC of 0.41, and F1 score of 0.55. We attribute RF’s robustness to its adaptability to diverse variable types, reduced overfitting risk, and high predictive accuracy. These findings underscore RF’s strength in LSM and highlight ML’s potential to support urban planning and mitigate risks in landslide-prone areas. © 2025 The Author(s). Published by Informa UK Limited, trading as Taylor & Francis Group.",10.1080/19475705.2025.2471019,2025,Ferreira Z.; Almeida B.; Costa A.C.; do Couto Fernandes M.; Cabral P.,Scopus,Article,NA,2-s2.0-105000632970,Scopus; WoS,2,research_paper,TRUE,FALSE,TRUE,TRUE,TRUE,FALSE,NA
Scopus,english,Integrated image segmentation techniques for high-resolution coastal habitat mapping: Advancing remote sensing for coastal ecosystem assessment,"This study presents an integrated approach to high-resolution coastal habitat mapping using advanced image segmentation techniques and remote sensing indices for the Torres Coastal Region, Brazil. The research leverages multiple spectral indices to evaluate and predict coastal ecosystem health, including the NDMI, BSI, FAI, NDBI, MNDWI, NDWI, NDRE, GNDVI, SAVI, and NDVI. The study employs the InVEST model to assess the Habitat Quality Index (HQI) for 2024 and predict changes in habitat quality by 2034. The findings reveal significant spatial variations in habitat quality, categorized into five classes: Very Low (208.76 sq. km), Low (105.25 sq. km), Moderate (196.85 sq. km), High (60.53 sq. km), and Very High (105.14 sq. km), over a total area of 676.53 sq. km. These classifications reveal insights into the spatial distribution of ecosystems and their varying resilience to anthropogenic pressures, such as urbanization, pollution, and climate change impacts. The research emphasizes the role of remote sensing indices, which provide a holistic view of environmental conditions, including vegetation health, water quality, soil properties, and land use patterns, contributing to the overall understanding of coastal ecosystem dynamics. The predicted Habitat Quality Index for 2034 offers crucial information for forecasting future environmental conditions and supporting evidence-based decision-making for coastal management. Furthermore, this approach can act as a valuable perfect for similar coastal areas, helping establish guidelines for integrating remote sensing tools in ecosystem health assessments globally. © 2025 Elsevier Ltd",10.1016/j.jsames.2025.105526,2025,C S.; Alsolai H.; Allafi R.; Arasi M.A.,Scopus,Article,NA,2-s2.0-105002340361,Scopus,1,research_paper,TRUE,FALSE,TRUE,TRUE,TRUE,FALSE,NA
Scopus,english,Integrating Tourism Governance to Rural Development in the Anthropocene: A Case Study from Post-conflict Communities in Colombia,"The Anthropocene crisis, characterised by the overshooting of planetary boundaries, poses significant challenges for food-producing communities, especially in less developed countries. Industrial productions in the primary sector, fostered by global demand, not only increase CO2 emissions, but also cause negative effects to rural communities by competing with lower production costs, fostering territorial displacements, increasing rural and urban polarisation, and disrupting local culture and social cohesion. To overcome this situation, it is needed to take into account the cultural and educational conditions of rural populations, considering the key skills that allow the actors of neighbouring sectors to interact profitably. In this context, a coherent strategy of integration of tourism with the primary sector can strengthen the recovery and resilience of communities and generate good practices for ecosystem protection. Nevertheless, in conflict and post-conflict contexts, local governance often proved undermined by the power vacuum caused by threats and violence. This case study, based in post-conflict areas of the Sierra Nevada de Santa Marta, Colombia, investigates alternative strategies to enable civil society to overcome government weakness, by supporting local policies through community participatory planning not only to strengthen the value chain in the food sector, but also to enable sustainable production, regenerate the capacity for local self-sufficiency and position the food products in the links of the tourism value chain. © The Author(s), under exclusive license to Springer Nature Switzerland AG 2025.",10.1007/978-3-031-95697-3_6,2025,Bellinzas M.; Presciani L.,Scopus,Book chapter,NA,2-s2.0-105015493852,Scopus,1,other,TRUE,FALSE,TRUE,TRUE,TRUE,FALSE,NA
Scopus,english,Knock-down resistance to heat stress of Atta cephalotes in urban environments,"Temperature is one of the main environmental factors affecting all living organisms, impacting survival and reproduction. In cities, the speed of urbanization is associated with an increase in temperatures and leads to the creation of urban heat islands (UHIs). In the tropics, the temperature differential between urban and rural zones can reach up to 12 °C, a condition that might favour the spread of some insect species due to their ability to adapt to high temperatures. In this study, we evaluated the plasticity of the ant Atta cephalotes when the temperature increases due to the UHI effect. A total of 8000 ants were collected from two different zones (inside the UHI and outside the UHI) in the city of Cali, Colombia. Five different temperatures were tested using an environmental chamber, ranging from 38 to 42 °C in 1 °C increments. Knock-down was recorded when ants ceased to move. A linear mixed model and Cox model with mixed effects were used to test the knock-down time and probability of survival at the treatment temperatures. Although no clear differences were found between the two zones, this study reveals for the first time the capacity of A. cephalotes to tolerate high basal temperatures regardless of the environment. This represents evidence of the high basal thermotolerance of this ant species to thermal stress in tropical UHI environments. © 2025 Elsevier Masson SAS",10.1016/j.actao.2025.104076,2025,Rengifo-Ruiz M.; Montoya-Lerma J.; Muñoz-Valencia V.,Scopus,Article,NA,2-s2.0-105002852802,Scopus; WoS,2,research_paper,TRUE,FALSE,TRUE,TRUE,TRUE,FALSE,NA
Scopus,english,Land use change effect on organic matter dynamics and soil carbon sequestration in the Brazilian Cerrado: A study case in Mato Grosso do Sul state (Midwest-Brazil),"Pasture restoration and conservative agricultural practices, such as those used in Integrated Crop-Livestock-Forestry Systems (ICLF), can enhance soil protection and SOC stocks. This study, conducted in the Mato Grosso do Sul state, aimed to analyze the effect of land use conversion on C and N stocks and Soil Organic Matter (SOM) fractions to comprehend the C and N dynamic in 1-meter depth. Soil samples were collected in five different land uses in adjacent areas on the same farm: (1) Native Vegetation (NV); (2) Extensive Pasture (EP); (3) Managed Pasture (MP); (4) Integrated Crop-Livestock (ICL); and (5) Integrated Livestock-Forestry (ILF). Disturbed soil samples were collected using a soil auger at seven soil depths for elemental and isotopic analysis for soil C and N. Undisturbed samples were collected to assess the soil bulk density. The soil physical fractionation obtained the Particular Organic Matter (POM) and Mineral Associated Organic Matter (MAOM). The C and N stock varied from 86.02 in MP and 67.37 Mg ha−1 in ICL and was statistically similar for all studied land uses. The δ13C signature varied between land uses and through the soil profile, with more negative values for NV and ILF (−27.83 and −21.73 ‰, respectively) in the topsoil. The POM fraction indicated changes in land use, and the POM in ICL shows the potential to restore soil C and health since it is just in the second year of intervention. The managed pastures with grass species Brachiaria promoted better soil C and N content and stocks. This study pointed out other alternatives to land use, such as integrated systems (ICL and ILF), which should be the target for the Brazilian policies to mitigate greenhouse gas emissions and enhance the diversification and resilience of the agroecosystem. © 2024 Elsevier B.V.",10.1016/j.catena.2024.108670,2025,Granja Dorilêo Leite F.F.; Fontana A.; Nóbrega G.N.; Santos F.M.; Rodrigues Alves B.J.; da Silveira J.G.; Cordeiro R.C.; Cerri C.E.P.; Firmino dos Santos R.A.; Ribeiro Rodrigues R.D.A.,Scopus,Article,NA,2-s2.0-85212038159,Scopus,1,research_paper,TRUE,FALSE,TRUE,TRUE,TRUE,FALSE,NA
Scopus,english,"Land use transitions and the decline of family farming in Southeastern Brazil: Patterns, pressures, and environmental trade-offs","The expansion of monocultures and urbanization has reshaped rural landscapes in Brazil. We evaluated how land use has changed in São Paulo state, since a decree defining family farming in the country was issued, and how it contributed to climate change and the ability to adapt to it. We analyzed land use changes between 1985 and 2023 across 601 municipalities, focusing on the dynamics of family farming and its environmental implications. Using data from Brazilian Agricultural Censuses and MapBiomas platform, we classified municipalities according to increases or decreases in the area under family farming, assessed their land tenure patterns, associated changes in land cover, and calculated carbon stock and sequestration values based on land use, to assess the relationship between them and the presence of family farming. Land tenure and land regularization processes affected family farming distribution, and agrarian reform processes have contributed to an increase in family farming areas and halted monocultures advance. Greater homogenization of local agriculture was observed, contributing to lower carbon sequestration where the reduction in family farming was more pronounced. Results show that municipalities with expanding family farming areas have higher forest cover, better pasture quality, greater carbon stock and sequestration values. Conversely, municipalities with declining family farming areas experienced higher growth in soybean monocultures and landscape simplification. These patterns underscore territorial and ecological impacts of agricultural concentration, and displacement of small-scale diversified systems. Our results show that policies targeting family farming can promote greater diversification, reduce landscape homogenization, and increase carbon sequestration capacity. © 2025 Elsevier Ltd",10.1016/j.landusepol.2025.107802,2025,de Oliveira R.E.; de Magalhães L.P.; Gallo A.D.S.; de Oliveira J.A.; Sais A.C.,Scopus,Article,NA,2-s2.0-105017816455,Scopus; WoS,2,research_paper,TRUE,FALSE,TRUE,TRUE,TRUE,FALSE,NA
Scopus,english,Layered network spillovers in China’s new energy governance: Global carbon emission reduction through new energy city pilots; [中国新能源治理的碳减排逐层网络外溢],"Carbon emissions reduction has become a critical global priority as the world approaches numerous climate tipping points. Energy use, the primary source of carbon emissions, directly contributes to the accelerating shift toward green transformation within the global energy governance system. This transition entails not only profound adjustments in energy structures but also involves the redistribution of international energy interests and the establishment of a redefined global energy order. As one of the largest energy consumers globally, China faces a dual challenge: strengthening its strategic energy security to ensure a stable and sustainable energy supply while fulfilling its role as a key participant in global governance. China is thus responsible for providing public goods that support the reform and advancement of the worldwide energy governance system to address the climate change challenges collaboratively. Effectively participating in and, ultimately, guiding the reform of the global energy governance system to reduce carbon emissions and bolster governance capacity has become a crucial goal for China. To this end, China has introduced a pilot policy for new energy demonstration cities domestically, gradually creating an "" influence base"" for engaging in global energy governance through optimizing its energy structure, consolidating governance experiences, and establishing governance frameworks. Investigating Chinaś approach to new energy governance and its cascading network spillover effects is of considerable theoretical and practical importance for advancing global energy governance. This study explores the effects of China’s new energy governance on global carbon emissions reduction spillovers by strengthening its renewable energy advantages in products and technologies and expanding new energy applications in infrastructure and investment. It measures the layered carbon emissions reduction spillovers of China’s governance model across multilevel energy governance platforms, peer networks, and cascading networks. The findings reveal that China’s new energy governance exerts a direct spillover effect on global carbon emissions reduction through two dimensions: enhancement of renewable energy advantages and the expansion of energy application scenarios. First, China’s governance model generates an immediate spillover effect in emissions reduction through the rapid dissemination of renewable energy solutions, characterized by low marginal costs, high adaptability, technology sharing, and ease of transfer. However, the high construction costs and long input cycles of expanding new energy scenarios contribute to relatively modest international spillovers directly, highlighting the need for sustained investments to maximize impact. Second, Chinaś new energy governance creates network spillovers across multiple energy governance platforms. For instance, the carbon emissions reduction spillovers for developed countries and emerging economies on the International Renewable Energy Agency (IRENA) are gradual yet steady. In contrast, Chinaś influence through the Belt and Road Initiative (BRI) demonstrates more robust spillovers among BRI participating countries. Chinaś observer status within the International Energy Agency (IEA) has facilitated carbon emissions reduction spillovers across member nations, while the Organization of the Petroleum Exporting Countries (OPEC), mainly composed of oil - producing countries, has seen limited impact. Countries heavily dependent on oil, such as Nigeria and Venezuela, face challenges in transforming their energy structures, limiting OPECś effectiveness in emissions reduction; however, Chinaś governance model has had positive effects in countries like the United Arab Emirates and Saudi Arabia, where economic diversification is underway. Third, China’s new energy governance strategy enhances the scope and depth of environmental governance within Regional Trade Agreement (RTA) frameworks, particularly in ecological governance rules directly established between China and peer nations. These peer network relationships produce direct spillovers in emissions reduction. Furthermore, these effects are amplified as peer countries positively influence cascading countries, achieving a tiered network spillover that advances carbon emissions reduction on a broader scale. The multilevel nature of China’s approach to new energy governance underscores its potential as a transformative force in international efforts to mitigate climate change. © 2025 Editorial Department of Studies in Science of Science. All rights reserved.",NA,2025,Yu Z.-L.; Ma M.-J.; Ma L.-L.,Scopus,Article,NA,2-s2.0-105014740223,Scopus,1,research_paper,TRUE,FALSE,TRUE,TRUE,TRUE,FALSE,NA
WoS,english,Mapping Priority Areas for Urban Afforestation Based on the Relationship; Between Urban Greening and Social Vulnerability Indicators,"Analyzing the population's access to ecosystem services offered by urban greening constitutes a measure of environmental justice, as it directly affects the quality of life and health of the population living in cities. This article is committed to proposing a geoenvironmental model in a geographic information system (GIS), envisaged to estimate the share of urban forests and green spaces in territorial planning units (TPUs), corresponding to neighborhoods of a pilot city, using high-spatial-resolution images of the China-Brazil Earth Resources Satellite (CBERS-4A) and the normalized difference vegetation index (NDVI). These data were combined by means of a Boolean analysis with social vulnerability indicators assessed from census data related to income, education, housing, and sanitation. This model ultimately aims to identify priority areas for urban afforestation in the context of environmental justice and is thus targeted to improve the inhabitants' quality of life. The municipality of Goi & acirc;nia, the capital of Goi & aacute;s state, located in the Brazilian Central-West Region, was chosen as the study area for this experiment. Goi & acirc;nia presents 19.5% of its urban territory (82.36 km2) covered by vegetation. The analyses indicate an inequity in the distribution of urban forest patches and green areas in this town, where 7.8% of the total TPUs have low priority, 28.2% have moderate to low priority, 42.2% have moderate to high priority, and 21.8% have high priority for urban afforestation. This urban greening imbalance is particularly observed in its most urbanized central nuclei, associated with a peripheralization of social vulnerability. These findings are meant to support initiatives towards sound territorial planning processes designed to promote more sustainable and equal development to ensure environmental justice and combat climate change.",10.3390/f16060936,2025,"Guerrero, JV; Escobar-Silva, EV; de Almeida, CM; Caiche, D; dos Santos, AM; Nunes, FG",FORESTS,Article,NA,WOS:001515662300001,WoS,1,research_paper,TRUE,FALSE,TRUE,TRUE,TRUE,FALSE,NA
Scopus,english,Mapping Resilience: Integrating Indigenous Knowledge and Systems Thinking in Sustainable Urban Education,"This study presents a systems-thinking framework for mapping resilience within Indigenous urban landscapes, focusing on the Navajo Nation in New Mexico. Using participatory mapping, and mental mapping, the framework integrates Indigenous knowledge to examine resilience in complex socio-spatial environments. As both a research methodology and pedagogical tool, this approach bridges academic research with practical application, enabling students to engage in resilience planning that reflects Navajo community structures, land use, and environmental stewardship. Centered on the unique socio-environmental dynamics of the Navajo Nation, this study illustrates how traditional ecological knowledge, and cultural practices inform resilient urban planning. Mapping captures Indigenous spatial narratives, enriching systems thinking with insights into sustainable resource management and cultural resilience. Through participatory mapping workshops, students gain direct experience, aligning resilience strategies with Navajo values of community care and environmental respect. The core argument is that urban resilience must evolve through participatory engagement to address interdependent needs in Indigenous contexts. Research questions include: How can mapping foreground Navajo knowledge in resilience planning? What role does participatory mapping play in fostering systems thinking among planners? How does critical cartography contribute to sustainable policy in the built environment? The findings advocate for mapping as a tool in resilience education, equipping students with skills to design urban spaces that prioritize socio-spatial justice. This approach fosters an educational foundation for inclusive, sustainable urban resilience strategies, allowing future planners to center equity and sustainability in the built environment. © Published under licence by IOP Publishing Ltd.",10.1088/1755-1315/1554/1/012142,2025,Mehan A.,Scopus,Conference paper,NA,2-s2.0-105027111483,Scopus,1,research_paper,TRUE,FALSE,TRUE,TRUE,TRUE,FALSE,NA
Scopus,english,"Mapping and Geospatial Analysis of Ancient Terrace Agricultural Systems in Lucanas Province, Peruvian Andes, Based on Satellite Imagery, High-Resolution DSMs, and Field Surveys","This paper presents a unique set of maps and geospatial data covering 16 ancient terrace agricultural systems in the upper part of the Río Grande de Nasca drainage. These systems are located on the western Andean flank (1200 and 3800 m asl), in the districts of Llauta, Laramate, and Ocaña in Lucanas province, Ayacucho region, southern Peru (14.5° S). Spanning various periods of the prehispanic era (1000 bce–1532 ce), only limited sections of these terraces are still in use today. Our field methods include archaeological, geomorphological, and drone surveys. The terrace systems were mapped using (1) satellite imagery and (2) high-resolution Digital Surface Models (DSMs) within a Geographic Information System (GIS). The geospatial analysis and mapping results encompass parameters such as elevation range, terrace area, number and condition of terrace walls, length and height of terrace walls, area of individual terraced fields, associated architecture (e.g., irrigation canals), slope, current vegetation and use, and chronology. By documenting the widespread distribution, extent, and diversity of agricultural terraces in the region, this data set is extremely valuable for understanding prehispanic human-environment interactions and land use dynamics, as well as indigenous agricultural practices and resilience strategies in response to environmental and climate change. © 2025 The Author(s). Geoarchaeology published by Wiley Periodicals LLC.",10.1002/gea.70002,2025,Mader C.; Godde P.; Hägele E.; Lyons M.; Weber A.-K.; Odenthal R.; Stryjski P.; Binder C.; Leceta F.; Isla J.; Reindel M.; Meister J.,Scopus,Article,NA,2-s2.0-85219598125,Scopus,1,research_paper,TRUE,FALSE,TRUE,TRUE,TRUE,FALSE,NA
Scopus,english,Mitigating climate shocks requires understanding local perceptions: Long-term benefits of regional hurricanes outweigh short-term damages for traditional ranchers in Baja California Sur,"Tropical cyclones (e.g., hurricanes and tropical storms), are considered one of the world's most destructive climatological forces, causing substantial damage especially in urban areas. However, for some arid ecosystems, tropical cyclones represent natural disturbance events, providing important sources of fresh water that support ecosystem functioning. For subsistence populations living in these regions, it is unclear whether they experience these events negatively due to the associated damages or positively within a predictable disturbance regime. Here, we assess these phenomena with traditional ranchers from Baja California Sur, Mexico, following Hurricane Kay (September 2022). We find that despite significant damage caused by the hurricane, nearly the entire sample perceived this tropical cyclone event as a net positive on their lives. This traditional ranching population has a culture that is adapted to the seasonal tropical cyclone disturbance regime, and expects extreme rain events annually to support ecosystem functioning, and therefore their economic livelihoods. To these ranchers, the climate shock is not when the hurricanes come, but rather, when hurricanes do not come. We situate our results within a disturbance ecology framework, highlighting the role of increasing aridity and probability of drought in the North American Arid West. © 2025 The Authors",10.1016/j.jaridenv.2025.105408,2025,Macfarlan S.J.; Davis C.A.; Yerman A.; Landeros Higuera F.J.; Amador Leon S.G.; Romero de la Toba P.; Vanderplank S.,Scopus,Article,NA,2-s2.0-105005462061,Scopus; WoS,2,research_paper,TRUE,FALSE,TRUE,TRUE,TRUE,FALSE,NA
Scopus,english,Modeling Temperature in the Ecuadorian Paramo Through Deep Learning,"This study focuses on predicting temperature using multivariate time series at two locations in Tungurahua province, Ecuador: Mula Corral, situated in the high-altitude grassland ecosystem known as paramo, and Airport Ambato, located in the city center. The prediction integrates key variables such as humidity, precipitation, and wind speed through multivariate neural networks. Six neural network architectures were evaluated: Long short-term memory (LSTM), bidirectional LSTM, LSTM with attention mechanism, gated recurrent unit (GRU), convolutional neural network (CNN), and CNN-LSTM. At the Airport Ambato station, the LSTM with attention mechanism was the most effective, achieving an RMSE of 0.82 and an R-squared of 0.66. For Mula Corral, the LSTM and GRU networks excelled, with an RMSE of 0.63 and an R-squared of 0.70 for the LSTM, while the GRU achieved an RMSE of 0.89 and an R-squared of 0.60. Conversely, the CNN-LSTM demonstrated the lowest performance, particularly in Mula Corral, with an RMSE of 0.75 and an R-squared of 0.53. These outcomes highlight the superiority of LSTM networks, especially those equipped with an attention mechanism, and reveal a preference for recurrent neural networks over CNNs for predicting temperatures in sensitive areas such as paramos. The ability to predict temperature with multivariate time series is critical for planning and implementing restoration techniques in the paramos, adapting to climate changes, and maximizing success in the conservation and recovery of these vital ecosystems. The neural network analysis underscores significant climatic differences between the paramo and the city. Mula Corral exhibits lower and more stable temperatures, consistent with the cold, uniform conditions of high-altitude grasslands, whereas the Ambato airport station reflects higher temperatures with greater variability, likely due to urbanization and human activity. These distinctions highlight the importance of accurate neural network models for environmental management, strategic planning, and climate change adaptation.  © 2008-2012 IEEE.",10.1109/jstars.2025.3536878,2025,Cabay M.J.C.; Piedra-Fernández J.A.; Ayala R.M.,Scopus,Article,NA,2-s2.0-85217031012,Scopus; WoS,2,research_paper,TRUE,FALSE,TRUE,TRUE,TRUE,FALSE,NA
Scopus,english,Modeling the impact of urban climate transformations in low income housing located in critical climate: A case study,"Global warming and urban densification impact the thermal performance of buildings, yet these effects are often overlooked in professional and academic settings. This study conducted a case study through simulation with modified climate files to quantify the extreme effects resulting from the combination of hot-humid climate, urban densification, and global warming on a model of social housing in Belém, Brazil. Current scenarios were established, and thermal performance simulations were conducted. This involved adapting weather files to two distinct urban patterns: high and low densification. These files were adjusted to capture variations in essential parameters, reflecting the unique climatic conditions of each urban environment. Subsequently, the thermal performance of social housing units was simulated using these files, enabling a comprehensive analysis of thermal dynamics. This facilitated identifying key parameters in urban climate zones, considering potential increases in urban densification and global warming. The results reveal a significant impact of the combined effect of urban densification and global warming on both outdoor and indoor social housing, reducing habitability and requiring air conditioning almost year-round in near and distant future climates. The conclusions aim to contribute to diagnosing and understanding the climate crisis and urban climate's role in the resilience of vulnerable populations. © 2025 International Energy Initiative",10.1016/j.esd.2025.101653,2025,da Cunha L.F.B.; Machado R.M.E.S.; da Silva Junior J.A.; de Souza Farias A.; Barata M.S.; Zemero B.R.,Scopus,Article,NA,2-s2.0-85216129196,Scopus; WoS,2,research_paper,TRUE,FALSE,TRUE,TRUE,TRUE,FALSE,NA
Scopus,english,Modelling Resilience: Zooarchaeological Insights into Subsistence Diversity and Land Use Practices of the Ancient Maya in the Upper Belize River Valley,"Many models have been proposed to explain the disintegration of Classic Maya polities including those based on climate change, inter-site competition, warfare, and environmental degradation. It is now clear, however, that multiple simultaneous factors were involved, and the combination of factors varied from one region of the Maya Lowlands to another during the Late to Terminal Classic periods (AD 750-900/1000). As such, each region must be examined individually to understand the processes that contributed to depopulation to explain why some regions were more resilient than others. In the upper Belize River Valley in the eastern Maya Lowlands, a series of droughts during the Terminal Classic has been attributed as one factor underlying the abandonment of centers. Using Hill diversity metrics (richness, Shannon diversity, and Simpson diversity) as measurements of diet diversity, our study analyzes Preclassic (1100/1000 BC-AD 300) and Late/Terminal Classic fauna from the sites of Baking Pot, Cahal Pech, Lower Dover, and Xunantunich to test models of environmental degradation and the adaptive cycle. The results show that the ancient Maya of the region responded to climate stresses through environmental resource management. Any rigidity in dietary preferences was mitigated by exploiting a broad spectrum of animal and plant resources. © 2025 The Author(s). Published by Informa UK Limited, trading as Taylor & Francis Group.",10.1080/14614103.2025.2479326,2025,Meyer B.; Ebert C.E.; Hoggarth J.A.; Walden J.P.; Roa I.; Wisner G.B.; Tappan K.K.; Awe J.J.,Scopus,Article,NA,2-s2.0-105000648443,Scopus; WoS,2,research_paper,TRUE,FALSE,TRUE,TRUE,TRUE,FALSE,NA
Scopus,english,Monographs on invasive plants in Europe: Ageratina adenophora (Spreng.) R.M. King & H. Rob,"Ageratina adenophora (Spreng.) R.M. King & H. Rob. (Crofton weed) is a triploid, apomictic perennial herb or sub-shrub native to Mexico that is highly invasive in many parts of the world. This species thrives in diverse habitats, from wet forest margins to dry slopes and disturbed urban areas. Initially introduced globally as an ornamental plant, it has now naturalized across many continents, including Europe, Asia, Africa, Oceania, and the Americas, often displacing native flora and altering ecosystems. Its introduction to Europe dates back to the 19th century, with naturalization first recorded on the French Riviera. Ageratina adenophora is now established in several southern European countries (Portugal, Spain, France, Italy, Croatia, Greece) and across the Macaronesian islands. It spreads via wind- and water-dispersed seeds and can also propagate vegetatively, particularly along riparian systems and disturbed sites. Despite its prolific reproduction and adaptability, its expansion in Europe has so far remained moderate, possibly due to climatic limitations and unsuitable habitats. Ecologically, A. adenophora exhibits remarkable phenotypic plasticity and physiological adaptations that enable it to survive a range of abiotic stresses including cold, drought, and variable light levels. The species benefits from mutualisms with soil microbes and displays enhanced nitrogen-use efficiency in introduced ranges. Although initially valued for ornamental and medicinal purposes, A. adenophora is now widely recognized as a harmful invader. It invades both natural and semi-natural habitats and has demonstrated a capacity to alter soil chemistry, suppress native vegetation through competition and allelopathy, and host diverse pathogens and endophytes. Ageratina adenophora negatively impacts biodiversity, ecosystem functioning, and agriculture by forming dense, monospecific stands and disrupting native communities. Its presence in biodiversity hotspots and protected areas—such as Himalaya, South Africa, and the Canary Islands—poses significant conservation challenges. Control efforts, including the use of biological agents such as Procecidochares utilis Stone 1947, have yielded mixed results. The most effective method for small areas is to physically remove A. adenophora before it sets seed. This can be done by hand-pulling or cutting. Given the continued spread and resilience of this species there is an urgent need for coordinated management strategies and increased awareness, especially in the face of climate change which may further facilitate its expansion in Europe and beyond. © 2025 Société botanique de France.",10.1080/23818107.2025.2529890,2025,Fried G.; Datta A.; Brundu G.; Chapman D.; Follak S.; Frohlich D.; Richardson D.M.; van Valkenburg J.; Tanner R.,Scopus,Article,NA,2-s2.0-105012401518,Scopus; WoS,2,research_paper,TRUE,FALSE,TRUE,TRUE,TRUE,FALSE,NA
Scopus,english,"Morphometric watershed prioritization for sustainable agriculture and water management on Santa Cruz island, galápagos","Efficient water management is essential for agricultural sustainability, especially on islands where freshwater resources are limited and vulnerable. On Santa Cruz Island (Galápagos, Ecuador), the majority of the water supply originates from underground aquifers that face threats such as saltwater intrusion, contamination, and increasing agricultural and urban demand. This study aims to identify and prioritize watersheds with favorable conditions for sustainable water management focused on agriculture. A morphometric analysis of 24 watersheds was conducted, assessing characteristics such as shape, relief, and linear features to estimate erosion vulnerability and water availability. The results enabled classification of watersheds according to their potential for water conservation and agricultural use. Five priority watersheds (SW15, SW22, SW19, SW1, and SW14) were identified as having favorable conditions for water retention and sustainable agricultural practices. Other watersheds with higher erosion susceptibility require conservation measures to prevent soil degradation. This prioritization serves as a practical tool to focus efforts and resources on the most suitable areas for water management and sustainable agricultural development on the island. Overall, the study supports strategic planning to strengthen resilience against water scarcity and climate change in volcanic island environments. © 2025 The Authors",10.1016/j.indic.2025.100843,2025,Victoria R.; Gianella B.; Valeria V.; Menoscal Menoscal M.; Daniel G.; Erwin L.; Maurizio M.,Scopus,Article,NA,2-s2.0-105013254564,Scopus,1,research_paper,TRUE,FALSE,TRUE,TRUE,TRUE,FALSE,NA
Scopus,english,NON-CONVENTIONAL TECHNIQUES USING BAMBOO FOR LANDSLIDE MITIGATION IN GEOLOGICAL RISK AREAS; [MÉTODOS NÃO CONVENCIONAIS UTILIZANDO O BAMBU PARA CONTENÇÕES DE DESLIZAMENTOS EM ÁREAS DE RISCO]; [TÉCNICAS NO CONVENCIONALES UTILIZANDO EL BAMBÚ PARA LA MITIGACIÓN DE DESLIZAMIENTOS EN ZONAS DE RIESGO GEOLÓGICO.],"Informal urban occupation remains one of the major challenges faced in Brazil, particularly on hillslopes susceptible to mass-movement processes. Informal settlements often house vulnerable populations who are routinely exposed to natural hazards. In built environments, sustainable solutions have become increasingly relevant through the adoption of innovative technologies that aim not only to reduce the consumption of natural resources but also to optimize construction and maintenance costs. In this context, renewable natural materials–such as bamboo–emerge as competitive alternatives, as they can contribute to slope stability and erosion control at costs that are manageable for public administrations. Bamboo also plays a role in mitigating climate change and improving urban landscapes, functioning as an integrating element in the development of smart and resilient cities. This study aims to demonstrate the favorable mechanical and morphological characteristics of the roots and rhizomes of a running bamboo species as a structural element in actions designed to mitigate shallow landslides and surface erosion. Laboratory experiments were conducted to observe the growth of seedlings in pots with different inclinations, along with physical and mechanical tests on rhizomes extracted from these plants to establish parameters of tensile and bending resistance. The results highlight the formation of an interwoven root–rhizome network capable of increasing soil cohesion and improving slope stability. These findings contribute to advancing the understanding of bamboo’s potential as a sustainable alternative for slope protection and climate-resilient urban development. © 2025 Instituto de Pesquisas Ambientais/SIMA/SP. All rights reserved.",10.69469/derb.v46.876,2025,Armelin L.F.; Dinis H.; Lázaro A.A.,Scopus,Article,NA,2-s2.0-105028217597,Scopus,1,research_paper,TRUE,FALSE,TRUE,TRUE,TRUE,FALSE,NA
Scopus,english,"Nature-based solutions for climate change adaptation and resilience in urban informal settlements: Insights from kibera, kenya and Villa 20, Argentina","Nature-based Solutions (NbS) are gaining much recognition for their contribution to addressing climate change impacts and overall environmental challenges in urban areas. NbS in urban areas have been associated with varied benefits and ecosystem services such as flood management, cooling effects and recreational values. However, implementation and effectiveness are influenced by various factors, such as space availability. In urban informal urban settlements with limited space, and high exposure to climate risks, NbS implementation is particularly challenging, despite their proven benefits. Noting the heterogeneity of informal settlements, understanding the existing NbS and how they are perceived locally is crucial for their uptake. Based on surveys and interviews in the informal settlements of in Kibera (Nairobi, Kenya) and Villa 20 (Buenos Aires, Argentina), implemented NbS, their particular benefits and perception as well as key factors influencing their implementation, effectiveness and acceptance were identified. Lastly, the extent to which the identified NbS can be considered transformative was assessed. A key conclusion of the paper is that despite differences in geographies and upgrading and planning processes in the two settlements, somewhat similar NbS enablers and barriers could be identified. NbS effectiveness and sustainability in urban informal settlements seem realizable with active multi-stakeholder engagements and consistent integration of NbS initiatives into participatory urban planning programs and policies. Looking into NbS dimensions beyond environmental benefits can be particularly helpful to identify barriers, enablers but also transformative potentials, thereby supporting sustainable livelihoods, capacitation and participation of dwellers. © 2025 The Author(s)",10.1016/j.nbsj.2025.100216,2025,Kibii C.; Guerra F.; Bananayo P.B.; Sandholz S.,Scopus,Article,NA,2-s2.0-85216301367,Scopus; WoS,2,research_paper,TRUE,FALSE,TRUE,TRUE,TRUE,FALSE,NA
Scopus,english,Navigating Green Public Policy From the Intersection of Urban Heat Islands and Climate Vulnerability in the City of Viña del Mar,"This article addresses the intricate relationship between urban heat islands and climate vulnerability, focusing on the city of Viña del Mar in Chile and emphasizing the need for comprehensive communal or local policies to prevent, adapt to, and mitigate the adverse effects of these phenomena. By analyzing the measures contained in existing national climate adaptation plans for the health and urban sectors, as well as the proposed municipal adaptation and resilience plan, the study identifies gaps and opportunities for improving regulatory frameworks and urban planning strategies. The results are divided into sub-themes. The first one refers to the Health Sector Adaptation Plan for Climate Change; the second deals with the Cities Adaptation Plan for Climate Change; and the third deals with the Climate Adaptation and Resilience Plan for Viña del Mar and Valparaíso. Finally, the research underscores the importance of integrating nature-based solutions, such as green infrastructure, that include quantifiable methods of analysis, combating the heat island phenomenon and stimulating urban development linked to climate change. It also highlights the critical intersection of the right to the city, health, and adequate housing in the context of climate vulnerability, emphasizing the urgency of tailored measures for vulnerable populations and climate justice. © University of Toronto Press, 2025.",10.3138/jccpe-2024-0011,2025,Torreblanca I.V.; Cofré R.M.; González F.D.; Olivares D.T.; Kaplan P.N.; Moya A.A.,Scopus,Article,NA,2-s2.0-105036577051,Scopus,1,research_paper,TRUE,FALSE,TRUE,TRUE,TRUE,FALSE,NA
Scopus,english,"Permaculture in Mexicali, Mexico: Sustainable Policies, Circular Economy, and Knowledge Management for Extreme Weather Resilience","This study explores the adoption of permaculture in Mexicali, Baja California, a city severely affected by desertification and extreme climate conditions. A questionnaire was administered to 393 participants, and an exploratory factor analysis was used to determine the underlying constructs impacting this. It identified four key constructs: sustainability policies, circular economy practices, knowledge management, and permaculture adoption. These constructs were further analyzed using Partial Least Squares Structural Equation Modeling (PLS-SEM) to evaluate their relationships. The results revealed that circular economy practices (like recycling and product design) and knowledge management (documentation, teaching) significantly promote permaculture adoption, while sustainability policies showed no statistically significant effect. There is a sentiment of government inaction, and citizen distress by the devasting effects of climate change in the region, due to the current lack of policies. These findings highlight the need for tailored policy frameworks, emphasizing the critical roles of circular economy initiatives and effective knowledge management strategies in fostering permaculture. The study provides actionable insights for sustainable planning, offering practical pathways to enhance resilience and sustainability in arid regions. © The Author(s), under exclusive licence to Springer Nature Switzerland AG 2025.",10.1007/s43615-025-00574-8,2025,Romero-Gomez D.; Ahumada-Tello E.; Ramos-Higuera K.,Scopus,Article,NA,2-s2.0-105004460795,Scopus,1,research_paper,TRUE,FALSE,TRUE,TRUE,TRUE,FALSE,NA
Scopus,english,Potential of optimized designs to resist the hot humid-future-urban climates and its uncertainties: A case study,"Accurate assessment of the combined impacts of climate change and Urban Heat Island (UHI) on the energy performance of building prototypes is imperative to support decision-making towards long-term resilient design solutions for heat mitigation. Recent literature highlighted the importance of integrating multiscale climate models into Building Energy Simulations (BES) workflows to accurately evaluate UHI and future scenarios, especially for climates susceptible to indoor overheating. However, discussion relative to the uncertainties when using projections on BES is still limited on account of the scarcity of readily available weather files for some cities and the impracticalities that arise from conducting several simulations. This study aims to address these issues by investigating the resilience of a social housing prototype with optimized envelope and heat mitigation strategies for the hot and humid Belém, Brazil under distinct UHI conditions considering future uncertainties. Thermal autonomy and cooling loads were evaluated for 2020, 2050 and 2080. Future weather uncertainties were assessed through comparison of dry-bulb temperatures between the projections generated by Climate Change World Weather Generator (CCWWG) and CORDEX project. Results showed a significant decrease in thermal autonomy despite optimization as the housing lower-floor units registered only 15 % of occupancy hours below the 30 °C threshold in 2050 considering UHI and 2.8 % in 2080 before UHI inclusion, in contrast to the 100 % observed for the unmodified weather file. Accordingly, high percentage increases in cooling loads between simulations emphasize the importance of comparing results of multiple weather files for thorough investigations of BES. © 2024 Elsevier Ltd",10.1016/j.applthermaleng.2024.125137,2025,da Cunha L.F.B.; Machado R.M.E.S.; Monteiro G.B.; Almeida P.R.; Teixeira R.C.; Barata M.S.; Zemero B.R.,Scopus,Article,NA,2-s2.0-85212564831,Scopus,1,research_paper,TRUE,FALSE,TRUE,TRUE,TRUE,FALSE,NA
Scopus,english,PropNet-R: A Custom CNN Architecture for Quantitative Estimation of Propane Gas Concentration Based on Thermal Images for Sustainable Safety Monitoring,"Liquefied petroleum gas (LPG), composed mainly of propane and butane, is widely used as an energy source in residential, commercial, and industrial sectors; however, its high flammability poses a critical risk in the event of accidental leaks. In Peru, where LPG constitutes the main domestic energy source, leakage emergencies affect thousands of households each year. This pattern is replicated in developing countries with limited energy infrastructure. Early quantitative detection of propane, the predominant component of Peruvian LPG (~60%), is essential to prevent explosions, poisoning, and greenhouse gas emissions that hinder climate change mitigation strategies. This study presents PropNet-R, a convolutional neural network (CNN) designed to estimate propane concentrations (ppm) from thermal images. A dataset of 3574 thermal images synchronized with concentration measurements was collected under controlled conditions. PropNet-R, composed of four progressive convolutional blocks, was compared with SqueezeNet, VGG19, and ResNet50, all fine-tuned for regression tasks. On the test set, PropNet-R achieved MSE = 0.240, R2 = 0.614, MAE = 0.333, and Pearson’s r = 0.786, outperforming SqueezeNet (MSE = 0.374, R2 = 0.397), VGG19 (MSE = 0.447, R2 = 0.280), and ResNet50 (MSE = 0.474, R2 = 0.236). These findings provide empirical evidence that task-specific CNN architectures outperform generic transfer learning models in thermal image-based regression. By enabling continuous and quantitative monitoring of gas leaks, PropNet-R enhances safety in industrial and urban environments, complementing conventional chemical sensors. The proposed model contributes to the development of sustainable infrastructure by reducing gas-related risks, promoting energy security, and strengthening resilient, safe, and environmentally responsible urban systems. © 2025 by the authors.",10.3390/su17219801,2025,Holgado-Apaza L.A.; Prieto-Luna J.C.; Carpio-Vargas E.E.; Ulloa-Gallardo N.J.; Vilchez-Navarro Y.; Barrón-Adame J.M.; Aguirre-Puente J.A.; Ramos Enciso D.; Castellon-Apaza D.D.; Saman-Pacamia D.J.,Scopus,Article,NA,2-s2.0-105021510831,Scopus,1,research_paper,TRUE,FALSE,TRUE,TRUE,TRUE,FALSE,NA
Scopus,english,Restoration implications of the germination ecology of six dry-forest woody Fabaceae species in Mexico,"Key message: Seed germination responses to variation in temperature and light differed among six dry forest species, results that will inform ecological restoration and climate change adaptation projects. Abstract: In dry forests, where opportunities for plant establishment occur in a narrow window of opportunity, seeds must respond to cues to germinate when conditions for growth are suitable. Knowledge of the strategies and adaptations of seeds to the seasonal dry-forest ecosystems, being under constant threat, is needed to guide restoration and management actions in the face of climate change. We investigated the effects of scarification, temperature and light in germination percentage, germination time and synchrony of six woody Fabaceae species. The species have ecological potential for restoration and are of cultural or economic importance for the local people in the Tehuacán-Cuicatlán Valley, Mexico. We carried out a multifactorial germination experiment with five temperatures, two light regimes and two scarification conditions for Mimosa luisana, M. polyantha, M. adenantheroides, M. lactiflua, Acaciella angustissima and Vachellia constricta. All germinated in a wide range of temperatures (10–40 °C), and mechanical scarification highly increased the germination percentage. Higher temperature increased and speeded up germination in dark conditions for most of the species, but they exist heterogeneous responses in their germination synchrony. Studied species had high germination percentages in warm temperatures, but their recruitment in nature might be negatively affected by warmer and drier conditions, and by the loss of shade and seed dispersers due to deforestation and changes in land use. It is crucial to study not just germination percentage and time but also other aspects of the germination process such as the germination synchrony, since it might reveal useful information for management actions. © The Author(s) 2025.",10.1007/s00468-025-02606-0,2025,Aguirre-Salcedo C.; Montaño-Arias S.A.; Jansson R.,Scopus,Article,NA,2-s2.0-85218463223,Scopus; WoS,2,research_paper,TRUE,FALSE,TRUE,TRUE,TRUE,FALSE,NA
WoS,english,Rethinking Cities Beyond Climate Neutrality: Justice and Inclusion to; Prevent Climate Gentrification,"Contemporary cities constitute both the primary site where the climate crisis manifests its most evident impacts and the privileged laboratory for testing strategies of adaptation and resilience. However, the growing emphasis on ""climate neutrality"" policies risks obscuring the social dimension of urban regeneration processes, thus generating new imbalances and forms of exclusion. This paper offers a critical reflection on the role of urban planning beyond climate neutrality, reorienting it towards a perspective of climate justice capable of integrating ecological transition goals with those of social and territorial cohesion. The research adopts a mixed-method approach, combining theoretical and documentary analysis with empirical case comparison, to investigate the relationship among urban regeneration, urban welfare, and spatial inequalities. The study aims to identify strategies for preventing climate gentrification, a phenomenon in which adaptation and mitigation measures-if not accompanied by adequate redistributive mechanisms-produce socio-spatial displacement effects that exclude the most vulnerable communities from the environmental benefits generated. The comparative analysis of two international case studies-Little Haiti (Miami) and the Green Corridors of Medell & iacute;n (Colombia)-reveals two contrasting trajectories of the ecological transition: a regressive one, driven by market logics and real-estate valorization, and a progressive one, grounded in principles of equity, participation, and inclusive distribution of environmental benefits.",10.3390/app16010259,2025,"Ricci, L; Mariano, C; Marino, M",APPLIED SCIENCES-BASEL,Review,NA,WOS:001657203800001,WoS,1,review,TRUE,FALSE,TRUE,TRUE,TRUE,FALSE,NA
Scopus,english,SPACERESCUE BUSINESS: APPLYING SPACE INTELLIGENCE TO CLIMATE AND URBAN CRISIS MANAGEMENT,"The increasing frequency and intensity of extreme climate events pose a critical challenge to global security and urban resilience. SpaceRescue Business introduces an innovative solution based on space intelligence, predictive artificial intelligence (AI), and adaptive infrastructure to optimize climate crisis management and emergency response. The platform integrates satellite remote sensing, machine learning, and emergency automation, providing strategic intelligence for governments, insurers, humanitarian organizations, and infrastructure companies. The goal is to minimize socio-economic impacts and enhance climate resilience, particularly in vulnerable and emerging markets. Key Differentiators SpaceRescue Business is structured around three core pillars: 1. Climate Monitoring and Predictive AI - Utilizes Earth observation satellites and IoT sensors for data collection, enhanced by machine learning to provide early warnings with up to 90% accuracy. 2. Resilient and Modular Infrastructure - Develops mobile and decentralized solutions, such as smart shelters, energy microgrids, and emergency telecommunication networks, to mitigate post-crisis impacts. 3. Autonomous Mobility and Rapid Response - Deploys autonomous drones and amphibious vehicles to optimize evacuations, assess risk areas, and provide logistical support. By combining big data, advanced geoprocessing, and computational simulation, the platform enables real-time responses and effective risk mitigation. Expected Impact The implementation of SpaceRescue Business will significantly advance disaster mitigation and operational efficiency: Enhanced climate prediction accuracy of up to 90%, reducing uncertainty in decision-making. 30% reduction in emergency response time, minimizing human and economic losses. Up to 25% decrease in operational costs for insurers and governments, optimizing risk mitigation investments. A new paradigm in crisis management, integrating space intelligence and sustainable governance. The project will initially be validated through pilot programs in vulnerable coastal cities in Brazil and Portugal, allowing for operational adjustments before global expansion. Conclusion SpaceRescue Business presents a disruptive model for climate and urban crisis management, integrating space technology, predictive AI, and adaptive infrastructure. Its scalability allows for multi-sector application, maximizing impact mitigation and improving the security of populations exposed to extreme events. The initiative aligns with international aerospace guidelines and the United Nations' Sustainable Development Goals (SDGs), establishing itself as a sustainable and economically viable solution for global climate governance. With SpaceRescue Business, governments and companies can transform space data into actionable solutions, redefining climate security in the 21st century. Copyright ©2025 by the International Astronautical Federation (IAF). All rights reserved.",10.52202/083102-0037,2025,Hsu J.; Barriveira R.; Reis M.,Scopus,Conference paper,NA,2-s2.0-105033039441,Scopus,1,research_paper,TRUE,FALSE,TRUE,TRUE,TRUE,FALSE,NA
Scopus,english,Simulating flood situations in urban hydrology using a diffusion model in complex networks,"Poorly planned urbanization combined with climate change increases the annual likelihood of flooding in low-lying areas with inadequate storm drainage systems. Therefore, the development of models to predict flood situations in cities is crucial because floods pose significant risks to human lives and infrastructure. This paper utilizes the diffusion model in complex networks to simulate flood scenarios in the specific context of urban hydrology. By adapting the model, this study describes how rainwater spreads through interconnected nodes within the network. These nodes represent different areas of a city, such as buildings, roads, and water bodies. Various properties, including elevation, surface roughness, and permeability, were assigned to nodes that influence the flow of water. The edges between nodes represent pathways for water movement. The model considers factors such as rainfall intensity, network topology, properties, and existing flood mitigation measures. The proposed model was evaluated in two experiments. The first experiment aimed to identify the critical points in the network, whereas the second experiment examined how the number and distribution of storm drains affected flooding. As a case study to test the model, it was tested in a flood-prone section of Guadalajara, Mexico. The experimental results demonstrate that our model is flexible and simple, allowing us to draw interesting conclusions from several flooding scenarios. © The Author(s), under exclusive licence to Springer-Verlag GmbH Germany, part of Springer Nature 2025.",10.1007/s00477-025-03050-9,2025,Toski M.; Cuevas E.; Escobar H.; Morales-Castañeda B.; Pérez-Cisneros M.,Scopus,Article,NA,2-s2.0-105012381227,Scopus; WoS,2,research_paper,TRUE,FALSE,TRUE,TRUE,TRUE,FALSE,NA
Scopus,english,Social capital as a policy catalyst: Enhancing municipal investment in climate risk reduction and adaptation,"Does social capital guide municipalities toward improved investment in disaster risk reduction and climate change adaptation? This article investigates whether communities with high vulnerability to climate change risks and strong social capital traits are more likely to invest in preparedness for climate change disasters. We leverage the exogenous variation of local downpours in Chile from 2009 to 2018 as a catalyst for increased awareness to examine the effects of social capital on public investment in adaptation. Our findings reveal that linking and bridging social capital levels affect preparedness as communities experience more downpours, while bonding social capital levels have no effect. These results suggest that linking and bridging could steer policymakers toward increased investment, contributing to more resilient and sustainable communities in the face of climate change. Furthermore, social capital may have the potential to shift policymakers’ focus from popular short-term disaster relief spending to long-term preparedness investments. © 2025 Elsevier Ltd",10.1016/j.gloenvcha.2025.103041,2025,Neudörfer P.; Valdivieso P.,Scopus,Article,NA,2-s2.0-105011156091,Scopus; WoS,2,research_paper,TRUE,FALSE,TRUE,TRUE,TRUE,FALSE,NA
Scopus,english,Soil Organic Carbon Storage in Different Land Uses in Tropical Andean Ecosystems and the Socio-Ecological Environment,"This study investigates the relationship between land use and soil organic carbon (SOC) storage in tropical Andean ecosystems, introducing a socio-ecological perspective to assess how community conservation perceptions influence SOC storage and contribute to climate change mitigation strategies. Background and Objectives: Land-use change reduces carbon stocks in tropical ecosystems. Focusing on the Las Piedras River basin (Popayan, Colombia), we evaluated SOC storage under four plant cover types—riparian forests (RFs), ecological restoration (ER), natural regeneration (NR), and livestock pastures (LSs)—and examined its association with local conservation perceptions. Materials and Methods: SOC storage at 30 cm depth, carbon inputs and outputs, and soil physicochemical properties were measured across land-use types. Conservation perceptions were assessed through 65 community surveys. Data analyses included ANOVA, principal component analysis, and multinomial logistic regression. Results: SOC storage was highest in RFs (148.68 Mg ha−1), followed by ER and LSs, and lowest in NR (97.30 Mg ha−1). A positive relationship was observed between high conservation perception and greater SOC content. Conclusions: SOC storage is strongly influenced by land use and community conservation values. Active restoration efforts, coupled with environmental education, are essential for enhancing the socio-ecological resilience of these ecosystems. © 2025 by the authors.",10.3390/earth6030106,2025,Mondragón Valencia V.A.; Figueroa Casas A.; Macias Pinto D.J.; Rosas-Luis R.,Scopus,Article,NA,2-s2.0-105017268540,Scopus,1,research_paper,TRUE,FALSE,TRUE,TRUE,TRUE,FALSE,NA
Scopus,english,Strengthening capacities in Latin America by designing teacher professional development programmes for climate change education,"Purpose: This study aims to describe the design process of two teacher professional development programmes on Climate Change Education in Chile and Mexico, their initial outcomes on teacher practices and feedback on course activities, content and format, and their expectations of future topics for deepening their understanding. Design/methodology/approach: A systematization of the design and implementation process of both programmes was conducted. Subsequently, an online survey comprising 21 questions was administered to 115 teachers from both countries, representing 5% of the graduates from each programme. The survey evaluated their experiences, the impact on their teaching practices and the effects on their personal and professional lives. This non-experimental design relied on teachers' self-reported perceptions after completing the course. Findings: Teachers rated their experience highly, particularly regarding content quality and relevance to their local environment. Most (97.4%) applied their learning in their classrooms, with 78.3% noting it helped raise student awareness of climate change and facilitate collaborative projects. Additionally, 92.2% reported personal sensitization to climate issues and 87% changed personal habits. The course influenced 91.3% to take daily actions to reduce CO2 emissions. Some reflections are made on the design and implementation of the programmes, considering the survey results and the available literature. Research limitations/implications: The study relied on self-reported data from teachers after they had completed the courses. This approach was chosen because it allowed for a direct assessment of teachers' understanding and experiences. However, it is important to acknowledge the limitations inherent in self-reported data, such as the potential for response bias. Practical implications: Educators, scientists and healthcare professionals can explore innovative pedagogical approaches to make CCE engaging and relevant, ensuring that all students not only comprehend the content but also feel empowered to contribute to environmental sustainability and learn to regulate their eco-anxiety. Teachers would have the opportunity to attend professional development courses based on research, reflect on their personal and technical habits, transform them, be role models for their students and build professional learning communities. Schools are transformative with a high quality of climate change education. Social implications: Climate change demands urgent transformations in our consumption, energy generation and the construction of resilient cities. Education is pivotal in empowering environmentally conscious citizens. It fosters environmental awareness, develops skills to tackle climate challenges, promotes active citizenship, advocates for sustainable lifestyles and encourages innovation in clean technologies. By connecting people with nature, education strengthens environmental responsibility. Additionally, it equips society to advocate for sustainable policies and take action for the environment. A comprehensive educational approach is essential to forge global consensus and effectively address climate change. Originality/value: By systematically evaluating teacher experiences and the impact on their personal and professional lives through detailed survey data, the study provides valuable insights into effective educational strategies for climate change awareness. Additionally, it highlights practical applications and behavioural changes among educators, contributing to the broader discourse on environmental education. © 2024, Emerald Publishing Limited.",10.1108/jpcc-12-2023-0098,2025,Reyes P.C.; Viviani M.; Robles C.M.,Scopus,Article,NA,2-s2.0-105001074602,Scopus,1,research_paper,TRUE,FALSE,TRUE,TRUE,TRUE,FALSE,NA
Scopus,english,Sustainable Urban Planning and Environmental Management,"Sustainable urban planningSustainable urban planningand environmental managementEnvironmental management are critical to addressing the growing challenges of rapid urbanizationUrbanization, climate changeClimate change, and resource depletionResource depletion. This chapter examines the principles, strategies, and innovationsInnovation in sustainability necessary for fostering resilient and livable cities while ensuring ecological integrityEcological integrityand social equitySocial equity in urban planning. Key principles such as smart growthSmart growth, mixed-use developmentMixed-use development, and green space preservation are examined for their role in promoting sustainable urban environments. Integrating advanced technologies and renewable energyRenewable energy systems is highlighted as pivotal in optimizing resource use and enhancing urban resilienceUrban resilience. Furthermore, the chapter emphasizes the importance of participatory approaches, stakeholder engagementStakeholder engagement, and inclusive governance to alignIntegrated urban development urban development with community needs and sustainabilitySustainability goals. It delves into environmental managementEnvironmental management strategies, focusing on pollution controlPollution control, resource efficiencyResource efficiency, and ecosystem serviceEcosystem services integration to mitigate urban ecological challenges. Case studiesCase studies in sustainabilityof successful urban sustainabilityUrban sustainability initiatives—such as Copenhagen’s carbon-neutral infrastructure, Singapore’s “Garden City” approach, and Curitiba’s (Brazil) innovative transport systems—demonstrate the transformative potential of localized solutions and adaptive policies. However, economic constraintsEconomic constraints, social inequitiesEnvironmental inequities, and technological barriers underscore the need for interdisciplinary and collaborative frameworks. By synthesizing global best practices, the research outlines a roadmap for achieving sustainable urban futures through the interplay of technology, policy, and community-driven approaches. It concludes with recommendations for policymakers, urban planners, and researchers to advance sustainable urban planningSustainable urban planningand environmental managementEnvironmental management in the face of unprecedentedSmart urbanizationurbanizationUrbanization and ecological pressures. © The Author(s), under exclusive license to Springer Nature Switzerland AG 2025.",10.1007/978-3-031-85327-2_14,2025,Kosoe E.A.; Ogwu M.C.,Scopus,Book chapter,NA,2-s2.0-105009367490,Scopus; WoS,2,other,TRUE,FALSE,TRUE,TRUE,TRUE,FALSE,NA
Scopus,english,"Sweating Bullets: Heat, High-Stakes Evaluations, and The Role of Incentives","We study the effect of temperature on students’ performance and how changes in the incentives to study alter this impact in the context of high-school exit exams in Colombia. We show that temperature increases have a negative impact on exam scores, particularly among urban students. Conversely, rural students exhibit slightly positive effects. Leveraging time-use data, we find evidence of individuals in rural areas responding to increases in temperature by reallocating time towards off-farm activities, which are human capital intensive. Additionally, the announcement of a national scholarship program, which introduced exogenous variation in exam stakes, reveals that heightened student effort exacerbates the temperature’s impact on scores. In particular, an interquartile change in the exposure to this program increases the impact of temperature on exam scores by 11.9%. This underscores the intricate relationship between incentive-based policies and the challenge of rising temperatures. As global temperatures continue to rise, understanding this dynamic is crucial for informing effective educational policy. © The Author(s) 2025.",10.1007/s10640-025-01011-y,2025,Martínez J.M.; Zuluaga V.; Buriticá A.,Scopus,Article,NA,2-s2.0-105011196081,Scopus; WoS,2,research_paper,TRUE,FALSE,TRUE,TRUE,TRUE,FALSE,NA
WoS,english,TRADITIONAL GOVERNANCE IN THE COPRODUCTION OF URBAN RESILIENCE:; Institutional Enablers and Political Constraints,"Building urban resilience in vulnerable global South settlements is a pressing twenty-first century challenge. Building urban resilience involves addressing institutional deficiencies to mobilize resources for the delivery of urban services and infrastructures. State-civil society partnerships are effective in low-capacity settings as a step forward in the consolidation of the state, and as an opportunity for the emancipation of vulnerable communities. Coproducing urban resilience requires recognizing marginalized communities (e.g. indigenous groups), their capacity for local problem solving and governance structures for community engagement. In this article, we explore a coalition of five periurban neighborhoods in Oaxaca City (Mexico), which collaborate with the state to address flooding and drought using traditional governance. We argue that, although the recognition and mobilization of traditional governance has enabled the coproduction of public services (adaptation), it has been limited in delivering radical governance transformations. Traditional governance may prevent neighborhood leaders from reaching government positions to secure further resources required for the construction of urban resilience. The article contributes to debates on coproduction, explaining how traditional governance enables the coproduction of infrastructures and service delivery, but is limited in forwarding deep societal transformations necessary for resilience building in vulnerable contexts of the global South.",10.1111/1468-2427.13308,2025,"Rivero-Villar, A; Vieyra, A",INTERNATIONAL JOURNAL OF URBAN AND REGIONAL RESEARCH,Article,NA,WOS:001408934400001,WoS,1,research_paper,TRUE,FALSE,TRUE,TRUE,TRUE,FALSE,NA
Scopus,english,The Ecosystem Value of CORVI Housing Complexes: Three Cases in Ñuñoa (Santiago); [O valor ecossistêmico dos conjuntos habitacionais CORVI tipo parque. Três casos em Ñuñoa (Santiago)]; [El valor ecosistémico de las villas CORVI tipo parque. Tres casos en Ñuñoa (Santiago)],"In the housing complexes designed by the Corporación de la Vivienda (Housing Corporation, CORVI), certain design decisions take on exceptional value today in the context of climate change. The large areas of continuous permeable soil immediately surrounding the buildings, right up to the edge parks, not only encouraged social gatherings but also facilitated the formation of complex vegetation fragments. These elements are the basis for providing key ecosystem services in the context of climate change, such as thermal regulation. Using surface temperature indices (LST), spectral classification models, and field surveys, the objective of this paper is twofold. First, to analyze how the original spatial configurations of Villa Canadá, Villa Los Presidentes, and Villa Frei Ñuñoa (Santiago de Chile) contribute to lower temperatures compared with their immediate context. Second, to explore how these spatial attributes can be reinterpreted as a new dimension of heritage value from an ecosystemic perspective. The results reveal that these spatial configurations not only generate lower temperatures, but also have the ideal conditions for incorporating these complexes into existing sustainability plans and biodiversity strategies, enhancing their role as infrastructures for climate resilience and urban sustainability. © 2025 Universidad de Chile. All rights reserved.",10.5354/0718-8358.2025.74876,2025,Gertosio R.,Scopus,Article,NA,2-s2.0-105020725700,Scopus,1,research_paper,TRUE,FALSE,TRUE,TRUE,TRUE,FALSE,NA
Scopus,english,"The Protection of Green Spaces for Climate Change Adaptation: Planning Systems, Policies and Instruments","The Protection of Green Spaces for Climate Change Adaptation identifies how spatial planning and climate change adaptation are linked by examining the protection of green spaces in cities across Europe, Africa, the Middle East, South America and Australia. This book identifies how, in each case, spatial planning instruments can influence the protection of green spaces, and whether – and if so how – they are being adapted in response to actual and expected effects from climate change. In doing so, the institutional frameworks of each country analysed are first presented. This provides the basis for discussing the key problems occurring at the state (and city) level in responding to the challenges of climate change adaptation, especially for the protection of green spaces. In the individual chapters, the issues identified above will be analysed from the perspective of diverse countries: Australia, Ghana, Iran, Mexico, Brazil and Poland. The contributors in this edited collection will present how the indicated issue is identified in systems that are diverse in many respects. This book concludes by demonstrating how the relationship between climate change adaptation and spatial planning can be framed in a more universal way, taking into account the international case studies that have been presented. This book deals extensively with both climate change adaptation issues and comparisons of spatial planning systems. By focusing on a synthesis of these issues, this book will add significantly to thediscussion, providing a new basis for theoretical and practical considerations. It will be of interest to researchers and students of spatial planning, public policy, environmental protection, climate protection and law, as well as professionals working in these areas. © 2025 selection and editorial matter, Maciej J. Nowak; individual chapters, the contributors.",10.4324/9781032645407,2025,Nowak M.J.,Scopus,Book,NA,2-s2.0-105000578120,Scopus,1,other,TRUE,FALSE,TRUE,TRUE,TRUE,FALSE,NA
Scopus,english,The concept of vulnerability and the importance of the sensitivity index for public health decision-making,"The concept of vulnerability is commonly used to refer to people's susceptibility to environmental problems, health damage and the degree of risk to which a population tends to suffer damage from natural disasters. Urban areas are vulnerable to climate change. The propensity of a given population/location can be adversely affected by climate change, based on three fundamental elements: sensitivity, adaptive capacity and exposure. The degree of vulnerability of a area, depends on indicators of exposure, sensitivity and adaptive capacity in a stepwise manner. Vulnerability is thus presented as the degree of susceptibility or risk to which a population is exposed to suffering damage from natural disasters. This vulnerability concept is explained through the application of a case study carried out in the city of Rio de Janeiro, Brazil, to produce maps that have made it possible to identify the most vulnerable areas in the territory, thus facilitating decision-making by public authorities, intervention and the adoption of measures to minimise the vulnerability of these areas. © 2026 by IGI Global Scientific Publishing. All rights reserved.",10.4018/979-8-3693-6432-1.ch011,2025,da Cunha F.P.; Manso M.C.; Ohnuma A.A.,Scopus,Book chapter,NA,2-s2.0-105013917618,Scopus,1,other,TRUE,FALSE,TRUE,TRUE,TRUE,FALSE,NA
Scopus,english,The impact of heat waves in allergic diseases: Group Report of the Environmental Committee of the Mexican College of Clinical Immunology and Allergy (CMICA); [Olas de calor y su repercusión en las enfermedades alérgicas: Reporte de Grupo del Comité de Medio Ambiente del Colegio Mexicano de Inmunología Clínica y Alergia (CMICA)],"Background: The increasing frequency and intensity of heat waves, as a consequence of climate change, represents a growing risk to public health, particularly in populations with allergic and respiratory diseases. Objective: A review to describe the available evidence on the relationship between heat waves and the exacerbation of allergic diseases, with emphasis on the environmental and pathophysiological mechanisms involved. Methods: A structured search was conducted in Scopus and Web of Science (2015–2025), complemented with regional literature, identifying 304 references. After applying inclusion and exclusion criteria, 120 full-text articles were assessed, and 79 were included in the qualitative synthesis. Results: Evidence confirms that heat waves are associated with an increase in hospital admissions for asthma and with more frequent consultations for atopic dermatitis in pediatric patients. The mechanisms identified include intensified pollen production and dispersal, synergy with air pollutants, disruption of the epithelial barrier, and activation of transient receptor potential (TRP) channels. Conclusions: The lack of well-defined study protocols for managing allergic patients during heat waves represents a gap not only in Mexico and Latin America but also worldwide. Key limitations include the absence of standardized definitions, the scarcity of multi-exposure analysis models, and the lack of comprehensive strategies for urban mitigation and clinical adaptation to protect the most vulnerable groups. In the case of allergic rhinitis, the available data remain inconclusive regarding exacerbations associated with heat waves. © 2025 Los autores. Este artículo se distribuye bajo los términos de la licencia Creative Commons Atribución–NoComercial 4.0 Internacional (CC BY-NC 4.0).",10.29262/ram.v72i4.1454,2025,de la Luz Cid del Prado Izquierdo M.; de Lira Quezada C.E.; Ramírez D.L.A.; Trujillo H.A.A.; Olvera M.T.,Scopus,Article,NA,2-s2.0-105025371581,Scopus,1,research_paper,TRUE,FALSE,TRUE,TRUE,TRUE,FALSE,NA
Scopus,english,The ineffectiveness of current environmental and fire policies in the world’s largest wetland,"The Upper Paraguay Basin (UPRB) covers 361 338 km2 in Brazil and can be divided into the Planalto (plateau) and the Pantanal, the largest wetland in the world. This area faces pressures from climate change, land use and cover change (LULC), and infrastructure. Therefore, this study evaluates the effectiveness of current environmental policies on native vegetation conservation, water availability, and fire dynamics in the UPRB under current legislation in the state of Mato Grosso (MT). We used LULC data from 1985-2022 to estimate changes in water, native vegetation, exotic grasslands, and areas that could be converted to exotic grasslands for cattle ranching under state Decree N°.774/2024. We analyzed water coverage trends, including riparian preservation areas (RPAs) protected by federal law N°.12651/2012. Evapotranspiration comparisons were made between regions with and without artificial drainage. We also investigated trends in burned areas and the effectiveness of fire ban decrees. Our results indicate a significant increase in exotic grasslands across the entire UPRB portion of MT. We also found a significant decrease in water cover in the Pantanal, accompanied by an increase in native grass cover. Exotic grasslands can cover an area similar to native vegetation due to the new decree (774/2024), which includes 21 000 km2 of legal reserves (sustainable use areas) now available for grazing. The Pantanal has lost more than 8000 km2 of water over the past 37 yrs, with similar decreasing trend in water cover found within RPAs. Areas with artificial drainage showed lower evapotranspiration. Fire ban decrees were ineffective in reducing burned areas to expected levels. Current policies are insufficient to protect the interconnected ecosystems across the UPRB. Immediate measures, including adaptive management, strengthened legislation, and sustainable land and fire management practices, are essential to mitigate environmental impacts in the UPRB and safeguard its ecological and economic integrity. © 2025 The Author(s). Published by IOP Publishing Ltd.",10.1088/1748-9326/adb7f5,2025,Barros-Rosa L.; Moura Peluso L.; Lemes P.; Johnson M.S.; Dalmagro H.J.; Nunes da Cunha C.; Zanella de Arruda P.H.; Mateus L.; Penha J.,Scopus,Article,NA,2-s2.0-86000158499,Scopus; WoS,2,research_paper,TRUE,FALSE,TRUE,TRUE,TRUE,FALSE,NA
Scopus,english,Thermal discomfort and adaptation strategies in Brazilian social housing,"Living with the harmful effects of climate change is a challenge, especially in relation to the marked thermal discomfort resulting from heat waves that mainly impact economically vulnerable populations. The main objective of this study was to analyze thermal comfort in social housing and the strategies adopted by residents to overcome situations of thermal discomfort in hot and humid climates. The object study is composed of four low-income architectural types, located in the city of João Pessoa, northeast Brazil. The field research included on-site evaluations, measuring the thermal conditions inside 156 housing units and conducting semi-structured interviews. The results showed that the housing units analyzed often present internal conditions of thermal discomfort; this condition is a little more critical in homes that added extensions to their dwellings, as a result of interventions carried out by residents after the unit was occupied. One of the consequences of expanding the housing area is the reduction in the percentage of openness of the unit (openness of the enclosure/building envelope), with a major impact on thermal comfort, as approximately 50.0% of the sample presented this particularity. The worst thermal scenario was recorded in the group of single-story houses. These units, in addition to the high degree of thermal discomfort, face health problems resulting from high humidity and air temperature. The main adaptive strategies observed were using a fan and opening doors and windows. The daily average of fan use is 8.0h, resulting in an increase in energy demand. © 2024",10.1016/j.buildenv.2024.112368,2025,Simões G.M.F.; Labaki L.C.; Leder S.M.,Scopus,Article,NA,2-s2.0-85211968880,Scopus; WoS,2,research_paper,TRUE,FALSE,TRUE,TRUE,TRUE,FALSE,NA
Scopus,english,Towards the reference ecosystems for quartzitic campo rupestre: Floristic composition and soil relationships,"The loss and fragmentation of tropical habitats, especially extreme megadiverse environments like the campo rupestre (rupestrian grassland), impacts biodiversity and ecosystem services essential to millions of people. The campo rupestre is a grassy ecosystem of the Cerrado biome, a center of endemism in Brazil with high floristic richness and environmental heterogeneity, where plants have developed multiple adaptive strategies and form a vegetation mosaic shaped by local soil and microhabitat conditions. However, this ecosystem has been under severe land use conversion, while signs of augmenting pressure from climate change are now recorded at faster pace. Thus, understanding the particularities of its multiple habitats is fundamental to define habitat specific references to guide conservation and restoration projects that lead to increased biodiversity. In this work, for the first time, we characterize the floristic composition of the shrub and herbaceous strata and related them to the edaphic characteristics of the four main habitats that form the campo rupestre mosaic: rocky outcrop, stony grassland, sandy grassland, and peat bog. A total of 12,000 m2 of shrub layer (120 plots of 10 × 10 m) and 120 m2 (120 plots of 1 × 1 m) of herbaceous layer were sampled. We recorded 257 species belonging to 47 different families, and also observed a high species turnover among the four different habitats. Furthermore, we identified species from both ends of the edaphic gradient of the four habitats and emphasized the importance of multiregional studies to evaluate the association among species and soils before implementing any restoration project. This study provides the knowledge base to build the reference ecosystems for the mosaic of campo rupestre habitat types. © 2024",10.1016/j.ecoleng.2024.107463,2025,Cunha-Blum J.; Ramos L.; Negreiros D.; Paiva D.C.; Gomes V.M.; Borges L.M.; Teles A.M.; Fernandes G.W.,Scopus,Article,NA,2-s2.0-85209398324,Scopus; WoS,2,research_paper,TRUE,FALSE,TRUE,TRUE,TRUE,FALSE,NA
Scopus,english,Urban boundaries are an underexplored frontier for ecological restoration,"The restoration of degraded ecosystems is crucial for addressing climate, biodiversity, and health challenges. The benefits of these restorations are amplified when implemented closer to urban populations, particularly for climate adaptation and human health. This study investigated the potential of urban areas for forest restoration, introducing a novel distinction between dense urban areas and urban boundaries (peripheral zones of urban centers), and comparing their dynamics to rural areas. We analyzed three decades of deforestation and regeneration dynamics in Brazil, quantifying and mapping land-use transitions to assess restoration potential. Results show that forest transition has already occurred across all the different types of areas considered. Urban boundaries exhibited highly dynamic land use and high regeneration rates despite limited policy support. The landscape dynamics and the presence of environmentally risky areas reveal that urban boundaries contain significant areas that hold potential for restoration, which could significantly contribute to achieving national or subnational restoration targets. Integrating restoration into urban boundary planning offers both ecological and social benefits to a substantial portion of the population. Our findings reveal a missed opportunity to extend restoration efforts beyond the traditionally targeted rural areas, positioning urban boundaries as key areas for innovative land-use strategies and restoration initiatives. © The Author(s) 2025.",10.1038/s41598-025-19699-9,2025,Ferreira L.S.; di Giulio G.; Chaves R.B.; Lupinetti-Cunha A.; Duarte D.; Nascimento N.; Ruggiero P.; Silva L.S.E.; Victor R.A.B.M.; Metzger J.P.,Scopus,Article,NA,2-s2.0-105017931625,Scopus; WoS,2,research_paper,TRUE,FALSE,TRUE,TRUE,TRUE,FALSE,NA
WoS,english,Urban forests mitigate extreme heat exposure in a vulnerable tropical; city,"Urban forests (UF) have been documented as a strategy for mitigating urban heat in population centers of the Global North that are affected by extreme temperatures. However, few have studied this ecosystem service in such climate-vulnerable, humid, tropical cities with less than 50,000 inhabitants, limited resources, and weak adaptive capacity to heatwaves. Accordingly, we studied the tropical city of Puerto Carreno, Colombia, to explore the links between tree heat regulation, human thermal comfort, and the subsequent effects on human well-being during the extremely hot season of 2021. Using a mixed methods approach, we measured hourly temperature and humidity for six months with sensors in paired exposed and tree-shaded sites in eight locations across the city, while also surveying residents' thermal perception during the heat event. We found thermal regulation provided by UF was non-linear and increased exponentially with ambient temperature, for example reaching 8.7 degrees C at 44 degrees C, but only 2 degrees C at 34.9 degrees C. UF shading mitigated extremely high discomfort indices by a factor of 10 during the hottest hours and substantially reduced the potential heat lethality associated with such events. Survey respondents also noted the positive co-benefits of trees for human health, provision of climate-regulating ecosystem services, fruit production, and tree shade, while the discomfort index is likely underestimating reported felt comfort in such extremely hot tropical places. Measuring the link between urban forest structure, ecosystem services, and human well-being provides evidence for the use of trees as a sustainable Nature-Based climate adaptation strategy for vulnerable, resource-poor, tropical cities in the Global South.",10.1016/j.uclim.2025.102311,2025,"Giraldo-Charria, DL; Escobedo, FJ; Clerici, N; Quesada, B",URBAN CLIMATE,Article,NA,WOS:001419567700001,Scopus; WoS,2,research_paper,TRUE,FALSE,TRUE,TRUE,TRUE,FALSE,NA
Scopus,english,Water: The Central Theme of the Proposed Sonora Estuarine Biocultural Corridor of Northwestern Mexico,"The Sonora Estuarine Biocultural Corridor (CBES) is made up of six coastal wetlands with mangrove forest, internationally certified as Ramsar Sites. Four are part of indigenous territories whose inhabitants have serious development lags and low water security. Five are alongside six irrigation districts of national relevance. The objective is to learn about the socio-environmental problems of the CBES, focused on the issue of water, as well as community proposals for solutions. Intercultural, mixed methodology approach. Prospecting visits were carried out in the six estuaries of the CBES, and 84 semi-structured interviews were conducted with experts from all social sectors who know the problems of the CBES in three (out of six) estuaries associated with indigenous territories. The main problem is centered on the issue of water: they receive contaminated water from agroindustry, aquaculture, and the municipal service; the fresh water of the rivers is almost nil, rainfall has decreased while the heat increases, and marine and terrestrial biodiversity decreases. This affects the food and economic security of the local population and generates conflicts between the different productive activities. A multisectoral organization that integrates the six estuaries would improve community wellbeing and, in turn, climate resilience. © 2025 by the authors.",10.3390/w17152227,2025,Luque-Agraz D.; Flores-Cuamea M.A.; Kachadourian-Marras A.; Cornejo-Denman L.; Murphy A.D.,Scopus,Article,NA,2-s2.0-105013137901,Scopus,1,research_paper,TRUE,FALSE,TRUE,TRUE,TRUE,FALSE,NA
Scopus,english,What Kills Mature Street and Park Trees in Cities? Systematic Quantitative Review of Published Case Studies,"Street and park trees often endure harsher conditions, including increased temperatures and drier soil and air, than those found in urban or natural forests. These conditions can lead to shorter lifespans and a greater vulnerability to dieback. This literature review aimed to identify confirmed causes of street and park tree dieback in urban areas from around the world. Peer-reviewed case studies related to urban tree decline were scanned for the words “urban”, “city”, “cities”, “tree*”, “decline”, “dieback”, “mortality”, and “survival”. From an initial pool of 1281 papers on Web of Science and 1489 on Scopus, 65 original peer-reviewed research papers were selected for detailed analysis. Out of all species reported to decline, 46 were native, while non-natives were represented by 35 species. The most commonly affected trees were Platanus, Fraxinus, Acer, and Ficus. Most studies were conducted in Mediterranean, humid subtropical, and humid continental climates, with the greatest representation from the United States, followed by Australia, Brazil, Iran, Italy, and Russia. Many authors focused on either biotic or abiotic causes of dieback; some explored both, and some also discussed underlying environmental and urban stresses as potential predisposing factors. The majority (81% of the papers) concluded that a decline was caused by either an arthropod or a microorganism. Overall, it was suggested that changing management strategies to improve water availability and soil health might help with tree resilience. Additionally, regular monitoring and research, along with improving tree species selection and implementing biological and chemical control methods, can help prevent or slow down tree decline. Increasing awareness and adopting preventative approaches could help to extend the lifespan of street and park trees in urban environments and mitigate some of the biological threats, especially considering the challenges we may be facing due to the changing climate. © The Author(s) 2025.",10.1007/s00267-025-02116-2,2025,Petrova A.; Michael R.N.; Pratt C.,Scopus,Article,NA,2-s2.0-85217218672,Scopus,1,research_paper,TRUE,FALSE,TRUE,TRUE,TRUE,FALSE,NA
WoS,english,Contested mangroves: land struggles and the gendered and racialized; geographies of climate change,"Climate change manifests historically and spatially in uneven geographies of responsibility, vulnerability and adaptation. Urban and tourism expansion on the city's margins in Cartagena, Colombia, has led to the criminalization and dispossession of land, water, and mangroves in Black communities who resist racism, ecological degradation, and climate vulnerability. We analyse how Black women in marginalized communities adapt, integrate, and reshape climate change actions within a history of territorial defence and gendered and racialized dispossession. The case study of Black women mangrove-planters demonstrates how disputes over mangrove reveal intricate connections between land struggles and climate justice. Our findings also point to how the current adaptation regime depends upon the gendered and racialized labour of local communities, while furthering their marginalization.",10.1080/03066150.2025.2476003,2026,"Manrique, CQ; Ojeda, DO; Camargo, A",JOURNAL OF PEASANT STUDIES,Article,NA,WOS:001462378100001,WoS,1,research_paper,TRUE,FALSE,TRUE,TRUE,TRUE,FALSE,NA
WoS,english,From structure to strategy: A remote sensing-based approach for; sustainable use planning in Neltuma flexuosa DC. forests of Argentina's; Monte,"Dry forests provide essential ecological functions and sustain local livelihoods, yet they are increasingly threatened by land use and climate change. Their sustainable management requires understanding the links between structure, function, and use. This study develops a framework to characterize Neltuma flexuosa woodlands and guide management strategies. Field surveys, multivariate analyses, and remote sensing were combined in the lower Tunuya<acute accent>n River basin (Monte ecoregion, Argentina). We identified three environments based on an object-based classification of Sentinel-2 images: Dense Woodland (DW), Open Woodland (OW), and Shrubland with Emergents (SwE) (overall accuracy 82 %). DW showed the highest tree and canopy cover, strong regeneration, and greater product availability, but also high stump density, reflecting both conservation value and use pressure. OW exhibited intermediate density and cover, high multifustality, and medium product availability, while SwE was dominated by shrubs, with low tree density and limited potential. Multitemporal SATVI (SoilAdjusted Total Vegetation Index) analysis revealed that DW was directly linked to groundwater hydrology, whereas OW and SwE depended on rainfall and showed attenuated seasonal dynamics. Sentinel-2 imagery and classification algorithms enabled accurate mapping of the spatial distribution. The results support differentiated guidelines: protection in DW, low-intensity use in OW, and conservation of shrub cover in SwE. The framework provides scalable tools for adaptive strategies balancing biodiversity conservation and sustainable use in arid landscapes.",10.1016/j.jaridenv.2025.105497,2026,"Laudecina, A; Alvarez, JA; Guida-Johnson, B; Torres, LM",JOURNAL OF ARID ENVIRONMENTS,Article,NA,WOS:001595006100002,WoS,1,research_paper,TRUE,FALSE,TRUE,TRUE,TRUE,FALSE,NA
WoS,english,Governance as a determinant of land use decisions in strategic basins of; the Colombian Andes,"One of the relevant underlying drivers of land use and cover (LUC) allocation decisions is governance. It, however, is often equated solely with the government and its formal policies, neglecting the role that other actors and regulations play in it. To address this gap, this study aims to examine the impact of the governance structure on farmers' LUC decisions, particularly in the basin of the Grande and Chico rivers in Colombia. To that end, governance is conceptualized based on three functions that are part of adaptive co-management. For data collection, we administered a questionnaire to 73 farmers. In addition, we estimated a Seemingly Unrelated Regression (SUR) model, with variables representing the characteristics of farmers and the governance system. According to the results, variables associated with all three functions have an impact on decision-making, with the actors and institutions promoting production projects having the greatest influence and favoring pasture. Using the model proposed in this study, we recommend exploring the LUC trajectories that result from different configurations of the governance structure.",10.1016/j.landusepol.2025.107889,2026,"Díez-Echavarría, L; Villegas-Palacio, C; Arango-Aramburo, S",LAND USE POLICY,Article,NA,WOS:001634490200001,WoS,1,research_paper,TRUE,FALSE,TRUE,TRUE,TRUE,FALSE,NA
WoS,english,"Impact of rural credit on sustainable transformation of Brazilian; agriculture: The case of the Low Carbon Agriculture (LCA) Program in; Minas Gerais, Brazil","In Brazil, changes in land use and forests are responsible for more than 70 % of CO2 equivalent emissions. The federal administration created, in 2011, the Low Carbon Agriculture (LCA) Program of rural credit, to finance climate change mitigation and adaptation technologies. Thus, the hypothesis of this work understands that rural credit from the LCA Program was capable, over 8 years, of expanding the adoption of sustainable agricultural practices and, thus, positively impacting land use and occupation in the state of Minas Gerais, Brazil. Therefore, the objectives of this work were: (i) to establish relationships between the rural credit flow of the LCA Program and municipal agricultural practices in Minas Gerais; and (ii) to determine the impact of the LCA Program on the adoption of mitigation technologies and land use in Minas Gerais, for the 2013-2020 time series. The results of this study showed that the municipalities with access to LCA Program credit were those with higher agricultural activity and a greater extent of degraded pasture areas. On average, these municipalities had 0.39 km(2) of silviculture area, compared to 0.12 km(2) in those without access, and 58.8 cattle per producer, versus 34.9 in non-beneficiary areas. They also concentrated 16.5 % of degraded pastures, while municipalities without credit had 9.6 %. Between 2013 and 2020, there was a 41 % reduction in intermediately degraded pastures and a 13.4 % increase in non-degraded pastures across the state. Thus, it can be concluded that LCA Program credit was statistically relevant for areas in need of recovery, contributing to improved pasture quality and more efficient land use in Minas Gerais. The findings highlight the role of targeted rural credit as a key mechanism to drive and enable land use transitions in agriculture toward more resilient systems adapted to future climate instabilities.",10.1016/j.envdev.2025.101317,2026,"de Campos, MO; de Camargo, RAL; Bassetto, CF; Pissarra, TCT; Cerri, CEP; La Scala, N Jr; da Silva, RP",ENVIRONMENTAL DEVELOPMENT,Article,NA,WOS:001565799400001,WoS,1,research_paper,TRUE,FALSE,TRUE,TRUE,TRUE,FALSE,NA
WoS,english,Night-time urban heat exposure: Overheating and thermal resilience of; South American bedrooms,"The intersection of urban heat exposure and housing vulnerability remains poorly understood in the Global South. This study introduces one of the first empirical assessments of night-time overheating and thermal resilience in South American bedrooms during heat waves, while proposing a criterion that links overheating and a resilience score. We monitored 15 bedrooms in Salta, Argentina, over the 2023-2024 cooling season, which included seven heatwaves. Air temperatures ranged 18.8-31.7 degrees C, with 39% of night-time values exceeding 26 degrees C , temperatures that can compromise sleep quality and health. Overheating occurred on 33% of nights, and notably, it often peaked after heatwave ends due to buildings' thermal inertia. Bedrooms on upper floors and in denser urban areas were more vulnerable, while ground-floor and air-conditioned spaces showed greater resilience. Importantly, prolonged heatwaves posed greater risks than shorter and more intense ones, and 65% of bedrooms experienced strong or extreme overheating. These findings highlight an urgent need to rethink housing design and urban policies in Latin America, where mechanical cooling is not universally accessible. By providing high-resolution thermal data from an understudied region, this study supports the development of equitable, passive cooling strategies and inclusive frameworks for assessing thermal risk under climate extremes.",10.1016/j.buildenv.2025.113757,2026,"Flores-Larsen, S; Bre, F",BUILDING AND ENVIRONMENT,Article,NA,WOS:001588709600002,WoS,1,research_paper,TRUE,FALSE,TRUE,TRUE,TRUE,FALSE,NA
WoS,english,Reframing affordable housing in Latin America through public health and; climate resilience,"Urban development in Latin America is characterized by rapid urbanization, environmental vulnerability, and social inequality, all of which are intensified by climate change. In Brazil, these issues converge in the Minha Casa, Minha Vida (MCMV) program. While MCMV has expanded access to affordable housing, its broader impacts on health, climate resilience, and equity remain underexplored. This commentary reframes MCMV as a multisectoral intervention with implications for health, spatial justice, and environmental sustainability. Earlier phases of the program reproduced patterns of peripheralization, segregation, and limited access to health-promoting infrastructure, whereas recent reforms have incorporated concerns with adaptation through location, energy efficiency, and environmental safeguards. Although these changes improve alignment with the SDGs, they remain largely normative and fall short of addressing climate resilience as a central dimension. We argue for embedding health and climate goals into housing policy design, and for advancing rigorous evaluation through natural experiments and mixed methods to evaluate real-world interventions. These approaches are crucial for understanding how large-scale housing programs influence spatial justice, quality of life, and environmental exposures in underserved areas. This commentary calls for placing sustainability and health at the center of future housing initiatives in Latin America and beyond.",10.1016/j.cities.2025.106541,2026,"Reis, RS; Leao, ALF; Silva, MF; Neto, PN; da Silva, AD; Wang, Y; Florindo, AA",CITIES,Article,NA,WOS:001589612000001,WoS,1,research_paper,TRUE,FALSE,TRUE,TRUE,TRUE,FALSE,NA
